ISO-10303-21;
HEADER;
FILE_DESCRIPTION (( 'STEP AP203' ),
    '1' );
FILE_NAME ('gateronSwitch2.STEP',
    '2019-12-06T12:46:37',
    ( '' ),
    ( '' ),
    'SwSTEP 2.0',
    'SolidWorks 2019',
    '' );
FILE_SCHEMA (( 'CONFIG_CONTROL_DESIGN' ));
ENDSEC;

DATA;
#1 = LINE ( 'NONE', #1486, #1541 ) ;
#2 = AXIS2_PLACEMENT_3D ( 'NONE', #2825, #1477, #2840 ) ;
#3 = AXIS2_PLACEMENT_3D ( 'NONE', #2171, #1894, #2788 ) ;
#4 = EDGE_CURVE ( 'NONE', #2067, #463, #2021, .T. ) ;
#5 = ORIENTED_EDGE ( 'NONE', *, *, #924, .T. ) ;
#6 = VECTOR ( 'NONE', #1708, 1000.000000000000000 ) ;
#7 = EDGE_CURVE ( 'NONE', #481, #2439, #1795, .T. ) ;
#8 = AXIS2_PLACEMENT_3D ( 'NONE', #2047, #1817, #489 ) ;
#9 = VECTOR ( 'NONE', #2844, 1000.000000000000000 ) ;
#10 = DIRECTION ( 'NONE',  ( 0.0000000000000000000, 0.0000000000000000000, 1.000000000000000000 ) ) ;
#11 = ORIENTED_EDGE ( 'NONE', *, *, #2185, .F. ) ;
#12 = EDGE_LOOP ( 'NONE', ( #1178, #986, #1105, #1595 ) ) ;
#13 = ORIENTED_EDGE ( 'NONE', *, *, #1943, .T. ) ;
#14 = FACE_OUTER_BOUND ( 'NONE', #2089, .T. ) ;
#15 = CARTESIAN_POINT ( 'NONE',  ( 7.730671790404080923, 0.02833333333333550377, -1.179270645342404000 ) ) ;
#16 = CALENDAR_DATE ( 2019, 6, 12 ) ;
#17 = B_SPLINE_CURVE_WITH_KNOTS ( 'NONE', 2,
 ( #2616, #639, #2403 ),
 .UNSPECIFIED., .F., .F.,
 ( 3, 3 ),
 ( 0.0000000000000000000, 1.000000000000000000 ),
 .UNSPECIFIED. ) ;
#18 = AXIS2_PLACEMENT_3D ( 'NONE', #1238, #2361, #152 ) ;
#19 = CARTESIAN_POINT ( 'NONE',  ( -3.199999999999998401, 0.02833333333333550377, -2.168404344971008868E-16 ) ) ;
#20 = ADVANCED_FACE ( 'NONE', ( #251 ), #2039, .T. ) ;
#21 = ORIENTED_EDGE ( 'NONE', *, *, #2524, .T. ) ;
#22 = DIRECTION ( 'NONE',  ( -0.0000000000000000000, -0.0000000000000000000, 1.000000000000000000 ) ) ;
#23 = LINE ( 'NONE', #2092, #2535 ) ;
#24 = VECTOR ( 'NONE', #1634, 1000.000000000000000 ) ;
#25 = VECTOR ( 'NONE', #341, 1000.000000000000000 ) ;
#26 = EDGE_LOOP ( 'NONE', ( #1321, #2720 ) ) ;
#27 = APPROVAL_PERSON_ORGANIZATION ( #2124, #470, #565 ) ;
#28 = DIRECTION ( 'NONE',  ( -1.000000000000000000, 6.002503377082377626E-17, 0.0000000000000000000 ) ) ;
#29 = ORIENTED_EDGE ( 'NONE', *, *, #2036, .T. ) ;
#30 = ORIENTED_EDGE ( 'NONE', *, *, #1965, .T. ) ;
#31 = ORIENTED_EDGE ( 'NONE', *, *, #2194, .F. ) ;
#32 = CARTESIAN_POINT ( 'NONE',  ( -5.106208753703943337, -3.074999999999999734, -4.236019452675432007 ) ) ;
#33 = CARTESIAN_POINT ( 'NONE',  ( 7.730671790404080923, 7.215000000000000746, -1.179270645342404000 ) ) ;
#34 = EDGE_CURVE ( 'NONE', #943, #43, #571, .T. ) ;
#35 = APPLICATION_CONTEXT ( 'configuration controlled 3d designs of mechanical parts and assemblies' ) ;
#36 = FACE_OUTER_BOUND ( 'NONE', #2087, .T. ) ;
#37 = ORIENTED_EDGE ( 'NONE', *, *, #1097, .F. ) ;
#38 = LINE ( 'NONE', #747, #24 ) ;
#39 = LINE ( 'NONE', #2060, #661 ) ;
#40 = ORIENTED_EDGE ( 'NONE', *, *, #2762, .T. ) ;
#41 = LINE ( 'NONE', #1436, #2119 ) ;
#42 = VERTEX_POINT ( 'NONE', #1840 ) ;
#43 = VERTEX_POINT ( 'NONE', #820 ) ;
#44 = ORIENTED_EDGE ( 'NONE', *, *, #87, .F. ) ;
#45 = EDGE_CURVE ( 'NONE', #2640, #2822, #1253, .T. ) ;
#46 = CYLINDRICAL_SURFACE ( 'NONE', #213, 0.3499999999999996447 ) ;
#47 = CARTESIAN_POINT ( 'NONE',  ( -5.224999999999997868, 2.983333333333333393, -4.929269377658065387 ) ) ;
#48 = ORIENTED_EDGE ( 'NONE', *, *, #432, .F. ) ;
#49 = LINE ( 'NONE', #2262, #1926 ) ;
#50 = ORIENTED_EDGE ( 'NONE', *, *, #1196, .F. ) ;
#51 = CARTESIAN_POINT ( 'NONE',  ( -2.519999999999999574, 3.075000000000000622, -14.90000000000000036 ) ) ;
#52 = CARTESIAN_POINT ( 'NONE',  ( 6.924999999999997158, -3.074999999999997957, -0.2437088524045562532 ) ) ;
#53 = EDGE_LOOP ( 'NONE', ( #331, #2250 ) ) ;
#54 = VECTOR ( 'NONE', #1276, 1000.000000000000000 ) ;
#55 = DIRECTION ( 'NONE',  ( -1.000000000000000000, -0.0000000000000000000, -0.0000000000000000000 ) ) ;
#56 = VECTOR ( 'NONE', #2884, 1000.000000000000000 ) ;
#57 = EDGE_CURVE ( 'NONE', #1818, #2102, #1500, .T. ) ;
#58 = ORIENTED_EDGE ( 'NONE', *, *, #2354, .T. ) ;
#59 = FACE_OUTER_BOUND ( 'NONE', #828, .T. ) ;
#60 = ORIENTED_EDGE ( 'NONE', *, *, #1566, .T. ) ;
#61 = CARTESIAN_POINT ( 'NONE',  ( -5.048843010350209326, 4.199999999999997513, -4.108540023000468722 ) ) ;
#62 = AXIS2_PLACEMENT_3D ( 'NONE', #1295, #849, #2202 ) ;
#63 = DIRECTION ( 'NONE',  ( 0.0000000000000000000, -1.000000000000000000, 0.0000000000000000000 ) ) ;
#64 = ORIENTED_EDGE ( 'NONE', *, *, #366, .T. ) ;
#65 = FACE_OUTER_BOUND ( 'NONE', #12, .T. ) ;
#66 = VERTEX_POINT ( 'NONE', #507 ) ;
#67 = CARTESIAN_POINT ( 'NONE',  ( 2.574999999999999734, 2.425000000000000266, 0.0000000000000000000 ) ) ;
#68 = DIRECTION ( 'NONE',  ( 1.000000000000000000, -6.002503377082377626E-17, 0.0000000000000000000 ) ) ;
#69 = ORIENTED_EDGE ( 'NONE', *, *, #109, .F. ) ;
#70 = VECTOR ( 'NONE', #592, 1000.000000000000000 ) ;
#71 = ADVANCED_FACE ( 'NONE', ( #2363 ), #2735, .F. ) ;
#72 = ORGANIZATION ( 'UNSPECIFIED', 'UNSPECIFIED', '' ) ;
#73 = AXIS2_PLACEMENT_3D ( 'NONE', #2132, #1037, #574 ) ;
#74 = DIRECTION ( 'NONE',  ( -0.0000000000000000000, -0.0000000000000000000, 1.000000000000000000 ) ) ;
#75 = EDGE_LOOP ( 'NONE', ( #1478, #1682, #1801, #2548 ) ) ;
#76 = CARTESIAN_POINT ( 'NONE',  ( 2.575000000000000178, 0.0000000000000000000, 0.0000000000000000000 ) ) ;
#77 = ADVANCED_FACE ( 'NONE', ( #2377 ), #1439, .F. ) ;
#78 = FACE_OUTER_BOUND ( 'NONE', #2007, .T. ) ;
#79 = FACE_OUTER_BOUND ( 'NONE', #2538, .T. ) ;
#80 = ORIENTED_EDGE ( 'NONE', *, *, #2536, .F. ) ;
#81 = DIRECTION ( 'NONE',  ( 1.000000000000000000, 0.0000000000000000000, -0.0000000000000000000 ) ) ;
#82 = ORIENTED_EDGE ( 'NONE', *, *, #908, .T. ) ;
#83 = DIRECTION ( 'NONE',  ( -0.0000000000000000000, -0.0000000000000000000, -1.000000000000000000 ) ) ;
#84 = PLANE ( 'NONE',  #8 ) ;
#85 = ADVANCED_FACE ( 'NONE', ( #1240 ), #822, .F. ) ;
#86 = ORIENTED_EDGE ( 'NONE', *, *, #2595, .F. ) ;
#87 = EDGE_CURVE ( 'NONE', #487, #42, #2299, .T. ) ;
#88 = CARTESIAN_POINT ( 'NONE',  ( -5.178907482225810099, -3.074999999999999734, -4.500000000000000000 ) ) ;
#89 = DIRECTION ( 'NONE',  ( -1.000000000000000000, 0.0000000000000000000, 0.0000000000000000000 ) ) ;
#90 = ORIENTED_EDGE ( 'NONE', *, *, #2787, .T. ) ;
#91 = DIRECTION ( 'NONE',  ( 1.000000000000000000, 0.0000000000000000000, 0.0000000000000000000 ) ) ;
#92 = ORIENTED_EDGE ( 'NONE', *, *, #2209, .T. ) ;
#93 = CARTESIAN_POINT ( 'NONE',  ( -5.224999999999996980, 7.799999999999998046, -5.399999999999999467 ) ) ;
#94 = EDGE_CURVE ( 'NONE', #2157, #2163, #1694, .T. ) ;
#95 = PLANE ( 'NONE',  #2077 ) ;
#96 = ORIENTED_EDGE ( 'NONE', *, *, #1126, .F. ) ;
#97 = EDGE_CURVE ( 'NONE', #1921, #680, #741, .T. ) ;
#98 = AXIS2_PLACEMENT_3D ( 'NONE', #210, #2630, #1715 ) ;
#99 = CARTESIAN_POINT ( 'NONE',  ( 4.000000000000000000, 1.149999999999999911, 0.0000000000000000000 ) ) ;
#100 = CARTESIAN_POINT ( 'NONE',  ( 9.225000000000001421, 7.799999999999997158, -4.929269377658070717 ) ) ;
#101 = VERTEX_POINT ( 'NONE', #1611 ) ;
#102 = VECTOR ( 'NONE', #1415, 1000.000000000000000 ) ;
#103 = CARTESIAN_POINT ( 'NONE',  ( 9.178907482225810099, -3.074999999999999734, -4.500000000000000000 ) ) ;
#104 = ORIENTED_EDGE ( 'NONE', *, *, #1625, .T. ) ;
#105 =( NAMED_UNIT ( * ) SI_UNIT ( $, .STERADIAN. ) SOLID_ANGLE_UNIT ( ) );
#106 = VECTOR ( 'NONE', #1242, 1000.000000000000000 ) ;
#107 = CARTESIAN_POINT ( 'NONE',  ( 1.425000000000000488, 2.425000000000000266, 3.700000000000000178 ) ) ;
#108 = EDGE_CURVE ( 'NONE', #279, #1577, #2177, .T. ) ;
#109 = EDGE_CURVE ( 'NONE', #2293, #182, #1859, .T. ) ;
#110 = CARTESIAN_POINT ( 'NONE',  ( -2.925000000000000266, -6.650000000000005684, -4.500000000000000000 ) ) ;
#111 = ORIENTED_EDGE ( 'NONE', *, *, #757, .F. ) ;
#112 = VECTOR ( 'NONE', #2148, 999.9999999999998863 ) ;
#113 = VECTOR ( 'NONE', #970, 1000.000000000000000 ) ;
#114 = DIRECTION ( 'NONE',  ( 1.824513618520192804E-17, -0.05342154997207537032, 0.9985720494779437573 ) ) ;
#115 = CARTESIAN_POINT ( 'NONE',  ( 2.000000000000000444, 0.5749999999999991784, -14.59999999999999787 ) ) ;
#116 = EDGE_CURVE ( 'NONE', #1765, #2293, #1941, .T. ) ;
#117 = DIRECTION ( 'NONE',  ( -0.0000000000000000000, -0.0000000000000000000, -1.000000000000000000 ) ) ;
#118 = CARTESIAN_POINT ( 'NONE',  ( 9.048843010350214655, -3.074999999999999734, -4.108540023000474051 ) ) ;
#119 = ORIENTED_EDGE ( 'NONE', *, *, #2275, .T. ) ;
#120 = CARTESIAN_POINT ( 'NONE',  ( 5.500000000000000000, 3.324999999999999734, -5.000000000000000000 ) ) ;
#121 = CARTESIAN_POINT ( 'NONE',  ( 9.225000000000001421, -2.074166666666670267, -4.499999999999999112 ) ) ;
#122 = LINE ( 'NONE', #2797, #1071 ) ;
#123 = CARTESIAN_POINT ( 'NONE',  ( 8.349999999999999645, -6.175000000000001599, -11.29999999999999893 ) ) ;
#124 = ORIENTED_EDGE ( 'NONE', *, *, #226, .T. ) ;
#125 = PLANE ( 'NONE',  #2806 ) ;
#126 = CARTESIAN_POINT ( 'NONE',  ( -5.178907482225810099, 6.599999999999996980, -4.500000000000000000 ) ) ;
#127 = CARTESIAN_POINT ( 'NONE',  ( 7.730671790404080923, -3.074999999999999734, -1.179270645342403556 ) ) ;
#128 = EDGE_CURVE ( 'NONE', #1647, #2157, #586, .T. ) ;
#129 = EDGE_CURVE ( 'NONE', #42, #708, #365, .T. ) ;
#130 = CARTESIAN_POINT ( 'NONE',  ( 7.200000000000000178, 6.725000000000001421, 0.0000000000000000000 ) ) ;
#131 = PLANE ( 'NONE',  #383 ) ;
#132 = EDGE_CURVE ( 'NONE', #1760, #1390, #1585, .T. ) ;
#133 = VERTEX_POINT ( 'NONE', #1226 ) ;
#134 = CALENDAR_DATE ( 2019, 6, 12 ) ;
#135 = CARTESIAN_POINT ( 'NONE',  ( 9.225000000000001421, 3.224166666666662628, -4.500000000000002665 ) ) ;
#136 = CARTESIAN_POINT ( 'NONE',  ( 5.906828780053868577, -3.074999999999999734, 0.0000000000000000000 ) ) ;
#137 = DIRECTION ( 'NONE',  ( 1.000000000000000000, -0.0000000000000000000, -0.0000000000000000000 ) ) ;
#138 = ORIENTED_EDGE ( 'NONE', *, *, #1953, .T. ) ;
#139 = DIRECTION ( 'NONE',  ( 0.4103646773287981109, 0.0000000000000000000, 0.9119215051751063950 ) ) ;
#140 = ADVANCED_FACE ( 'NONE', ( #59 ), #125, .F. ) ;
#141 = DIRECTION ( 'NONE',  ( 2.291228075969106264E-16, -0.6220390514314998454, -0.7829862185851037548 ) ) ;
#142 = DIRECTION ( 'NONE',  ( -1.000000000000000000, -0.0000000000000000000, -0.0000000000000000000 ) ) ;
#143 = EDGE_LOOP ( 'NONE', ( #13, #318, #494, #1336 ) ) ;
#144 = CARTESIAN_POINT ( 'NONE',  ( 0.0000000000000000000, 0.0000000000000000000, -4.500000000000000000 ) ) ;
#145 = AXIS2_PLACEMENT_3D ( 'NONE', #230, #1049, #1956 ) ;
#146 = CARTESIAN_POINT ( 'NONE',  ( -2.169999999999999485, 3.075000000000000622, -14.90000000000000036 ) ) ;
#147 = ORIENTED_EDGE ( 'NONE', *, *, #1230, .T. ) ;
#148 = APPROVAL_ROLE ( '' ) ;
#149 = DIRECTION ( 'NONE',  ( -0.0000000000000000000, -0.0000000000000000000, 1.000000000000000000 ) ) ;
#150 = VECTOR ( 'NONE', #1549, 1000.000000000000000 ) ;
#151 = DIRECTION ( 'NONE',  ( 0.0000000000000000000, 0.0000000000000000000, 1.000000000000000000 ) ) ;
#152 = DIRECTION ( 'NONE',  ( -1.000000000000000000, 0.0000000000000000000, 0.0000000000000000000 ) ) ;
#153 = ORIENTED_EDGE ( 'NONE', *, *, #1711, .F. ) ;
#154 = VECTOR ( 'NONE', #2550, 1000.000000000000000 ) ;
#155 = CARTESIAN_POINT ( 'NONE',  ( -2.424999999995458566, -3.269774822871045039, -0.05391956949626908191 ) ) ;
#156 = EDGE_CURVE ( 'NONE', #1556, #1647, #662, .T. ) ;
#157 = DIRECTION ( 'NONE',  ( 1.000000000000000000, 0.0000000000000000000, -0.0000000000000000000 ) ) ;
#158 = DIRECTION ( 'NONE',  ( 0.0000000000000000000, -0.0000000000000000000, -1.000000000000000000 ) ) ;
#159 = VECTOR ( 'NONE', #1578, 1000.000000000000000 ) ;
#160 = ORIENTED_EDGE ( 'NONE', *, *, #897, .T. ) ;
#161 = VECTOR ( 'NONE', #1810, 1000.000000000000000 ) ;
#162 = DIRECTION ( 'NONE',  ( 0.0000000000000000000, 0.0000000000000000000, 1.000000000000000000 ) ) ;
#163 = CARTESIAN_POINT ( 'NONE',  ( -2.425000000000001155, -4.174999999999999822, -14.59999999999999787 ) ) ;
#164 = ORIENTED_EDGE ( 'NONE', *, *, #1117, .T. ) ;
#165 = APPROVAL_DATE_TIME ( #2137, #470 ) ;
#166 = DIRECTION ( 'NONE',  ( -1.000000000000000000, -0.0000000000000000000, -0.0000000000000000000 ) ) ;
#167 = DIRECTION ( 'NONE',  ( -0.0000000000000000000, -0.0000000000000000000, 1.000000000000000000 ) ) ;
#168 = CARTESIAN_POINT ( 'NONE',  ( -1.500000000000000444, -2.174999999999999822, -5.000000000000000000 ) ) ;
#169 = ORIENTED_EDGE ( 'NONE', *, *, #1774, .T. ) ;
#170 = PLANE ( 'NONE',  #145 ) ;
#171 = EDGE_CURVE ( 'NONE', #359, #266, #1267, .T. ) ;
#172 = DIRECTION ( 'NONE',  ( 1.000000000000000000, -1.239088197126291063E-16, 0.0000000000000000000 ) ) ;
#173 = CARTESIAN_POINT ( 'NONE',  ( 9.225000000000001421, 7.799999999999997158, -6.299999999999998934 ) ) ;
#174 = ORIENTED_EDGE ( 'NONE', *, *, #1540, .F. ) ;
#175 = CARTESIAN_POINT ( 'NONE',  ( 7.238645917050990697, -3.074999999999999734, -9.000000000000000000 ) ) ;
#176 = LINE ( 'NONE', #861, #2394 ) ;
#177 = VERTEX_POINT ( 'NONE', #1743 ) ;
#178 = LINE ( 'NONE', #377, #2024 ) ;
#179 = PLANE ( 'NONE',  #62 ) ;
#180 = EDGE_CURVE ( 'NONE', #1731, #641, #1, .T. ) ;
#181 = CARTESIAN_POINT ( 'NONE',  ( 6.424999999999998934, -4.174999999999999822, -4.500000000000000000 ) ) ;
#182 = VERTEX_POINT ( 'NONE', #2682 ) ;
#183 = CARTESIAN_POINT ( 'NONE',  ( -3.730671790404080479, -3.074999999999999734, -1.179270645342404666 ) ) ;
#184 = DIRECTION ( 'NONE',  ( 1.000000000000000000, -3.154042683594194627E-16, 0.0000000000000000000 ) ) ;
#185 = CARTESIAN_POINT ( 'NONE',  ( -3.258120437188722462, -6.175000000000001599, -9.000000000000000000 ) ) ;
#186 = DIRECTION ( 'NONE',  ( -0.0000000000000000000, -0.0000000000000000000, -1.000000000000000000 ) ) ;
#187 = ORIENTED_EDGE ( 'NONE', *, *, #1749, .F. ) ;
#188 = VERTEX_POINT ( 'NONE', #2642 ) ;
#189 = CARTESIAN_POINT ( 'NONE',  ( 7.200000000000000178, 6.815365508088051527, -0.5022370305512284805 ) ) ;
#190 = DIRECTION ( 'NONE',  ( 2.302143347026926782E-16, -0.7829862185851037548, 0.6220390514314998454 ) ) ;
#191 = ORIENTED_EDGE ( 'NONE', *, *, #887, .F. ) ;
#192 = EDGE_CURVE ( 'NONE', #2493, #1027, #643, .T. ) ;
#193 = FACE_BOUND ( 'NONE', #1493, .T. ) ;
#194 = VECTOR ( 'NONE', #560, 1000.000000000000000 ) ;
#195 = CARTESIAN_POINT ( 'NONE',  ( 6.425000000000000711, -6.650000000000003020, -4.500000000000000000 ) ) ;
#196 = CIRCLE ( 'NONE', #1304, 0.5103018321630116150 ) ;
#197 = LINE ( 'NONE', #2156, #762 ) ;
#198 = ORIENTED_EDGE ( 'NONE', *, *, #391, .F. ) ;
#199 = PLANE ( 'NONE',  #1990 ) ;
#200 = AXIS2_PLACEMENT_3D ( 'NONE', #616, #2667, #1972 ) ;
#201 = ADVANCED_FACE ( 'NONE', ( #894 ), #2879, .F. ) ;
#202 = DIRECTION ( 'NONE',  ( -1.000000000000000000, -0.0000000000000000000, -0.0000000000000000000 ) ) ;
#203 = VECTOR ( 'NONE', #2664, 1000.000000000000000 ) ;
#204 = CARTESIAN_POINT ( 'NONE',  ( -2.925000000000000266, -6.650000000000000355, -4.500000000000000000 ) ) ;
#205 = B_SPLINE_CURVE_WITH_KNOTS ( 'NONE', 3,
 ( #1720, #629, #2620, #1907 ),
 .UNSPECIFIED., .F., .F.,
 ( 4, 4 ),
 ( 0.0000000000000000000, 1.000000000000000000 ),
 .UNSPECIFIED. ) ;
#206 = ORIENTED_EDGE ( 'NONE', *, *, #1642, .F. ) ;
#207 = ORIENTED_EDGE ( 'NONE', *, *, #471, .T. ) ;
#208 = ADVANCED_FACE ( 'NONE', ( #1095 ), #217, .F. ) ;
#209 = CARTESIAN_POINT ( 'NONE',  ( 1.425000000000000266, 0.0000000000000000000, 3.700000000000000178 ) ) ;
#210 = CARTESIAN_POINT ( 'NONE',  ( 0.0000000000000000000, 0.0000000000000000000, -4.500000000000000000 ) ) ;
#211 = AXIS2_PLACEMENT_3D ( 'NONE', #958, #1362, #2526 ) ;
#212 = FACE_OUTER_BOUND ( 'NONE', #1266, .T. ) ;
#213 = AXIS2_PLACEMENT_3D ( 'NONE', #2276, #510, #267 ) ;
#214 = LINE ( 'NONE', #2013, #2210 ) ;
#215 = EDGE_LOOP ( 'NONE', ( #119, #1994, #1553, #29 ) ) ;
#216 = FACE_OUTER_BOUND ( 'NONE', #945, .T. ) ;
#217 = PLANE ( 'NONE',  #2718 ) ;
#218 = VERTEX_POINT ( 'NONE', #632 ) ;
#219 = DIRECTION ( 'NONE',  ( -0.0000000000000000000, -0.0000000000000000000, -1.000000000000000000 ) ) ;
#220 = ORIENTED_EDGE ( 'NONE', *, *, #379, .F. ) ;
#221 = FACE_OUTER_BOUND ( 'NONE', #2427, .T. ) ;
#222 = CARTESIAN_POINT ( 'NONE',  ( -2.425000000000000711, -5.650000000000000355, -5.399999999999999467 ) ) ;
#223 = DATE_AND_TIME ( #16, #2824 ) ;
#224 = EDGE_CURVE ( 'NONE', #1449, #1854, #428, .T. ) ;
#225 = PLANE ( 'NONE',  #2578 ) ;
#226 = EDGE_CURVE ( 'NONE', #459, #2058, #384, .T. ) ;
#227 = CARTESIAN_POINT ( 'NONE',  ( 9.225000000000001421, -6.650000000000001243, -4.782881900702106392 ) ) ;
#228 = VERTEX_POINT ( 'NONE', #2003 ) ;
#229 = DIRECTION ( 'NONE',  ( -1.000000000000000000, -2.940209281316621016E-16, 0.0000000000000000000 ) ) ;
#230 = CARTESIAN_POINT ( 'NONE',  ( -5.224999999999996980, 7.799999999999998046, -5.399999999999999467 ) ) ;
#231 = ORIENTED_EDGE ( 'NONE', *, *, #969, .F. ) ;
#232 = LINE ( 'NONE', #1064, #1890 ) ;
#233 = ORIENTED_EDGE ( 'NONE', *, *, #2899, .T. ) ;
#234 = EDGE_LOOP ( 'NONE', ( #1138, #2803, #2877, #2274 ) ) ;
#235 = ADVANCED_FACE ( 'NONE', ( #880 ), #1773, .F. ) ;
#236 = DIRECTION ( 'NONE',  ( 2.940209281316621016E-16, -1.000000000000000000, 0.0000000000000000000 ) ) ;
#237 = CARTESIAN_POINT ( 'NONE',  ( -2.925000000000001599, -3.074999999999999734, -4.500000000000000000 ) ) ;
#238 = AXIS2_PLACEMENT_3D ( 'NONE', #2064, #504, #1155 ) ;
#239 = LINE ( 'NONE', #1078, #2393 ) ;
#240 = VERTEX_POINT ( 'NONE', #416 ) ;
#241 = DIRECTION ( 'NONE',  ( 0.0000000000000000000, 0.0000000000000000000, -1.000000000000000000 ) ) ;
#242 = VECTOR ( 'NONE', #2155, 1000.000000000000000 ) ;
#243 = CARTESIAN_POINT ( 'NONE',  ( 9.048843010350214655, 8.522499999999993747, -4.108540023000474939 ) ) ;
#244 = VECTOR ( 'NONE', #1065, 1000.000000000000000 ) ;
#245 = ORIENTED_EDGE ( 'NONE', *, *, #1943, .F. ) ;
#246 = VECTOR ( 'NONE', #1451, 1000.000000000000000 ) ;
#247 = EDGE_CURVE ( 'NONE', #2506, #1836, #2176, .T. ) ;
#248 = CARTESIAN_POINT ( 'NONE',  ( 0.0000000000000000000, 1.149999999999999911, 0.0000000000000000000 ) ) ;
#249 = ORIENTED_EDGE ( 'NONE', *, *, #1205, .F. ) ;
#250 = VECTOR ( 'NONE', #142, 1000.000000000000000 ) ;
#251 = FACE_OUTER_BOUND ( 'NONE', #1377, .T. ) ;
#252 = EDGE_LOOP ( 'NONE', ( #1933, #2799, #277, #693 ) ) ;
#253 = CARTESIAN_POINT ( 'NONE',  ( 0.0000000000000000000, -3.074999999999999734, -4.500000000000000000 ) ) ;
#254 = CARTESIAN_POINT ( 'NONE',  ( 8.349999999999999645, 7.324999999999998401, -6.299999999999998934 ) ) ;
#255 = VECTOR ( 'NONE', #1805, 1000.000000000000000 ) ;
#256 = CARTESIAN_POINT ( 'NONE',  ( -3.199999999999997957, 4.199999999999997513, -4.500000000000000000 ) ) ;
#257 = ORIENTED_EDGE ( 'NONE', *, *, #2828, .F. ) ;
#258 = CARTESIAN_POINT ( 'NONE',  ( 2.574999999999999734, 1.149999999999999911, 3.700000000000000178 ) ) ;
#259 = FACE_OUTER_BOUND ( 'NONE', #1224, .T. ) ;
#260 = VERTEX_POINT ( 'NONE', #1535 ) ;
#261 = ADVANCED_FACE ( 'NONE', ( #2234 ), #170, .F. ) ;
#262 = ADVANCED_FACE ( 'NONE', ( #1722 ), #2435, .F. ) ;
#263 = CARTESIAN_POINT ( 'NONE',  ( 7.238645917050990697, -6.175000000000001599, -9.000000000000000000 ) ) ;
#264 = ORIENTED_EDGE ( 'NONE', *, *, #116, .T. ) ;
#265 = EDGE_LOOP ( 'NONE', ( #1181, #2006, #727, #549 ) ) ;
#266 = VERTEX_POINT ( 'NONE', #2623 ) ;
#267 = DIRECTION ( 'NONE',  ( 1.000000000000000000, 0.0000000000000000000, 0.0000000000000000000 ) ) ;
#268 = LINE ( 'NONE', #1177, #557 ) ;
#269 = ORIENTED_EDGE ( 'NONE', *, *, #2702, .F. ) ;
#270 = CARTESIAN_POINT ( 'NONE',  ( -1.500000000000000444, -2.174999999999999822, -4.500000000000000000 ) ) ;
#271 = ORIENTED_EDGE ( 'NONE', *, *, #2536, .T. ) ;
#272 = DIRECTION ( 'NONE',  ( 1.200500675416475772E-16, 1.000000000000000000, 0.0000000000000000000 ) ) ;
#273 = FACE_OUTER_BOUND ( 'NONE', #2253, .T. ) ;
#274 = ADVANCED_FACE ( 'NONE', ( #1505 ), #401, .F. ) ;
#275 = VERTEX_POINT ( 'NONE', #2206 ) ;
#276 = CARTESIAN_POINT ( 'NONE',  ( -5.224999999999998757, 8.522499999999993747, -4.499999999999995559 ) ) ;
#277 = ORIENTED_EDGE ( 'NONE', *, *, #2224, .F. ) ;
#278 = DIRECTION ( 'NONE',  ( -1.000000000000000000, -3.415313893875990418E-16, -2.465190328815661892E-32 ) ) ;
#279 = VERTEX_POINT ( 'NONE', #1063 ) ;
#280 = PLANE ( 'NONE',  #339 ) ;
#281 = FACE_OUTER_BOUND ( 'NONE', #356, .T. ) ;
#282 = ORIENTED_EDGE ( 'NONE', *, *, #2890, .F. ) ;
#283 = ADVANCED_FACE ( 'NONE', ( #1852, #967, #2282, #259 ), #2312, .F. ) ;
#284 = LINE ( 'NONE', #2784, #2673 ) ;
#285 = ORIENTED_EDGE ( 'NONE', *, *, #1425, .T. ) ;
#286 = PLANE ( 'NONE',  #903 ) ;
#287 = LINE ( 'NONE', #2079, #1492 ) ;
#288 = EDGE_LOOP ( 'NONE', ( #2736, #978, #2856, #1298 ) ) ;
#289 = EDGE_CURVE ( 'NONE', #2506, #973, #39, .T. ) ;
#290 = LINE ( 'NONE', #690, #1366 ) ;
#291 = ORIENTED_EDGE ( 'NONE', *, *, #1482, .T. ) ;
#292 = VECTOR ( 'NONE', #1150, 1000.000000000000000 ) ;
#293 = CARTESIAN_POINT ( 'NONE',  ( 0.0000000000000000000, 1.149999999999999911, 0.0000000000000000000 ) ) ;
#294 = ORIENTED_EDGE ( 'NONE', *, *, #192, .F. ) ;
#295 = LINE ( 'NONE', #2095, #113 ) ;
#296 = VECTOR ( 'NONE', #919, 1000.000000000000000 ) ;
#297 = CARTESIAN_POINT ( 'NONE',  ( 5.500000000000000000, -2.174999999999999822, 0.0000000000000000000 ) ) ;
#298 = ORIENTED_EDGE ( 'NONE', *, *, #1704, .F. ) ;
#299 = ADVANCED_FACE ( 'NONE', ( #1358 ), #1153, .T. ) ;
#300 = LINE ( 'NONE', #1396, #1924 ) ;
#301 = EDGE_CURVE ( 'NONE', #1707, #744, #2699, .T. ) ;
#302 = ORIENTED_EDGE ( 'NONE', *, *, #2314, .F. ) ;
#303 = CARTESIAN_POINT ( 'NONE',  ( -5.224999999999996980, 4.199999999999998401, -5.399999999999999467 ) ) ;
#304 = CARTESIAN_POINT ( 'NONE',  ( 0.0000000000000000000, 0.0000000000000000000, -11.29999999999999893 ) ) ;
#305 = EDGE_LOOP ( 'NONE', ( #989, #2022, #1274, #2263 ) ) ;
#306 = AXIS2_PLACEMENT_3D ( 'NONE', #2205, #1988, #1522 ) ;
#307 = LINE ( 'NONE', #728, #390 ) ;
#308 = CARTESIAN_POINT ( 'NONE',  ( 7.730671790404080923, -3.564999999999999503, -1.179270645342404000 ) ) ;
#309 = EDGE_LOOP ( 'NONE', ( #1987, #1239, #60, #884, #2313, #1593, #302, #462, #2481, #2278 ) ) ;
#310 = DIRECTION ( 'NONE',  ( 1.000000000000000000, -6.002503377082377626E-17, 0.0000000000000000000 ) ) ;
#311 = ORIENTED_EDGE ( 'NONE', *, *, #1592, .T. ) ;
#312 = PLANE ( 'NONE',  #2404 ) ;
#313 = LINE ( 'NONE', #551, #1782 ) ;
#314 = EDGE_CURVE ( 'NONE', #744, #1042, #2321, .T. ) ;
#315 = ORIENTED_EDGE ( 'NONE', *, *, #1052, .F. ) ;
#316 = CARTESIAN_POINT ( 'NONE',  ( 9.225000000000001421, 7.799999999999997158, -4.929269377658070717 ) ) ;
#317 = DIRECTION ( 'NONE',  ( -0.0000000000000000000, -0.0000000000000000000, 1.000000000000000000 ) ) ;
#318 = ORIENTED_EDGE ( 'NONE', *, *, #805, .F. ) ;
#319 = CARTESIAN_POINT ( 'NONE',  ( 9.048843010350214655, 1.775000000000000577, -4.108540023000473163 ) ) ;
#320 = ORIENTED_EDGE ( 'NONE', *, *, #2890, .T. ) ;
#321 = CARTESIAN_POINT ( 'NONE',  ( 1.425000000000000488, 2.425000000000000266, 3.700000000000000178 ) ) ;
#322 = CARTESIAN_POINT ( 'NONE',  ( 0.0000000000000000000, 0.0000000000000000000, 0.0000000000000000000 ) ) ;
#323 = ORIENTED_EDGE ( 'NONE', *, *, #1387, .T. ) ;
#324 = AXIS2_PLACEMENT_3D ( 'NONE', #2400, #2215, #1981 ) ;
#325 = DIRECTION ( 'NONE',  ( 1.000000000000000000, -6.002503377082377626E-17, 0.0000000000000000000 ) ) ;
#326 = DIRECTION ( 'NONE',  ( -1.200500675416475772E-16, -1.000000000000000000, 0.0000000000000000000 ) ) ;
#327 = CLOSED_SHELL ( 'NONE', ( #553, #1820, #2072, #1109, #2144, #2817, #617, #235, #1898, #608, #484, #2154, #1044, #352, #283, #2853, #1403, #979, #1221, #2152, #376, #1034, #937, #2237, #1713, #2062, #1866, #299, #994, #2701 ) ) ;
#328 = AXIS2_PLACEMENT_3D ( 'NONE', #422, #440, #655 ) ;
#329 = CARTESIAN_POINT ( 'NONE',  ( 9.178907482225810099, -3.074999999999999734, -4.500000000000000000 ) ) ;
#330 = DIRECTION ( 'NONE',  ( -1.000000000000000000, -2.940209281316621016E-16, 0.0000000000000000000 ) ) ;
#331 = ORIENTED_EDGE ( 'NONE', *, *, #2702, .T. ) ;
#332 = LINE ( 'NONE', #1000, #246 ) ;
#333 = FACE_OUTER_BOUND ( 'NONE', #1808, .T. ) ;
#334 = CARTESIAN_POINT ( 'NONE',  ( -3.730671790404080479, -3.074999999999999734, -1.179270645342404666 ) ) ;
#335 = EDGE_LOOP ( 'NONE', ( #2795, #667, #111, #531, #2674, #48, #508, #1130 ) ) ;
#336 = CARTESIAN_POINT ( 'NONE',  ( -5.224999999999996980, 7.799999999999998046, -5.399999999999999467 ) ) ;
#337 = VECTOR ( 'NONE', #2447, 999.9999999999998863 ) ;
#338 = EDGE_CURVE ( 'NONE', #177, #2433, #23, .T. ) ;
#340 = EDGE_CURVE ( 'NONE', #2456, #279, #1140, .T. ) ;
#339 = AXIS2_PLACEMENT_3D ( 'NONE', #695, #2054, #2545 ) ;
#341 = DIRECTION ( 'NONE',  ( 0.0000000000000000000, -1.000000000000000000, 3.502337219018333784E-13 ) ) ;
#342 = LINE ( 'NONE', #1200, #1488 ) ;
#343 = FACE_OUTER_BOUND ( 'NONE', #288, .T. ) ;
#344 = CARTESIAN_POINT ( 'NONE',  ( 6.924999999999995381, 4.970495753229972620E-15, -1.802753480869460300E-30 ) ) ;
#345 = EDGE_LOOP ( 'NONE', ( #1379, #2397, #153 ) ) ;
#346 = CALENDAR_DATE ( 2019, 6, 12 ) ;
#347 = DIRECTION ( 'NONE',  ( 0.0000000000000000000, 1.000000000000000000, 0.0000000000000000000 ) ) ;
#348 = CARTESIAN_POINT ( 'NONE',  ( -4.349999999999999645, -6.175000000000001599, -11.29999999999999893 ) ) ;
#349 = PLANE ( 'NONE',  #1268 ) ;
#350 = ORIENTED_EDGE ( 'NONE', *, *, #1999, .F. ) ;
#351 = DIRECTION ( 'NONE',  ( -1.000000000000000000, 6.002503377082377626E-17, 0.0000000000000000000 ) ) ;
#352 = ADVANCED_FACE ( 'NONE', ( #2248 ), #84, .F. ) ;
#353 = B_SPLINE_SURFACE_WITH_KNOTS ( 'NONE', 2, 3, ( 
 ( #889, #1103, #1784, #2012 ),
 ( #2900, #19, #671, #1739 ),
 ( #865, #2231, #1519, #453 ) ),
 .UNSPECIFIED., .F., .F., .F.,
 ( 3, 3 ),
 ( 4, 4 ),
 ( 0.0000000000000000000, 1.000000000000000000 ),
 ( -0.01629963524487879414, -0.005519635244878791890 ),
 .UNSPECIFIED. ) ;
#354 = CARTESIAN_POINT ( 'NONE',  ( 7.200000000000000178, 4.125000000000005329, 2.168404344971008868E-16 ) ) ;
#355 = CARTESIAN_POINT ( 'NONE',  ( -4.349999999999999645, -6.175000000000001599, -11.29999999999999893 ) ) ;
#356 = EDGE_LOOP ( 'NONE', ( #96, #1821, #1475, #2334 ) ) ;
#357 = DIRECTION ( 'NONE',  ( 0.0000000000000000000, 0.0000000000000000000, -1.000000000000000000 ) ) ;
#358 = FACE_OUTER_BOUND ( 'NONE', #1630, .T. ) ;
#359 = VERTEX_POINT ( 'NONE', #922 ) ;
#360 = CARTESIAN_POINT ( 'NONE',  ( 6.925000000000000711, -6.650000000000003020, -4.500000000000000000 ) ) ;
#361 = DIRECTION ( 'NONE',  ( 1.000000000000000000, 0.0000000000000000000, 0.0000000000000000000 ) ) ;
#362 = CARTESIAN_POINT ( 'NONE',  ( -5.224999999999998757, -6.650000000000000355, -5.399999999999999467 ) ) ;
#363 = EDGE_LOOP ( 'NONE', ( #1141, #585, #2553, #1384 ) ) ;
#364 = VECTOR ( 'NONE', #1750, 1000.000000000000000 ) ;
#365 = LINE ( 'NONE', #1004, #1400 ) ;
#366 = EDGE_CURVE ( 'NONE', #188, #1128, #675, .T. ) ;
#367 = CARTESIAN_POINT ( 'NONE',  ( -2.697101215452245793, -3.075000000000000622, -0.1146327894572913009 ) ) ;
#368 = B_SPLINE_CURVE_WITH_KNOTS ( 'NONE', 3,
 ( #2041, #32, #1844, #88 ),
 .UNSPECIFIED., .F., .F.,
 ( 4, 4 ),
 ( 0.0000000000000000000, 1.000000000000000000 ),
 .UNSPECIFIED. ) ;
#369 = DIRECTION ( 'NONE',  ( 0.0000000000000000000, 0.0000000000000000000, -1.000000000000000000 ) ) ;
#370 = VECTOR ( 'NONE', #2010, 1000.000000000000000 ) ;
#371 = ORIENTED_EDGE ( 'NONE', *, *, #1126, .T. ) ;
#372 = CARTESIAN_POINT ( 'NONE',  ( 7.200000000000000178, 16.76640768423734684, -1.812584382135965955 ) ) ;
#373 = DIRECTION ( 'NONE',  ( 7.278560039063522195E-16, -1.000000000000000000, 0.0000000000000000000 ) ) ;
#374 = ORIENTED_EDGE ( 'NONE', *, *, #2656, .F. ) ;
#375 = SECURITY_CLASSIFICATION_LEVEL ( 'unclassified' ) ;
#376 = ADVANCED_FACE ( 'NONE', ( #273 ), #2492, .F. ) ;
#377 = CARTESIAN_POINT ( 'NONE',  ( -2.425000000000001155, -4.174999999999999822, -4.500000000000000000 ) ) ;
#378 = VECTOR ( 'NONE', #2295, 1000.000000000000000 ) ;
#379 = EDGE_CURVE ( 'NONE', #570, #2514, #1372, .T. ) ;
#380 = PLANE ( 'NONE',  #2761 ) ;
#381 = CARTESIAN_POINT ( 'NONE',  ( 6.424999999999776890, -3.074999999999999734, -0.05391956940580499430 ) ) ;
#382 = VERTEX_POINT ( 'NONE', #719 ) ;
#383 = AXIS2_PLACEMENT_3D ( 'NONE', #1202, #2166, #2571 ) ;
#384 = LINE ( 'NONE', #1762, #2304 ) ;
#385 = B_SPLINE_SURFACE_WITH_KNOTS ( 'NONE', 2, 3, ( 
 ( #517, #2463, #1344, #243 ),
 ( #541, #121, #135, #1877 ),
 ( #1649, #2358, #1249, #783 ) ),
 .UNSPECIFIED., .F., .F., .F.,
 ( 3, 3 ),
 ( 4, 4 ),
 ( 0.0000000000000000000, 1.000000000000000000 ),
 ( -0.01517249999999999675, 0.0007224999999999999435 ),
 .UNSPECIFIED. ) ;
#386 = VECTOR ( 'NONE', #1040, 1000.000000000000000 ) ;
#387 = FACE_OUTER_BOUND ( 'NONE', #1048, .T. ) ;
#388 = CARTESIAN_POINT ( 'NONE',  ( 2.575000000000000178, 0.0000000000000000000, 3.700000000000000178 ) ) ;
#389 = ORIENTED_EDGE ( 'NONE', *, *, #400, .T. ) ;
#390 = VECTOR ( 'NONE', #2751, 1000.000000000000000 ) ;
#391 = EDGE_CURVE ( 'NONE', #2822, #1165, #502, .T. ) ;
#392 = CARTESIAN_POINT ( 'NONE',  ( 7.238645917050990697, -3.074999999999999734, -9.000000000000000000 ) ) ;
#393 = PLANE ( 'NONE',  #324 ) ;
#394 = EDGE_LOOP ( 'NONE', ( #1858, #2142, #2204, #2760, #2808, #174, #40, #537, #2645, #1823 ) ) ;
#395 = CARTESIAN_POINT ( 'NONE',  ( -2.925000000000001599, -3.075000000000001510, -0.2437088524045597226 ) ) ;
#396 = CARTESIAN_POINT ( 'NONE',  ( -1.499999999999998668, 3.325000000000000622, -5.000000000000000000 ) ) ;
#397 = CARTESIAN_POINT ( 'NONE',  ( 1.425000000000000266, 1.149999999999999911, 3.700000000000000178 ) ) ;
#398 = CC_DESIGN_PERSON_AND_ORGANIZATION_ASSIGNMENT ( #1479, #829, ( #2269 ) ) ;
#399 = ORIENTED_EDGE ( 'NONE', *, *, #2078, .T. ) ;
#400 = EDGE_CURVE ( 'NONE', #664, #2102, #287, .T. ) ;
#401 = PLANE ( 'NONE',  #521 ) ;
#402 = DIRECTION ( 'NONE',  ( -0.0000000000000000000, -0.0000000000000000000, 1.000000000000000000 ) ) ;
#403 = FACE_OUTER_BOUND ( 'NONE', #605, .T. ) ;
#404 = ORIENTED_EDGE ( 'NONE', *, *, #2866, .T. ) ;
#405 = ORIENTED_EDGE ( 'NONE', *, *, #1745, .F. ) ;
#406 = B_SPLINE_CURVE_WITH_KNOTS ( 'NONE', 2,
 ( #2566, #354, #559 ),
 .UNSPECIFIED., .F., .F.,
 ( 3, 3 ),
 ( 0.0000000000000000000, 1.000000000000000000 ),
 .UNSPECIFIED. ) ;
#407 = LINE ( 'NONE', #209, #1489 ) ;
#408 = CARTESIAN_POINT ( 'NONE',  ( -2.425000000000000266, -6.650000000000005684, -4.500000000000000000 ) ) ;
#409 = ORIENTED_EDGE ( 'NONE', *, *, #1340, .T. ) ;
#410 = EDGE_CURVE ( 'NONE', #2704, #1243, #1123, .T. ) ;
#411 = DIRECTION ( 'NONE',  ( -1.000000000000000000, 0.0000000000000000000, -0.0000000000000000000 ) ) ;
#412 = CARTESIAN_POINT ( 'NONE',  ( 9.178907482225810099, -6.650000000000001243, -4.500000000000000000 ) ) ;
#413 = CARTESIAN_POINT ( 'NONE',  ( 2.574999999999999734, 1.149999999999999911, 3.700000000000000178 ) ) ;
#414 = ORIENTED_EDGE ( 'NONE', *, *, #771, .F. ) ;
#415 = FACE_OUTER_BOUND ( 'NONE', #2740, .T. ) ;
#416 = CARTESIAN_POINT ( 'NONE',  ( 7.200000000000000178, 7.317602538639276233, -0.4118715224631687155 ) ) ;
#417 = CARTESIAN_POINT ( 'NONE',  ( 6.557434778960693045, -3.145145307439925819, -0.08829479258172909240 ) ) ;
#418 = ORIENTED_EDGE ( 'NONE', *, *, #2836, .F. ) ;
#419 = ORIENTED_EDGE ( 'NONE', *, *, #400, .F. ) ;
#420 = PLANE ( 'NONE',  #1827 ) ;
#421 = CARTESIAN_POINT ( 'NONE',  ( -2.425000000351769991, -3.075000000000001510, -0.05391956948434514091 ) ) ;
#422 = CARTESIAN_POINT ( 'NONE',  ( 0.0000000000000000000, -3.074999999999999734, -4.500000000000000000 ) ) ;
#423 = VECTOR ( 'NONE', #971, 1000.000000000000000 ) ;
#424 = LINE ( 'NONE', #2696, #705 ) ;
#425 = ORIENTED_EDGE ( 'NONE', *, *, #1269, .T. ) ;
#426 = CARTESIAN_POINT ( 'NONE',  ( -3.199999999999997957, 4.199999999999997513, -1.917100174286742390E-16 ) ) ;
#427 = AXIS2_PLACEMENT_3D ( 'NONE', #1580, #2483, #139 ) ;
#428 = LINE ( 'NONE', #2016, #656 ) ;
#429 = VECTOR ( 'NONE', #1835, 1000.000000000000000 ) ;
#430 = ORIENTED_EDGE ( 'NONE', *, *, #2511, .F. ) ;
#431 = DIRECTION ( 'NONE',  ( -1.000000000000000000, 0.0000000000000000000, 0.0000000000000000000 ) ) ;
#432 = EDGE_CURVE ( 'NONE', #1608, #2493, #2744, .T. ) ;
#433 = ADVANCED_FACE ( 'NONE', ( #2523 ), #385, .T. ) ;
#434 = ORIENTED_EDGE ( 'NONE', *, *, #1653, .T. ) ;
#435 = ORIENTED_EDGE ( 'NONE', *, *, #2893, .F. ) ;
#436 = EDGE_CURVE ( 'NONE', #1697, #1201, #761, .T. ) ;
#437 = CARTESIAN_POINT ( 'NONE',  ( -2.425000000000001155, -4.174999999999999822, -9.000000000000000000 ) ) ;
#438 = DIRECTION ( 'NONE',  ( 1.000000000000000000, 0.0000000000000000000, 0.0000000000000000000 ) ) ;
#439 = VECTOR ( 'NONE', #1772, 1000.000000000000000 ) ;
#440 = DIRECTION ( 'NONE',  ( 0.0000000000000000000, -1.000000000000000000, 0.0000000000000000000 ) ) ;
#441 = CARTESIAN_POINT ( 'NONE',  ( -2.425000000351769991, -3.075000000000001510, -0.05391956948434514091 ) ) ;
#442 = ORIENTED_EDGE ( 'NONE', *, *, #873, .T. ) ;
#443 = CARTESIAN_POINT ( 'NONE',  ( 9.225000000000001421, -6.650000000000001243, -6.299999999999998934 ) ) ;
#444 = CARTESIAN_POINT ( 'NONE',  ( 1.425000000000000488, 2.425000000000000266, 3.700000000000000178 ) ) ;
#445 = ORIENTED_EDGE ( 'NONE', *, *, #2838, .F. ) ;
#446 = EDGE_CURVE ( 'NONE', #2439, #1818, #1191, .T. ) ;
#447 = LINE ( 'NONE', #2643, #972 ) ;
#448 = B_SPLINE_CURVE_WITH_KNOTS ( 'NONE', 2,
 ( #1797, #1753, #2458 ),
 .UNSPECIFIED., .F., .F.,
 ( 3, 3 ),
 ( 0.0000000000000000000, 1.000000000000000000 ),
 .UNSPECIFIED. ) ;
#449 = ORIENTED_EDGE ( 'NONE', *, *, #45, .F. ) ;
#450 = ORIENTED_EDGE ( 'NONE', *, *, #180, .T. ) ;
#451 = CARTESIAN_POINT ( 'NONE',  ( 1.425000000000000044, -1.275000000000000133, 3.700000000000000178 ) ) ;
#452 = LINE ( 'NONE', #408, #1124 ) ;
#453 = CARTESIAN_POINT ( 'NONE',  ( -1.906828780053867689, 7.214999999999997193, 0.0000000000000000000 ) ) ;
#454 = ORIENTED_EDGE ( 'NONE', *, *, #1219, .F. ) ;
#455 = DIRECTION ( 'NONE',  ( 0.0000000000000000000, 0.0000000000000000000, 1.000000000000000000 ) ) ;
#456 = EDGE_CURVE ( 'NONE', #1796, #1610, #2101, .T. ) ;
#457 = DIRECTION ( 'NONE',  ( -0.0000000000000000000, 1.000000000000000000, -0.0000000000000000000 ) ) ;
#458 = EDGE_CURVE ( 'NONE', #2417, #1017, #1893, .T. ) ;
#459 = VERTEX_POINT ( 'NONE', #2774 ) ;
#460 = DIRECTION ( 'NONE',  ( 0.0000000000000000000, 0.0000000000000000000, -1.000000000000000000 ) ) ;
#461 = ORIENTED_EDGE ( 'NONE', *, *, #1066, .T. ) ;
#462 = ORIENTED_EDGE ( 'NONE', *, *, #1417, .F. ) ;
#463 = VERTEX_POINT ( 'NONE', #1206 ) ;
#464 = CARTESIAN_POINT ( 'NONE',  ( -3.200000000000001066, 6.725000000000001421, -7.888609052210115208E-32 ) ) ;
#465 = DIRECTION ( 'NONE',  ( 0.0000000000000000000, 0.0000000000000000000, -1.000000000000000000 ) ) ;
#466 = B_SPLINE_CURVE_WITH_KNOTS ( 'NONE', 3,
 ( #1136, #1831, #1814, #2709 ),
 .UNSPECIFIED., .F., .F.,
 ( 4, 4 ),
 ( 0.0000000000000000000, 1.000000000000000000 ),
 .UNSPECIFIED. ) ;
#467 = DIRECTION ( 'NONE',  ( 1.000000000000000000, 0.0000000000000000000, 0.0000000000000000000 ) ) ;
#468 = ORIENTED_EDGE ( 'NONE', *, *, #873, .F. ) ;
#469 = DIRECTION ( 'NONE',  ( 0.0000000000000000000, 1.000000000000000000, 0.0000000000000000000 ) ) ;
#470 = APPROVAL ( #1903, 'UNSPECIFIED' ) ;
#471 = EDGE_CURVE ( 'NONE', #1080, #260, #313, .T. ) ;
#472 = DIRECTION ( 'NONE',  ( -1.000000000000000000, 0.0000000000000000000, -0.0000000000000000000 ) ) ;
#473 = AXIS2_PLACEMENT_3D ( 'NONE', #743, #1812, #2532 ) ;
#474 = ADVANCED_FACE ( 'NONE', ( #2125 ), #581, .T. ) ;
#475 = EDGE_LOOP ( 'NONE', ( #777, #2468, #86, #31 ) ) ;
#476 = AXIS2_PLACEMENT_3D ( 'NONE', #1434, #347, #2796 ) ;
#477 = LINE ( 'NONE', #942, #159 ) ;
#478 = ORIENTED_EDGE ( 'NONE', *, *, #132, .T. ) ;
#479 = AXIS2_PLACEMENT_3D ( 'NONE', #2133, #1710, #603 ) ;
#480 = ORIENTED_EDGE ( 'NONE', *, *, #644, .T. ) ;
#481 = VERTEX_POINT ( 'NONE', #2345 ) ;
#482 = FACE_OUTER_BOUND ( 'NONE', #707, .T. ) ;
#483 = DIRECTION ( 'NONE',  ( -0.0000000000000000000, 0.0000000000000000000, 1.000000000000000000 ) ) ;
#484 = ADVANCED_FACE ( 'NONE', ( #2324 ), #95, .F. ) ;
#485 = VECTOR ( 'NONE', #2369, 1000.000000000000000 ) ;
#486 = CARTESIAN_POINT ( 'NONE',  ( -2.425000000000000711, -5.650000000000000355, -5.399999999999999467 ) ) ;
#487 = VERTEX_POINT ( 'NONE', #1218 ) ;
#488 = DIRECTION ( 'NONE',  ( 1.000000000000000000, -1.200500675416475772E-16, 0.0000000000000000000 ) ) ;
#489 = DIRECTION ( 'NONE',  ( 0.0000000000000000000, -0.0000000000000000000, 1.000000000000000000 ) ) ;
#490 = VECTOR ( 'NONE', #2294, 1000.000000000000000 ) ;
#491 = ORIENTED_EDGE ( 'NONE', *, *, #2033, .F. ) ;
#492 = DIRECTION ( 'NONE',  ( -6.829619984160658046E-17, -1.000000000000000000, 0.0000000000000000000 ) ) ;
#493 = ORIENTED_EDGE ( 'NONE', *, *, #1481, .F. ) ;
#494 = ORIENTED_EDGE ( 'NONE', *, *, #1323, .F. ) ;
#495 = EDGE_LOOP ( 'NONE', ( #843, #1512, #2882, #2789, #2665, #2300, #2094, #2273 ) ) ;
#496 = CARTESIAN_POINT ( 'NONE',  ( -5.178907482225809211, 4.199999999999997513, -4.500000000000000000 ) ) ;
#497 = DIRECTION ( 'NONE',  ( 0.0000000000000000000, 4.877114525526559977E-16, 1.000000000000000000 ) ) ;
#498 = ORIENTED_EDGE ( 'NONE', *, *, #2249, .F. ) ;
#499 = DIRECTION ( 'NONE',  ( 0.0000000000000000000, -0.0000000000000000000, 1.000000000000000000 ) ) ;
#500 = ORIENTED_EDGE ( 'NONE', *, *, #2730, .T. ) ;
#501 = DIRECTION ( 'NONE',  ( -0.0000000000000000000, 1.000000000000000000, -0.0000000000000000000 ) ) ;
#502 = LINE ( 'NONE', #1399, #378 ) ;
#503 = ORIENTED_EDGE ( 'NONE', *, *, #1856, .F. ) ;
#504 = DIRECTION ( 'NONE',  ( 1.000000000000000000, 5.880418562633242031E-16, 0.0000000000000000000 ) ) ;
#505 = VERTEX_POINT ( 'NONE', #107 ) ;
#506 = EDGE_CURVE ( 'NONE', #1392, #2421, #530, .T. ) ;
#507 = CARTESIAN_POINT ( 'NONE',  ( -3.258120437188722462, -3.074999999999999734, -11.29999999999999893 ) ) ;
#508 = ORIENTED_EDGE ( 'NONE', *, *, #1361, .F. ) ;
#509 = EDGE_CURVE ( 'NONE', #1017, #1562, #748, .T. ) ;
#510 = DIRECTION ( 'NONE',  ( -0.0000000000000000000, -0.0000000000000000000, 1.000000000000000000 ) ) ;
#511 = DIRECTION ( 'NONE',  ( 0.0000000000000000000, -1.000000000000000000, 0.0000000000000000000 ) ) ;
#512 = EDGE_CURVE ( 'NONE', #218, #1978, #332, .T. ) ;
#513 = ORIENTED_EDGE ( 'NONE', *, *, #2185, .T. ) ;
#514 = FACE_BOUND ( 'NONE', #1360, .T. ) ;
#515 = ORIENTED_EDGE ( 'NONE', *, *, #2838, .T. ) ;
#516 = CARTESIAN_POINT ( 'NONE',  ( 7.200000000000000178, 0.0000000000000000000, -4.500000000000000000 ) ) ;
#517 = CARTESIAN_POINT ( 'NONE',  ( 9.048843010350212879, -7.372499999999999609, -4.108540023000470498 ) ) ;
#518 = VERTEX_POINT ( 'NONE', #2786 ) ;
#519 = CARTESIAN_POINT ( 'NONE',  ( -4.349999999999999645, 7.324999999999999289, -11.29999999999999893 ) ) ;
#520 = ORIENTED_EDGE ( 'NONE', *, *, #1675, .T. ) ;
#521 = AXIS2_PLACEMENT_3D ( 'NONE', #1283, #184, #1300 ) ;
#522 = CARTESIAN_POINT ( 'NONE',  ( 4.000000000000000000, 0.0000000000000000000, 3.700000000000000178 ) ) ;
#523 = TOROIDAL_SURFACE ( 'NONE', #2160, 1.200000000000000178, 0.6999999999999999556 ) ;
#524 = CARTESIAN_POINT ( 'NONE',  ( -5.224999999999997868, -1.833333333333334370, -4.929269377658066276 ) ) ;
#525 = EDGE_CURVE ( 'NONE', #570, #42, #1661, .T. ) ;
#526 = EDGE_LOOP ( 'NONE', ( #294, #2746, #1542, #1485 ) ) ;
#527 = CARTESIAN_POINT ( 'NONE',  ( 2.575000000000000178, -1.275000000000000133, 3.700000000000000178 ) ) ;
#528 = ORIENTED_EDGE ( 'NONE', *, *, #848, .T. ) ;
#529 = LINE ( 'NONE', #2059, #490 ) ;
#530 = LINE ( 'NONE', #1029, #1211 ) ;
#531 = ORIENTED_EDGE ( 'NONE', *, *, #2790, .T. ) ;
#532 = AXIS2_PLACEMENT_3D ( 'NONE', #578, #1947, #1463 ) ;
#533 = VECTOR ( 'NONE', #1428, 1000.000000000000000 ) ;
#534 = ADVANCED_FACE ( 'NONE', ( #567 ), #1905, .F. ) ;
#535 = CARTESIAN_POINT ( 'NONE',  ( 4.000000000000000000, 1.149999999999999911, 3.700000000000000178 ) ) ;
#536 = CARTESIAN_POINT ( 'NONE',  ( 9.225000000000001421, 7.799999999999997158, -4.782881900702101952 ) ) ;
#537 = ORIENTED_EDGE ( 'NONE', *, *, #97, .T. ) ;
#538 = DIRECTION ( 'NONE',  ( 0.0000000000000000000, 0.0000000000000000000, -1.000000000000000000 ) ) ;
#539 = ORIENTED_EDGE ( 'NONE', *, *, #512, .F. ) ;
#540 =( LENGTH_UNIT ( ) NAMED_UNIT ( * ) SI_UNIT ( .MILLI., .METRE. ) );
#541 = CARTESIAN_POINT ( 'NONE',  ( 9.225000000000001421, -7.372499999999999609, -4.499999999999999112 ) ) ;
#542 = ORIENTED_EDGE ( 'NONE', *, *, #862, .T. ) ;
#543 = LINE ( 'NONE', #1445, #533 ) ;
#544 = B_SPLINE_CURVE_WITH_KNOTS ( 'NONE', 3,
 ( #1681, #2118, #536, #766 ),
 .UNSPECIFIED., .F., .F.,
 ( 4, 4 ),
 ( 0.0000000000000000000, 1.000000000000000000 ),
 .UNSPECIFIED. ) ;
#545 = CARTESIAN_POINT ( 'NONE',  ( 11.83446580044896557, 7.419289525591100443, -2.312635970870159152 ) ) ;
#546 = ORIENTED_EDGE ( 'NONE', *, *, #1210, .F. ) ;
#547 = DIRECTION ( 'NONE',  ( 0.0000000000000000000, 1.000000000000000000, -0.0000000000000000000 ) ) ;
#548 = CARTESIAN_POINT ( 'NONE',  ( -1.499999999999999778, 4.731064025391290462E-16, -4.500000000000000000 ) ) ;
#549 = ORIENTED_EDGE ( 'NONE', *, *, #1284, .F. ) ;
#550 = DIRECTION ( 'NONE',  ( -0.0000000000000000000, -0.0000000000000000000, -1.000000000000000000 ) ) ;
#551 = CARTESIAN_POINT ( 'NONE',  ( -2.425000000000000711, -5.650000000000000355, -5.399999999999999467 ) ) ;
#552 = DIRECTION ( 'NONE',  ( 1.000000000000000000, 0.0000000000000000000, 0.0000000000000000000 ) ) ;
#553 = ADVANCED_FACE ( 'NONE', ( #1013 ), #2810, .T. ) ;
#554 = ORIENTED_EDGE ( 'NONE', *, *, #710, .T. ) ;
#555 = ADVANCED_FACE ( 'NONE', ( #1635 ), #2540, .T. ) ;
#556 = DIRECTION ( 'NONE',  ( 1.000000000000000000, -6.002503377082377626E-17, 0.0000000000000000000 ) ) ;
#557 = VECTOR ( 'NONE', #497, 1000.000000000000000 ) ;
#558 = AXIS2_PLACEMENT_3D ( 'NONE', #682, #1980, #1305 ) ;
#559 = CARTESIAN_POINT ( 'NONE',  ( 5.906828780053868577, 4.125000000000003553, 0.0000000000000000000 ) ) ;
#560 = DIRECTION ( 'NONE',  ( -0.0000000000000000000, -0.0000000000000000000, 1.000000000000000000 ) ) ;
#561 = AXIS2_PLACEMENT_3D ( 'NONE', #2444, #1935, #815 ) ;
#562 = CARTESIAN_POINT ( 'NONE',  ( 6.424999999999998046, -3.117836102361304818, -0.05391956940583942509 ) ) ;
#563 = PLANE ( 'NONE',  #2479 ) ;
#564 = ORIENTED_EDGE ( 'NONE', *, *, #129, .F. ) ;
#565 = APPROVAL_ROLE ( '' ) ;
#566 = EDGE_CURVE ( 'NONE', #750, #481, #1278, .T. ) ;
#567 = FACE_OUTER_BOUND ( 'NONE', #2615, .T. ) ;
#568 = CYLINDRICAL_SURFACE ( 'NONE', #2110, 0.5103018321630116150 ) ;
#569 = CARTESIAN_POINT ( 'NONE',  ( -5.048843010350209326, 8.522499999999993747, -4.108540023000467833 ) ) ;
#570 = VERTEX_POINT ( 'NONE', #1547 ) ;
#571 = LINE ( 'NONE', #76, #1878 ) ;
#572 = VECTOR ( 'NONE', #677, 1000.000000000000000 ) ;
#573 = AXIS2_PLACEMENT_3D ( 'NONE', #522, #2502, #1614 ) ;
#574 = DIRECTION ( 'NONE',  ( 1.000000000000000000, 0.0000000000000000000, 0.0000000000000000000 ) ) ;
#575 = LINE ( 'NONE', #355, #250 ) ;
#576 = ORIENTED_EDGE ( 'NONE', *, *, #1929, .F. ) ;
#577 = ADVANCED_FACE ( 'NONE', ( #212 ), #2843, .F. ) ;
#578 = CARTESIAN_POINT ( 'NONE',  ( 1.425000000000000266, 0.0000000000000000000, 3.700000000000000178 ) ) ;
#579 = DIRECTION ( 'NONE',  ( -0.0000000000000000000, 0.0000000000000000000, 1.000000000000000000 ) ) ;
#580 = ORIENTED_EDGE ( 'NONE', *, *, #589, .F. ) ;
#581 = PLANE ( 'NONE',  #1977 ) ;
#582 = EDGE_CURVE ( 'NONE', #2888, #717, #1309, .T. ) ;
#583 = CARTESIAN_POINT ( 'NONE',  ( -2.425000000351769991, -3.117836102361307482, -0.05391956948434512009 ) ) ;
#584 = DIRECTION ( 'NONE',  ( 0.0000000000000000000, -0.0000000000000000000, -1.000000000000000000 ) ) ;
#585 = ORIENTED_EDGE ( 'NONE', *, *, #1198, .T. ) ;
#586 = LINE ( 'NONE', #2528, #792 ) ;
#587 = DIRECTION ( 'NONE',  ( 0.0000000000000000000, -1.000000000000000000, -0.0000000000000000000 ) ) ;
#588 = DIRECTION ( 'NONE',  ( 3.154042683594194627E-16, 1.000000000000000000, -0.0000000000000000000 ) ) ;
#589 = EDGE_CURVE ( 'NONE', #927, #2631, #1294, .T. ) ;
#590 = ORIENTED_EDGE ( 'NONE', *, *, #897, .F. ) ;
#591 = EDGE_CURVE ( 'NONE', #1597, #1395, #1402, .T. ) ;
#592 = DIRECTION ( 'NONE',  ( -1.200500675416475772E-16, -1.000000000000000000, 0.0000000000000000000 ) ) ;
#593 = CARTESIAN_POINT ( 'NONE',  ( 6.924999999999997158, -3.074999999999997957, -0.2437088524045562532 ) ) ;
#594 = VERTEX_POINT ( 'NONE', #2635 ) ;
#595 = PERSON_AND_ORGANIZATION_ROLE ( 'creator' ) ;
#596 = DIRECTION ( 'NONE',  ( 0.0000000000000000000, 0.0000000000000000000, -1.000000000000000000 ) ) ;
#597 = CARTESIAN_POINT ( 'NONE',  ( 1.425000000000000044, -1.275000000000000133, 0.0000000000000000000 ) ) ;
#598 = CARTESIAN_POINT ( 'NONE',  ( -5.048843010350209326, 3.224166666666658188, -4.108540023000467833 ) ) ;
#599 = ORIENTED_EDGE ( 'NONE', *, *, #1855, .F. ) ;
#600 = CARTESIAN_POINT ( 'NONE',  ( -3.200000000000001066, 6.815365508088047974, -0.5022370305512284805 ) ) ;
#601 = EDGE_CURVE ( 'NONE', #2433, #767, #178, .T. ) ;
#602 = CARTESIAN_POINT ( 'NONE',  ( 6.424999999999999822, -5.650000000000000355, -5.399999999999999467 ) ) ;
#603 = DIRECTION ( 'NONE',  ( -1.000000000000000000, 0.0000000000000000000, 0.0000000000000000000 ) ) ;
#604 = VECTOR ( 'NONE', #607, 1000.000000000000000 ) ;
#605 = EDGE_LOOP ( 'NONE', ( #2685, #725, #951, #576, #21, #2266 ) ) ;
#606 = CARTESIAN_POINT ( 'NONE',  ( -2.425000000000001155, -4.174999999999999822, -5.400024999999999409 ) ) ;
#607 = DIRECTION ( 'NONE',  ( -5.880418562633243017E-16, 1.000000000000000000, -3.854941057726238590E-16 ) ) ;
#608 = ADVANCED_FACE ( 'NONE', ( #193, #830 ), #1328, .F. ) ;
#609 = VERTEX_POINT ( 'NONE', #1769 ) ;
#610 = LINE ( 'NONE', #1076, #2307 ) ;
#611 = VECTOR ( 'NONE', #698, 1000.000000000000000 ) ;
#612 = LINE ( 'NONE', #1250, #1724 ) ;
#613 = CARTESIAN_POINT ( 'NONE',  ( 9.225000000000001421, -6.650000000000001243, -4.929269377658066276 ) ) ;
#614 = EDGE_LOOP ( 'NONE', ( #590, #169, #371, #1145 ) ) ;
#615 = CIRCLE ( 'NONE', #2261, 0.3499999999999996447 ) ;
#616 = CARTESIAN_POINT ( 'NONE',  ( 9.225000000000001421, 7.799999999999997158, -6.299999999999998934 ) ) ;
#617 = ADVANCED_FACE ( 'NONE', ( #2418 ), #2663, .F. ) ;
#618 = AXIS2_PLACEMENT_3D ( 'NONE', #144, #162, #2134 ) ;
#619 = CARTESIAN_POINT ( 'NONE',  ( -3.258120437188722462, -3.074999999999999734, -9.000000000000000000 ) ) ;
#620 = DIRECTION ( 'NONE',  ( 1.000000000000000000, 0.0000000000000000000, 0.0000000000000000000 ) ) ;
#621 = LOCAL_TIME ( 13, 46, 37.00000000000000000, #653 ) ;
#622 = ORIENTED_EDGE ( 'NONE', *, *, #1613, .T. ) ;
#623 = EDGE_LOOP ( 'NONE', ( #2330, #2713, #1422, #138, #1003, #164, #2467, #2196 ) ) ;
#624 = PLANE ( 'NONE',  #1440 ) ;
#625 = PLANE ( 'NONE',  #98 ) ;
#626 = ORIENTED_EDGE ( 'NONE', *, *, #2164, .F. ) ;
#627 = CARTESIAN_POINT ( 'NONE',  ( -5.224999999999998757, -6.650000000000000355, -4.929269377658068052 ) ) ;
#628 = CARTESIAN_POINT ( 'NONE',  ( -2.425000000000001155, -4.174999999999999822, -4.500000000000000000 ) ) ;
#629 = CARTESIAN_POINT ( 'NONE',  ( -5.178907482225810099, -4.266666666666665719, -4.500000000000000000 ) ) ;
#630 = ORIENTED_EDGE ( 'NONE', *, *, #1501, .T. ) ;
#631 = LINE ( 'NONE', #2046, #1410 ) ;
#632 = CARTESIAN_POINT ( 'NONE',  ( 9.225000000000001421, 7.799999999999997158, -5.399999999999999467 ) ) ;
#633 = CARTESIAN_POINT ( 'NONE',  ( 3.200000000000000622, 0.5749999999999992895, -14.59999999999999787 ) ) ;
#634 = EDGE_LOOP ( 'NONE', ( #1330, #1408, #231, #2362 ) ) ;
#635 = EDGE_LOOP ( 'NONE', ( #2521, #2628, #419, #80 ) ) ;
#636 = LINE ( 'NONE', #1324, #1442 ) ;
#637 = DIRECTION ( 'NONE',  ( 5.880418562633242031E-16, -1.000000000000000000, -0.0000000000000000000 ) ) ;
#638 = CALENDAR_DATE ( 2019, 6, 12 ) ;
#639 = CARTESIAN_POINT ( 'NONE',  ( 6.697101215340080849, -3.074999999999998845, -0.1146327892971128470 ) ) ;
#640 = CARTESIAN_POINT ( 'NONE',  ( -1.906828780053867911, -3.074999999999999734, 0.0000000000000000000 ) ) ;
#641 = VERTEX_POINT ( 'NONE', #1998 ) ;
#642 = CARTESIAN_POINT ( 'NONE',  ( 5.500000000000000000, 0.0000000000000000000, -4.500000000000000000 ) ) ;
#643 = LINE ( 'NONE', #1082, #1922 ) ;
#644 = EDGE_CURVE ( 'NONE', #1042, #279, #17, .T. ) ;
#645 = B_SPLINE_CURVE_WITH_KNOTS ( 'NONE', 3,
 ( #718, #1606, #1851, #2507 ),
 .UNSPECIFIED., .F., .F.,
 ( 4, 4 ),
 ( 0.0000000000000000000, 1.000000000000000000 ),
 .UNSPECIFIED. ) ;
#646 = ORIENTED_EDGE ( 'NONE', *, *, #2368, .F. ) ;
#647 = EDGE_CURVE ( 'NONE', #260, #1796, #610, .T. ) ;
#648 = CARTESIAN_POINT ( 'NONE',  ( 6.600911696664780060, -3.155422039645283228, -0.1012305394136475412 ) ) ;
#649 = VERTEX_POINT ( 'NONE', #395 ) ;
#650 = ORIENTED_EDGE ( 'NONE', *, *, #1409, .F. ) ;
#651 = DIRECTION ( 'NONE',  ( 0.0000000000000000000, 0.0000000000000000000, 1.000000000000000000 ) ) ;
#652 = CARTESIAN_POINT ( 'NONE',  ( -1.500000000000000444, -2.174999999999999822, 0.0000000000000000000 ) ) ;
#653 = COORDINATED_UNIVERSAL_TIME_OFFSET ( 1, 0, .AHEAD. ) ;
#654 = VECTOR ( 'NONE', #2676, 1000.000000000000000 ) ;
#655 = DIRECTION ( 'NONE',  ( 0.0000000000000000000, -0.0000000000000000000, -1.000000000000000000 ) ) ;
#656 = VECTOR ( 'NONE', #1552, 1000.000000000000000 ) ;
#657 = PLANE ( 'NONE',  #1443 ) ;
#658 = ADVANCED_FACE ( 'NONE', ( #2186, #1757 ), #225, .T. ) ;
#659 = EDGE_LOOP ( 'NONE', ( #1752, #935, #580, #1149 ) ) ;
#660 = DIRECTION ( 'NONE',  ( -1.000000000000000000, 6.002503377082377626E-17, 0.0000000000000000000 ) ) ;
#661 = VECTOR ( 'NONE', #1386, 1000.000000000000000 ) ;
#662 = LINE ( 'NONE', #2392, #1830 ) ;
#663 = VECTOR ( 'NONE', #2057, 1000.000000000000000 ) ;
#664 = VERTEX_POINT ( 'NONE', #2886 ) ;
#665 = CARTESIAN_POINT ( 'NONE',  ( 9.225000000000001421, -6.650000000000001243, -6.299999999999998934 ) ) ;
#666 = VERTEX_POINT ( 'NONE', #846 ) ;
#667 = ORIENTED_EDGE ( 'NONE', *, *, #289, .T. ) ;
#668 = DIRECTION ( 'NONE',  ( -1.000000000000000000, 0.0000000000000000000, -0.0000000000000000000 ) ) ;
#669 = LINE ( 'NONE', #1560, #604 ) ;
#670 = VECTOR ( 'NONE', #1742, 1000.000000000000000 ) ;
#671 = CARTESIAN_POINT ( 'NONE',  ( -3.199999999999998401, 3.621666666666661705, -2.168404344971008868E-16 ) ) ;
#672 = VERTEX_POINT ( 'NONE', #1738 ) ;
#673 = LINE ( 'NONE', #2002, #1220 ) ;
#674 = B_SPLINE_CURVE_WITH_KNOTS ( 'NONE', 3,
 ( #2329, #2122, #319, #1889 ),
 .UNSPECIFIED., .F., .F.,
 ( 4, 4 ),
 ( 0.0000000000000000000, 1.000000000000000000 ),
 .UNSPECIFIED. ) ;
#675 = LINE ( 'NONE', #701, #1169 ) ;
#676 = EDGE_LOOP ( 'NONE', ( #2428, #2097, #1093, #871 ) ) ;
#677 = DIRECTION ( 'NONE',  ( -3.154042683594194134E-16, -1.000000000000000000, 0.0000000000000000000 ) ) ;
#678 = EDGE_LOOP ( 'NONE', ( #245, #498, #2841, #2499 ) ) ;
#679 = ORIENTED_EDGE ( 'NONE', *, *, #1925, .F. ) ;
#680 = VERTEX_POINT ( 'NONE', #627 ) ;
#681 = ADVANCED_FACE ( 'NONE', ( #1983 ), #2431, .T. ) ;
#682 = CARTESIAN_POINT ( 'NONE',  ( -2.925000000000002931, -1.198686571376769144E-15, 0.0000000000000000000 ) ) ;
#683 = DIRECTION ( 'NONE',  ( 1.000000000000000000, -1.239088197126291063E-16, 0.0000000000000000000 ) ) ;
#684 = EDGE_CURVE ( 'NONE', #968, #359, #1881, .T. ) ;
#685 = DIRECTION ( 'NONE',  ( 0.0000000000000000000, -1.000000000000000000, 0.0000000000000000000 ) ) ;
#686 = VERTEX_POINT ( 'NONE', #2604 ) ;
#687 = CARTESIAN_POINT ( 'NONE',  ( 2.000000000000000444, 0.5749999999999991784, -14.59999999999999787 ) ) ;
#688 = DIRECTION ( 'NONE',  ( -1.000000000000000000, 1.239088197126291063E-16, 0.0000000000000000000 ) ) ;
#689 = ORIENTED_EDGE ( 'NONE', *, *, #446, .F. ) ;
#690 = CARTESIAN_POINT ( 'NONE',  ( 6.424999999999998934, -4.174999999999999822, -14.59999999999999787 ) ) ;
#691 = ADVANCED_FACE ( 'NONE', ( #2678 ), #353, .T. ) ;
#692 = ORIENTED_EDGE ( 'NONE', *, *, #794, .T. ) ;
#693 = ORIENTED_EDGE ( 'NONE', *, *, #1925, .T. ) ;
#694 = ORIENTED_EDGE ( 'NONE', *, *, #1540, .T. ) ;
#695 = CARTESIAN_POINT ( 'NONE',  ( 6.924999999999998934, -3.074999999999998845, 0.0000000000000000000 ) ) ;
#696 = CARTESIAN_POINT ( 'NONE',  ( 0.0000000000000000000, 0.0000000000000000000, -4.500000000000000000 ) ) ;
#697 = ADVANCED_FACE ( 'NONE', ( #2638 ), #2419, .F. ) ;
#698 = DIRECTION ( 'NONE',  ( -0.0000000000000000000, -0.0000000000000000000, -1.000000000000000000 ) ) ;
#699 = ORIENTED_EDGE ( 'NONE', *, *, #1869, .T. ) ;
#700 = PLANE ( 'NONE',  #2547 ) ;
#701 = CARTESIAN_POINT ( 'NONE',  ( 2.574999999999999734, 2.425000000000000266, 3.700000000000000178 ) ) ;
#702 = VECTOR ( 'NONE', #1696, 1000.000000000000000 ) ;
#703 = VECTOR ( 'NONE', #2619, 1000.000000000000000 ) ;
#704 = ORIENTED_EDGE ( 'NONE', *, *, #525, .T. ) ;
#705 = VECTOR ( 'NONE', #2445, 1000.000000000000000 ) ;
#706 = CARTESIAN_POINT ( 'NONE',  ( -3.537719333704544056, -3.074999999999999734, -0.7504874082323231832 ) ) ;
#707 = EDGE_LOOP ( 'NONE', ( #249, #1365, #528, #2734 ) ) ;
#708 = VERTEX_POINT ( 'NONE', #195 ) ;
#709 = VERTEX_POINT ( 'NONE', #1800 ) ;
#710 = EDGE_CURVE ( 'NONE', #2868, #1765, #1104, .T. ) ;
#711 = EDGE_CURVE ( 'NONE', #859, #2572, #424, .T. ) ;
#712 = LINE ( 'NONE', #2581, #2687 ) ;
#713 = DIRECTION ( 'NONE',  ( 0.0000000000000000000, 0.0000000000000000000, 1.000000000000000000 ) ) ;
#714 = EDGE_LOOP ( 'NONE', ( #493, #1437 ) ) ;
#715 = AXIS2_PLACEMENT_3D ( 'NONE', #1106, #455, #868 ) ;
#716 = FACE_BOUND ( 'NONE', #234, .T. ) ;
#717 = VERTEX_POINT ( 'NONE', #1329 ) ;
#718 = CARTESIAN_POINT ( 'NONE',  ( -5.048843010350209326, 4.199999999999997513, -4.108540023000468722 ) ) ;
#719 = CARTESIAN_POINT ( 'NONE',  ( 5.500000000000000000, 3.324999999999999734, -5.000000000000000000 ) ) ;
#720 = AXIS2_PLACEMENT_3D ( 'NONE', #823, #1199, #2103 ) ;
#721 = EDGE_CURVE ( 'NONE', #2421, #487, #2529, .T. ) ;
#722 = ORIENTED_EDGE ( 'NONE', *, *, #97, .F. ) ;
#723 = B_SPLINE_CURVE_WITH_KNOTS ( 'NONE', 3,
 ( #785, #1968, #2861, #2576 ),
 .UNSPECIFIED., .F., .F.,
 ( 4, 4 ),
 ( 0.0000000000000000000, 1.000000000000000000 ),
 .UNSPECIFIED. ) ;
#724 = LINE ( 'NONE', #2703, #572 ) ;
#725 = ORIENTED_EDGE ( 'NONE', *, *, #1014, .T. ) ;
#726 = CARTESIAN_POINT ( 'NONE',  ( -5.224999999999998757, -6.650000000000000355, -4.929269377658068052 ) ) ;
#727 = ORIENTED_EDGE ( 'NONE', *, *, #525, .F. ) ;
#728 = CARTESIAN_POINT ( 'NONE',  ( -5.224999999999998757, -6.650000000000000355, -5.399999999999999467 ) ) ;
#729 = CARTESIAN_POINT ( 'NONE',  ( 9.225000000000001421, -6.650000000000001243, -6.299999999999998934 ) ) ;
#730 = ORIENTED_EDGE ( 'NONE', *, *, #2512, .T. ) ;
#731 = LINE ( 'NONE', #2520, #292 ) ;
#732 = ORIENTED_EDGE ( 'NONE', *, *, #2344, .F. ) ;
#733 = CARTESIAN_POINT ( 'NONE',  ( 1.425000000000000044, -1.275000000000000133, 3.700000000000000178 ) ) ;
#734 = CARTESIAN_POINT ( 'NONE',  ( -4.349999999999999645, -6.175000000000001599, -11.29999999999999893 ) ) ;
#735 = ORIENTED_EDGE ( 'NONE', *, *, #2755, .T. ) ;
#736 = EDGE_CURVE ( 'NONE', #2525, #1449, #239, .T. ) ;
#737 = ADVANCED_FACE ( 'NONE', ( #1967 ), #657, .F. ) ;
#738 = CARTESIAN_POINT ( 'NONE',  ( -5.224999999999998757, -7.372500000000000497, -4.929269377658068052 ) ) ;
#739 = ORIENTED_EDGE ( 'NONE', *, *, #509, .T. ) ;
#740 = CARTESIAN_POINT ( 'NONE',  ( 9.178907482225811876, 5.399999999999996803, -4.500000000000000000 ) ) ;
#741 = B_SPLINE_CURVE_WITH_KNOTS ( 'NONE', 3,
 ( #804, #1626, #2066, #726 ),
 .UNSPECIFIED., .F., .F.,
 ( 4, 4 ),
 ( 0.0000000000000000000, 1.000000000000000000 ),
 .UNSPECIFIED. ) ;
#742 = FACE_OUTER_BOUND ( 'NONE', #1886, .T. ) ;
#743 = CARTESIAN_POINT ( 'NONE',  ( 6.424999999999998934, -4.174999999999999822, -14.59999999999999787 ) ) ;
#744 = VERTEX_POINT ( 'NONE', #2217 ) ;
#745 = LINE ( 'NONE', #2537, #2311 ) ;
#746 = EDGE_LOOP ( 'NONE', ( #1622, #2408, #1455, #2731, #11, #913 ) ) ;
#747 = CARTESIAN_POINT ( 'NONE',  ( 8.349999999999999645, -6.175000000000001599, -11.29999999999999893 ) ) ;
#748 = LINE ( 'NONE', #2590, #2624 ) ;
#749 = VECTOR ( 'NONE', #1435, 1000.000000000000000 ) ;
#750 = VERTEX_POINT ( 'NONE', #2000 ) ;
#751 = CIRCLE ( 'NONE', #1254, 1.200000000000000178 ) ;
#752 = AXIS2_PLACEMENT_3D ( 'NONE', #1786, #685, #2901 ) ;
#753 = FACE_OUTER_BOUND ( 'NONE', #305, .T. ) ;
#754 = CARTESIAN_POINT ( 'NONE',  ( -3.200000000000001510, 7.317602538639272680, -0.4118715224631687155 ) ) ;
#755 = AXIS2_PLACEMENT_3D ( 'NONE', #1735, #1963, #438 ) ;
#756 = ORIENTED_EDGE ( 'NONE', *, *, #1296, .T. ) ;
#757 = EDGE_CURVE ( 'NONE', #2245, #973, #2875, .T. ) ;
#758 = LINE ( 'NONE', #2770, #663 ) ;
#759 = ORIENTED_EDGE ( 'NONE', *, *, #171, .F. ) ;
#760 = CYLINDRICAL_SURFACE ( 'NONE', #2778, 1.900000000000000133 ) ;
#761 = LINE ( 'NONE', #977, #2349 ) ;
#762 = VECTOR ( 'NONE', #802, 1000.000000000000000 ) ;
#763 = ORIENTED_EDGE ( 'NONE', *, *, #1117, .F. ) ;
#764 = CC_DESIGN_APPROVAL ( #2091, ( #2174 ) ) ;
#765 = CARTESIAN_POINT ( 'NONE',  ( 0.0000000000000000000, -5.650000000000000355, -5.399999999999999467 ) ) ;
#766 = CARTESIAN_POINT ( 'NONE',  ( 9.225000000000001421, 7.799999999999997158, -4.929269377658070717 ) ) ;
#767 = VERTEX_POINT ( 'NONE', #628 ) ;
#768 = EDGE_CURVE ( 'NONE', #666, #240, #1770, .T. ) ;
#769 = CARTESIAN_POINT ( 'NONE',  ( 7.238645917050990697, -6.175000000000001599, -9.000000000000000000 ) ) ;
#770 = DIRECTION ( 'NONE',  ( -1.000000000000000000, -7.278560039063522195E-16, 2.805841993571146370E-31 ) ) ;
#771 = EDGE_CURVE ( 'NONE', #2296, #1568, #1119, .T. ) ;
#772 = VERTEX_POINT ( 'NONE', #640 ) ;
#773 = LINE ( 'NONE', #1660, #2452 ) ;
#774 = DIRECTION ( 'NONE',  ( -1.000000000000000000, 0.0000000000000000000, 0.0000000000000000000 ) ) ;
#775 = MANIFOLD_SOLID_BREP ( 'Boss-Extrude12', #327 ) ;
#776 = CARTESIAN_POINT ( 'NONE',  ( -2.425000000000001155, -4.174999999999999822, -5.399999999999999467 ) ) ;
#777 = ORIENTED_EDGE ( 'NONE', *, *, #1687, .T. ) ;
#778 = CARTESIAN_POINT ( 'NONE',  ( 5.500000000000000000, 0.0000000000000000000, -4.500000000000000000 ) ) ;
#779 = DIRECTION ( 'NONE',  ( 0.0000000000000000000, 0.0000000000000000000, -1.000000000000000000 ) ) ;
#780 = CARTESIAN_POINT ( 'NONE',  ( 4.000000000000000000, 0.0000000000000000000, 0.0000000000000000000 ) ) ;
#781 = LINE ( 'NONE', #2356, #1584 ) ;
#782 = ORIENTED_EDGE ( 'NONE', *, *, #458, .F. ) ;
#783 = CARTESIAN_POINT ( 'NONE',  ( 9.225000000000001421, 8.522499999999993747, -4.929269377658070717 ) ) ;
#784 = CYLINDRICAL_SURFACE ( 'NONE', #3, 9.360484467328069158 ) ;
#785 = CARTESIAN_POINT ( 'NONE',  ( -3.730671790404080479, -3.074999999999999734, -1.179270645342404666 ) ) ;
#786 = VERTEX_POINT ( 'NONE', #441 ) ;
#787 = CARTESIAN_POINT ( 'NONE',  ( 6.091173725927008675, -3.074999999999999734, 0.0000000000000000000 ) ) ;
#788 = EDGE_CURVE ( 'NONE', #1872, #973, #1058, .T. ) ;
#789 = VECTOR ( 'NONE', #236, 1000.000000000000000 ) ;
#790 = CARTESIAN_POINT ( 'NONE',  ( 6.424999999999998934, -4.174999999999999822, -5.399999999999999467 ) ) ;
#791 = CARTESIAN_POINT ( 'NONE',  ( 0.0000000000000000000, -3.074999999999999734, 0.0000000000000000000 ) ) ;
#792 = VECTOR ( 'NONE', #2608, 1000.000000000000000 ) ;
#793 = MANIFOLD_SOLID_BREP ( 'Boss-Extrude2', #1118 ) ;
#794 = EDGE_CURVE ( 'NONE', #1027, #1259, #214, .T. ) ;
#795 = ORIENTED_EDGE ( 'NONE', *, *, #224, .F. ) ;
#796 = CARTESIAN_POINT ( 'NONE',  ( -2.425000000000000711, -5.650000000000000355, -4.500000000000000000 ) ) ;
#797 = PLANE ( 'NONE',  #2026 ) ;
#798 = ORIENTED_EDGE ( 'NONE', *, *, #2899, .F. ) ;
#799 = DATE_TIME_ROLE ( 'creation_date' ) ;
#800 = CARTESIAN_POINT ( 'NONE',  ( -2.169999999999999485, 3.075000000000000622, -14.90000000000000036 ) ) ;
#801 = LINE ( 'NONE', #2591, #2573 ) ;
#802 = DIRECTION ( 'NONE',  ( -3.410973126920687487E-16, 1.000000000000000000, 0.0000000000000000000 ) ) ;
#803 = EDGE_LOOP ( 'NONE', ( #933, #69, #2108, #2584 ) ) ;
#804 = CARTESIAN_POINT ( 'NONE',  ( -5.178907482225810099, -6.650000000000000355, -4.500000000000000000 ) ) ;
#805 = EDGE_CURVE ( 'NONE', #883, #891, #890, .T. ) ;
#806 = VECTOR ( 'NONE', #1706, 1000.000000000000000 ) ;
#807 = ADVANCED_FACE ( 'NONE', ( #2187 ), #179, .T. ) ;
#808 = CARTESIAN_POINT ( 'NONE',  ( 2.000000000000000444, 0.5749999999999991784, -13.89999999999999858 ) ) ;
#809 = PLANE ( 'NONE',  #1438 ) ;
#810 = ORIENTED_EDGE ( 'NONE', *, *, #736, .F. ) ;
#811 = CARTESIAN_POINT ( 'NONE',  ( 2.574999999999999734, 1.149999999999999911, 3.700000000000000178 ) ) ;
#812 = CYLINDRICAL_SURFACE ( 'NONE', #1359, 0.3500000000000002554 ) ;
#813 = EDGE_LOOP ( 'NONE', ( #2564, #58 ) ) ;
#814 = PERSON_AND_ORGANIZATION ( #1904, #72 ) ;
#815 = DIRECTION ( 'NONE',  ( -1.000000000000000000, 0.0000000000000000000, 0.0000000000000000000 ) ) ;
#816 = LINE ( 'NONE', #1237, #242 ) ;
#817 = EDGE_CURVE ( 'NONE', #708, #2456, #1092, .T. ) ;
#818 = LINE ( 'NONE', #2141, #806 ) ;
#819 = ORIENTED_EDGE ( 'NONE', *, *, #2063, .F. ) ;
#820 = CARTESIAN_POINT ( 'NONE',  ( 2.575000000000000178, 0.0000000000000000000, 0.0000000000000000000 ) ) ;
#821 = ADVANCED_FACE ( 'NONE', ( #65 ), #2308, .F. ) ;
#822 = B_SPLINE_SURFACE_WITH_KNOTS ( 'NONE', 2, 1, ( 
 ( #155, #1909 ),
 ( #2833, #2350 ),
 ( #2143, #2800 ) ),
 .UNSPECIFIED., .F., .F., .F.,
 ( 3, 3 ),
 ( 2, 2 ),
 ( 0.4998304385514010795, 0.4999730993682252045 ),
 ( 0.0000000000000000000, 1.000000000000000000 ),
 .UNSPECIFIED. ) ;
#823 = CARTESIAN_POINT ( 'NONE',  ( 9.225000000000001421, 7.799999999999997158, -5.399999999999999467 ) ) ;
#824 = LINE ( 'NONE', #1273, #1873 ) ;
#825 = VERTEX_POINT ( 'NONE', #950 ) ;
#826 = DIRECTION ( 'NONE',  ( 3.243171967813718980E-16, -1.000000000000000000, 0.0000000000000000000 ) ) ;
#827 = LINE ( 'NONE', #1102, #370 ) ;
#828 = EDGE_LOOP ( 'NONE', ( #2385, #50, #840, #1533 ) ) ;
#829 = PERSON_AND_ORGANIZATION_ROLE ( 'design_supplier' ) ;
#830 = FACE_OUTER_BOUND ( 'NONE', #803, .T. ) ;
#831 = CARTESIAN_POINT ( 'NONE',  ( -2.925000025903623513, -3.268613144007002980, -0.2437088672751774043 ) ) ;
#832 = CARTESIAN_POINT ( 'NONE',  ( 0.0000000000000000000, 0.0000000000000000000, 0.0000000000000000000 ) ) ;
#833 = VERTEX_POINT ( 'NONE', #1849 ) ;
#834 = EDGE_CURVE ( 'NONE', #487, #2514, #2847, .T. ) ;
#835 = CARTESIAN_POINT ( 'NONE',  ( 7.238645917050990697, -6.175000000000001599, -9.000000000000000000 ) ) ;
#836 = VECTOR ( 'NONE', #1142, 1000.000000000000000 ) ;
#837 = CARTESIAN_POINT ( 'NONE',  ( 9.178907482225813652, 7.799999999999997158, -4.500000000000000000 ) ) ;
#838 = DIRECTION ( 'NONE',  ( -5.880418562633242031E-16, 1.000000000000000000, 0.0000000000000000000 ) ) ;
#839 = VECTOR ( 'NONE', #511, 1000.000000000000000 ) ;
#840 = ORIENTED_EDGE ( 'NONE', *, *, #2384, .F. ) ;
#841 = FACE_OUTER_BOUND ( 'NONE', #215, .T. ) ;
#842 = DIRECTION ( 'NONE',  ( 0.0000000000000000000, -0.6220390514314998454, -0.7829862185851037548 ) ) ;
#843 = ORIENTED_EDGE ( 'NONE', *, *, #817, .T. ) ;
#844 = APPROVAL_ROLE ( '' ) ;
#845 = VECTOR ( 'NONE', #2647, 1000.000000000000000 ) ;
#846 = CARTESIAN_POINT ( 'NONE',  ( 7.200000000000000178, 7.419289525591098666, -2.312635970870159152 ) ) ;
#847 = VECTOR ( 'NONE', #2562, 1000.000000000000000 ) ;
#848 = EDGE_CURVE ( 'NONE', #2436, #833, #1679, .T. ) ;
#849 = DIRECTION ( 'NONE',  ( 0.0000000000000000000, -1.000000000000000000, 0.0000000000000000000 ) ) ;
#850 = CARTESIAN_POINT ( 'NONE',  ( -5.048843010350211991, -7.372500000000000497, -4.108540023000472274 ) ) ;
#851 = ORIENTED_EDGE ( 'NONE', *, *, #2275, .F. ) ;
#852 = LINE ( 'NONE', #1534, #670 ) ;
#853 = B_SPLINE_CURVE_WITH_KNOTS ( 'NONE', 3,
 ( #2442, #1325, #2614, #421 ),
 .UNSPECIFIED., .F., .F.,
 ( 4, 4 ),
 ( 0.0000000000000000000, 0.2138289305748855840 ),
 .UNSPECIFIED. ) ;
#854 = DIRECTION ( 'NONE',  ( 1.700709290173340163E-16, 1.000000000000000000, 0.0000000000000000000 ) ) ;
#855 = AXIS2_PLACEMENT_3D ( 'NONE', #372, #1931, #357 ) ;
#856 = CARTESIAN_POINT ( 'NONE',  ( 1.425000000000000044, -1.275000000000000133, 0.0000000000000000000 ) ) ;
#857 = LOCAL_TIME ( 13, 46, 37.00000000000000000, #2151 ) ;
#858 = ORIENTED_EDGE ( 'NONE', *, *, #1566, .F. ) ;
#859 = VERTEX_POINT ( 'NONE', #486 ) ;
#860 = CARTESIAN_POINT ( 'NONE',  ( 9.048843010350214655, -3.074999999999999734, -4.108540023000474051 ) ) ;
#861 = CARTESIAN_POINT ( 'NONE',  ( 1.425000000000000266, 1.149999999999999911, 3.700000000000000178 ) ) ;
#862 = EDGE_CURVE ( 'NONE', #1731, #1120, #2489, .T. ) ;
#863 = DIRECTION ( 'NONE',  ( -6.002503377082377626E-17, -1.000000000000000000, 0.0000000000000000000 ) ) ;
#864 = EDGE_CURVE ( 'NONE', #43, #2527, #731, .T. ) ;
#865 = CARTESIAN_POINT ( 'NONE',  ( -1.906828780053867689, -3.565000000000000391, 0.0000000000000000000 ) ) ;
#866 = CARTESIAN_POINT ( 'NONE',  ( 4.150000000000001243, 5.724999999999998757, -11.29999999999999893 ) ) ;
#867 = ORIENTED_EDGE ( 'NONE', *, *, #2596, .T. ) ;
#868 = DIRECTION ( 'NONE',  ( 1.000000000000000000, 0.0000000000000000000, -0.0000000000000000000 ) ) ;
#869 = DIRECTION ( 'NONE',  ( -0.0000000000000000000, 1.000000000000000000, 0.0000000000000000000 ) ) ;
#870 = CARTESIAN_POINT ( 'NONE',  ( 6.818750285228976082, 4.125000000000003553, -0.5896353226712020001 ) ) ;
#871 = ORIENTED_EDGE ( 'NONE', *, *, #2466, .F. ) ;
#872 = ORIENTED_EDGE ( 'NONE', *, *, #1350, .T. ) ;
#873 = EDGE_CURVE ( 'NONE', #2058, #1193, #300, .T. ) ;
#874 = DIRECTION ( 'NONE',  ( 0.0000000000000000000, 1.000000000000000000, 0.0000000000000000000 ) ) ;
#875 = LINE ( 'NONE', #1768, #2339 ) ;
#876 = CARTESIAN_POINT ( 'NONE',  ( 0.0000000000000000000, 0.0000000000000000000, -5.399999999999999467 ) ) ;
#877 = DIRECTION ( 'NONE',  ( -4.527548582486291212E-16, 0.6220390514314998454, 0.7829862185851037548 ) ) ;
#878 = ORIENTED_EDGE ( 'NONE', *, *, #446, .T. ) ;
#879 = CARTESIAN_POINT ( 'NONE',  ( 5.500000000000000000, 3.324999999999999734, -4.500000000000000000 ) ) ;
#880 = FACE_OUTER_BOUND ( 'NONE', #2826, .T. ) ;
#881 = ORIENTED_EDGE ( 'NONE', *, *, #908, .F. ) ;
#882 = CARTESIAN_POINT ( 'NONE',  ( 6.727298038134975400, -3.192074504166953375, -0.1473665087416209385 ) ) ;
#883 = VERTEX_POINT ( 'NONE', #2756 ) ;
#884 = ORIENTED_EDGE ( 'NONE', *, *, #1929, .T. ) ;
#885 = CARTESIAN_POINT ( 'NONE',  ( 2.575000000000000178, 0.0000000000000000000, 3.700000000000000178 ) ) ;
#886 = DIRECTION ( 'NONE',  ( 0.0000000000000000000, -0.0000000000000000000, 1.000000000000000000 ) ) ;
#887 = EDGE_CURVE ( 'NONE', #1574, #943, #1192, .T. ) ;
#888 = VECTOR ( 'NONE', #2723, 1000.000000000000000 ) ;
#889 = CARTESIAN_POINT ( 'NONE',  ( -3.730671790404080479, -3.565000000000000391, -1.179270645342404000 ) ) ;
#890 = LINE ( 'NONE', #396, #2811 ) ;
#891 = VERTEX_POINT ( 'NONE', #934 ) ;
#892 = FACE_OUTER_BOUND ( 'NONE', #2724, .T. ) ;
#893 = VECTOR ( 'NONE', #1531, 1000.000000000000000 ) ;
#894 = FACE_OUTER_BOUND ( 'NONE', #1832, .T. ) ;
#895 = ORIENTED_EDGE ( 'NONE', *, *, #379, .T. ) ;
#896 = ADVANCED_FACE ( 'NONE', ( #514, #36 ), #1632, .F. ) ;
#897 = EDGE_CURVE ( 'NONE', #2697, #1080, #2320, .T. ) ;
#898 = DIRECTION ( 'NONE',  ( 1.000000000000000000, -6.829619984160658046E-17, 0.0000000000000000000 ) ) ;
#899 = ORIENTED_EDGE ( 'NONE', *, *, #226, .F. ) ;
#900 = CARTESIAN_POINT ( 'NONE',  ( -5.224999999999996980, 7.799999999999998046, -4.500000000000000000 ) ) ;
#901 = DIRECTION ( 'NONE',  ( -0.0000000000000000000, -0.0000000000000000000, 1.000000000000000000 ) ) ;
#902 = CARTESIAN_POINT ( 'NONE',  ( -1.499999999999998668, 3.325000000000000622, 0.0000000000000000000 ) ) ;
#903 = AXIS2_PLACEMENT_3D ( 'NONE', #1194, #1166, #2758 ) ;
#904 = CARTESIAN_POINT ( 'NONE',  ( 7.238645917050990697, -6.175000000000001599, -11.29999999999999893 ) ) ;
#905 = ORIENTED_EDGE ( 'NONE', *, *, #436, .T. ) ;
#906 = CARTESIAN_POINT ( 'NONE',  ( -5.178907482225809211, 4.199999999999997513, -4.500000000000000000 ) ) ;
#907 = DIRECTION ( 'NONE',  ( 1.000000000000000000, 0.0000000000000000000, 0.0000000000000000000 ) ) ;
#908 = EDGE_CURVE ( 'NONE', #594, #1775, #964, .T. ) ;
#909 = ORIENTED_EDGE ( 'NONE', *, *, #1638, .F. ) ;
#910 = CARTESIAN_POINT ( 'NONE',  ( 0.0000000000000000000, -4.174999999999999822, -5.399999999999999467 ) ) ;
#911 = ORIENTED_EDGE ( 'NONE', *, *, #2175, .T. ) ;
#912 = ORIENTED_EDGE ( 'NONE', *, *, #2115, .F. ) ;
#913 = ORIENTED_EDGE ( 'NONE', *, *, #1971, .F. ) ;
#914 = EDGE_CURVE ( 'NONE', #2868, #1497, #49, .T. ) ;
#915 = CARTESIAN_POINT ( 'NONE',  ( -3.258120437188722462, -6.175000000000001599, -9.000000000000000000 ) ) ;
#916 = PLANE ( 'NONE',  #1826 ) ;
#917 = UNCERTAINTY_MEASURE_WITH_UNIT (LENGTH_MEASURE( 1.000000000000000082E-05 ), #540, 'distance_accuracy_value', 'NONE');
#918 = EDGE_CURVE ( 'NONE', #1168, #133, #745, .T. ) ;
#919 = DIRECTION ( 'NONE',  ( -0.0000000000000000000, -0.0000000000000000000, 1.000000000000000000 ) ) ;
#920 = ORIENTED_EDGE ( 'NONE', *, *, #1269, .F. ) ;
#921 = LINE ( 'NONE', #1865, #1270 ) ;
#922 = CARTESIAN_POINT ( 'NONE',  ( 0.1000000000000004774, 0.5749999999999994005, -13.89999999999999858 ) ) ;
#923 = VERTEX_POINT ( 'NONE', #2098 ) ;
#924 = EDGE_CURVE ( 'NONE', #275, #2697, #758, .T. ) ;
#925 = EDGE_CURVE ( 'NONE', #1281, #772, #466, .T. ) ;
#926 = LINE ( 'NONE', #1376, #1885 ) ;
#927 = VERTEX_POINT ( 'NONE', #256 ) ;
#928 = ORIENTED_EDGE ( 'NONE', *, *, #1887, .F. ) ;
#929 = ORIENTED_EDGE ( 'NONE', *, *, #1172, .T. ) ;
#930 = AXIS2_PLACEMENT_3D ( 'NONE', #665, #1555, #28 ) ;
#931 = CARTESIAN_POINT ( 'NONE',  ( 7.238645917050990697, -3.074999999999999734, -11.29999999999999893 ) ) ;
#932 = CARTESIAN_POINT ( 'NONE',  ( 8.349999999999999645, 7.324999999999998401, -11.29999999999999893 ) ) ;
#933 = ORIENTED_EDGE ( 'NONE', *, *, #1162, .F. ) ;
#934 = CARTESIAN_POINT ( 'NONE',  ( -1.499999999999998668, 3.325000000000000622, 0.0000000000000000000 ) ) ;
#935 = ORIENTED_EDGE ( 'NONE', *, *, #1984, .T. ) ;
#936 = CARTESIAN_POINT ( 'NONE',  ( 4.000000000000000000, 0.0000000000000000000, 0.0000000000000000000 ) ) ;
#937 = ADVANCED_FACE ( 'NONE', ( #2725, #716 ), #1604, .F. ) ;
#938 = CARTESIAN_POINT ( 'NONE',  ( 0.0000000000000000000, -3.074999999999999734, -4.500000000000000000 ) ) ;
#939 = AXIS2_PLACEMENT_3D ( 'NONE', #1783, #2898, #886 ) ;
#940 = ORIENTED_EDGE ( 'NONE', *, *, #1901, .T. ) ;
#941 = AXIS2_PLACEMENT_3D ( 'NONE', #1618, #1164, #1354 ) ;
#942 = CARTESIAN_POINT ( 'NONE',  ( 7.238645917050990697, -3.074999999999999734, -9.000000000000000000 ) ) ;
#943 = VERTEX_POINT ( 'NONE', #2292 ) ;
#944 = CARTESIAN_POINT ( 'NONE',  ( 6.263897465908910611, -3.074999999999999734, -0.01797318980192006907 ) ) ;
#945 = EDGE_LOOP ( 'NONE', ( #732, #2852, #478, #1644, #2322, #1086 ) ) ;
#946 = CARTESIAN_POINT ( 'NONE',  ( 0.0000000000000000000, 0.0000000000000000000, -4.500000000000000000 ) ) ;
#947 = FACE_OUTER_BOUND ( 'NONE', #659, .T. ) ;
#948 = ORIENTED_EDGE ( 'NONE', *, *, #2511, .T. ) ;
#949 = AXIS2_PLACEMENT_3D ( 'NONE', #413, #2188, #584 ) ;
#950 = CARTESIAN_POINT ( 'NONE',  ( 8.349999999999999645, -6.175000000000001599, -6.299999999999998934 ) ) ;
#951 = ORIENTED_EDGE ( 'NONE', *, *, #7, .F. ) ;
#952 = CARTESIAN_POINT ( 'NONE',  ( -5.224999999999996980, 7.799999999999998046, -6.299999999999998934 ) ) ;
#953 = EDGE_CURVE ( 'NONE', #927, #463, #284, .T. ) ;
#954 = CARTESIAN_POINT ( 'NONE',  ( 4.119968255444918821E-16, 3.325000000000000622, 0.0000000000000000000 ) ) ;
#955 = VECTOR ( 'NONE', #469, 1000.000000000000000 ) ;
#956 = EDGE_CURVE ( 'NONE', #481, #2560, #1658, .T. ) ;
#957 = ORIENTED_EDGE ( 'NONE', *, *, #1482, .F. ) ;
#958 = CARTESIAN_POINT ( 'NONE',  ( -2.169999999999999485, 3.075000000000000622, -11.29999999999999893 ) ) ;
#959 = ORIENTED_EDGE ( 'NONE', *, *, #956, .F. ) ;
#960 = CARTESIAN_POINT ( 'NONE',  ( 6.424999999999998046, -3.074999999999998845, -0.05391956940585442698 ) ) ;
#961 = DIRECTION ( 'NONE',  ( 1.000000000000000000, 0.0000000000000000000, 0.0000000000000000000 ) ) ;
#962 = CARTESIAN_POINT ( 'NONE',  ( 7.199999999999999289, -3.564999999999999059, 2.168404344971008868E-16 ) ) ;
#963 = ORIENTED_EDGE ( 'NONE', *, *, #2078, .F. ) ;
#964 = LINE ( 'NONE', #1863, #1405 ) ;
#965 = EDGE_LOOP ( 'NONE', ( #2655, #599, #630, #2129 ) ) ;
#966 = CARTESIAN_POINT ( 'NONE',  ( 6.424999999999998934, -4.174999999999999822, -9.000000000000000000 ) ) ;
#967 = FACE_BOUND ( 'NONE', #714, .T. ) ;
#968 = VERTEX_POINT ( 'NONE', #1645 ) ;
#969 = EDGE_CURVE ( 'NONE', #1608, #2705, #2383, .T. ) ;
#970 = DIRECTION ( 'NONE',  ( 0.0000000000000000000, 1.000000000000000000, 0.0000000000000000000 ) ) ;
#971 = DIRECTION ( 'NONE',  ( -0.0000000000000000000, -1.000000000000000000, -0.0000000000000000000 ) ) ;
#972 = VECTOR ( 'NONE', #898, 1000.000000000000000 ) ;
#973 = VERTEX_POINT ( 'NONE', #1041 ) ;
#974 = DIRECTION ( 'NONE',  ( -4.336808689942006396E-16, 1.000000000000000000, 0.0000000000000000000 ) ) ;
#975 = ORIENTED_EDGE ( 'NONE', *, *, #1965, .F. ) ;
#976 = LINE ( 'NONE', #258, #1507 ) ;
#977 = CARTESIAN_POINT ( 'NONE',  ( -3.199999999999997957, 4.125000000000001776, 0.0000000000000000000 ) ) ;
#978 = ORIENTED_EDGE ( 'NONE', *, *, #1799, .F. ) ;
#979 = ADVANCED_FACE ( 'NONE', ( #998 ), #523, .T. ) ;
#980 = AXIS2_PLACEMENT_3D ( 'NONE', #876, #2873, #1091 ) ;
#981 = ADVANCED_FACE ( 'NONE', ( #1421 ), #131, .F. ) ;
#982 = CARTESIAN_POINT ( 'NONE',  ( 6.424999999999998046, -3.117836102361304818, -0.05391956940583942509 ) ) ;
#983 = CARTESIAN_POINT ( 'NONE',  ( 9.225000000000001421, -6.650000000000001243, -5.399999999999999467 ) ) ;
#984 = VECTOR ( 'NONE', #63, 1000.000000000000000 ) ;
#985 = B_SPLINE_CURVE_WITH_KNOTS ( 'NONE', 3,
 ( #103, #988, #2340, #118 ),
 .UNSPECIFIED., .F., .F.,
 ( 4, 4 ),
 ( 0.0000000000000000000, 1.000000000000000000 ),
 .UNSPECIFIED. ) ;
#986 = ORIENTED_EDGE ( 'NONE', *, *, #1856, .T. ) ;
#987 = CARTESIAN_POINT ( 'NONE',  ( 6.424999999999999822, -5.650000000000000355, -5.400024999999999409 ) ) ;
#988 = CARTESIAN_POINT ( 'NONE',  ( 9.149563577662592095, -3.074999999999999734, -4.366506111675530377 ) ) ;
#989 = ORIENTED_EDGE ( 'NONE', *, *, #45, .T. ) ;
#990 = DIRECTION ( 'NONE',  ( -0.0000000000000000000, -0.0000000000000000000, 1.000000000000000000 ) ) ;
#991 = VECTOR ( 'NONE', #2120, 1000.000000000000000 ) ;
#992 = DIRECTION ( 'NONE',  ( -1.000000000000000000, 0.0000000000000000000, 0.0000000000000000000 ) ) ;
#993 = ORIENTED_EDGE ( 'NONE', *, *, #2730, .F. ) ;
#994 = ADVANCED_FACE ( 'NONE', ( #1261 ), #812, .T. ) ;
#995 = LINE ( 'NONE', #2791, #1225 ) ;
#996 = CARTESIAN_POINT ( 'NONE',  ( 2.000000000000000444, 0.5749999999999991784, -14.59999999999999787 ) ) ;
#997 = LINE ( 'NONE', #2558, #112 ) ;
#998 = FACE_OUTER_BOUND ( 'NONE', #1364, .T. ) ;
#999 = ORIENTED_EDGE ( 'NONE', *, *, #132, .F. ) ;
#1000 = CARTESIAN_POINT ( 'NONE',  ( 9.225000000000001421, 7.799999999999997158, -5.399999999999999467 ) ) ;
#1001 = CARTESIAN_POINT ( 'NONE',  ( 6.924999999999998934, -3.074999999999998845, 0.0000000000000000000 ) ) ;
#1002 = CARTESIAN_POINT ( 'NONE',  ( -5.224999999999997868, -2.074166666666664050, -4.929269377658068052 ) ) ;
#1003 = ORIENTED_EDGE ( 'NONE', *, *, #1999, .T. ) ;
#1004 = CARTESIAN_POINT ( 'NONE',  ( 6.925000000000000711, -6.650000000000003020, -4.500000000000000000 ) ) ;
#1005 = CARTESIAN_POINT ( 'NONE',  ( 8.349999999999999645, 7.324999999999998401, -11.29999999999999893 ) ) ;
#1006 = DIRECTION ( 'NONE',  ( 0.0000000000000000000, 0.0000000000000000000, -1.000000000000000000 ) ) ;
#1007 = ORIENTED_EDGE ( 'NONE', *, *, #2617, .F. ) ;
#1008 = LINE ( 'NONE', #1914, #1744 ) ;
#1009 = CARTESIAN_POINT ( 'NONE',  ( 8.349999999999999645, 7.324999999999998401, -11.29999999999999893 ) ) ;
#1010 = ORIENTED_EDGE ( 'NONE', *, *, #2814, .F. ) ;
#1011 = DATE_AND_TIME ( #134, #857 ) ;
#1012 = ADVANCED_FACE ( 'NONE', ( #1915 ), #563, .F. ) ;
#1013 = FACE_OUTER_BOUND ( 'NONE', #1543, .T. ) ;
#1014 = EDGE_CURVE ( 'NONE', #1707, #2439, #674, .T. ) ;
#1015 = DIRECTION ( 'NONE',  ( 0.4103646773287981109, 0.0000000000000000000, -0.9119215051751063950 ) ) ;
#1016 = CARTESIAN_POINT ( 'NONE',  ( 9.225000000000001421, 7.799999999999997158, -5.399999999999999467 ) ) ;
#1017 = VERTEX_POINT ( 'NONE', #1700 ) ;
#1018 = CARTESIAN_POINT ( 'NONE',  ( -5.224999999999998757, -6.650000000000000355, -4.500000000000000000 ) ) ;
#1019 = VECTOR ( 'NONE', #2654, 1000.000000000000000 ) ;
#1020 = CARTESIAN_POINT ( 'NONE',  ( -2.818750285228973862, 4.125000000000000888, -0.5896353226712021112 ) ) ;
#1021 = DIRECTION ( 'NONE',  ( 0.0000000000000000000, 1.000000000000000000, 0.0000000000000000000 ) ) ;
#1022 = AXIS2_PLACEMENT_3D ( 'NONE', #800, #149, #2759 ) ;
#1023 = ORIENTED_EDGE ( 'NONE', *, *, #1638, .T. ) ;
#1024 = AXIS2_PLACEMENT_3D ( 'NONE', #2505, #499, #1383 ) ;
#1025 = LINE ( 'NONE', #811, #2583 ) ;
#1026 = DIRECTION ( 'NONE',  ( -3.154042683594194134E-16, -1.000000000000000000, 0.0000000000000000000 ) ) ;
#1027 = VERTEX_POINT ( 'NONE', #1684 ) ;
#1028 = COORDINATED_UNIVERSAL_TIME_OFFSET ( 1, 0, .AHEAD. ) ;
#1029 = CARTESIAN_POINT ( 'NONE',  ( 9.225000000000001421, -6.650000000000001243, -5.399999999999999467 ) ) ;
#1030 = CARTESIAN_POINT ( 'NONE',  ( -2.772604542558166685, -3.200042337711484386, -0.1573959495610874892 ) ) ;
#1031 = CARTESIAN_POINT ( 'NONE',  ( 8.349999999999999645, 7.324999999999998401, -6.299999999999998934 ) ) ;
#1032 = ADVANCED_FACE ( 'NONE', ( #2559 ), #797, .F. ) ;
#1033 = ORIENTED_EDGE ( 'NONE', *, *, #1704, .T. ) ;
#1034 = ADVANCED_FACE ( 'NONE', ( #2107 ), #2586, .F. ) ;
#1035 = CARTESIAN_POINT ( 'NONE',  ( 9.225000000000001421, 7.799999999999997158, -5.399999999999999467 ) ) ;
#1036 = CIRCLE ( 'NONE', #855, 9.360484467328069158 ) ;
#1037 = DIRECTION ( 'NONE',  ( -0.0000000000000000000, 0.0000000000000000000, 1.000000000000000000 ) ) ;
#1038 = CARTESIAN_POINT ( 'NONE',  ( 5.906828780053868577, -0.6749999999999984901, 0.0000000000000000000 ) ) ;
#1039 = EDGE_LOOP ( 'NONE', ( #2440, #1346, #1146, #1605 ) ) ;
#1040 = DIRECTION ( 'NONE',  ( -1.000000000000000000, -3.410973126920687487E-16, 0.0000000000000000000 ) ) ;
#1041 = CARTESIAN_POINT ( 'NONE',  ( 7.238645917050990697, -6.175000000000001599, -11.29999999999999893 ) ) ;
#1042 = VERTEX_POINT ( 'NONE', #593 ) ;
#1043 = MECHANICAL_CONTEXT ( 'NONE', #2686, 'mechanical' ) ;
#1044 = ADVANCED_FACE ( 'NONE', ( #1448 ), #1900, .F. ) ;
#1045 = DIRECTION ( 'NONE',  ( 1.000000000000000000, -6.002503377082377626E-17, 0.0000000000000000000 ) ) ;
#1046 = DIRECTION ( 'NONE',  ( 0.0000000000000000000, -1.000000000000000000, 0.0000000000000000000 ) ) ;
#1047 = DIRECTION ( 'NONE',  ( -0.0000000000000000000, -0.0000000000000000000, 1.000000000000000000 ) ) ;
#1048 = EDGE_LOOP ( 'NONE', ( #90, #2401, #1348, #320 ) ) ;
#1049 = DIRECTION ( 'NONE',  ( -6.002503377082377626E-17, -1.000000000000000000, 0.0000000000000000000 ) ) ;
#1050 = FACE_OUTER_BOUND ( 'NONE', #2147, .T. ) ;
#1051 = PLANE ( 'NONE',  #2625 ) ;
#1052 = EDGE_CURVE ( 'NONE', #2514, #1707, #985, .T. ) ;
#1053 = ORIENTED_EDGE ( 'NONE', *, *, #1246, .T. ) ;
#1054 = CARTESIAN_POINT ( 'NONE',  ( -1.500000000000000444, -2.174999999999999822, -4.500000000000000000 ) ) ;
#1055 = CARTESIAN_POINT ( 'NONE',  ( -2.925000000000001599, -3.117836102361307482, -0.05391956940583942509 ) ) ;
#1056 = ORIENTED_EDGE ( 'NONE', *, *, #94, .T. ) ;
#1057 = CARTESIAN_POINT ( 'NONE',  ( 0.0000000000000000000, 0.0000000000000000000, 0.0000000000000000000 ) ) ;
#1058 = LINE ( 'NONE', #904, #1834 ) ;
#1059 = LINE ( 'NONE', #2798, #1084 ) ;
#1060 = ORIENTED_EDGE ( 'NONE', *, *, #2776, .F. ) ;
#1061 = DIRECTION ( 'NONE',  ( 1.000000000000000000, 3.410973126920687487E-16, -0.0000000000000000000 ) ) ;
#1062 = AXIS2_PLACEMENT_3D ( 'NONE', #870, #2881, #2426 ) ;
#1063 = CARTESIAN_POINT ( 'NONE',  ( 6.424999999999998046, -3.074999999999998845, -0.05391956940585442698 ) ) ;
#1064 = CARTESIAN_POINT ( 'NONE',  ( -2.425000000000000711, -5.650000000000000355, -4.500000000000000000 ) ) ;
#1065 = DIRECTION ( 'NONE',  ( -0.0000000000000000000, -0.0000000000000000000, 1.000000000000000000 ) ) ;
#1066 = EDGE_CURVE ( 'NONE', #1760, #2560, #781, .T. ) ;
#1067 = ADVANCED_FACE ( 'NONE', ( #358 ), #2601, .F. ) ;
#1068 = CIRCLE ( 'NONE', #2714, 0.6999999999999992895 ) ;
#1069 = ORIENTED_EDGE ( 'NONE', *, *, #456, .F. ) ;
#1070 = EDGE_CURVE ( 'NONE', #772, #786, #853, .T. ) ;
#1071 = VECTOR ( 'NONE', #552, 1000.000000000000000 ) ;
#1072 = LINE ( 'NONE', #1559, #56 ) ;
#1073 = AXIS2_PLACEMENT_3D ( 'NONE', #1108, #869, #2220 ) ;
#1074 = CARTESIAN_POINT ( 'NONE',  ( 0.0000000000000000000, 0.0000000000000000000, 3.700000000000000178 ) ) ;
#1075 = ORIENTED_EDGE ( 'NONE', *, *, #1776, .F. ) ;
#1076 = CARTESIAN_POINT ( 'NONE',  ( 6.424999999999999822, -5.650000000000000355, -5.399999999999999467 ) ) ;
#1077 = AXIS2_PLACEMENT_3D ( 'NONE', #1803, #1183, #472 ) ;
#1078 = CARTESIAN_POINT ( 'NONE',  ( 2.575000000000000178, 0.0000000000000000000, 3.700000000000000178 ) ) ;
#1079 = LINE ( 'NONE', #1986, #1318 ) ;
#1080 = VERTEX_POINT ( 'NONE', #222 ) ;
#1081 = CARTESIAN_POINT ( 'NONE',  ( -5.224999999999998757, -6.650000000000000355, -5.399999999999999467 ) ) ;
#1082 = CARTESIAN_POINT ( 'NONE',  ( -4.349999999999999645, 7.324999999999999289, -6.299999999999998934 ) ) ;
#1083 = ADVANCED_FACE ( 'NONE', ( #2885 ), #2459, .T. ) ;
#1084 = VECTOR ( 'NONE', #1280, 1000.000000000000000 ) ;
#1085 = DIRECTION ( 'NONE',  ( 0.0000000000000000000, 0.0000000000000000000, -1.000000000000000000 ) ) ;
#1086 = ORIENTED_EDGE ( 'NONE', *, *, #953, .F. ) ;
#1087 = ORIENTED_EDGE ( 'NONE', *, *, #1869, .F. ) ;
#1088 = VECTOR ( 'NONE', #402, 1000.000000000000000 ) ;
#1089 = DIRECTION ( 'NONE',  ( 0.0000000000000000000, 0.0000000000000000000, -1.000000000000000000 ) ) ;
#1090 = CYLINDRICAL_SURFACE ( 'NONE', #755, 1.900000000000000133 ) ;
#1091 = DIRECTION ( 'NONE',  ( -1.000000000000000000, 0.0000000000000000000, -0.0000000000000000000 ) ) ;
#1092 = LINE ( 'NONE', #2887, #1122 ) ;
#1093 = ORIENTED_EDGE ( 'NONE', *, *, #1942, .T. ) ;
#1094 = CARTESIAN_POINT ( 'NONE',  ( -3.199999999999997957, 4.199999999999997513, -3.152333262127603313E-21 ) ) ;
#1095 = FACE_OUTER_BOUND ( 'NONE', #2167, .T. ) ;
#1096 = ORIENTED_EDGE ( 'NONE', *, *, #1315, .F. ) ;
#1097 = EDGE_CURVE ( 'NONE', #382, #594, #827, .T. ) ;
#1098 = CARTESIAN_POINT ( 'NONE',  ( 6.807964342322514462, -3.220615212306356057, -0.1832918756303796859 ) ) ;
#1099 = ORIENTED_EDGE ( 'NONE', *, *, #1459, .T. ) ;
#1100 = EDGE_LOOP ( 'NONE', ( #2325, #878, #2785, #1570 ) ) ;
#1101 = CARTESIAN_POINT ( 'NONE',  ( -5.224999999999996980, 7.799999999999998046, -4.929269377658063611 ) ) ;
#1102 = CARTESIAN_POINT ( 'NONE',  ( 5.500000000000000000, 3.324999999999999734, -5.000000000000000000 ) ) ;
#1103 = CARTESIAN_POINT ( 'NONE',  ( -3.730671790404080479, 0.02833333333333463641, -1.179270645342404000 ) ) ;
#1104 = LINE ( 'NONE', #2460, #1310 ) ;
#1105 = ORIENTED_EDGE ( 'NONE', *, *, #2662, .T. ) ;
#1106 = CARTESIAN_POINT ( 'NONE',  ( 0.0000000000000000000, 0.0000000000000000000, -4.500000000000000000 ) ) ;
#1107 = EDGE_CURVE ( 'NONE', #1836, #1290, #875, .T. ) ;
#1108 = CARTESIAN_POINT ( 'NONE',  ( -1.500000000000000444, -2.174999999999999822, -5.000000000000000000 ) ) ;
#1109 = ADVANCED_FACE ( 'NONE', ( #2661 ), #1090, .T. ) ;
#1110 = EDGE_LOOP ( 'NONE', ( #461, #1033, #2049, #999 ) ) ;
#1111 = DIRECTION ( 'NONE',  ( -1.000000000000000000, 0.0000000000000000000, 0.0000000000000000000 ) ) ;
#1112 = ORIENTED_EDGE ( 'NONE', *, *, #1205, .T. ) ;
#1113 = FACE_OUTER_BOUND ( 'NONE', #2211, .T. ) ;
#1114 = FACE_OUTER_BOUND ( 'NONE', #635, .T. ) ;
#1115 = VECTOR ( 'NONE', #1583, 1000.000000000000000 ) ;
#1116 = VECTOR ( 'NONE', #167, 1000.000000000000000 ) ;
#1117 = EDGE_CURVE ( 'NONE', #228, #2572, #452, .T. ) ;
#1118 = CLOSED_SHELL ( 'NONE', ( #262, #1135, #2580, #534, #2669, #1672, #1853, #2366, #2139, #208, #140, #697, #577, #1973, #274, #71, #1231, #201, #1067 ) ) ;
#1119 = LINE ( 'NONE', #2860, #150 ) ;
#1120 = VERTEX_POINT ( 'NONE', #652 ) ;
#1121 = DIRECTION ( 'NONE',  ( -1.000000000000000000, 0.0000000000000000000, 0.0000000000000000000 ) ) ;
#1122 = VECTOR ( 'NONE', #877, 1000.000000000000000 ) ;
#1123 = LINE ( 'NONE', #954, #2816 ) ;
#1124 = VECTOR ( 'NONE', #1546, 1000.000000000000000 ) ;
#1125 = ORIENTED_EDGE ( 'NONE', *, *, #156, .F. ) ;
#1126 = EDGE_CURVE ( 'NONE', #2082, #1610, #1496, .T. ) ;
#1127 = FACE_OUTER_BOUND ( 'NONE', #1504, .T. ) ;
#1128 = VERTEX_POINT ( 'NONE', #2855 ) ;
#1129 = ORIENTED_EDGE ( 'NONE', *, *, #1387, .F. ) ;
#1130 = ORIENTED_EDGE ( 'NONE', *, *, #1107, .F. ) ;
#1131 = VECTOR ( 'NONE', #2585, 1000.000000000000000 ) ;
#1132 = CARTESIAN_POINT ( 'NONE',  ( -1.819999999999999396, 3.075000000000000622, -14.90000000000000036 ) ) ;
#1133 = LINE ( 'NONE', #932, #984 ) ;
#1134 = AXIS2_PLACEMENT_3D ( 'NONE', #808, #1944, #1473 ) ;
#1135 = ADVANCED_FACE ( 'NONE', ( #2871 ), #2182, .F. ) ;
#1136 = CARTESIAN_POINT ( 'NONE',  ( -1.906828780053867689, 4.125000000000000888, 0.0000000000000000000 ) ) ;
#1137 = ADVANCED_FACE ( 'NONE', ( #1114 ), #625, .T. ) ;
#1138 = ORIENTED_EDGE ( 'NONE', *, *, #1774, .F. ) ;
#1139 = CARTESIAN_POINT ( 'NONE',  ( -5.224999999999998757, -6.650000000000000355, -4.500000000000000000 ) ) ;
#1140 = LINE ( 'NONE', #2712, #2258 ) ;
#1141 = ORIENTED_EDGE ( 'NONE', *, *, #2213, .F. ) ;
#1142 = DIRECTION ( 'NONE',  ( 0.0000000000000000000, 0.0000000000000000000, 1.000000000000000000 ) ) ;
#1143 = ORIENTED_EDGE ( 'NONE', *, *, #2115, .T. ) ;
#1144 = PRODUCT_DEFINITION_SHAPE ( 'NONE', 'NONE',  #1498 ) ;
#1145 = ORIENTED_EDGE ( 'NONE', *, *, #1748, .T. ) ;
#1146 = ORIENTED_EDGE ( 'NONE', *, *, #1444, .T. ) ;
#1147 = DIRECTION ( 'NONE',  ( 1.200500675416475772E-16, 1.000000000000000000, 0.0000000000000000000 ) ) ;
#1148 = LINE ( 'NONE', #2317, #2207 ) ;
#1149 = ORIENTED_EDGE ( 'NONE', *, *, #953, .T. ) ;
#1150 = DIRECTION ( 'NONE',  ( 1.000000000000000000, 0.0000000000000000000, 0.0000000000000000000 ) ) ;
#1151 = ORIENTED_EDGE ( 'NONE', *, *, #2033, .T. ) ;
#1152 = DIRECTION ( 'NONE',  ( 0.0000000000000000000, 0.0000000000000000000, -1.000000000000000000 ) ) ;
#1153 = PLANE ( 'NONE',  #1077 ) ;
#1154 = ORIENTED_EDGE ( 'NONE', *, *, #710, .F. ) ;
#1155 = DIRECTION ( 'NONE',  ( -5.880418562633242031E-16, 1.000000000000000000, 0.0000000000000000000 ) ) ;
#1156 = EDGE_LOOP ( 'NONE', ( #1151, #929, #480, #2782 ) ) ;
#1157 = DIRECTION ( 'NONE',  ( 0.0000000000000000000, -1.000000000000000000, 0.0000000000000000000 ) ) ;
#1158 = EDGE_LOOP ( 'NONE', ( #2680, #2500, #1363, #730 ) ) ;
#1159 = EDGE_CURVE ( 'NONE', #708, #228, #2025, .T. ) ;
#1160 = CARTESIAN_POINT ( 'NONE',  ( -5.224999999999998757, -6.650000000000000355, -6.299999999999998934 ) ) ;
#1161 = CARTESIAN_POINT ( 'NONE',  ( 7.199999999999999289, 0.02833333333332986592, 2.168404344971008868E-16 ) ) ;
#1162 = EDGE_CURVE ( 'NONE', #182, #1165, #2198, .T. ) ;
#1163 = ORIENTED_EDGE ( 'NONE', *, *, #2063, .T. ) ;
#1164 = DIRECTION ( 'NONE',  ( -6.002503377082377626E-17, -1.000000000000000000, 0.0000000000000000000 ) ) ;
#1165 = VERTEX_POINT ( 'NONE', #2677 ) ;
#1166 = DIRECTION ( 'NONE',  ( 0.0000000000000000000, -1.000000000000000000, 0.0000000000000000000 ) ) ;
#1167 = CARTESIAN_POINT ( 'NONE',  ( 7.200000000000000178, -3.074999999999999734, 0.0000000000000000000 ) ) ;
#1168 = VERTEX_POINT ( 'NONE', #1074 ) ;
#1169 = VECTOR ( 'NONE', #457, 1000.000000000000000 ) ;
#1170 = VECTOR ( 'NONE', #2650, 1000.000000000000114 ) ;
#1171 = DIRECTION ( 'NONE',  ( -1.000000000000000000, -0.0000000000000000000, -0.0000000000000000000 ) ) ;
#1172 = EDGE_CURVE ( 'NONE', #2534, #1042, #669, .T. ) ;
#1173 = ORIENTED_EDGE ( 'NONE', *, *, #34, .T. ) ;
#1174 = B_SPLINE_CURVE_WITH_KNOTS ( 'NONE', 3,
 ( #2396, #1038, #2412, #1960 ),
 .UNSPECIFIED., .F., .F.,
 ( 4, 4 ),
 ( 0.0000000000000000000, 1.000000000000000000 ),
 .UNSPECIFIED. ) ;
#1175 = DIRECTION ( 'NONE',  ( -1.239088197126291063E-16, -1.000000000000000000, 0.0000000000000000000 ) ) ;
#1176 = PLANE ( 'NONE',  #1404 ) ;
#1177 = CARTESIAN_POINT ( 'NONE',  ( -2.425000000000001155, -3.075000000000003730, -4.500000000000000000 ) ) ;
#1178 = ORIENTED_EDGE ( 'NONE', *, *, #589, .T. ) ;
#1179 = VECTOR ( 'NONE', #1297, 1000.000000000000000 ) ;
#1180 = DIRECTION ( 'NONE',  ( 0.0000000000000000000, 0.0000000000000000000, 1.000000000000000000 ) ) ;
#1181 = ORIENTED_EDGE ( 'NONE', *, *, #1172, .F. ) ;
#1182 = FACE_OUTER_BOUND ( 'NONE', #1536, .T. ) ;
#1183 = DIRECTION ( 'NONE',  ( 0.0000000000000000000, 0.0000000000000000000, -1.000000000000000000 ) ) ;
#1184 = CC_DESIGN_APPROVAL ( #470, ( #1498 ) ) ;
#1185 = AXIS2_PLACEMENT_3D ( 'NONE', #1860, #2085, #961 ) ;
#1186 = ORIENTED_EDGE ( 'NONE', *, *, #314, .T. ) ;
#1187 = ADVANCED_FACE ( 'NONE', ( #2242 ), #393, .F. ) ;
#1188 = FACE_OUTER_BOUND ( 'NONE', #2240, .T. ) ;
#1189 = PLANE ( 'NONE',  #2773 ) ;
#1190 = EDGE_LOOP ( 'NONE', ( #2753, #1850, #1462, #1766 ) ) ;
#1191 = B_SPLINE_CURVE_WITH_KNOTS ( 'NONE', 3,
 ( #1195, #2332, #1918, #1236 ),
 .UNSPECIFIED., .F., .F.,
 ( 4, 4 ),
 ( 0.0000000000000000000, 1.000000000000000000 ),
 .UNSPECIFIED. ) ;
#1192 = LINE ( 'NONE', #527, #611 ) ;
#1193 = VERTEX_POINT ( 'NONE', #237 ) ;
#1194 = CARTESIAN_POINT ( 'NONE',  ( 0.0000000000000000000, -2.174999999999999822, -4.500000000000000000 ) ) ;
#1195 = CARTESIAN_POINT ( 'NONE',  ( 9.048843010350214655, 4.199999999999997513, -4.108540023000474051 ) ) ;
#1196 = EDGE_CURVE ( 'NONE', #2296, #2157, #176, .T. ) ;
#1197 = ORIENTED_EDGE ( 'NONE', *, *, #128, .F. ) ;
#1198 = EDGE_CURVE ( 'NONE', #2757, #275, #2648, .T. ) ;
#1199 = DIRECTION ( 'NONE',  ( -1.000000000000000000, 1.200500675416475772E-16, 0.0000000000000000000 ) ) ;
#1200 = CARTESIAN_POINT ( 'NONE',  ( -3.258120437188722462, -6.175000000000001599, -9.000000000000000000 ) ) ;
#1201 = VERTEX_POINT ( 'NONE', #1528 ) ;
#1202 = CARTESIAN_POINT ( 'NONE',  ( 6.424999999999998934, -4.174999999999999822, -5.400024999999999409 ) ) ;
#1203 = ORIENTED_EDGE ( 'NONE', *, *, #156, .T. ) ;
#1204 = CARTESIAN_POINT ( 'NONE',  ( 2.574999999999999734, 1.149999999999999911, 0.0000000000000000000 ) ) ;
#1205 = EDGE_CURVE ( 'NONE', #1395, #1597, #1723, .T. ) ;
#1206 = CARTESIAN_POINT ( 'NONE',  ( -3.199999999999999734, 7.799999999999998046, -4.500000000000000000 ) ) ;
#1207 = CARTESIAN_POINT ( 'NONE',  ( -0.0000000000000000000, 4.125000000000003553, 0.0000000000000000000 ) ) ;
#1208 = ORIENTED_EDGE ( 'NONE', *, *, #2893, .T. ) ;
#1209 = VECTOR ( 'NONE', #588, 1000.000000000000000 ) ;
#1210 = EDGE_CURVE ( 'NONE', #1370, #786, #268, .T. ) ;
#1211 = VECTOR ( 'NONE', #990, 1000.000000000000000 ) ;
#1212 = DIRECTION ( 'NONE',  ( 3.154042683594194627E-16, 1.000000000000000000, -0.0000000000000000000 ) ) ;
#1213 = DIRECTION ( 'NONE',  ( -1.000000000000000000, -3.410973126920687487E-16, 0.0000000000000000000 ) ) ;
#1214 = ADVANCED_FACE ( 'NONE', ( #79 ), #1471, .T. ) ;
#1215 = CARTESIAN_POINT ( 'NONE',  ( -3.200000000000004619, 16.76640768423734329, -1.812584382135965955 ) ) ;
#1216 = VERTEX_POINT ( 'NONE', #297 ) ;
#1217 = PERSON_AND_ORGANIZATION_ROLE ( 'design_owner' ) ;
#1218 = CARTESIAN_POINT ( 'NONE',  ( 9.178907482225810099, -6.650000000000001243, -4.500000000000000000 ) ) ;
#1219 = EDGE_CURVE ( 'NONE', #680, #717, #2470, .T. ) ;
#1220 = VECTOR ( 'NONE', #2462, 1000.000000000000114 ) ;
#1221 = ADVANCED_FACE ( 'NONE', ( #281 ), #2069, .F. ) ;
#1222 = DIRECTION ( 'NONE',  ( 0.0000000000000000000, 4.877114525526559977E-16, 1.000000000000000000 ) ) ;
#1223 = CARTESIAN_POINT ( 'NONE',  ( -2.925000000000001599, -3.075000000000001510, -0.2437088524045597226 ) ) ;
#1224 = EDGE_LOOP ( 'NONE', ( #2075, #2285, #851, #928, #1603, #2014, #2298, #425 ) ) ;
#1225 = VECTOR ( 'NONE', #1212, 1000.000000000000000 ) ;
#1226 = CARTESIAN_POINT ( 'NONE',  ( 1.425000000000000266, 0.0000000000000000000, 3.700000000000000178 ) ) ;
#1227 = CARTESIAN_POINT ( 'NONE',  ( -2.425000000000001155, -3.117836102361307482, -0.05391956940583942509 ) ) ;
#1228 = ADVANCED_BREP_SHAPE_REPRESENTATION ( 'gateronSwitch2', ( #793, #1755, #775, #2496 ), #1846 ) ;
#1229 = CARTESIAN_POINT ( 'NONE',  ( -3.199999999999998845, -1.091511400614619680E-15, 0.0000000000000000000 ) ) ;
#1230 = EDGE_CURVE ( 'NONE', #2163, #2417, #1148, .T. ) ;
#1231 = ADVANCED_FACE ( 'NONE', ( #1394 ), #1189, .F. ) ;
#1232 = DIRECTION ( 'NONE',  ( -0.0000000000000000000, -0.0000000000000000000, 1.000000000000000000 ) ) ;
#1233 = CARTESIAN_POINT ( 'NONE',  ( 2.000000000000000444, 0.5749999999999991784, -13.89999999999999858 ) ) ;
#1234 = ORIENTED_EDGE ( 'NONE', *, *, #1335, .F. ) ;
#1235 = LINE ( 'NONE', #120, #2121 ) ;
#1236 = CARTESIAN_POINT ( 'NONE',  ( 9.178907482225811876, 4.199999999999997513, -4.500000000000000000 ) ) ;
#1237 = CARTESIAN_POINT ( 'NONE',  ( 0.0000000000000000000, 0.0000000000000000000, 3.700000000000000178 ) ) ;
#1238 = CARTESIAN_POINT ( 'NONE',  ( -2.169999999999999485, 3.075000000000000622, -14.90000000000000036 ) ) ;
#1239 = ORIENTED_EDGE ( 'NONE', *, *, #1472, .T. ) ;
#1240 = FACE_OUTER_BOUND ( 'NONE', #2283, .T. ) ;
#1241 = FACE_BOUND ( 'NONE', #1651, .T. ) ;
#1242 = DIRECTION ( 'NONE',  ( 1.000000000000000000, 0.0000000000000000000, 0.0000000000000000000 ) ) ;
#1243 = VERTEX_POINT ( 'NONE', #902 ) ;
#1244 = LINE ( 'NONE', #1888, #991 ) ;
#1245 = CARTESIAN_POINT ( 'NONE',  ( 7.200000000000000178, 0.0000000000000000000, 0.0000000000000000000 ) ) ;
#1246 = EDGE_CURVE ( 'NONE', #2612, #1775, #2259, .T. ) ;
#1247 = ORIENTED_EDGE ( 'NONE', *, *, #1458, .T. ) ;
#1248 = DIRECTION ( 'NONE',  ( 1.000000000000000000, 0.0000000000000000000, 0.0000000000000000000 ) ) ;
#1249 = CARTESIAN_POINT ( 'NONE',  ( 9.225000000000001421, 3.224166666666659076, -4.929269377658070717 ) ) ;
#1250 = CARTESIAN_POINT ( 'NONE',  ( -2.925000000000001599, -3.075000000000003730, -4.500000000000000000 ) ) ;
#1251 = CARTESIAN_POINT ( 'NONE',  ( 6.424999999999776890, -3.269774822717860907, -0.05391956940580491797 ) ) ;
#1252 = ORIENTED_EDGE ( 'NONE', *, *, #1613, .F. ) ;
#1253 = LINE ( 'NONE', #1457, #1678 ) ;
#1254 = AXIS2_PLACEMENT_3D ( 'NONE', #996, #369, #89 ) ;
#1255 = EDGE_CURVE ( 'NONE', #891, #2612, #1615, .T. ) ;
#1256 = CARTESIAN_POINT ( 'NONE',  ( -5.178907482225810099, 7.799999999999998046, -4.500000000000000000 ) ) ;
#1257 = CARTESIAN_POINT ( 'NONE',  ( 4.000000000000000000, 0.0000000000000000000, 3.700000000000000178 ) ) ;
#1258 = VECTOR ( 'NONE', #774, 1000.000000000000000 ) ;
#1259 = VERTEX_POINT ( 'NONE', #254 ) ;
#1260 = DIRECTION ( 'NONE',  ( -1.000000000000000000, -0.0000000000000000000, -0.0000000000000000000 ) ) ;
#1261 = FACE_OUTER_BOUND ( 'NONE', #965, .T. ) ;
#1262 = EDGE_LOOP ( 'NONE', ( #2659, #1969, #993, #2136 ) ) ;
#1263 = CARTESIAN_POINT ( 'NONE',  ( -5.224999999999996980, 7.799999999999998046, -6.299999999999998934 ) ) ;
#1264 = LINE ( 'NONE', #1001, #9 ) ;
#1265 = DIRECTION ( 'NONE',  ( 0.0000000000000000000, -0.0000000000000000000, -1.000000000000000000 ) ) ;
#1266 = EDGE_LOOP ( 'NONE', ( #520, #2391, #1303, #948, #1143, #2883, #2218, #1516, #64, #1208, #2150, #1397 ) ) ;
#1267 = LINE ( 'NONE', #2848, #2073 ) ;
#1268 = AXIS2_PLACEMENT_3D ( 'NONE', #362, #1520, #2407 ) ;
#1269 = EDGE_CURVE ( 'NONE', #1955, #2245, #1133, .T. ) ;
#1270 = VECTOR ( 'NONE', #2711, 1000.000000000000000 ) ;
#1271 = AXIS2_PLACEMENT_3D ( 'NONE', #1371, #2281, #2743 ) ;
#1272 = CARTESIAN_POINT ( 'NONE',  ( -2.425000000000001155, -4.174999999999999822, -9.000000000000000000 ) ) ;
#1273 = CARTESIAN_POINT ( 'NONE',  ( 0.0000000000000000000, 1.149999999999999911, 3.700000000000000178 ) ) ;
#1274 = ORIENTED_EDGE ( 'NONE', *, *, #914, .T. ) ;
#1275 = CARTESIAN_POINT ( 'NONE',  ( 7.200000000000000178, 0.0000000000000000000, -4.500000000000000000 ) ) ;
#1276 = DIRECTION ( 'NONE',  ( -1.000000000000000000, 6.002503377082377626E-17, 0.0000000000000000000 ) ) ;
#1277 = ORIENTED_EDGE ( 'NONE', *, *, #805, .T. ) ;
#1278 = LINE ( 'NONE', #2216, #2159 ) ;
#1279 = DIRECTION ( 'NONE',  ( -0.0000000000000000000, -0.0000000000000000000, 1.000000000000000000 ) ) ;
#1280 = DIRECTION ( 'NONE',  ( 1.200500675416475772E-16, 1.000000000000000000, -0.0000000000000000000 ) ) ;
#1281 = VERTEX_POINT ( 'NONE', #2055 ) ;
#1282 = DIRECTION ( 'NONE',  ( 0.0000000000000000000, 0.0000000000000000000, -1.000000000000000000 ) ) ;
#1283 = CARTESIAN_POINT ( 'NONE',  ( -1.499999999999998668, 3.325000000000000622, -5.000000000000000000 ) ) ;
#1284 = EDGE_CURVE ( 'NONE', #1042, #570, #2042, .T. ) ;
#1285 = ADVANCED_FACE ( 'NONE', ( #947 ), #916, .T. ) ;
#1286 = EDGE_CURVE ( 'NONE', #2748, #709, #1600, .T. ) ;
#1287 = CARTESIAN_POINT ( 'NONE',  ( 6.685568096298567298, -3.179501562564187367, -0.1315404284024748460 ) ) ;
#1288 = CARTESIAN_POINT ( 'NONE',  ( 7.200000000000000178, 12.73463524487879361, 0.0000000000000000000 ) ) ;
#1289 = ORIENTED_EDGE ( 'NONE', *, *, #1014, .F. ) ;
#1290 = VERTEX_POINT ( 'NONE', #2738 ) ;
#1291 = PLANE ( 'NONE',  #558 ) ;
#1292 = CARTESIAN_POINT ( 'NONE',  ( -5.224999999999998757, -6.650000000000000355, -4.500000000000000000 ) ) ;
#1293 = ORIENTED_EDGE ( 'NONE', *, *, #1501, .F. ) ;
#1294 = LINE ( 'NONE', #2387, #1590 ) ;
#1295 = CARTESIAN_POINT ( 'NONE',  ( 0.0000000000000000000, -3.074999999999999734, -4.500000000000000000 ) ) ;
#1296 = EDGE_CURVE ( 'NONE', #2640, #182, #2503, .T. ) ;
#1297 = DIRECTION ( 'NONE',  ( -1.700709290173340163E-16, -1.000000000000000000, 0.0000000000000000000 ) ) ;
#1298 = ORIENTED_EDGE ( 'NONE', *, *, #338, .F. ) ;
#1299 = PLANE ( 'NONE',  #1452 ) ;
#1300 = DIRECTION ( 'NONE',  ( 3.154042683594194627E-16, 1.000000000000000000, 0.0000000000000000000 ) ) ;
#1301 = LINE ( 'NONE', #619, #1322 ) ;
#1302 = VECTOR ( 'NONE', #1655, 1000.000000000000000 ) ;
#1303 = ORIENTED_EDGE ( 'NONE', *, *, #1749, .T. ) ;
#1304 = AXIS2_PLACEMENT_3D ( 'NONE', #189, #668, #1089 ) ;
#1305 = DIRECTION ( 'NONE',  ( 4.336808689942006889E-16, -1.000000000000000000, 0.0000000000000000000 ) ) ;
#1306 = VECTOR ( 'NONE', #2255, 1000.000000000000000 ) ;
#1307 = CARTESIAN_POINT ( 'NONE',  ( 9.225000000000001421, -6.650000000000001243, -5.399999999999999467 ) ) ;
#1308 = EDGE_CURVE ( 'NONE', #1392, #672, #2303, .T. ) ;
#1309 = LINE ( 'NONE', #2169, #893 ) ;
#1310 = VECTOR ( 'NONE', #1341, 1000.000000000000000 ) ;
#1311 = DIRECTION ( 'NONE',  ( 1.000000000000000000, 0.0000000000000000000, 0.0000000000000000000 ) ) ;
#1312 = ORIENTED_EDGE ( 'NONE', *, *, #1513, .F. ) ;
#1313 = B_SPLINE_CURVE_WITH_KNOTS ( 'NONE', 3,
 ( #100, #2766, #1911, #2327 ),
 .UNSPECIFIED., .F., .F.,
 ( 4, 4 ),
 ( 0.0000000000000000000, 1.000000000000000000 ),
 .UNSPECIFIED. ) ;
#1314 = CARTESIAN_POINT ( 'NONE',  ( -2.425000000000001155, -4.174999999999999822, -5.400024999999999409 ) ) ;
#1315 = EDGE_CURVE ( 'NONE', #1880, #744, #2509, .T. ) ;
#1316 = CARTESIAN_POINT ( 'NONE',  ( 0.0000000000000000000, 0.0000000000000000000, 3.700000000000000178 ) ) ;
#1317 = ORIENTED_EDGE ( 'NONE', *, *, #1642, .T. ) ;
#1318 = VECTOR ( 'NONE', #2876, 1000.000000000000000 ) ;
#1319 = DIRECTION ( 'NONE',  ( 1.000000000000000000, 0.0000000000000000000, 0.0000000000000000000 ) ) ;
#1320 = ORIENTED_EDGE ( 'NONE', *, *, #2787, .F. ) ;
#1321 = ORIENTED_EDGE ( 'NONE', *, *, #1653, .F. ) ;
#1322 = VECTOR ( 'NONE', #219, 1000.000000000000000 ) ;
#1323 = EDGE_CURVE ( 'NONE', #923, #883, #2802, .T. ) ;
#1324 = CARTESIAN_POINT ( 'NONE',  ( -2.425000000000001155, -4.175000000000002487, -4.500000000000000000 ) ) ;
#1325 = CARTESIAN_POINT ( 'NONE',  ( -2.091173726061402061, -3.074999999999999734, 0.0000000000000000000 ) ) ;
#1326 = PERSON_AND_ORGANIZATION_ROLE ( 'classification_officer' ) ;
#1327 = EDGE_CURVE ( 'NONE', #772, #1577, #1884, .T. ) ;
#1328 = PLANE ( 'NONE',  #980 ) ;
#1329 = CARTESIAN_POINT ( 'NONE',  ( -5.224999999999996980, 7.799999999999998046, -4.929269377658063611 ) ) ;
#1330 = ORIENTED_EDGE ( 'NONE', *, *, #192, .T. ) ;
#1331 = DIRECTION ( 'NONE',  ( 2.940209281316621016E-16, -1.000000000000000000, 0.0000000000000000000 ) ) ;
#1332 = DIRECTION ( 'NONE',  ( 0.0000000000000000000, -1.000000000000000000, 0.0000000000000000000 ) ) ;
#1333 = ORIENTED_EDGE ( 'NONE', *, *, #1070, .T. ) ;
#1334 = FACE_OUTER_BOUND ( 'NONE', #2519, .T. ) ;
#1335 = EDGE_CURVE ( 'NONE', #666, #1401, #2146, .T. ) ;
#1336 = ORIENTED_EDGE ( 'NONE', *, *, #2368, .T. ) ;
#1337 = ORIENTED_EDGE ( 'NONE', *, *, #1537, .T. ) ;
#1338 = CARTESIAN_POINT ( 'NONE',  ( -2.425000000000001155, -4.174999999999999822, -5.399999999999999467 ) ) ;
#1339 = DIRECTION ( 'NONE',  ( -1.000000000000000000, 6.002503377082377626E-17, -0.0000000000000000000 ) ) ;
#1340 = EDGE_CURVE ( 'NONE', #2837, #2862, #2352, .T. ) ;
#1341 = DIRECTION ( 'NONE',  ( -0.0000000000000000000, -0.0000000000000000000, 1.000000000000000000 ) ) ;
#1342 = EDGE_LOOP ( 'NONE', ( #2099, #2256 ) ) ;
#1343 = LINE ( 'NONE', #1081, #1843 ) ;
#1344 = CARTESIAN_POINT ( 'NONE',  ( 9.048843010350214655, 3.224166666666662628, -4.108540023000474939 ) ) ;
#1345 = B_SPLINE_CURVE_WITH_KNOTS ( 'NONE', 3,
 ( #1223, #1819, #706, #334 ),
 .UNSPECIFIED., .F., .F.,
 ( 4, 4 ),
 ( 0.4545994524620985966, 1.000000000000000000 ),
 .UNSPECIFIED. ) ;
#1346 = ORIENTED_EDGE ( 'NONE', *, *, #171, .T. ) ;
#1347 = CARTESIAN_POINT ( 'NONE',  ( -5.224999999999998757, 3.224166666666658188, -4.499999999999995559 ) ) ;
#1348 = ORIENTED_EDGE ( 'NONE', *, *, #366, .F. ) ;
#1349 = DIRECTION ( 'NONE',  ( 0.4103646773287981109, -2.463215361501430928E-17, -0.9119215051751063950 ) ) ;
#1350 = EDGE_CURVE ( 'NONE', #2102, #1978, #544, .T. ) ;
#1351 = LINE ( 'NONE', #437, #1727 ) ;
#1352 = CARTESIAN_POINT ( 'NONE',  ( 5.500000000000000000, 3.324999999999999734, -5.000000000000000000 ) ) ;
#1353 = AXIS2_PLACEMENT_3D ( 'NONE', #1055, #190, #842 ) ;
#1354 = DIRECTION ( 'NONE',  ( 1.000000000000000000, -6.002503377082377626E-17, 0.0000000000000000000 ) ) ;
#1355 = ORIENTED_EDGE ( 'NONE', *, *, #1159, .F. ) ;
#1356 = CARTESIAN_POINT ( 'NONE',  ( 6.425000000000000711, -6.650000000000003020, -4.500000000000000000 ) ) ;
#1357 = AXIS2_PLACEMENT_3D ( 'NONE', #1316, #2423, #2191 ) ;
#1358 = FACE_OUTER_BOUND ( 'NONE', #2306, .T. ) ;
#1359 = AXIS2_PLACEMENT_3D ( 'NONE', #146, #2149, #2807 ) ;
#1360 = EDGE_LOOP ( 'NONE', ( #1247, #2768, #1099, #1779 ) ) ;
#1361 = EDGE_CURVE ( 'NONE', #1290, #1608, #575, .T. ) ;
#1362 = DIRECTION ( 'NONE',  ( 0.0000000000000000000, -0.0000000000000000000, -1.000000000000000000 ) ) ;
#1363 = ORIENTED_EDGE ( 'NONE', *, *, #1425, .F. ) ;
#1364 = EDGE_LOOP ( 'NONE', ( #257, #1526, #323, #650 ) ) ;
#1365 = ORIENTED_EDGE ( 'NONE', *, *, #2048, .T. ) ;
#1366 = VECTOR ( 'NONE', #1594, 1000.000000000000000 ) ;
#1367 = CARTESIAN_POINT ( 'NONE',  ( -5.106208753704060577, 4.199999999999998401, -4.236019452675688690 ) ) ;
#1368 = CARTESIAN_POINT ( 'NONE',  ( 5.906828780053868577, 0.02833333333333550377, 0.0000000000000000000 ) ) ;
#1369 = CARTESIAN_POINT ( 'NONE',  ( 9.178907482225810099, -4.266666666666665719, -4.500000000000000000 ) ) ;
#1370 = VERTEX_POINT ( 'NONE', #2379 ) ;
#1371 = CARTESIAN_POINT ( 'NONE',  ( 3.200000000000000622, 0.5749999999999992895, -13.89999999999999858 ) ) ;
#1372 = LINE ( 'NONE', #938, #429 ) ;
#1373 = ORIENTED_EDGE ( 'NONE', *, *, #108, .F. ) ;
#1374 = EDGE_CURVE ( 'NONE', #1836, #2189, #342, .T. ) ;
#1375 = EDGE_CURVE ( 'NONE', #1370, #177, #1665, .T. ) ;
#1376 = CARTESIAN_POINT ( 'NONE',  ( -1.500000000000000444, -2.174999999999999822, 0.0000000000000000000 ) ) ;
#1377 = EDGE_LOOP ( 'NONE', ( #374, #1804, #905, #2652, #1565, #404 ) ) ;
#1378 = ORIENTED_EDGE ( 'NONE', *, *, #1308, .T. ) ;
#1379 = ORIENTED_EDGE ( 'NONE', *, *, #2443, .F. ) ;
#1380 = LINE ( 'NONE', #1160, #2497 ) ;
#1381 = CARTESIAN_POINT ( 'NONE',  ( 5.906828780053868577, 7.215000000000000746, 0.0000000000000000000 ) ) ;
#1382 = EDGE_LOOP ( 'NONE', ( #2658, #282, #2692, #735 ) ) ;
#1383 = DIRECTION ( 'NONE',  ( 1.000000000000000000, 0.0000000000000000000, -0.0000000000000000000 ) ) ;
#1384 = ORIENTED_EDGE ( 'NONE', *, *, #647, .T. ) ;
#1385 = LINE ( 'NONE', #1356, #1456 ) ;
#1386 = DIRECTION ( 'NONE',  ( -0.0000000000000000000, -0.0000000000000000000, -1.000000000000000000 ) ) ;
#1387 = EDGE_CURVE ( 'NONE', #359, #686, #1068, .T. ) ;
#1388 = ORIENTED_EDGE ( 'NONE', *, *, #1879, .F. ) ;
#1389 = DIRECTION ( 'NONE',  ( -0.0000000000000000000, -0.0000000000000000000, 1.000000000000000000 ) ) ;
#1390 = VERTEX_POINT ( 'NONE', #754 ) ;
#1391 = DIRECTION ( 'NONE',  ( 0.0000000000000000000, -0.0000000000000000000, 1.000000000000000000 ) ) ;
#1392 = VERTEX_POINT ( 'NONE', #983 ) ;
#1393 = DIRECTION ( 'NONE',  ( -1.000000000000000000, 0.0000000000000000000, 0.0000000000000000000 ) ) ;
#1394 = FACE_OUTER_BOUND ( 'NONE', #2287, .T. ) ;
#1395 = VERTEX_POINT ( 'NONE', #2556 ) ;
#1396 = CARTESIAN_POINT ( 'NONE',  ( -2.925000000000000266, -6.650000000000005684, -4.500000000000000000 ) ) ;
#1397 = ORIENTED_EDGE ( 'NONE', *, *, #771, .T. ) ;
#1398 = DIRECTION ( 'NONE',  ( -1.000000000000000000, 6.002503377082377626E-17, -0.0000000000000000000 ) ) ;
#1399 = CARTESIAN_POINT ( 'NONE',  ( -5.224999999999998757, -6.650000000000000355, -6.299999999999998934 ) ) ;
#1400 = VECTOR ( 'NONE', #2579, 1000.000000000000000 ) ;
#1401 = VERTEX_POINT ( 'NONE', #2792 ) ;
#1402 = CIRCLE ( 'NONE', #1730, 0.3499999999999996447 ) ;
#1403 = ADVANCED_FACE ( 'NONE', ( #1474 ), #809, .T. ) ;
#1404 = AXIS2_PLACEMENT_3D ( 'NONE', #946, #2765, #2721 ) ;
#1405 = VECTOR ( 'NONE', #1874, 1000.000000000000000 ) ;
#1406 = CARTESIAN_POINT ( 'NONE',  ( -5.209635827408600761, 7.799999999999998046, -4.639792108149413785 ) ) ;
#1407 = CARTESIAN_POINT ( 'NONE',  ( 7.199999999999999289, 7.214999999999999858, 2.168404344971008868E-16 ) ) ;
#1408 = ORIENTED_EDGE ( 'NONE', *, *, #2892, .F. ) ;
#1409 = EDGE_CURVE ( 'NONE', #2056, #686, #751, .T. ) ;
#1410 = VECTOR ( 'NONE', #83, 1000.000000000000000 ) ;
#1411 = CARTESIAN_POINT ( 'NONE',  ( 0.0000000000000000000, 0.0000000000000000000, -5.399999999999999467 ) ) ;
#1412 = EDGE_CURVE ( 'NONE', #1597, #833, #1871, .T. ) ;
#1413 = ORIENTED_EDGE ( 'NONE', *, *, #1809, .T. ) ;
#1414 = CARTESIAN_POINT ( 'NONE',  ( -2.519999999999999574, 3.075000000000000622, -11.29999999999999893 ) ) ;
#1415 = DIRECTION ( 'NONE',  ( 7.278560039063522195E-16, -1.000000000000000000, -0.0000000000000000000 ) ) ;
#1416 = EDGE_LOOP ( 'NONE', ( #2469, #858, #975 ) ) ;
#1417 = EDGE_CURVE ( 'NONE', #1201, #2668, #2780, .T. ) ;
#1418 = PLANE ( 'NONE',  #2405 ) ;
#1419 = CARTESIAN_POINT ( 'NONE',  ( 4.850000000000000533, 5.724999999999998757, -14.90000000000000036 ) ) ;
#1420 = ORIENTED_EDGE ( 'NONE', *, *, #721, .F. ) ;
#1421 = FACE_OUTER_BOUND ( 'NONE', #495, .T. ) ;
#1422 = ORIENTED_EDGE ( 'NONE', *, *, #1210, .T. ) ;
#1423 = CC_DESIGN_PERSON_AND_ORGANIZATION_ASSIGNMENT ( #2603, #595, ( #2269 ) ) ;
#1424 = DIRECTION ( 'NONE',  ( 0.4103646773287981109, 0.0000000000000000000, 0.9119215051751063950 ) ) ;
#1425 = EDGE_CURVE ( 'NONE', #1712, #2506, #1897, .T. ) ;
#1426 = ORIENTED_EDGE ( 'NONE', *, *, #108, .T. ) ;
#1427 = EDGE_CURVE ( 'NONE', #1978, #2421, #1313, .T. ) ;
#1428 = DIRECTION ( 'NONE',  ( 0.0000000000000000000, 1.000000000000000000, -0.0000000000000000000 ) ) ;
#1429 = CARTESIAN_POINT ( 'NONE',  ( 7.238645917050990697, -6.175000000000001599, -9.000000000000000000 ) ) ;
#1430 = EDGE_CURVE ( 'NONE', #218, #1392, #2104, .T. ) ;
#1431 = LINE ( 'NONE', #392, #2777 ) ;
#1432 = DIRECTION ( 'NONE',  ( -1.000000000000000000, 3.154042683594194134E-16, 0.0000000000000000000 ) ) ;
#1433 = ORIENTED_EDGE ( 'NONE', *, *, #1107, .T. ) ;
#1434 = CARTESIAN_POINT ( 'NONE',  ( 1.425000000000000044, -1.275000000000000133, 3.700000000000000178 ) ) ;
#1435 = DIRECTION ( 'NONE',  ( 1.000000000000000000, 2.940209281316621016E-16, 0.0000000000000000000 ) ) ;
#1436 = CARTESIAN_POINT ( 'NONE',  ( 8.349999999999999645, 7.324999999999998401, -11.29999999999999893 ) ) ;
#1437 = ORIENTED_EDGE ( 'NONE', *, *, #848, .F. ) ;
#1438 = AXIS2_PLACEMENT_3D ( 'NONE', #115, #779, #1641 ) ;
#1439 = PLANE ( 'NONE',  #1726 ) ;
#1440 = AXIS2_PLACEMENT_3D ( 'NONE', #2629, #2023, #1527 ) ;
#1441 = B_SPLINE_CURVE_WITH_KNOTS ( 'NONE', 2,
 ( #2597, #367, #1883 ),
 .UNSPECIFIED., .F., .F.,
 ( 3, 3 ),
 ( 0.0000000000000000000, 1.000000000000000000 ),
 .UNSPECIFIED. ) ;
#1442 = VECTOR ( 'NONE', #2227, 1000.000000000000000 ) ;
#1443 = AXIS2_PLACEMENT_3D ( 'NONE', #2027, #1985, #2679 ) ;
#1444 = EDGE_CURVE ( 'NONE', #266, #1685, #1631, .T. ) ;
#1445 = CARTESIAN_POINT ( 'NONE',  ( 7.200000000000000178, 0.0000000000000000000, 0.0000000000000000000 ) ) ;
#1446 = CARTESIAN_POINT ( 'NONE',  ( 7.730671790404080923, 1.725000000000003864, -1.179270645342403334 ) ) ;
#1447 = CARTESIAN_POINT ( 'NONE',  ( -4.349999999999999645, -6.175000000000001599, -6.299999999999998934 ) ) ;
#1448 = FACE_OUTER_BOUND ( 'NONE', #1787, .T. ) ;
#1449 = VERTEX_POINT ( 'NONE', #1257 ) ;
#1450 = COORDINATED_UNIVERSAL_TIME_OFFSET ( 1, 0, .AHEAD. ) ;
#1451 = DIRECTION ( 'NONE',  ( -0.0000000000000000000, -0.0000000000000000000, 1.000000000000000000 ) ) ;
#1452 = AXIS2_PLACEMENT_3D ( 'NONE', #2653, #1061, #1970 ) ;
#1453 = FACE_OUTER_BOUND ( 'NONE', #1949, .T. ) ;
#1454 = CARTESIAN_POINT ( 'NONE',  ( -2.169999999999999485, 3.075000000000000622, -11.29999999999999893 ) ) ;
#1455 = ORIENTED_EDGE ( 'NONE', *, *, #1711, .T. ) ;
#1456 = VECTOR ( 'NONE', #2772, 1000.000000000000000 ) ;
#1457 = CARTESIAN_POINT ( 'NONE',  ( 9.225000000000001421, -6.650000000000001243, -6.299999999999998934 ) ) ;
#1458 = EDGE_CURVE ( 'NONE', #1465, #859, #2627, .T. ) ;
#1459 = EDGE_CURVE ( 'NONE', #2038, #2004, #1945, .T. ) ;
#1460 = FACE_OUTER_BOUND ( 'NONE', #345, .T. ) ;
#1461 = CARTESIAN_POINT ( 'NONE',  ( -1.499999999999998668, 3.325000000000000622, -5.000000000000000000 ) ) ;
#1462 = ORIENTED_EDGE ( 'NONE', *, *, #506, .F. ) ;
#1463 = DIRECTION ( 'NONE',  ( 1.700709290173340163E-16, 1.000000000000000000, 0.0000000000000000000 ) ) ;
#1464 = DIRECTION ( 'NONE',  ( 1.000000000000000000, 0.0000000000000000000, 0.0000000000000000000 ) ) ;
#1465 = VERTEX_POINT ( 'NONE', #2193 ) ;
#1466 = DIRECTION ( 'NONE',  ( -1.700709290173340163E-16, -1.000000000000000000, 0.0000000000000000000 ) ) ;
#1467 = CARTESIAN_POINT ( 'NONE',  ( 3.900000000000000799, 0.5749999999999991784, -14.59999999999999787 ) ) ;
#1468 = FACE_OUTER_BOUND ( 'NONE', #394, .T. ) ;
#1469 = ORIENTED_EDGE ( 'NONE', *, *, #1375, .T. ) ;
#1470 = DIRECTION ( 'NONE',  ( -0.0000000000000000000, 1.000000000000000000, -0.0000000000000000000 ) ) ;
#1471 = B_SPLINE_SURFACE_WITH_KNOTS ( 'NONE', 2, 3, ( 
 ( #1861, #1368, #2277, #1381 ),
 ( #962, #1161, #1629, #1407 ),
 ( #308, #15, #2752, #33 ) ),
 .UNSPECIFIED., .F., .F., .F.,
 ( 3, 3 ),
 ( 4, 4 ),
 ( 0.0000000000000000000, 1.000000000000000000 ),
 ( -0.003564999999999999593, 0.007215000000000001794 ),
 .UNSPECIFIED. ) ;
#1472 = EDGE_CURVE ( 'NONE', #1577, #1596, #1174, .T. ) ;
#1473 = DIRECTION ( 'NONE',  ( -1.000000000000000000, 0.0000000000000000000, 0.0000000000000000000 ) ) ;
#1474 = FACE_OUTER_BOUND ( 'NONE', #53, .T. ) ;
#1475 = ORIENTED_EDGE ( 'NONE', *, *, #2213, .T. ) ;
#1476 = LINE ( 'NONE', #2181, #2268 ) ;
#1477 = DIRECTION ( 'NONE',  ( -0.0000000000000000000, 0.0000000000000000000, 1.000000000000000000 ) ) ;
#1478 = ORIENTED_EDGE ( 'NONE', *, *, #458, .T. ) ;
#1479 = PERSON_AND_ORGANIZATION ( #1904, #72 ) ;
#1480 = CARTESIAN_POINT ( 'NONE',  ( 0.0000000000000000000, 0.0000000000000000000, 3.700000000000000178 ) ) ;
#1481 = EDGE_CURVE ( 'NONE', #833, #2436, #615, .T. ) ;
#1482 = EDGE_CURVE ( 'NONE', #2525, #43, #2179, .T. ) ;
#1483 = CARTESIAN_POINT ( 'NONE',  ( 4.850000000000000533, 5.724999999999998757, -14.90000000000000036 ) ) ;
#1484 = PLANE ( 'NONE',  #949 ) ;
#1485 = ORIENTED_EDGE ( 'NONE', *, *, #794, .F. ) ;
#1486 = CARTESIAN_POINT ( 'NONE',  ( 0.0000000000000000000, -2.174999999999999822, -4.500000000000000000 ) ) ;
#1487 = VECTOR ( 'NONE', #361, 1000.000000000000000 ) ;
#1488 = VECTOR ( 'NONE', #1021, 1000.000000000000000 ) ;
#1489 = VECTOR ( 'NONE', #2471, 1000.000000000000000 ) ;
#1490 = FACE_OUTER_BOUND ( 'NONE', #1416, .T. ) ;
#1491 = DIRECTION ( 'NONE',  ( 2.940209281316621016E-16, -1.000000000000000000, 0.0000000000000000000 ) ) ;
#1492 = VECTOR ( 'NONE', #68, 1000.000000000000000 ) ;
#1493 = EDGE_LOOP ( 'NONE', ( #2341, #1069, #1902, #1587 ) ) ;
#1494 = VECTOR ( 'NONE', #2518, 1000.000000000000000 ) ;
#1495 = CARTESIAN_POINT ( 'NONE',  ( 1.425000000000000488, 2.425000000000000266, 3.700000000000000178 ) ) ;
#1496 = LINE ( 'NONE', #2228, #2106 ) ;
#1497 = VERTEX_POINT ( 'NONE', #173 ) ;
#1498 = PRODUCT_DEFINITION ( 'UNKNOWN', '', #2269, #2043 ) ;
#1499 = DIRECTION ( 'NONE',  ( -5.880418562633242031E-16, 1.000000000000000000, 0.0000000000000000000 ) ) ;
#1500 = B_SPLINE_CURVE_WITH_KNOTS ( 'NONE', 3,
 ( #2158, #740, #2515, #2083 ),
 .UNSPECIFIED., .F., .F.,
 ( 4, 4 ),
 ( 0.0000000000000000000, 1.000000000000000000 ),
 .UNSPECIFIED. ) ;
#1501 = EDGE_CURVE ( 'NONE', #1848, #101, #2835, .T. ) ;
#1502 = CARTESIAN_POINT ( 'NONE',  ( 2.000000000000000444, 0.5749999999999991784, -11.29999999999999893 ) ) ;
#1503 = CARTESIAN_POINT ( 'NONE',  ( 7.238645917050990697, -3.074999999999999734, -11.29999999999999893 ) ) ;
#1504 = EDGE_LOOP ( 'NONE', ( #692, #1930, #1581, #1908 ) ) ;
#1505 = FACE_OUTER_BOUND ( 'NONE', #143, .T. ) ;
#1506 = VECTOR ( 'NONE', #1232, 1000.000000000000000 ) ;
#1507 = VECTOR ( 'NONE', #550, 1000.000000000000000 ) ;
#1508 = AXIS2_PLACEMENT_3D ( 'NONE', #185, #2005, #10 ) ;
#1509 = CARTESIAN_POINT ( 'NONE',  ( 6.924999999999997158, -3.268613143854732339, -0.2437088524045561699 ) ) ;
#1510 = CARTESIAN_POINT ( 'NONE',  ( -1.819999999999999396, 3.075000000000000622, -14.90000000000000036 ) ) ;
#1511 = EDGE_LOOP ( 'NONE', ( #389, #872, #539, #2451, #2902, #1413, #1839, #1060 ) ) ;
#1512 = ORIENTED_EDGE ( 'NONE', *, *, #340, .T. ) ;
#1513 = EDGE_CURVE ( 'NONE', #1568, #2163, #824, .T. ) ;
#1514 = CARTESIAN_POINT ( 'NONE',  ( -3.730671790404080035, 4.125000000000000888, -1.179270645342404222 ) ) ;
#1515 = DIRECTION ( 'NONE',  ( -0.0000000000000000000, -0.0000000000000000000, -1.000000000000000000 ) ) ;
#1516 = ORIENTED_EDGE ( 'NONE', *, *, #2609, .T. ) ;
#1517 = DATE_AND_TIME ( #638, #621 ) ;
#1518 = DIRECTION ( 'NONE',  ( 0.0000000000000000000, 0.0000000000000000000, 1.000000000000000000 ) ) ;
#1519 = CARTESIAN_POINT ( 'NONE',  ( -1.906828780053867689, 3.621666666666663481, 0.0000000000000000000 ) ) ;
#1520 = DIRECTION ( 'NONE',  ( 6.002503377082377626E-17, 1.000000000000000000, 0.0000000000000000000 ) ) ;
#1521 = ORIENTED_EDGE ( 'NONE', *, *, #2048, .F. ) ;
#1522 = DIRECTION ( 'NONE',  ( 1.200500675416475772E-16, 1.000000000000000000, 0.0000000000000000000 ) ) ;
#1523 = DIRECTION ( 'NONE',  ( -0.0000000000000000000, 1.000000000000000000, -0.0000000000000000000 ) ) ;
#1524 = CARTESIAN_POINT ( 'NONE',  ( 6.887139080101929878, -3.251577506142169227, -0.2222653923467885484 ) ) ;
#1525 = EDGE_LOOP ( 'NONE', ( #1333, #546, #1469, #2357, #1426, #1771 ) ) ;
#1526 = ORIENTED_EDGE ( 'NONE', *, *, #2018, .F. ) ;
#1527 = DIRECTION ( 'NONE',  ( -1.000000000000000000, 1.239088197126290817E-16, 0.0000000000000000000 ) ) ;
#1528 = CARTESIAN_POINT ( 'NONE',  ( -3.200000000000000178, 4.125000000000000888, 0.0000000000000000000 ) ) ;
#1529 = COORDINATED_UNIVERSAL_TIME_OFFSET ( 1, 0, .AHEAD. ) ;
#1530 = ADVANCED_FACE ( 'NONE', ( #403 ), #1051, .T. ) ;
#1531 = DIRECTION ( 'NONE',  ( -0.0000000000000000000, -0.0000000000000000000, 1.000000000000000000 ) ) ;
#1532 = DIRECTION ( 'NONE',  ( -0.0000000000000000000, -1.000000000000000000, -0.0000000000000000000 ) ) ;
#1533 = ORIENTED_EDGE ( 'NONE', *, *, #2617, .T. ) ;
#1534 = CARTESIAN_POINT ( 'NONE',  ( 6.424999999999999822, -5.650000000000000355, -14.59999999999999787 ) ) ;
#1535 = CARTESIAN_POINT ( 'NONE',  ( 6.424999999999999822, -5.650000000000000355, -5.399999999999999467 ) ) ;
#1536 = EDGE_LOOP ( 'NONE', ( #2017, #1154, #1388, #2280 ) ) ;
#1537 = EDGE_CURVE ( 'NONE', #42, #2534, #1264, .T. ) ;
#1538 = CARTESIAN_POINT ( 'NONE',  ( 2.574999999999999734, 2.425000000000000266, 3.700000000000000178 ) ) ;
#1539 = VECTOR ( 'NONE', #151, 1000.000000000000000 ) ;
#1540 = EDGE_CURVE ( 'NONE', #2058, #228, #2127, .T. ) ;
#1541 = VECTOR ( 'NONE', #1789, 1000.000000000000000 ) ;
#1542 = ORIENTED_EDGE ( 'NONE', *, *, #2267, .F. ) ;
#1543 = EDGE_LOOP ( 'NONE', ( #2173, #409, #2644, #1293 ) ) ;
#1544 = DIRECTION ( 'NONE',  ( -0.0000000000000000000, -0.0000000000000000000, -1.000000000000000000 ) ) ;
#1545 = VECTOR ( 'NONE', #2088, 1000.000000000000000 ) ;
#1546 = DIRECTION ( 'NONE',  ( -4.336808689942006396E-16, 1.000000000000000000, 0.0000000000000000000 ) ) ;
#1547 = CARTESIAN_POINT ( 'NONE',  ( 6.924999999999998934, -3.075000000000000622, -4.500000000000000000 ) ) ;
#1548 = AXIS2_PLACEMENT_3D ( 'NONE', #1411, #1180, #81 ) ;
#1549 = DIRECTION ( 'NONE',  ( -1.000000000000000000, -0.0000000000000000000, -0.0000000000000000000 ) ) ;
#1550 = EDGE_LOOP ( 'NONE', ( #220, #704, #44, #1864 ) ) ;
#1551 = DIRECTION ( 'NONE',  ( 2.940209281316621016E-16, -1.000000000000000000, 4.877114525526559977E-16 ) ) ;
#1552 = DIRECTION ( 'NONE',  ( 0.0000000000000000000, 1.000000000000000000, 0.0000000000000000000 ) ) ;
#1553 = ORIENTED_EDGE ( 'NONE', *, *, #2209, .F. ) ;
#1554 = CIRCLE ( 'NONE', #18, 0.3500000000000000333 ) ;
#1555 = DIRECTION ( 'NONE',  ( 6.002503377082377626E-17, 1.000000000000000000, 0.0000000000000000000 ) ) ;
#1556 = VERTEX_POINT ( 'NONE', #1662 ) ;
#1557 = ORIENTED_EDGE ( 'NONE', *, *, #864, .F. ) ;
#1558 = ADVANCED_FACE ( 'NONE', ( #333 ), #380, .T. ) ;
#1559 = CARTESIAN_POINT ( 'NONE',  ( 2.574999999999999734, 2.425000000000000266, 3.700000000000000178 ) ) ;
#1560 = CARTESIAN_POINT ( 'NONE',  ( 6.924999999999998934, -6.660000000000002807, -0.2437088524045548654 ) ) ;
#1561 = CARTESIAN_POINT ( 'NONE',  ( 9.209635827408604314, -6.650000000000001243, -4.639792108149418226 ) ) ;
#1562 = VERTEX_POINT ( 'NONE', #597 ) ;
#1563 = FACE_OUTER_BOUND ( 'NONE', #623, .T. ) ;
#1564 = CARTESIAN_POINT ( 'NONE',  ( -2.425000000000000711, -5.650000000000000355, -14.59999999999999787 ) ) ;
#1565 = ORIENTED_EDGE ( 'NONE', *, *, #2662, .F. ) ;
#1566 = EDGE_CURVE ( 'NONE', #1596, #518, #2563, .T. ) ;
#1567 = CARTESIAN_POINT ( 'NONE',  ( -5.224999999999996980, 8.522499999999993747, -4.929269377658063611 ) ) ;
#1568 = VERTEX_POINT ( 'NONE', #2346 ) ;
#1569 = CARTESIAN_POINT ( 'NONE',  ( 7.200000000000000178, 4.199999999999997513, 1.917100174286742390E-16 ) ) ;
#1570 = ORIENTED_EDGE ( 'NONE', *, *, #566, .T. ) ;
#1571 = LINE ( 'NONE', #451, #1677 ) ;
#1572 = DIRECTION ( 'NONE',  ( -1.000000000000000000, 0.0000000000000000000, -0.0000000000000000000 ) ) ;
#1573 = CARTESIAN_POINT ( 'NONE',  ( -4.349999999999999645, -6.175000000000001599, -11.29999999999999893 ) ) ;
#1574 = VERTEX_POINT ( 'NONE', #1906 ) ;
#1575 = PLANE ( 'NONE',  #2353 ) ;
#1576 = DIRECTION ( 'NONE',  ( 0.0000000000000000000, -1.000000000000000000, 0.0000000000000000000 ) ) ;
#1577 = VERTEX_POINT ( 'NONE', #136 ) ;
#1578 = DIRECTION ( 'NONE',  ( 1.000000000000000000, -0.0000000000000000000, -0.0000000000000000000 ) ) ;
#1579 = ORIENTED_EDGE ( 'NONE', *, *, #1675, .F. ) ;
#1580 = CARTESIAN_POINT ( 'NONE',  ( -3.199999999999997957, 12.73463524487879361, 0.0000000000000000000 ) ) ;
#1581 = ORIENTED_EDGE ( 'NONE', *, *, #2093, .F. ) ;
#1582 = DIRECTION ( 'NONE',  ( -1.000000000000000000, 0.0000000000000000000, -0.0000000000000000000 ) ) ;
#1583 = DIRECTION ( 'NONE',  ( -1.000000000000000000, 1.239088197126291063E-16, 0.0000000000000000000 ) ) ;
#1584 = VECTOR ( 'NONE', #1464, 1000.000000000000000 ) ;
#1585 = CIRCLE ( 'NONE', #1975, 0.5103018321630116150 ) ;
#1586 = CARTESIAN_POINT ( 'NONE',  ( -2.425000000000000711, -5.650000000000000355, -14.59999999999999787 ) ) ;
#1587 = ORIENTED_EDGE ( 'NONE', *, *, #471, .F. ) ;
#1588 = DIRECTION ( 'NONE',  ( 1.000000000000000000, -0.0000000000000000000, 0.0000000000000000000 ) ) ;
#1589 = EDGE_CURVE ( 'NONE', #1168, #2417, #816, .T. ) ;
#1590 = VECTOR ( 'NONE', #2201, 1000.000000000000000 ) ;
#1591 = DIRECTION ( 'NONE',  ( 7.278560039063522195E-16, -1.000000000000000000, -0.0000000000000000000 ) ) ;
#1592 = EDGE_CURVE ( 'NONE', #1193, #649, #612, .T. ) ;
#1593 = ORIENTED_EDGE ( 'NONE', *, *, #1066, .F. ) ;
#1594 = DIRECTION ( 'NONE',  ( -0.0000000000000000000, -0.0000000000000000000, 1.000000000000000000 ) ) ;
#1595 = ORIENTED_EDGE ( 'NONE', *, *, #2344, .T. ) ;
#1596 = VERTEX_POINT ( 'NONE', #1690 ) ;
#1597 = VERTEX_POINT ( 'NONE', #1483 ) ;
#1598 = VECTOR ( 'NONE', #1551, 1000.000000000000000 ) ;
#1599 = CARTESIAN_POINT ( 'NONE',  ( -2.425000000351769991, -3.117836102361307482, -0.05391956948434512009 ) ) ;
#1600 = LINE ( 'NONE', #2708, #1115 ) ;
#1601 = VECTOR ( 'NONE', #1917, 1000.000000000000000 ) ;
#1602 = ADVANCED_FACE ( 'NONE', ( #1453 ), #784, .F. ) ;
#1603 = ORIENTED_EDGE ( 'NONE', *, *, #1361, .T. ) ;
#1604 = PLANE ( 'NONE',  #1024 ) ;
#1605 = ORIENTED_EDGE ( 'NONE', *, *, #1625, .F. ) ;
#1606 = CARTESIAN_POINT ( 'NONE',  ( -5.048843010350210214, 1.774999999999999689, -4.108540023000469610 ) ) ;
#1607 = CARTESIAN_POINT ( 'NONE',  ( 7.730671790404080923, -3.074999999999999734, -1.179270645342403556 ) ) ;
#1608 = VERTEX_POINT ( 'NONE', #348 ) ;
#1609 = FACE_OUTER_BOUND ( 'NONE', #2464, .T. ) ;
#1610 = VERTEX_POINT ( 'NONE', #776 ) ;
#1611 = CARTESIAN_POINT ( 'NONE',  ( -1.819999999999999396, 3.075000000000000622, -11.29999999999999893 ) ) ;
#1612 = ORIENTED_EDGE ( 'NONE', *, *, #1427, .F. ) ;
#1613 = EDGE_CURVE ( 'NONE', #1120, #1216, #122, .T. ) ;
#1614 = DIRECTION ( 'NONE',  ( 0.0000000000000000000, 0.0000000000000000000, 1.000000000000000000 ) ) ;
#1615 = LINE ( 'NONE', #2695, #1974 ) ;
#1616 = ORIENTED_EDGE ( 'NONE', *, *, #1350, .F. ) ;
#1617 = EDGE_CURVE ( 'NONE', #2748, #2704, #2389, .T. ) ;
#1618 = CARTESIAN_POINT ( 'NONE',  ( -5.224999999999996980, 4.199999999999998401, -5.399999999999999467 ) ) ;
#1619 = ORIENTED_EDGE ( 'NONE', *, *, #887, .T. ) ;
#1620 = FACE_OUTER_BOUND ( 'NONE', #1100, .T. ) ;
#1621 = DIRECTION ( 'NONE',  ( -0.0000000000000000000, -0.0000000000000000000, 1.000000000000000000 ) ) ;
#1622 = ORIENTED_EDGE ( 'NONE', *, *, #1070, .F. ) ;
#1623 = LINE ( 'NONE', #2733, #2126 ) ;
#1624 = EDGE_LOOP ( 'NONE', ( #311, #513, #2222, #699, #2846 ) ) ;
#1625 = EDGE_CURVE ( 'NONE', #968, #1685, #2140, .T. ) ;
#1626 = CARTESIAN_POINT ( 'NONE',  ( -5.209635827408602538, -6.650000000000000355, -4.639792108149416450 ) ) ;
#1627 = ADVANCED_FACE ( 'NONE', ( #2575 ), #568, .T. ) ;
#1628 = PLANE ( 'NONE',  #573 ) ;
#1629 = CARTESIAN_POINT ( 'NONE',  ( 7.199999999999999289, 3.621666666666671919, 2.168404344971008868E-16 ) ) ;
#1630 = EDGE_LOOP ( 'NONE', ( #1946, #2710, #1875, #2896 ) ) ;
#1631 = CIRCLE ( 'NONE', #479, 1.899999999999999911 ) ;
#1632 = PLANE ( 'NONE',  #1548 ) ;
#1633 = ORIENTED_EDGE ( 'NONE', *, *, #2485, .F. ) ;
#1634 = DIRECTION ( 'NONE',  ( -0.0000000000000000000, -0.0000000000000000000, 1.000000000000000000 ) ) ;
#1635 = FACE_OUTER_BOUND ( 'NONE', #1550, .T. ) ;
#1636 = ORIENTED_EDGE ( 'NONE', *, *, #2596, .F. ) ;
#1637 = VECTOR ( 'NONE', #1621, 1000.000000000000000 ) ;
#1638 = EDGE_CURVE ( 'NONE', #459, #1815, #2272, .T. ) ;
#1639 = CC_DESIGN_PERSON_AND_ORGANIZATION_ASSIGNMENT ( #2168, #1326, ( #2174 ) ) ;
#1640 = PLANE ( 'NONE',  #1747 ) ;
#1641 = DIRECTION ( 'NONE',  ( -1.000000000000000000, 0.0000000000000000000, -0.0000000000000000000 ) ) ;
#1642 = EDGE_CURVE ( 'NONE', #1449, #2527, #801, .T. ) ;
#1643 = VECTOR ( 'NONE', #1047, 1000.000000000000000 ) ;
#1644 = ORIENTED_EDGE ( 'NONE', *, *, #1942, .F. ) ;
#1645 = CARTESIAN_POINT ( 'NONE',  ( 3.900000000000000799, 0.5749999999999991784, -13.89999999999999858 ) ) ;
#1646 = AXIS2_PLACEMENT_3D ( 'NONE', #1020, #587, #2819 ) ;
#1647 = VERTEX_POINT ( 'NONE', #2112 ) ;
#1648 = CARTESIAN_POINT ( 'NONE',  ( 2.000000000000000444, 0.5749999999999991784, -14.59999999999999787 ) ) ;
#1649 = CARTESIAN_POINT ( 'NONE',  ( 9.225000000000001421, -7.372499999999999609, -4.929269377658066276 ) ) ;
#1650 = LOCAL_TIME ( 13, 46, 37.00000000000000000, #1028 ) ;
#1651 = EDGE_LOOP ( 'NONE', ( #1868, #2717, #1197, #1125, #1320, #2475, #445, #1557, #2080, #963, #2541, #782 ) ) ;
#1652 = EDGE_CURVE ( 'NONE', #279, #177, #2830, .T. ) ;
#1653 = EDGE_CURVE ( 'NONE', #1685, #266, #2343, .T. ) ;
#1654 = LINE ( 'NONE', #2336, #2544 ) ;
#1655 = DIRECTION ( 'NONE',  ( -3.410973126920687487E-16, 1.000000000000000000, 0.0000000000000000000 ) ) ;
#1656 = ORIENTED_EDGE ( 'NONE', *, *, #1472, .F. ) ;
#1657 = LINE ( 'NONE', #2338, #1131 ) ;
#1658 = LINE ( 'NONE', #1245, #154 ) ;
#1659 = ORIENTED_EDGE ( 'NONE', *, *, #301, .T. ) ;
#1660 = CARTESIAN_POINT ( 'NONE',  ( -4.349999999999999645, 7.324999999999999289, -11.29999999999999893 ) ) ;
#1661 = LINE ( 'NONE', #360, #102 ) ;
#1662 = CARTESIAN_POINT ( 'NONE',  ( 2.574999999999999734, 2.425000000000000266, 0.0000000000000000000 ) ) ;
#1663 = ORIENTED_EDGE ( 'NONE', *, *, #1589, .F. ) ;
#1664 = DIRECTION ( 'NONE',  ( 0.0000000000000000000, 0.0000000000000000000, -1.000000000000000000 ) ) ;
#1665 = LINE ( 'NONE', #2567, #2388 ) ;
#1666 = CARTESIAN_POINT ( 'NONE',  ( 6.924999999999997158, -3.268613143854732339, -0.2437088524045561699 ) ) ;
#1667 = CARTESIAN_POINT ( 'NONE',  ( -4.349999999999999645, 7.324999999999999289, -11.29999999999999893 ) ) ;
#1668 = ORIENTED_EDGE ( 'NONE', *, *, #2646, .F. ) ;
#1669 = DIRECTION ( 'NONE',  ( 0.0000000000000000000, -0.0000000000000000000, -1.000000000000000000 ) ) ;
#1670 = CARTESIAN_POINT ( 'NONE',  ( 5.500000000000000000, 3.324999999999999734, -4.500000000000000000 ) ) ;
#1671 = CARTESIAN_POINT ( 'NONE',  ( 6.924999999999997158, -3.269774822717860019, -0.2437088524045561699 ) ) ;
#1672 = ADVANCED_FACE ( 'NONE', ( #14 ), #1767, .F. ) ;
#1673 = ORIENTED_EDGE ( 'NONE', *, *, #1162, .T. ) ;
#1674 = VECTOR ( 'NONE', #637, 1000.000000000000000 ) ;
#1675 = EDGE_CURVE ( 'NONE', #1568, #1168, #2897, .T. ) ;
#1676 = CARTESIAN_POINT ( 'NONE',  ( -1.499999999999998668, 3.325000000000000622, -5.000000000000000000 ) ) ;
#1677 = VECTOR ( 'NONE', #1544, 1000.000000000000000 ) ;
#1678 = VECTOR ( 'NONE', #351, 1000.000000000000000 ) ;
#1679 = CIRCLE ( 'NONE', #2769, 0.3499999999999996447 ) ;
#1680 = LINE ( 'NONE', #1910, #2453 ) ;
#1681 = CARTESIAN_POINT ( 'NONE',  ( 9.178907482225813652, 7.799999999999997158, -4.500000000000000000 ) ) ;
#1682 = ORIENTED_EDGE ( 'NONE', *, *, #2565, .F. ) ;
#1683 = FACE_OUTER_BOUND ( 'NONE', #2040, .T. ) ;
#1684 = CARTESIAN_POINT ( 'NONE',  ( -4.349999999999999645, 7.324999999999999289, -6.299999999999998934 ) ) ;
#1685 = VERTEX_POINT ( 'NONE', #2214 ) ;
#1686 = PERSON_AND_ORGANIZATION_ROLE ( 'creator' ) ;
#1687 = EDGE_CURVE ( 'NONE', #2004, #2433, #1781, .T. ) ;
#1688 = DIRECTION ( 'NONE',  ( 0.0000000000000000000, -1.000000000000000000, 0.0000000000000000000 ) ) ;
#1689 = VECTOR ( 'NONE', #547, 1000.000000000000000 ) ;
#1690 = CARTESIAN_POINT ( 'NONE',  ( 5.906828780053868577, 4.125000000000003553, 0.0000000000000000000 ) ) ;
#1691 = LINE ( 'NONE', #2592, #2633 ) ;
#1692 = ORIENTED_EDGE ( 'NONE', *, *, #1837, .F. ) ;
#1693 = LOCAL_TIME ( 13, 46, 37.00000000000000000, #1450 ) ;
#1694 = LINE ( 'NONE', #293, #1778 ) ;
#1695 = LINE ( 'NONE', #1896, #25 ) ;
#1696 = DIRECTION ( 'NONE',  ( -1.000000000000000000, 6.002503377082377626E-17, -0.0000000000000000000 ) ) ;
#1697 = VERTEX_POINT ( 'NONE', #1514 ) ;
#1698 = ADVANCED_FACE ( 'NONE', ( #1113 ), #624, .F. ) ;
#1699 = CARTESIAN_POINT ( 'NONE',  ( -5.048843010350211102, -3.074999999999999734, -4.108540023000473163 ) ) ;
#1700 = CARTESIAN_POINT ( 'NONE',  ( 1.425000000000000266, 0.0000000000000000000, 0.0000000000000000000 ) ) ;
#1701 = ORIENTED_EDGE ( 'NONE', *, *, #591, .T. ) ;
#1702 = APPROVAL_DATE_TIME ( #1950, #2634 ) ;
#1703 = DIRECTION ( 'NONE',  ( -1.000000000000000000, 0.0000000000000000000, 0.0000000000000000000 ) ) ;
#1704 = EDGE_CURVE ( 'NONE', #2560, #240, #196, .T. ) ;
#1705 = DIRECTION ( 'NONE',  ( 0.0000000000000000000, 0.0000000000000000000, 1.000000000000000000 ) ) ;
#1706 = DIRECTION ( 'NONE',  ( 0.0000000000000000000, 0.0000000000000000000, -1.000000000000000000 ) ) ;
#1707 = VERTEX_POINT ( 'NONE', #860 ) ;
#1708 = DIRECTION ( 'NONE',  ( -1.000000000000000000, 6.002503377082377626E-17, -0.0000000000000000000 ) ) ;
#1709 = DIRECTION ( 'NONE',  ( 0.0000000000000000000, 0.0000000000000000000, 1.000000000000000000 ) ) ;
#1710 = DIRECTION ( 'NONE',  ( 0.0000000000000000000, 0.0000000000000000000, -1.000000000000000000 ) ) ;
#1711 = EDGE_CURVE ( 'NONE', #1281, #1697, #448, .T. ) ;
#1712 = VERTEX_POINT ( 'NONE', #2241 ) ;
#1713 = ADVANCED_FACE ( 'NONE', ( #841 ), #420, .F. ) ;
#1714 = CARTESIAN_POINT ( 'NONE',  ( 5.500000000000000000, 3.324999999999999734, 0.0000000000000000000 ) ) ;
#1715 = DIRECTION ( 'NONE',  ( 1.000000000000000000, 0.0000000000000000000, -0.0000000000000000000 ) ) ;
#1716 = ORIENTED_EDGE ( 'NONE', *, *, #834, .F. ) ;
#1717 = CARTESIAN_POINT ( 'NONE',  ( 4.500000000000000888, 5.724999999999998757, -14.90000000000000036 ) ) ;
#1718 = AXIS2_PLACEMENT_3D ( 'NONE', #519, #492, #2081 ) ;
#1719 = CARTESIAN_POINT ( 'NONE',  ( -2.605851434794091315, -3.149894239023494968, -0.09427246878204352531 ) ) ;
#1720 = CARTESIAN_POINT ( 'NONE',  ( -5.178907482225810099, -3.074999999999999734, -4.500000000000000000 ) ) ;
#1721 = ORIENTED_EDGE ( 'NONE', *, *, #2762, .F. ) ;
#1722 = FACE_OUTER_BOUND ( 'NONE', #2706, .T. ) ;
#1723 = CIRCLE ( 'NONE', #2570, 0.3499999999999996447 ) ;
#1724 = VECTOR ( 'NONE', #1222, 1000.000000000000000 ) ;
#1725 = ADVANCED_FACE ( 'NONE', ( #1995 ), #1291, .T. ) ;
#1726 = AXIS2_PLACEMENT_3D ( 'NONE', #2130, #2594, #1391 ) ;
#1727 = VECTOR ( 'NONE', #2870, 1000.000000000000000 ) ;
#1728 = CARTESIAN_POINT ( 'NONE',  ( 6.513960390360322705, -3.134869173044233737, -0.07535979823750121875 ) ) ;
#1729 = CARTESIAN_POINT ( 'NONE',  ( 4.500000000000000888, 5.724999999999998757, -11.29999999999999893 ) ) ;
#1730 = AXIS2_PLACEMENT_3D ( 'NONE', #1717, #2230, #1703 ) ;
#1731 = VERTEX_POINT ( 'NONE', #1054 ) ;
#1732 = B_SPLINE_CURVE_WITH_KNOTS ( 'NONE', 3,
 ( #1101, #2737, #1406, #2257 ),
 .UNSPECIFIED., .F., .F.,
 ( 4, 4 ),
 ( 0.0000000000000000000, 1.000000000000000000 ),
 .UNSPECIFIED. ) ;
#1733 = VECTOR ( 'NONE', #317, 1000.000000000000000 ) ;
#1734 = LINE ( 'NONE', #1338, #789 ) ;
#1735 = CARTESIAN_POINT ( 'NONE',  ( 2.000000000000000444, 0.5749999999999991784, -14.59999999999999787 ) ) ;
#1736 = EDGE_CURVE ( 'NONE', #1128, #1556, #1072, .T. ) ;
#1737 = ORIENTED_EDGE ( 'NONE', *, *, #2267, .T. ) ;
#1738 = CARTESIAN_POINT ( 'NONE',  ( -5.224999999999998757, -6.650000000000000355, -5.399999999999999467 ) ) ;
#1739 = CARTESIAN_POINT ( 'NONE',  ( -3.199999999999998401, 7.214999999999998082, -2.168404344971008868E-16 ) ) ;
#1740 = CARTESIAN_POINT ( 'NONE',  ( 6.697101215340080849, -3.269774822717860019, -0.1146327892971127638 ) ) ;
#1741 = ORIENTED_EDGE ( 'NONE', *, *, #2424, .T. ) ;
#1742 = DIRECTION ( 'NONE',  ( -0.0000000000000000000, -0.0000000000000000000, 1.000000000000000000 ) ) ;
#1743 = CARTESIAN_POINT ( 'NONE',  ( 6.424999999999998046, -3.075000000000001066, -4.500000000000000000 ) ) ;
#1744 = VECTOR ( 'NONE', #2805, 1000.000000000000000 ) ;
#1745 = EDGE_CURVE ( 'NONE', #2869, #1562, #1571, .T. ) ;
#1746 = CIRCLE ( 'NONE', #1271, 0.7000000000000000666 ) ;
#1747 = AXIS2_PLACEMENT_3D ( 'NONE', #2707, #1824, #1582 ) ;
#1748 = EDGE_CURVE ( 'NONE', #1610, #1080, #1734, .T. ) ;
#1749 = EDGE_CURVE ( 'NONE', #133, #2869, #407, .T. ) ;
#1750 = DIRECTION ( 'NONE',  ( 1.000000000000000000, 0.0000000000000000000, 0.0000000000000000000 ) ) ;
#1751 = ORIENTED_EDGE ( 'NONE', *, *, #1196, .T. ) ;
#1752 = ORIENTED_EDGE ( 'NONE', *, *, #4, .F. ) ;
#1753 = CARTESIAN_POINT ( 'NONE',  ( -3.199999999999997957, 4.125000000000000000, -2.168404344971008868E-16 ) ) ;
#1754 = DIRECTION ( 'NONE',  ( -0.0000000000000000000, -0.0000000000000000000, -1.000000000000000000 ) ) ;
#1755 = MANIFOLD_SOLID_BREP ( 'Cut-Extrude3', #2482 ) ;
#1756 = SHAPE_DEFINITION_REPRESENTATION ( #1144, #1228 ) ;
#1757 = FACE_BOUND ( 'NONE', #2504, .T. ) ;
#1758 = CARTESIAN_POINT ( 'NONE',  ( 7.200000000000000178, 7.274747714624761663, 0.3891840341157591365 ) ) ;
#1759 = CARTESIAN_POINT ( 'NONE',  ( 9.048843010350214655, 4.199999999999997513, -4.108540023000474051 ) ) ;
#1760 = VERTEX_POINT ( 'NONE', #464 ) ;
#1761 = FACE_OUTER_BOUND ( 'NONE', #813, .T. ) ;
#1762 = CARTESIAN_POINT ( 'NONE',  ( -2.925000000000001599, -3.117836102361307482, -0.05391956940583942509 ) ) ;
#1763 = ORIENTED_EDGE ( 'NONE', *, *, #2410, .T. ) ;
#1764 = PLANE ( 'NONE',  #2199 ) ;
#1765 = VERTEX_POINT ( 'NONE', #2441 ) ;
#1766 = ORIENTED_EDGE ( 'NONE', *, *, #1430, .F. ) ;
#1767 = PLANE ( 'NONE',  #2804 ) ;
#1768 = CARTESIAN_POINT ( 'NONE',  ( -3.258120437188722462, -6.175000000000001599, -9.000000000000000000 ) ) ;
#1769 = CARTESIAN_POINT ( 'NONE',  ( -1.500000000000000444, -2.174999999999999822, 0.0000000000000000000 ) ) ;
#1770 = LINE ( 'NONE', #1758, #1170 ) ;
#1771 = ORIENTED_EDGE ( 'NONE', *, *, #1327, .F. ) ;
#1772 = DIRECTION ( 'NONE',  ( 0.0000000000000000000, 1.000000000000000000, -0.0000000000000000000 ) ) ;
#1773 = PLANE ( 'NONE',  #200 ) ;
#1774 = EDGE_CURVE ( 'NONE', #2697, #2082, #1351, .T. ) ;
#1775 = VERTEX_POINT ( 'NONE', #2854 ) ;
#1776 = EDGE_CURVE ( 'NONE', #1243, #1120, #2415, .T. ) ;
#1777 = DIRECTION ( 'NONE',  ( 0.0000000000000000000, 0.0000000000000000000, 1.000000000000000000 ) ) ;
#1778 = VECTOR ( 'NONE', #1923, 1000.000000000000000 ) ;
#1779 = ORIENTED_EDGE ( 'NONE', *, *, #2194, .T. ) ;
#1780 = ORIENTED_EDGE ( 'NONE', *, *, #180, .F. ) ;
#1781 = LINE ( 'NONE', #2009, #2301 ) ;
#1782 = VECTOR ( 'NONE', #2138, 1000.000000000000000 ) ;
#1783 = CARTESIAN_POINT ( 'NONE',  ( 0.0000000000000000000, 0.0000000000000000000, 3.700000000000000178 ) ) ;
#1784 = CARTESIAN_POINT ( 'NONE',  ( -3.730671790404080479, 3.621666666666663481, -1.179270645342404000 ) ) ;
#1785 = VECTOR ( 'NONE', #2794, 1000.000000000000000 ) ;
#1786 = CARTESIAN_POINT ( 'NONE',  ( 0.0000000000000000000, 1.149999999999999911, 3.700000000000000178 ) ) ;
#1787 = EDGE_LOOP ( 'NONE', ( #1737, #2183, #920, #2675 ) ) ;
#1788 = PLANE ( 'NONE',  #715 ) ;
#1789 = DIRECTION ( 'NONE',  ( 1.000000000000000000, 0.0000000000000000000, 0.0000000000000000000 ) ) ;
#1790 = ORIENTED_EDGE ( 'NONE', *, *, #2249, .T. ) ;
#1791 = VECTOR ( 'NONE', #1398, 1000.000000000000000 ) ;
#1792 = CARTESIAN_POINT ( 'NONE',  ( -1.499999999999998668, 3.325000000000000622, -5.000000000000000000 ) ) ;
#1793 = EDGE_LOOP ( 'NONE', ( #2726, #1163, #2691, #2291 ) ) ;
#1794 = VECTOR ( 'NONE', #501, 1000.000000000000000 ) ;
#1795 = LINE ( 'NONE', #1569, #2767 ) ;
#1796 = VERTEX_POINT ( 'NONE', #2429 ) ;
#1797 = CARTESIAN_POINT ( 'NONE',  ( -1.906828780053867689, 4.125000000000000888, 0.0000000000000000000 ) ) ;
#1798 = CARTESIAN_POINT ( 'NONE',  ( 5.500000000000000000, 3.324999999999999734, 0.0000000000000000000 ) ) ;
#1799 = EDGE_CURVE ( 'NONE', #767, #1370, #636, .T. ) ;
#1800 = CARTESIAN_POINT ( 'NONE',  ( -1.499999999999998668, 3.325000000000000622, -4.500000000000000000 ) ) ;
#1801 = ORIENTED_EDGE ( 'NONE', *, *, #918, .F. ) ;
#1802 = LINE ( 'NONE', #426, #337 ) ;
#1803 = CARTESIAN_POINT ( 'NONE',  ( 4.500000000000000888, 5.724999999999998757, -14.90000000000000036 ) ) ;
#1804 = ORIENTED_EDGE ( 'NONE', *, *, #2425, .T. ) ;
#1805 = DIRECTION ( 'NONE',  ( -1.000000000000000000, -0.0000000000000000000, 0.0000000000000000000 ) ) ;
#1806 = ORIENTED_EDGE ( 'NONE', *, *, #1219, .T. ) ;
#1807 = ORIENTED_EDGE ( 'NONE', *, *, #2175, .F. ) ;
#1808 = EDGE_LOOP ( 'NONE', ( #442, #1692, #1763, #1721 ) ) ;
#1809 = EDGE_CURVE ( 'NONE', #717, #2067, #1732, .T. ) ;
#1811 = ADVANCED_FACE ( 'NONE', ( #221 ), #1176, .T. ) ;
#1810 = DIRECTION ( 'NONE',  ( 1.000000000000000000, 0.0000000000000000000, 0.0000000000000000000 ) ) ;
#1812 = DIRECTION ( 'NONE',  ( 0.0000000000000000000, 1.000000000000000000, 0.0000000000000000000 ) ) ;
#1813 = ADVANCED_FACE ( 'NONE', ( #78 ), #280, .T. ) ;
#1814 = CARTESIAN_POINT ( 'NONE',  ( -1.906828780053867689, -0.6749999999999998224, 0.0000000000000000000 ) ) ;
#1815 = VERTEX_POINT ( 'NONE', #1599 ) ;
#1816 = FACE_OUTER_BOUND ( 'NONE', #2200, .T. ) ;
#1817 = DIRECTION ( 'NONE',  ( -0.0000000000000000000, 1.000000000000000000, 0.0000000000000000000 ) ) ;
#1818 = VERTEX_POINT ( 'NONE', #2068 ) ;
#1819 = CARTESIAN_POINT ( 'NONE',  ( -3.269162070265926978, -3.074999999999999734, -0.4386334772696987572 ) ) ;
#1820 = ADVANCED_FACE ( 'NONE', ( #482 ), #2486, .T. ) ;
#1821 = ORIENTED_EDGE ( 'NONE', *, *, #2473, .T. ) ;
#1822 = EDGE_LOOP ( 'NONE', ( #2577, #2599, #269, #1129 ) ) ;
#1823 = ORIENTED_EDGE ( 'NONE', *, *, #1308, .F. ) ;
#1824 = DIRECTION ( 'NONE',  ( 0.0000000000000000000, 0.0000000000000000000, -1.000000000000000000 ) ) ;
#1825 = CARTESIAN_POINT ( 'NONE',  ( 6.924999999999998934, -3.075000000000000622, -4.500000000000000000 ) ) ;
#1826 = AXIS2_PLACEMENT_3D ( 'NONE', #696, #713, #2488 ) ;
#1827 = AXIS2_PLACEMENT_3D ( 'NONE', #175, #1962, #651 ) ;
#1828 = ORIENTED_EDGE ( 'NONE', *, *, #2424, .F. ) ;
#1829 = B_SPLINE_SURFACE_WITH_KNOTS ( 'NONE', 2, 1, ( 
 ( #1671, #2203 ),
 ( #1740, #1920 ),
 ( #1251, #381 ) ),
 .UNSPECIFIED., .F., .F., .F.,
 ( 3, 3 ),
 ( 2, 2 ),
 ( 0.0000000000000000000, 1.000000000000000000 ),
 ( 0.0000000000000000000, 1.000000000000000000 ),
 .UNSPECIFIED. ) ;
#1830 = VECTOR ( 'NONE', #202, 1000.000000000000000 ) ;
#1831 = CARTESIAN_POINT ( 'NONE',  ( -1.906828780053867689, 1.725000000000000755, 0.0000000000000000000 ) ) ;
#1832 = EDGE_LOOP ( 'NONE', ( #1790, #646, #1633, #82 ) ) ;
#1833 = FACE_OUTER_BOUND ( 'NONE', #1913, .T. ) ;
#1834 = VECTOR ( 'NONE', #1532, 1000.000000000000000 ) ;
#1835 = DIRECTION ( 'NONE',  ( 1.000000000000000000, 0.0000000000000000000, 0.0000000000000000000 ) ) ;
#1836 = VERTEX_POINT ( 'NONE', #915 ) ;
#1837 = EDGE_CURVE ( 'NONE', #2065, #1193, #2531, .T. ) ;
#1838 = CARTESIAN_POINT ( 'NONE',  ( -3.258120437188722462, -3.074999999999999734, -9.000000000000000000 ) ) ;
#1839 = ORIENTED_EDGE ( 'NONE', *, *, #4, .T. ) ;
#1840 = CARTESIAN_POINT ( 'NONE',  ( 6.925000000000000711, -6.650000000000003020, -4.500000000000000000 ) ) ;
#1841 = ORIENTED_EDGE ( 'NONE', *, *, #1255, .T. ) ;
#1842 = EDGE_CURVE ( 'NONE', #1165, #1765, #307, .T. ) ;
#1843 = VECTOR ( 'NONE', #22, 1000.000000000000000 ) ;
#1844 = CARTESIAN_POINT ( 'NONE',  ( -5.149563577662416236, -3.074999999999999734, -4.366506111675001911 ) ) ;
#1845 = CARTESIAN_POINT ( 'NONE',  ( -5.224999999999996980, 7.799999999999998046, -4.929269377658063611 ) ) ;
#1846 =( GEOMETRIC_REPRESENTATION_CONTEXT ( 3 ) GLOBAL_UNCERTAINTY_ASSIGNED_CONTEXT ( ( #917 ) ) GLOBAL_UNIT_ASSIGNED_CONTEXT ( ( #540, #2809, #105 ) ) REPRESENTATION_CONTEXT ( 'NONE', 'WORKASPACE' ) );
#1847 = TOROIDAL_SURFACE ( 'NONE', #2223, 1.200000000000000178, 0.6999999999999999556 ) ;
#1848 = VERTEX_POINT ( 'NONE', #1132 ) ;
#1849 = CARTESIAN_POINT ( 'NONE',  ( 4.850000000000000533, 5.724999999999998757, -11.29999999999999893 ) ) ;
#1850 = ORIENTED_EDGE ( 'NONE', *, *, #1427, .T. ) ;
#1851 = CARTESIAN_POINT ( 'NONE',  ( -5.048843010350210214, -0.6500000000000003553, -4.108540023000470498 ) ) ;
#1852 = FACE_BOUND ( 'NONE', #1342, .T. ) ;
#1853 = ADVANCED_FACE ( 'NONE', ( #742 ), #1628, .F. ) ;
#1854 = VERTEX_POINT ( 'NONE', #535 ) ;
#1855 = EDGE_CURVE ( 'NONE', #1848, #2837, #2318, .T. ) ;
#1856 = EDGE_CURVE ( 'NONE', #2631, #1939, #2754, .T. ) ;
#1857 = FACE_OUTER_BOUND ( 'NONE', #1158, .T. ) ;
#1858 = ORIENTED_EDGE ( 'NONE', *, *, #506, .T. ) ;
#1859 = LINE ( 'NONE', #1035, #2254 ) ;
#1860 = CARTESIAN_POINT ( 'NONE',  ( 4.500000000000000888, 5.724999999999998757, -14.90000000000000036 ) ) ;
#1861 = CARTESIAN_POINT ( 'NONE',  ( 5.906828780053868577, -3.564999999999999503, 0.0000000000000000000 ) ) ;
#1862 = ORIENTED_EDGE ( 'NONE', *, *, #247, .T. ) ;
#1863 = CARTESIAN_POINT ( 'NONE',  ( 5.500000000000000000, -2.174999999999999822, -5.000000000000000000 ) ) ;
#1864 = ORIENTED_EDGE ( 'NONE', *, *, #834, .T. ) ;
#1865 = CARTESIAN_POINT ( 'NONE',  ( 11.83446580044896557, 7.800000000000004263, -4.500000000000000000 ) ) ;
#1866 = ADVANCED_FACE ( 'NONE', ( #1188 ), #46, .T. ) ;
#1867 = DIRECTION ( 'NONE',  ( -5.880418562633243017E-16, 1.000000000000000000, -3.854941057726238590E-16 ) ) ;
#1868 = ORIENTED_EDGE ( 'NONE', *, *, #1230, .F. ) ;
#1869 = EDGE_CURVE ( 'NONE', #2602, #2065, #368, .T. ) ;
#1870 = FACE_BOUND ( 'NONE', #526, .T. ) ;
#1871 = LINE ( 'NONE', #1419, #194 ) ;
#1872 = VERTEX_POINT ( 'NONE', #931 ) ;
#1873 = VECTOR ( 'NONE', #186, 1000.000000000000000 ) ;
#1874 = DIRECTION ( 'NONE',  ( -0.0000000000000000000, -0.0000000000000000000, 1.000000000000000000 ) ) ;
#1875 = ORIENTED_EDGE ( 'NONE', *, *, #1097, .T. ) ;
#1876 = FACE_OUTER_BOUND ( 'NONE', #2061, .T. ) ;
#1877 = CARTESIAN_POINT ( 'NONE',  ( 9.225000000000001421, 8.522499999999993747, -4.500000000000002665 ) ) ;
#1878 = VECTOR ( 'NONE', #1470, 1000.000000000000000 ) ;
#1879 = EDGE_CURVE ( 'NONE', #2822, #2868, #1380, .T. ) ;
#1880 = VERTEX_POINT ( 'NONE', #2302 ) ;
#1881 = CIRCLE ( 'NONE', #561, 1.899999999999999911 ) ;
#1882 = VECTOR ( 'NONE', #1339, 1000.000000000000000 ) ;
#1883 = CARTESIAN_POINT ( 'NONE',  ( -2.925000000000001599, -3.075000000000001510, -0.2437088524045597226 ) ) ;
#1884 = LINE ( 'NONE', #791, #106 ) ;
#1885 = VECTOR ( 'NONE', #1171, 1000.000000000000000 ) ;
#1886 = EDGE_LOOP ( 'NONE', ( #515, #2226, #795, #1317 ) ) ;
#1887 = EDGE_CURVE ( 'NONE', #1290, #66, #295, .T. ) ;
#1888 = CARTESIAN_POINT ( 'NONE',  ( -1.500000000000000444, -2.174999999999999822, -5.000000000000000000 ) ) ;
#1889 = CARTESIAN_POINT ( 'NONE',  ( 9.048843010350214655, 4.199999999999997513, -4.108540023000474051 ) ) ;
#1890 = VECTOR ( 'NONE', #1319, 1000.000000000000000 ) ;
#1891 = ORIENTED_EDGE ( 'NONE', *, *, #2410, .F. ) ;
#1892 = APPLICATION_PROTOCOL_DEFINITION ( 'international standard', 'config_control_design', 1994, #35 ) ;
#1893 = LINE ( 'NONE', #322, #847 ) ;
#1894 = DIRECTION ( 'NONE',  ( -1.000000000000000000, -3.410973126920687487E-16, 0.0000000000000000000 ) ) ;
#1895 = EDGE_LOOP ( 'NONE', ( #909, #124, #694, #350 ) ) ;
#1896 = CARTESIAN_POINT ( 'NONE',  ( -2.425000000000001155, -3.075000000000001510, -0.05391956940585442698 ) ) ;
#1897 = LINE ( 'NONE', #1429, #423 ) ;
#1898 = ADVANCED_FACE ( 'NONE', ( #1870, #753 ), #1640, .T. ) ;
#1899 = CARTESIAN_POINT ( 'NONE',  ( 9.225000000000001421, 7.799999999999997158, -6.299999999999998934 ) ) ;
#1900 = PLANE ( 'NONE',  #2618 ) ;
#1901 = EDGE_CURVE ( 'NONE', #2888, #218, #712, .T. ) ;
#1902 = ORIENTED_EDGE ( 'NONE', *, *, #647, .F. ) ;
#1903 = APPROVAL_STATUS ( 'not_yet_approved' ) ;
#1904 = PERSON ( 'UNSPECIFIED', 'UNSPECIFIED', 'UNSPECIFIED', ('UNSPECIFIED'), ('UNSPECIFIED'), ('UNSPECIFIED') ) ;
#1905 = PLANE ( 'NONE',  #476 ) ;
#1906 = CARTESIAN_POINT ( 'NONE',  ( 2.575000000000000178, -1.275000000000000133, 3.700000000000000178 ) ) ;
#1907 = CARTESIAN_POINT ( 'NONE',  ( -5.178907482225810099, -6.650000000000000355, -4.500000000000000000 ) ) ;
#1908 = ORIENTED_EDGE ( 'NONE', *, *, #2892, .T. ) ;
#1909 = CARTESIAN_POINT ( 'NONE',  ( -2.424999999995458566, -3.075000000000000622, -0.05391956949626917905 ) ) ;
#1910 = CARTESIAN_POINT ( 'NONE',  ( -3.200000000000001510, 7.274747714624758110, 0.3891840341157592476 ) ) ;
#1911 = CARTESIAN_POINT ( 'NONE',  ( 9.225000000000001421, -1.833333333333333481, -4.929269377658068052 ) ) ;
#1912 = VECTOR ( 'NONE', #2178, 1000.000000000000000 ) ;
#1913 = EDGE_LOOP ( 'NONE', ( #759, #2319, #104, #434 ) ) ;
#1914 = CARTESIAN_POINT ( 'NONE',  ( 1.425000000000000266, 0.0000000000000000000, 3.700000000000000178 ) ) ;
#1915 = FACE_OUTER_BOUND ( 'NONE', #265, .T. ) ;
#1916 = EDGE_LOOP ( 'NONE', ( #1056, #1312, #414, #1751 ) ) ;
#1917 = DIRECTION ( 'NONE',  ( -1.000000000000000000, -0.0000000000000000000, -0.0000000000000000000 ) ) ;
#1918 = CARTESIAN_POINT ( 'NONE',  ( 9.149563577662423342, 4.199999999999997513, -4.366506111675007240 ) ) ;
#1919 = CARTESIAN_POINT ( 'NONE',  ( 11.83446580044896557, 6.815365508088052415, -0.5022370305512284805 ) ) ;
#1920 = CARTESIAN_POINT ( 'NONE',  ( 6.697101215340080849, -3.074999999999998845, -0.1146327892971128470 ) ) ;
#1921 = VERTEX_POINT ( 'NONE', #2555 ) ;
#1922 = VECTOR ( 'NONE', #1523, 1000.000000000000000 ) ;
#1923 = DIRECTION ( 'NONE',  ( -1.000000000000000000, -0.0000000000000000000, -0.0000000000000000000 ) ) ;
#1924 = VECTOR ( 'NONE', #974, 1000.000000000000000 ) ;
#1925 = EDGE_CURVE ( 'NONE', #709, #1243, #1654, .T. ) ;
#1926 = VECTOR ( 'NONE', #310, 1000.000000000000000 ) ;
#1927 = PLANE ( 'NONE',  #1646 ) ;
#1928 = DIRECTION ( 'NONE',  ( 1.000000000000000000, 0.0000000000000000000, 0.0000000000000000000 ) ) ;
#1929 = EDGE_CURVE ( 'NONE', #518, #481, #543, .T. ) ;
#1930 = ORIENTED_EDGE ( 'NONE', *, *, #2247, .F. ) ;
#1931 = DIRECTION ( 'NONE',  ( -1.000000000000000000, 0.0000000000000000000, -0.0000000000000000000 ) ) ;
#1932 = DIRECTION ( 'NONE',  ( 2.940209281316621016E-16, -1.000000000000000000, 0.0000000000000000000 ) ) ;
#1933 = ORIENTED_EDGE ( 'NONE', *, *, #1776, .T. ) ;
#1934 = CALENDAR_DATE ( 2019, 6, 12 ) ;
#1935 = DIRECTION ( 'NONE',  ( -0.0000000000000000000, -0.0000000000000000000, 1.000000000000000000 ) ) ;
#1936 = AXIS2_PLACEMENT_3D ( 'NONE', #1314, #229, #1331 ) ;
#1937 = DIRECTION ( 'NONE',  ( -0.0000000000000000000, -0.0000000000000000000, -1.000000000000000000 ) ) ;
#1938 = CARTESIAN_POINT ( 'NONE',  ( -5.048843010350211991, -2.074166666666667602, -4.108540023000472274 ) ) ;
#1939 = VERTEX_POINT ( 'NONE', #2117 ) ;
#1940 = APPROVAL_PERSON_ORGANIZATION ( #2857, #2091, #844 ) ;
#1941 = LINE ( 'NONE', #336, #2622 ) ;
#1942 = EDGE_CURVE ( 'NONE', #1401, #1390, #1680, .T. ) ;
#1943 = EDGE_CURVE ( 'NONE', #609, #891, #995, .T. ) ;
#1944 = DIRECTION ( 'NONE',  ( -0.0000000000000000000, -0.0000000000000000000, 1.000000000000000000 ) ) ;
#1945 = LINE ( 'NONE', #2162, #2530 ) ;
#1946 = ORIENTED_EDGE ( 'NONE', *, *, #1323, .T. ) ;
#1947 = DIRECTION ( 'NONE',  ( 1.000000000000000000, -1.700709290173340163E-16, 0.0000000000000000000 ) ) ;
#1948 = DIRECTION ( 'NONE',  ( -3.410973126920687487E-16, 1.000000000000000000, 0.0000000000000000000 ) ) ;
#1949 = EDGE_LOOP ( 'NONE', ( #1636, #1964, #2348, #1234 ) ) ;
#1950 = DATE_AND_TIME ( #1934, #1650 ) ;
#1951 = CARTESIAN_POINT ( 'NONE',  ( 0.0000000000000000000, 0.0000000000000000000, -4.500000000000000000 ) ) ;
#1952 = CARTESIAN_POINT ( 'NONE',  ( 6.424999999999998046, -3.075000000000001066, -4.500000000000000000 ) ) ;
#1953 = EDGE_CURVE ( 'NONE', #786, #1815, #1695, .T. ) ;
#1954 = LINE ( 'NONE', #2845, #1179 ) ;
#1955 = VERTEX_POINT ( 'NONE', #1005 ) ;
#1956 = DIRECTION ( 'NONE',  ( 1.000000000000000000, -6.002503377082377626E-17, 0.0000000000000000000 ) ) ;
#1957 = B_SPLINE_SURFACE_WITH_KNOTS ( 'NONE', 2, 3, ( 
 ( #738, #1002, #2513, #1567 ),
 ( #2465, #2284, #1347, #276 ),
 ( #850, #1938, #598, #569 ) ),
 .UNSPECIFIED., .F., .F., .F.,
 ( 3, 3 ),
 ( 4, 4 ),
 ( 0.0000000000000000000, 1.000000000000000000 ),
 ( -0.02010713524487879600, -0.004212135244878797459 ),
 .UNSPECIFIED. ) ;
#1958 = ADVANCED_FACE ( 'NONE', ( #2161 ), #1418, .F. ) ;
#1959 = LINE ( 'NONE', #856, #364 ) ;
#1960 = CARTESIAN_POINT ( 'NONE',  ( 5.906828780053868577, 4.125000000000003553, 0.0000000000000000000 ) ) ;
#1961 = ORIENTED_EDGE ( 'NONE', *, *, #1953, .F. ) ;
#1962 = DIRECTION ( 'NONE',  ( 0.0000000000000000000, 1.000000000000000000, -0.0000000000000000000 ) ) ;
#1963 = DIRECTION ( 'NONE',  ( -0.0000000000000000000, -0.0000000000000000000, 1.000000000000000000 ) ) ;
#1964 = ORIENTED_EDGE ( 'NONE', *, *, #2776, .T. ) ;
#1965 = EDGE_CURVE ( 'NONE', #1880, #1596, #406, .T. ) ;
#1966 = DIRECTION ( 'NONE',  ( -0.0000000000000000000, 0.0000000000000000000, 1.000000000000000000 ) ) ;
#1967 = FACE_OUTER_BOUND ( 'NONE', #676, .T. ) ;
#1968 = CARTESIAN_POINT ( 'NONE',  ( -3.730671790404080479, -0.6749999999999993783, -1.179270645342404222 ) ) ;
#1969 = ORIENTED_EDGE ( 'NONE', *, *, #1617, .F. ) ;
#1970 = DIRECTION ( 'NONE',  ( -3.410973126920687487E-16, 1.000000000000000000, 0.0000000000000000000 ) ) ;
#1971 = EDGE_CURVE ( 'NONE', #786, #649, #1441, .T. ) ;
#1972 = DIRECTION ( 'NONE',  ( -1.200500675416475772E-16, -1.000000000000000000, 0.0000000000000000000 ) ) ;
#1973 = ADVANCED_FACE ( 'NONE', ( #2351, #1241 ), #2145, .T. ) ;
#1974 = VECTOR ( 'NONE', #683, 1000.000000000000000 ) ;
#1975 = AXIS2_PLACEMENT_3D ( 'NONE', #600, #278, #1157 ) ;
#1976 = CARTESIAN_POINT ( 'NONE',  ( -5.178907482225810099, -3.074999999999999734, -4.500000000000000000 ) ) ;
#1977 = AXIS2_PLACEMENT_3D ( 'NONE', #2153, #1688, #1669 ) ;
#1978 = VERTEX_POINT ( 'NONE', #316 ) ;
#1979 = ORIENTED_EDGE ( 'NONE', *, *, #566, .F. ) ;
#1980 = DIRECTION ( 'NONE',  ( -1.000000000000000000, -4.336808689942006889E-16, 0.0000000000000000000 ) ) ;
#1981 = DIRECTION ( 'NONE',  ( 0.0000000000000000000, -0.0000000000000000000, -1.000000000000000000 ) ) ;
#1982 = ORIENTED_EDGE ( 'NONE', *, *, #410, .F. ) ;
#1983 = FACE_OUTER_BOUND ( 'NONE', #1525, .T. ) ;
#1984 = EDGE_CURVE ( 'NONE', #2067, #2631, #2398, .T. ) ;
#1985 = DIRECTION ( 'NONE',  ( 3.406102426063380384E-16, -0.9985720494779438683, -0.05342154997207537032 ) ) ;
#1986 = CARTESIAN_POINT ( 'NONE',  ( -0.0000000000000000000, 4.125000000000000888, 0.0000000000000000000 ) ) ;
#1987 = ORIENTED_EDGE ( 'NONE', *, *, #1327, .T. ) ;
#1988 = DIRECTION ( 'NONE',  ( 1.000000000000000000, -1.200500675416475772E-16, 0.0000000000000000000 ) ) ;
#1989 = DIRECTION ( 'NONE',  ( -0.0000000000000000000, -0.0000000000000000000, 1.000000000000000000 ) ) ;
#1990 = AXIS2_PLACEMENT_3D ( 'NONE', #2434, #2889, #2422 ) ;
#1991 = APPROVAL_PERSON_ORGANIZATION ( #814, #2634, #148 ) ;
#1992 = VECTOR ( 'NONE', #141, 1000.000000000000000 ) ;
#1993 = CARTESIAN_POINT ( 'NONE',  ( 6.469726736704051184, -3.125764465427563810, -0.06389932711159505840 ) ) ;
#1994 = ORIENTED_EDGE ( 'NONE', *, *, #2512, .F. ) ;
#1995 = FACE_OUTER_BOUND ( 'NONE', #2105, .T. ) ;
#1996 = CARTESIAN_POINT ( 'NONE',  ( 6.424999999999999822, -5.650000000000000355, -9.000000000000000000 ) ) ;
#1997 = EDGE_CURVE ( 'NONE', #859, #2038, #2610, .T. ) ;
#1998 = CARTESIAN_POINT ( 'NONE',  ( 5.500000000000000000, -2.174999999999999822, -4.500000000000000000 ) ) ;
#1999 = EDGE_CURVE ( 'NONE', #1815, #228, #2326, .T. ) ;
#2000 = CARTESIAN_POINT ( 'NONE',  ( 7.200000000000000178, 4.199999999999997513, -4.500000000000000000 ) ) ;
#2001 = ORIENTED_EDGE ( 'NONE', *, *, #1296, .F. ) ;
#2002 = CARTESIAN_POINT ( 'NONE',  ( -3.199999999999997957, -3.074999999999999734, 0.0000000000000000000 ) ) ;
#2003 = CARTESIAN_POINT ( 'NONE',  ( -2.425000000000000266, -6.650000000000000355, -4.500000000000000000 ) ) ;
#2004 = VERTEX_POINT ( 'NONE', #790 ) ;
#2005 = DIRECTION ( 'NONE',  ( -1.000000000000000000, 0.0000000000000000000, 0.0000000000000000000 ) ) ;
#2006 = ORIENTED_EDGE ( 'NONE', *, *, #1537, .F. ) ;
#2007 = EDGE_LOOP ( 'NONE', ( #491, #2510, #564, #1337 ) ) ;
#2008 = ADVANCED_FACE ( 'NONE', ( #1460 ), #1927, .T. ) ;
#2009 = CARTESIAN_POINT ( 'NONE',  ( 6.424999999999998934, -4.174999999999999822, -5.400024999999999409 ) ) ;
#2010 = DIRECTION ( 'NONE',  ( 0.0000000000000000000, -1.000000000000000000, 0.0000000000000000000 ) ) ;
#2011 = APPROVAL_STATUS ( 'not_yet_approved' ) ;
#2012 = CARTESIAN_POINT ( 'NONE',  ( -3.730671790404080479, 7.214999999999997193, -1.179270645342404000 ) ) ;
#2013 = CARTESIAN_POINT ( 'NONE',  ( -4.349999999999999645, 7.324999999999999289, -6.299999999999998934 ) ) ;
#2014 = ORIENTED_EDGE ( 'NONE', *, *, #969, .T. ) ;
#2015 = CARTESIAN_POINT ( 'NONE',  ( -2.425000000000000711, -5.650000000000000355, -9.000000000000000000 ) ) ;
#2016 = CARTESIAN_POINT ( 'NONE',  ( 4.000000000000000000, 0.0000000000000000000, 3.700000000000000178 ) ) ;
#2017 = ORIENTED_EDGE ( 'NONE', *, *, #1842, .T. ) ;
#2018 = EDGE_CURVE ( 'NONE', #359, #968, #2035, .T. ) ;
#2019 = VECTOR ( 'NONE', #2850, 1000.000000000000000 ) ;
#2020 = ADVANCED_FACE ( 'NONE', ( #2378 ), #2834, .F. ) ;
#2021 = LINE ( 'NONE', #900, #1306 ) ;
#2022 = ORIENTED_EDGE ( 'NONE', *, *, #1879, .T. ) ;
#2023 = DIRECTION ( 'NONE',  ( 1.239088197126290817E-16, 1.000000000000000000, -0.0000000000000000000 ) ) ;
#2024 = VECTOR ( 'NONE', #166, 1000.000000000000000 ) ;
#2025 = LINE ( 'NONE', #1292, #1882 ) ;
#2026 = AXIS2_PLACEMENT_3D ( 'NONE', #548, #1432, #1026 ) ;
#2027 = CARTESIAN_POINT ( 'NONE',  ( 11.83446580044896557, 7.274747714624763439, 0.3891840341157592476 ) ) ;
#2028 = ORIENTED_EDGE ( 'NONE', *, *, #1052, .T. ) ;
#2029 = FACE_OUTER_BOUND ( 'NONE', #2607, .T. ) ;
#2030 = DIRECTION ( 'NONE',  ( -0.4103646773287979999, -0.0000000000000000000, 0.9119215051751062839 ) ) ;
#2031 = VERTEX_POINT ( 'NONE', #99 ) ;
#2032 = CIRCLE ( 'NONE', #2821, 9.360484467328069158 ) ;
#2033 = EDGE_CURVE ( 'NONE', #2456, #2534, #2568, .T. ) ;
#2034 = CC_DESIGN_APPROVAL ( #2634, ( #2269 ) ) ;
#2036 = EDGE_CURVE ( 'NONE', #2189, #66, #1301, .T. ) ;
#2035 = CIRCLE ( 'NONE', #1134, 1.899999999999999911 ) ;
#2037 = CARTESIAN_POINT ( 'NONE',  ( 2.574999999999999734, 1.149999999999999911, 0.0000000000000000000 ) ) ;
#2038 = VERTEX_POINT ( 'NONE', #602 ) ;
#2039 = PLANE ( 'NONE',  #427 ) ;
#2040 = EDGE_LOOP ( 'NONE', ( #739, #405, #187, #2551 ) ) ;
#2041 = CARTESIAN_POINT ( 'NONE',  ( -5.048843010350211102, -3.074999999999999734, -4.108540023000473163 ) ) ;
#2042 = LINE ( 'NONE', #1825, #888 ) ;
#2043 = DESIGN_CONTEXT ( 'detailed design', #35, 'design' ) ;
#2044 = DIRECTION ( 'NONE',  ( 0.0000000000000000000, -0.0000000000000000000, -1.000000000000000000 ) ) ;
#2045 = ORIENTED_EDGE ( 'NONE', *, *, #1286, .T. ) ;
#2046 = CARTESIAN_POINT ( 'NONE',  ( 4.000000000000000000, 1.149999999999999911, 3.700000000000000178 ) ) ;
#2047 = CARTESIAN_POINT ( 'NONE',  ( -4.349999999999999645, -6.175000000000001599, -11.29999999999999893 ) ) ;
#2048 = EDGE_CURVE ( 'NONE', #1395, #2436, #2867, .T. ) ;
#2049 = ORIENTED_EDGE ( 'NONE', *, *, #2466, .T. ) ;
#2050 = PLANE ( 'NONE',  #238 ) ;
#2051 = ORIENTED_EDGE ( 'NONE', *, *, #2739, .F. ) ;
#2052 = ORIENTED_EDGE ( 'NONE', *, *, #1984, .F. ) ;
#2053 = ORIENTED_EDGE ( 'NONE', *, *, #1374, .F. ) ;
#2054 = DIRECTION ( 'NONE',  ( 4.604286694053853565E-16, -0.7829862185851037548, 0.6220390514314998454 ) ) ;
#2055 = CARTESIAN_POINT ( 'NONE',  ( -1.906828780053867689, 4.125000000000000888, 0.0000000000000000000 ) ) ;
#2056 = VERTEX_POINT ( 'NONE', #633 ) ;
#2057 = DIRECTION ( 'NONE',  ( -1.000000000000000000, 0.0000000000000000000, 0.0000000000000000000 ) ) ;
#2058 = VERTEX_POINT ( 'NONE', #204 ) ;
#2059 = CARTESIAN_POINT ( 'NONE',  ( 5.500000000000000000, 0.0000000000000000000, 0.0000000000000000000 ) ) ;
#2060 = CARTESIAN_POINT ( 'NONE',  ( 7.238645917050990697, -6.175000000000001599, -9.000000000000000000 ) ) ;
#2061 = EDGE_LOOP ( 'NONE', ( #959, #1979, #271, #867, #2195, #298 ) ) ;
#2062 = ADVANCED_FACE ( 'NONE', ( #1334 ), #2192, .F. ) ;
#2063 = EDGE_CURVE ( 'NONE', #2572, #2239, #232, .T. ) ;
#2064 = CARTESIAN_POINT ( 'NONE',  ( 6.424999999999999822, -5.650000000000000355, -14.59999999999999787 ) ) ;
#2065 = VERTEX_POINT ( 'NONE', #1976 ) ;
#2066 = CARTESIAN_POINT ( 'NONE',  ( -5.224999999999998757, -6.650000000000000355, -4.782881900702105504 ) ) ;
#2067 = VERTEX_POINT ( 'NONE', #2454 ) ;
#2068 = CARTESIAN_POINT ( 'NONE',  ( 9.178907482225811876, 4.199999999999997513, -4.500000000000000000 ) ) ;
#2069 = PLANE ( 'NONE',  #473 ) ;
#2070 = VECTOR ( 'NONE', #1491, 1000.000000000000000 ) ;
#2071 = ORIENTED_EDGE ( 'NONE', *, *, #1374, .T. ) ;
#2072 = ADVANCED_FACE ( 'NONE', ( #2208 ), #1847, .T. ) ;
#2073 = VECTOR ( 'NONE', #1989, 1000.000000000000000 ) ;
#2074 = CARTESIAN_POINT ( 'NONE',  ( 4.500000000000000888, 5.724999999999998757, -11.29999999999999893 ) ) ;
#2075 = ORIENTED_EDGE ( 'NONE', *, *, #757, .T. ) ;
#2076 = PLANE ( 'NONE',  #2543 ) ;
#2077 = AXIS2_PLACEMENT_3D ( 'NONE', #2574, #2552, #2111 ) ;
#2078 = EDGE_CURVE ( 'NONE', #1562, #943, #1959, .T. ) ;
#2079 = CARTESIAN_POINT ( 'NONE',  ( -5.224999999999996980, 7.799999999999998046, -4.500000000000000000 ) ) ;
#2080 = ORIENTED_EDGE ( 'NONE', *, *, #34, .F. ) ;
#2081 = DIRECTION ( 'NONE',  ( 1.000000000000000000, -6.829619984160658046E-17, 0.0000000000000000000 ) ) ;
#2082 = VERTEX_POINT ( 'NONE', #1272 ) ;
#2083 = CARTESIAN_POINT ( 'NONE',  ( 9.178907482225813652, 7.799999999999997158, -4.500000000000000000 ) ) ;
#2084 = AXIS2_PLACEMENT_3D ( 'NONE', #263, #2747, #460 ) ;
#2085 = DIRECTION ( 'NONE',  ( -0.0000000000000000000, -0.0000000000000000000, 1.000000000000000000 ) ) ;
#2086 = DIRECTION ( 'NONE',  ( -1.000000000000000000, 0.0000000000000000000, 0.0000000000000000000 ) ) ;
#2087 = EDGE_LOOP ( 'NONE', ( #1741, #940, #2478, #1378 ) ) ;
#2088 = DIRECTION ( 'NONE',  ( 0.0000000000000000000, 0.0000000000000000000, 1.000000000000000000 ) ) ;
#2089 = EDGE_LOOP ( 'NONE', ( #2371, #206, #810, #291 ) ) ;
#2090 = DIRECTION ( 'NONE',  ( -6.002503377082377626E-17, -1.000000000000000000, 0.0000000000000000000 ) ) ;
#2091 = APPROVAL ( #2011, 'UNSPECIFIED' ) ;
#2092 = CARTESIAN_POINT ( 'NONE',  ( 6.425000000000000711, -6.650000000000003020, -4.500000000000000000 ) ) ;
#2093 = EDGE_CURVE ( 'NONE', #2705, #1955, #447, .T. ) ;
#2094 = ORIENTED_EDGE ( 'NONE', *, *, #2457, .T. ) ;
#2095 = CARTESIAN_POINT ( 'NONE',  ( -3.258120437188722462, -6.175000000000001599, -11.29999999999999893 ) ) ;
#2096 = CARTESIAN_POINT ( 'NONE',  ( -2.519999999999999574, 3.075000000000000622, -14.90000000000000036 ) ) ;
#2097 = ORIENTED_EDGE ( 'NONE', *, *, #1335, .T. ) ;
#2098 = CARTESIAN_POINT ( 'NONE',  ( -1.500000000000000444, -2.174999999999999822, -5.000000000000000000 ) ) ;
#2099 = ORIENTED_EDGE ( 'NONE', *, *, #2335, .F. ) ;
#2100 = DIRECTION ( 'NONE',  ( 1.000000000000000000, -6.002503377082377626E-17, 0.0000000000000000000 ) ) ;
#2101 = LINE ( 'NONE', #2373, #1258 ) ;
#2102 = VERTEX_POINT ( 'NONE', #837 ) ;
#2103 = DIRECTION ( 'NONE',  ( -1.200500675416475772E-16, -1.000000000000000000, 0.0000000000000000000 ) ) ;
#2104 = LINE ( 'NONE', #2337, #2763 ) ;
#2105 = EDGE_LOOP ( 'NONE', ( #1668, #2593, #468, #899 ) ) ;
#2106 = VECTOR ( 'NONE', #2416, 1000.000000000000000 ) ;
#2107 = FACE_OUTER_BOUND ( 'NONE', #614, .T. ) ;
#2108 = ORIENTED_EDGE ( 'NONE', *, *, #116, .F. ) ;
#2109 = DIRECTION ( 'NONE',  ( -0.0000000000000000000, -0.0000000000000000000, 1.000000000000000000 ) ) ;
#2110 = AXIS2_PLACEMENT_3D ( 'NONE', #1919, #2812, #1046 ) ;
#2111 = DIRECTION ( 'NONE',  ( 0.0000000000000000000, 0.0000000000000000000, -1.000000000000000000 ) ) ;
#2112 = CARTESIAN_POINT ( 'NONE',  ( 1.425000000000000488, 2.425000000000000266, 0.0000000000000000000 ) ) ;
#2113 = ORIENTED_EDGE ( 'NONE', *, *, #2131, .F. ) ;
#2114 = AXIS2_PLACEMENT_3D ( 'NONE', #1564, #1576, #2508 ) ;
#2115 = EDGE_CURVE ( 'NONE', #1574, #2525, #2672, .T. ) ;
#2116 = ADVANCED_FACE ( 'NONE', ( #1490 ), #2657, .T. ) ;
#2117 = CARTESIAN_POINT ( 'NONE',  ( -5.048843010350209326, 4.199999999999997513, -4.108540023000468722 ) ) ;
#2118 = CARTESIAN_POINT ( 'NONE',  ( 9.209635827408604314, 7.799999999999997158, -4.639792108149411121 ) ) ;
#2119 = VECTOR ( 'NONE', #1389, 1000.000000000000000 ) ;
#2120 = DIRECTION ( 'NONE',  ( -1.000000000000000000, -0.0000000000000000000, -0.0000000000000000000 ) ) ;
#2121 = VECTOR ( 'NONE', #2109, 1000.000000000000000 ) ;
#2122 = CARTESIAN_POINT ( 'NONE',  ( 9.048843010350212879, -0.6499999999999995781, -4.108540023000472274 ) ) ;
#2123 = ORIENTED_EDGE ( 'NONE', *, *, #314, .F. ) ;
#2124 = PERSON_AND_ORGANIZATION ( #1904, #72 ) ;
#2125 = FACE_OUTER_BOUND ( 'NONE', #1624, .T. ) ;
#2126 = VECTOR ( 'NONE', #74, 1000.000000000000000 ) ;
#2127 = LINE ( 'NONE', #110, #749 ) ;
#2128 = CARTESIAN_POINT ( 'NONE',  ( 6.424999999999999822, -5.650000000000000355, -4.500000000000000000 ) ) ;
#2129 = ORIENTED_EDGE ( 'NONE', *, *, #2335, .T. ) ;
#2130 = CARTESIAN_POINT ( 'NONE',  ( -2.425000000000001155, -4.174999999999999822, -5.400024999999999409 ) ) ;
#2131 = EDGE_CURVE ( 'NONE', #883, #382, #2895, .T. ) ;
#2132 = CARTESIAN_POINT ( 'NONE',  ( 0.0000000000000000000, 0.0000000000000000000, 0.0000000000000000000 ) ) ;
#2133 = CARTESIAN_POINT ( 'NONE',  ( 2.000000000000000444, 0.5749999999999991784, -11.29999999999999893 ) ) ;
#2134 = DIRECTION ( 'NONE',  ( 1.000000000000000000, 0.0000000000000000000, -0.0000000000000000000 ) ) ;
#2135 = DIRECTION ( 'NONE',  ( -1.000000000000000000, 0.0000000000000000000, 0.0000000000000000000 ) ) ;
#2136 = ORIENTED_EDGE ( 'NONE', *, *, #2164, .T. ) ;
#2137 = DATE_AND_TIME ( #346, #1693 ) ;
#2138 = DIRECTION ( 'NONE',  ( 1.000000000000000000, 0.0000000000000000000, 0.0000000000000000000 ) ) ;
#2139 = ADVANCED_FACE ( 'NONE', ( #387 ), #1764, .F. ) ;
#2140 = LINE ( 'NONE', #1467, #1116 ) ;
#2141 = CARTESIAN_POINT ( 'NONE',  ( -3.199999999999997957, 4.199999999999997513, -4.500000000000000000 ) ) ;
#2142 = ORIENTED_EDGE ( 'NONE', *, *, #721, .T. ) ;
#2143 = CARTESIAN_POINT ( 'NONE',  ( -2.925000000023750601, -3.269774822871045927, -0.2437088526052474113 ) ) ;
#2144 = ADVANCED_FACE ( 'NONE', ( #1050 ), #2849, .F. ) ;
#2145 = PLANE ( 'NONE',  #73 ) ;
#2146 = LINE ( 'NONE', #545, #2859 ) ;
#2147 = EDGE_LOOP ( 'NONE', ( #1673, #198, #449, #756 ) ) ;
#2148 = DIRECTION ( 'NONE',  ( 0.4103646773287981109, 0.0000000000000000000, -0.9119215051751063950 ) ) ;
#2149 = DIRECTION ( 'NONE',  ( -0.0000000000000000000, -0.0000000000000000000, 1.000000000000000000 ) ) ;
#2150 = ORIENTED_EDGE ( 'NONE', *, *, #2384, .T. ) ;
#2151 = COORDINATED_UNIVERSAL_TIME_OFFSET ( 1, 0, .AHEAD. ) ;
#2152 = ADVANCED_FACE ( 'NONE', ( #2715 ), #2050, .F. ) ;
#2153 = CARTESIAN_POINT ( 'NONE',  ( 0.0000000000000000000, -3.074999999999999734, -4.500000000000000000 ) ) ;
#2154 = ADVANCED_FACE ( 'NONE', ( #1127 ), #2498, .F. ) ;
#2155 = DIRECTION ( 'NONE',  ( -0.0000000000000000000, -0.0000000000000000000, -1.000000000000000000 ) ) ;
#2156 = CARTESIAN_POINT ( 'NONE',  ( -3.199999999999998845, -1.091511400614619680E-15, 0.0000000000000000000 ) ) ;
#2157 = VERTEX_POINT ( 'NONE', #2347 ) ;
#2158 = CARTESIAN_POINT ( 'NONE',  ( 9.178907482225811876, 4.199999999999997513, -4.500000000000000000 ) ) ;
#2159 = VECTOR ( 'NONE', #1518, 1000.000000000000000 ) ;
#2160 = AXIS2_PLACEMENT_3D ( 'NONE', #1233, #538, #2135 ) ;
#2161 = FACE_OUTER_BOUND ( 'NONE', #1262, .T. ) ;
#2162 = CARTESIAN_POINT ( 'NONE',  ( 6.424999999999996270, 3.778168926491856484E-15, -5.399999999999999467 ) ) ;
#2163 = VERTEX_POINT ( 'NONE', #248 ) ;
#2164 = EDGE_CURVE ( 'NONE', #641, #1216, #2252, .T. ) ;
#2165 = DIRECTION ( 'NONE',  ( -1.000000000000000000, -3.415313893875990418E-16, -2.465190328815661892E-32 ) ) ;
#2166 = DIRECTION ( 'NONE',  ( 1.000000000000000000, 5.880418562633242031E-16, 0.0000000000000000000 ) ) ;
#2167 = EDGE_LOOP ( 'NONE', ( #1203, #1007, #435, #2367 ) ) ;
#2168 = PERSON_AND_ORGANIZATION ( #1904, #72 ) ;
#2169 = CARTESIAN_POINT ( 'NONE',  ( -5.224999999999996980, 7.799999999999998046, -5.399999999999999467 ) ) ;
#2170 = VECTOR ( 'NONE', #137, 1000.000000000000000 ) ;
#2171 = CARTESIAN_POINT ( 'NONE',  ( 11.83446580044896379, 16.76640768423734684, -1.812584382135965955 ) ) ;
#2172 = DIRECTION ( 'NONE',  ( 0.0000000000000000000, -1.000000000000000000, 0.0000000000000000000 ) ) ;
#2173 = ORIENTED_EDGE ( 'NONE', *, *, #2354, .F. ) ;
#2174 = SECURITY_CLASSIFICATION ( '', '', #375 ) ;
#2175 = EDGE_CURVE ( 'NONE', #1497, #2293, #1623, .T. ) ;
#2176 = LINE ( 'NONE', #835, #1019 ) ;
#2177 = B_SPLINE_CURVE_WITH_KNOTS ( 'NONE', 3,
 ( #960, #944, #787, #2749 ),
 .UNSPECIFIED., .F., .F.,
 ( 4, 4 ),
 ( 0.7861710695810044669, 1.000000000000000000 ),
 .UNSPECIFIED. ) ;
#2178 = DIRECTION ( 'NONE',  ( -0.0000000000000000000, 1.000000000000000000, -0.0000000000000000000 ) ) ;
#2179 = LINE ( 'NONE', #388, #2019 ) ;
#2180 = ORIENTED_EDGE ( 'NONE', *, *, #1286, .F. ) ;
#2181 = CARTESIAN_POINT ( 'NONE',  ( 6.424999999999998934, -4.174999999999999822, -9.000000000000000000 ) ) ;
#2182 = PLANE ( 'NONE',  #939 ) ;
#2183 = ORIENTED_EDGE ( 'NONE', *, *, #2790, .F. ) ;
#2184 = EDGE_CURVE ( 'NONE', #2031, #2894, #2480, .T. ) ;
#2185 = EDGE_CURVE ( 'NONE', #649, #2719, #1345, .T. ) ;
#2186 = FACE_OUTER_BOUND ( 'NONE', #309, .T. ) ;
#2187 = FACE_OUTER_BOUND ( 'NONE', #2309, .T. ) ;
#2188 = DIRECTION ( 'NONE',  ( 0.0000000000000000000, -1.000000000000000000, 0.0000000000000000000 ) ) ;
#2189 = VERTEX_POINT ( 'NONE', #1838 ) ;
#2190 = CARTESIAN_POINT ( 'NONE',  ( -4.349999999999999645, 7.324999999999999289, -11.29999999999999893 ) ) ;
#2191 = DIRECTION ( 'NONE',  ( 0.0000000000000000000, 0.0000000000000000000, -1.000000000000000000 ) ) ;
#2192 = PLANE ( 'NONE',  #1508 ) ;
#2193 = CARTESIAN_POINT ( 'NONE',  ( -2.425000000000001155, -4.174999999999999822, -5.399999999999999467 ) ) ;
#2194 = EDGE_CURVE ( 'NONE', #2004, #1465, #2297, .T. ) ;
#2195 = ORIENTED_EDGE ( 'NONE', *, *, #768, .T. ) ;
#2196 = ORIENTED_EDGE ( 'NONE', *, *, #1458, .F. ) ;
#2197 = CARTESIAN_POINT ( 'NONE',  ( -1.499999999999999778, 4.731064025391290462E-16, 0.0000000000000000000 ) ) ;
#2198 = LINE ( 'NONE', #1307, #54 ) ;
#2199 = AXIS2_PLACEMENT_3D ( 'NONE', #1538, #431, #1777 ) ;
#2200 = EDGE_LOOP ( 'NONE', ( #622, #626, #1780, #542 ) ) ;
#2201 = DIRECTION ( 'NONE',  ( -1.000000000000000000, 6.002503377082377626E-17, 0.0000000000000000000 ) ) ;
#2202 = DIRECTION ( 'NONE',  ( 0.0000000000000000000, -0.0000000000000000000, -1.000000000000000000 ) ) ;
#2203 = CARTESIAN_POINT ( 'NONE',  ( 6.924999999999997158, -3.074999999999998845, -0.2437088524045562532 ) ) ;
#2204 = ORIENTED_EDGE ( 'NONE', *, *, #87, .T. ) ;
#2205 = CARTESIAN_POINT ( 'NONE',  ( -5.224999999999996980, 7.799999999999998046, -5.399999999999999467 ) ) ;
#2206 = CARTESIAN_POINT ( 'NONE',  ( 6.424999999999999822, -5.650000000000000355, -9.000000000000000000 ) ) ;
#2207 = VECTOR ( 'NONE', #2289, 1000.000000000000000 ) ;
#2208 = FACE_OUTER_BOUND ( 'NONE', #1822, .T. ) ;
#2209 = EDGE_CURVE ( 'NONE', #2189, #1712, #477, .T. ) ;
#2210 = VECTOR ( 'NONE', #2432, 1000.000000000000000 ) ;
#2211 = EDGE_LOOP ( 'NONE', ( #2455, #679, #2180, #2832 ) ) ;
#2212 = ORIENTED_EDGE ( 'NONE', *, *, #2646, .T. ) ;
#2213 = EDGE_CURVE ( 'NONE', #2757, #1796, #290, .T. ) ;
#2214 = CARTESIAN_POINT ( 'NONE',  ( 3.900000000000000799, 0.5749999999999991784, -11.29999999999999893 ) ) ;
#2215 = DIRECTION ( 'NONE',  ( 0.0000000000000000000, -1.000000000000000000, 0.0000000000000000000 ) ) ;
#2216 = CARTESIAN_POINT ( 'NONE',  ( 7.200000000000000178, 4.199999999999997513, -4.500000000000000000 ) ) ;
#2217 = CARTESIAN_POINT ( 'NONE',  ( 7.730671790404080923, -3.074999999999999734, -1.179270645342403556 ) ) ;
#2218 = ORIENTED_EDGE ( 'NONE', *, *, #224, .T. ) ;
#2219 = CARTESIAN_POINT ( 'NONE',  ( 5.500000000000000000, 3.324999999999999734, 0.0000000000000000000 ) ) ;
#2220 = DIRECTION ( 'NONE',  ( 0.0000000000000000000, -0.0000000000000000000, 1.000000000000000000 ) ) ;
#2221 = CIRCLE ( 'NONE', #211, 0.3500000000000002554 ) ;
#2222 = ORIENTED_EDGE ( 'NONE', *, *, #2656, .T. ) ;
#2223 = AXIS2_PLACEMENT_3D ( 'NONE', #2437, #1085, #1111 ) ;
#2224 = EDGE_CURVE ( 'NONE', #709, #1731, #724, .T. ) ;
#2225 = CARTESIAN_POINT ( 'NONE',  ( 6.768173600892315456, -3.205808218172081059, -0.1646537011956279162 ) ) ;
#2226 = ORIENTED_EDGE ( 'NONE', *, *, #2755, .F. ) ;
#2227 = DIRECTION ( 'NONE',  ( -3.942553354492746982E-16, 1.000000000000000000, 0.0000000000000000000 ) ) ;
#2228 = CARTESIAN_POINT ( 'NONE',  ( -2.425000000000001155, -4.174999999999999822, -14.59999999999999787 ) ) ;
#2229 = DATE_TIME_ROLE ( 'classification_date' ) ;
#2230 = DIRECTION ( 'NONE',  ( 0.0000000000000000000, 0.0000000000000000000, -1.000000000000000000 ) ) ;
#2231 = CARTESIAN_POINT ( 'NONE',  ( -1.906828780053867689, 0.02833333333333463641, 0.0000000000000000000 ) ) ;
#2232 = EDGE_LOOP ( 'NONE', ( #285, #1862, #2071, #92 ) ) ;
#2233 = CARTESIAN_POINT ( 'NONE',  ( -2.924999999992516919, -3.575000000000001954, -0.2437088525962249896 ) ) ;
#2234 = FACE_OUTER_BOUND ( 'NONE', #1511, .T. ) ;
#2235 = EDGE_CURVE ( 'NONE', #2862, #101, #2221, .T. ) ;
#2236 = ORIENTED_EDGE ( 'NONE', *, *, #591, .F. ) ;
#2237 = ADVANCED_FACE ( 'NONE', ( #1857 ), #2270, .F. ) ;
#2238 = CARTESIAN_POINT ( 'NONE',  ( 2.575000000000000178, 0.0000000000000000000, 3.700000000000000178 ) ) ;
#2239 = VERTEX_POINT ( 'NONE', #2128 ) ;
#2240 = EDGE_LOOP ( 'NONE', ( #1521, #2236, #2376, #2588 ) ) ;
#2241 = CARTESIAN_POINT ( 'NONE',  ( 7.238645917050990697, -3.074999999999999734, -9.000000000000000000 ) ) ;
#2242 = FACE_OUTER_BOUND ( 'NONE', #1793, .T. ) ;
#2243 = VECTOR ( 'NONE', #172, 1000.000000000000000 ) ;
#2244 = CARTESIAN_POINT ( 'NONE',  ( 9.225000000000001421, -6.650000000000001243, -4.929269377658066276 ) ) ;
#2245 = VERTEX_POINT ( 'NONE', #123 ) ;
#2246 = DIRECTION ( 'NONE',  ( -1.000000000000000000, 0.0000000000000000000, -0.0000000000000000000 ) ) ;
#2247 = EDGE_CURVE ( 'NONE', #1955, #1259, #41, .T. ) ;
#2248 = FACE_OUTER_BOUND ( 'NONE', #335, .T. ) ;
#2249 = EDGE_CURVE ( 'NONE', #1775, #609, #926, .T. ) ;
#2250 = ORIENTED_EDGE ( 'NONE', *, *, #1409, .T. ) ;
#2251 = AXIS2_PLACEMENT_3D ( 'NONE', #163, #330, #1932 ) ;
#2252 = LINE ( 'NONE', #2688, #836 ) ;
#2253 = EDGE_LOOP ( 'NONE', ( #2051, #5, #160, #207 ) ) ;
#2254 = VECTOR ( 'NONE', #2818, 1000.000000000000000 ) ;
#2255 = DIRECTION ( 'NONE',  ( 1.000000000000000000, -6.002503377082377626E-17, 0.0000000000000000000 ) ) ;
#2256 = ORIENTED_EDGE ( 'NONE', *, *, #2235, .F. ) ;
#2257 = CARTESIAN_POINT ( 'NONE',  ( -5.178907482225810099, 7.799999999999998046, -4.500000000000000000 ) ) ;
#2258 = VECTOR ( 'NONE', #1867, 1000.000000000000000 ) ;
#2259 = LINE ( 'NONE', #1798, #839 ) ;
#2260 = ADVANCED_FACE ( 'NONE', ( #1609 ), #1957, .T. ) ;
#2261 = AXIS2_PLACEMENT_3D ( 'NONE', #1729, #158, #620 ) ;
#2262 = CARTESIAN_POINT ( 'NONE',  ( -5.224999999999996980, 7.799999999999998046, -6.299999999999998934 ) ) ;
#2263 = ORIENTED_EDGE ( 'NONE', *, *, #2448, .T. ) ;
#2264 = DIRECTION ( 'NONE',  ( -0.0000000000000000000, -0.0000000000000000000, 1.000000000000000000 ) ) ;
#2265 = CARTESIAN_POINT ( 'NONE',  ( 7.537719333688055023, -3.074999999999999734, -0.7504874081956797172 ) ) ;
#2266 = ORIENTED_EDGE ( 'NONE', *, *, #1315, .T. ) ;
#2267 = EDGE_CURVE ( 'NONE', #1259, #825, #2420, .T. ) ;
#2268 = VECTOR ( 'NONE', #2783, 1000.000000000000000 ) ;
#2269 = PRODUCT_DEFINITION_FORMATION_WITH_SPECIFIED_SOURCE ( 'ANY', '', #2745, .NOT_KNOWN. ) ;
#2270 = PLANE ( 'NONE',  #2084 ) ;
#2271 = ORIENTED_EDGE ( 'NONE', *, *, #2866, .F. ) ;
#2272 = B_SPLINE_CURVE_WITH_KNOTS ( 'NONE', 3,
 ( #831, #1030, #1719, #583 ),
 .UNSPECIFIED., .F., .F.,
 ( 4, 4 ),
 ( 0.0000000000000000000, 0.0005556560876964490277 ),
 .UNSPECIFIED. ) ;
#2273 = ORIENTED_EDGE ( 'NONE', *, *, #2814, .T. ) ;
#2274 = ORIENTED_EDGE ( 'NONE', *, *, #2473, .F. ) ;
#2275 = EDGE_CURVE ( 'NONE', #66, #1872, #2831, .T. ) ;
#2276 = CARTESIAN_POINT ( 'NONE',  ( 4.500000000000000888, 5.724999999999998757, -14.90000000000000036 ) ) ;
#2277 = CARTESIAN_POINT ( 'NONE',  ( 5.906828780053868577, 3.621666666666667034, 0.0000000000000000000 ) ) ;
#2278 = ORIENTED_EDGE ( 'NONE', *, *, #925, .T. ) ;
#2279 = CARTESIAN_POINT ( 'NONE',  ( 9.178907482225810099, -6.650000000000001243, -4.500000000000000000 ) ) ;
#2280 = ORIENTED_EDGE ( 'NONE', *, *, #391, .T. ) ;
#2281 = DIRECTION ( 'NONE',  ( -1.224646799147353207E-16, 1.000000000000000000, 0.0000000000000000000 ) ) ;
#2282 = FACE_BOUND ( 'NONE', #26, .T. ) ;
#2283 = EDGE_LOOP ( 'NONE', ( #1023, #1961, #2446, #2212 ) ) ;
#2284 = CARTESIAN_POINT ( 'NONE',  ( -5.224999999999999645, -2.074166666666667602, -4.499999999999998224 ) ) ;
#2285 = ORIENTED_EDGE ( 'NONE', *, *, #788, .F. ) ;
#2286 = DIRECTION ( 'NONE',  ( 1.000000000000000000, -1.239088197126291063E-16, 0.0000000000000000000 ) ) ;
#2287 = EDGE_LOOP ( 'NONE', ( #1053, #881, #37, #233 ) ) ;
#2288 = CARTESIAN_POINT ( 'NONE',  ( -2.169999999999999485, 3.075000000000000622, -14.90000000000000036 ) ) ;
#2289 = DIRECTION ( 'NONE',  ( -0.0000000000000000000, -1.000000000000000000, -0.0000000000000000000 ) ) ;
#2290 = ADVANCED_FACE ( 'NONE', ( #1468 ), #349, .F. ) ;
#2291 = ORIENTED_EDGE ( 'NONE', *, *, #1997, .F. ) ;
#2292 = CARTESIAN_POINT ( 'NONE',  ( 2.575000000000000178, -1.275000000000000133, 0.0000000000000000000 ) ) ;
#2293 = VERTEX_POINT ( 'NONE', #1016 ) ;
#2294 = DIRECTION ( 'NONE',  ( 0.0000000000000000000, 1.000000000000000000, -0.0000000000000000000 ) ) ;
#2295 = DIRECTION ( 'NONE',  ( -0.0000000000000000000, -0.0000000000000000000, 1.000000000000000000 ) ) ;
#2296 = VERTEX_POINT ( 'NONE', #397 ) ;
#2297 = LINE ( 'NONE', #910, #255 ) ;
#2298 = ORIENTED_EDGE ( 'NONE', *, *, #2093, .T. ) ;
#2299 = LINE ( 'NONE', #1018, #6 ) ;
#2300 = ORIENTED_EDGE ( 'NONE', *, *, #1459, .F. ) ;
#2301 = VECTOR ( 'NONE', #901, 1000.000000000000000 ) ;
#2302 = CARTESIAN_POINT ( 'NONE',  ( 7.730671790404080923, 4.125000000000005329, -1.179270645342403334 ) ) ;
#2303 = LINE ( 'NONE', #2582, #702 ) ;
#2304 = VECTOR ( 'NONE', #2449, 1000.000000000000000 ) ;
#2305 = ADVANCED_FACE ( 'NONE', ( #2813 ), #1829, .F. ) ;
#2306 = EDGE_LOOP ( 'NONE', ( #1701, #1112 ) ) ;
#2307 = VECTOR ( 'NONE', #1499, 1000.000000000000000 ) ;
#2308 = PLANE ( 'NONE',  #941 ) ;
#2309 = EDGE_LOOP ( 'NONE', ( #1186, #2414, #895, #2028, #1659 ) ) ;
#2310 = LINE ( 'NONE', #936, #955 ) ;
#2311 = VECTOR ( 'NONE', #467, 1000.000000000000000 ) ;
#2312 = PLANE ( 'NONE',  #2670 ) ;
#2313 = ORIENTED_EDGE ( 'NONE', *, *, #956, .T. ) ;
#2314 = EDGE_CURVE ( 'NONE', #2668, #1760, #197, .T. ) ;
#2315 = VECTOR ( 'NONE', #660, 1000.000000000000000 ) ;
#2316 = DIRECTION ( 'NONE',  ( 0.0000000000000000000, 0.0000000000000000000, -1.000000000000000000 ) ) ;
#2317 = CARTESIAN_POINT ( 'NONE',  ( 0.0000000000000000000, 0.0000000000000000000, 0.0000000000000000000 ) ) ;
#2318 = CIRCLE ( 'NONE', #2587, 0.3500000000000000333 ) ;
#2319 = ORIENTED_EDGE ( 'NONE', *, *, #2018, .T. ) ;
#2320 = LINE ( 'NONE', #1586, #296 ) ;
#2321 = B_SPLINE_CURVE_WITH_KNOTS ( 'NONE', 3,
 ( #1607, #2265, #2729, #52 ),
 .UNSPECIFIED., .F., .F.,
 ( 4, 4 ),
 ( 0.0000000000000000000, 0.5454005475845105089 ),
 .UNSPECIFIED. ) ;
#2322 = ORIENTED_EDGE ( 'NONE', *, *, #2495, .F. ) ;
#2323 = LINE ( 'NONE', #1139, #1791 ) ;
#2324 = FACE_OUTER_BOUND ( 'NONE', #634, .T. ) ;
#2325 = ORIENTED_EDGE ( 'NONE', *, *, #7, .T. ) ;
#2326 = LINE ( 'NONE', #1227, #1992 ) ;
#2327 = CARTESIAN_POINT ( 'NONE',  ( 9.225000000000001421, -6.650000000000001243, -4.929269377658066276 ) ) ;
#2328 = ORIENTED_EDGE ( 'NONE', *, *, #1745, .T. ) ;
#2329 = CARTESIAN_POINT ( 'NONE',  ( 9.048843010350214655, -3.074999999999999734, -4.108540023000474051 ) ) ;
#2330 = ORIENTED_EDGE ( 'NONE', *, *, #2595, .T. ) ;
#2331 = APPLICATION_PROTOCOL_DEFINITION ( 'international standard', 'config_control_design', 1994, #2686 ) ;
#2332 = CARTESIAN_POINT ( 'NONE',  ( 9.106208753703949554, 4.199999999999997513, -4.236019452675437336 ) ) ;
#2333 = CC_DESIGN_DATE_AND_TIME_ASSIGNMENT ( #1011, #799, ( #1498 ) ) ;
#2334 = ORIENTED_EDGE ( 'NONE', *, *, #456, .T. ) ;
#2335 = EDGE_CURVE ( 'NONE', #101, #2862, #2402, .T. ) ;
#2336 = CARTESIAN_POINT ( 'NONE',  ( -1.499999999999998668, 3.325000000000000622, -4.500000000000000000 ) ) ;
#2337 = CARTESIAN_POINT ( 'NONE',  ( 9.225000000000001421, 7.799999999999997158, -5.399999999999999467 ) ) ;
#2338 = CARTESIAN_POINT ( 'NONE',  ( 1.425000000000000044, -1.275000000000000133, 3.700000000000000178 ) ) ;
#2339 = VECTOR ( 'NONE', #1515, 1000.000000000000000 ) ;
#2340 = CARTESIAN_POINT ( 'NONE',  ( 9.106208753704059689, -3.074999999999999734, -4.236019452675687802 ) ) ;
#2341 = ORIENTED_EDGE ( 'NONE', *, *, #1748, .F. ) ;
#2342 = LINE ( 'NONE', #321, #1601 ) ;
#2343 = CIRCLE ( 'NONE', #2716, 1.899999999999999911 ) ;
#2344 = EDGE_CURVE ( 'NONE', #2668, #927, #818, .T. ) ;
#2345 = CARTESIAN_POINT ( 'NONE',  ( 7.200000000000000178, 4.199999999999997513, 3.152333262127603313E-21 ) ) ;
#2346 = CARTESIAN_POINT ( 'NONE',  ( 0.0000000000000000000, 1.149999999999999911, 3.700000000000000178 ) ) ;
#2347 = CARTESIAN_POINT ( 'NONE',  ( 1.425000000000000266, 1.149999999999999911, 0.0000000000000000000 ) ) ;
#2348 = ORIENTED_EDGE ( 'NONE', *, *, #2495, .T. ) ;
#2349 = VECTOR ( 'NONE', #1424, 999.9999999999998863 ) ;
#2350 = CARTESIAN_POINT ( 'NONE',  ( -2.697101215379625661, -3.075000000000001066, -0.1146327893965712330 ) ) ;
#2351 = FACE_OUTER_BOUND ( 'NONE', #678, .T. ) ;
#2352 = LINE ( 'NONE', #2096, #1733 ) ;
#2353 = AXIS2_PLACEMENT_3D ( 'NONE', #2681, #1282, #2246 ) ;
#2354 = EDGE_CURVE ( 'NONE', #2837, #1848, #1554, .T. ) ;
#2355 = LINE ( 'NONE', #1275, #1689 ) ;
#2356 = CARTESIAN_POINT ( 'NONE',  ( -0.0000000000000000000, 6.725000000000001421, 0.0000000000000000000 ) ) ;
#2357 = ORIENTED_EDGE ( 'NONE', *, *, #1652, .F. ) ;
#2358 = CARTESIAN_POINT ( 'NONE',  ( 9.225000000000001421, -2.074166666666664938, -4.929269377658066276 ) ) ;
#2359 = EDGE_CURVE ( 'NONE', #825, #2493, #1691, .T. ) ;
#2360 = DIRECTION ( 'NONE',  ( 0.9119215051751063950, 0.0000000000000000000, 0.4103646773287981109 ) ) ;
#2361 = DIRECTION ( 'NONE',  ( 0.0000000000000000000, 0.0000000000000000000, -1.000000000000000000 ) ) ;
#2362 = ORIENTED_EDGE ( 'NONE', *, *, #432, .T. ) ;
#2363 = FACE_OUTER_BOUND ( 'NONE', #2557, .T. ) ;
#2364 = DIRECTION ( 'NONE',  ( 1.000000000000000000, -0.0000000000000000000, 0.0000000000000000000 ) ) ;
#2365 = CARTESIAN_POINT ( 'NONE',  ( 7.730671790404080923, -0.6749999999999980460, -1.179270645342403112 ) ) ;
#2366 = ADVANCED_FACE ( 'NONE', ( #2606 ), #1484, .F. ) ;
#2367 = ORIENTED_EDGE ( 'NONE', *, *, #1736, .T. ) ;
#2368 = EDGE_CURVE ( 'NONE', #923, #609, #2390, .T. ) ;
#2369 = DIRECTION ( 'NONE',  ( -0.0000000000000000000, -0.0000000000000000000, 1.000000000000000000 ) ) ;
#2370 = DIRECTION ( 'NONE',  ( -1.000000000000000000, 0.0000000000000000000, -0.0000000000000000000 ) ) ;
#2371 = ORIENTED_EDGE ( 'NONE', *, *, #864, .T. ) ;
#2372 = PERSON_AND_ORGANIZATION ( #1904, #72 ) ;
#2373 = CARTESIAN_POINT ( 'NONE',  ( 6.424999999999998934, -4.174999999999999822, -5.399999999999999467 ) ) ;
#2374 = DIRECTION ( 'NONE',  ( 1.000000000000000000, 0.0000000000000000000, -0.0000000000000000000 ) ) ;
#2375 = DIRECTION ( 'NONE',  ( 1.000000000000000000, 0.0000000000000000000, 0.0000000000000000000 ) ) ;
#2376 = ORIENTED_EDGE ( 'NONE', *, *, #1412, .T. ) ;
#2377 = FACE_OUTER_BOUND ( 'NONE', #475, .T. ) ;
#2378 = FACE_OUTER_BOUND ( 'NONE', #1190, .T. ) ;
#2379 = CARTESIAN_POINT ( 'NONE',  ( -2.425000000000001599, -3.074999999999999734, -4.500000000000000000 ) ) ;
#2380 = ORIENTED_EDGE ( 'NONE', *, *, #1809, .F. ) ;
#2381 = CC_DESIGN_DATE_AND_TIME_ASSIGNMENT ( #1517, #2229, ( #2174 ) ) ;
#2382 = PLANE ( 'NONE',  #618 ) ;
#2383 = LINE ( 'NONE', #1667, #1785 ) ;
#2384 = EDGE_CURVE ( 'NONE', #505, #2296, #1954, .T. ) ;
#2385 = ORIENTED_EDGE ( 'NONE', *, *, #128, .T. ) ;
#2386 = CARTESIAN_POINT ( 'NONE',  ( 0.0000000000000000000, 0.0000000000000000000, 0.0000000000000000000 ) ) ;
#2387 = CARTESIAN_POINT ( 'NONE',  ( -5.224999999999999645, 4.199999999999997513, -4.500000000000000000 ) ) ;
#2388 = VECTOR ( 'NONE', #1928, 1000.000000000000000 ) ;
#2389 = LINE ( 'NONE', #1670, #1539 ) ;
#2390 = LINE ( 'NONE', #168, #1643 ) ;
#2391 = ORIENTED_EDGE ( 'NONE', *, *, #918, .T. ) ;
#2392 = CARTESIAN_POINT ( 'NONE',  ( 1.425000000000000488, 2.425000000000000266, 0.0000000000000000000 ) ) ;
#2393 = VECTOR ( 'NONE', #1311, 1000.000000000000000 ) ;
#2394 = VECTOR ( 'NONE', #1754, 1000.000000000000000 ) ;
#2395 = CARTESIAN_POINT ( 'NONE',  ( 6.848064374664975418, -3.235537300267964600, -0.2020749234142226458 ) ) ;
#2396 = CARTESIAN_POINT ( 'NONE',  ( 5.906828780053868577, -3.074999999999999734, 0.0000000000000000000 ) ) ;
#2397 = ORIENTED_EDGE ( 'NONE', *, *, #436, .F. ) ;
#2398 = B_SPLINE_CURVE_WITH_KNOTS ( 'NONE', 3,
 ( #1256, #126, #2801, #2779 ),
 .UNSPECIFIED., .F., .F.,
 ( 4, 4 ),
 ( 0.0000000000000000000, 1.000000000000000000 ),
 .UNSPECIFIED. ) ;
#2399 = CARTESIAN_POINT ( 'NONE',  ( 11.83446580044896557, 7.317602538639278009, -0.4118715224631687155 ) ) ;
#2400 = CARTESIAN_POINT ( 'NONE',  ( -2.425000000000000711, -5.650000000000000355, -5.400024999999999409 ) ) ;
#2401 = ORIENTED_EDGE ( 'NONE', *, *, #1736, .F. ) ;
#2402 = CIRCLE ( 'NONE', #2450, 0.3500000000000002554 ) ;
#2403 = CARTESIAN_POINT ( 'NONE',  ( 6.424999999999998046, -3.074999999999998845, -0.05391956940585442698 ) ) ;
#2404 = AXIS2_PLACEMENT_3D ( 'NONE', #303, #2090, #2100 ) ;
#2405 = AXIS2_PLACEMENT_3D ( 'NONE', #778, #2364, #1664 ) ;
#2406 = DIRECTION ( 'NONE',  ( 0.0000000000000000000, 0.0000000000000000000, -1.000000000000000000 ) ) ;
#2407 = DIRECTION ( 'NONE',  ( -1.000000000000000000, 6.002503377082377626E-17, 0.0000000000000000000 ) ) ;
#2408 = ORIENTED_EDGE ( 'NONE', *, *, #925, .F. ) ;
#2409 = CARTESIAN_POINT ( 'NONE',  ( 1.425000000000000488, 2.425000000000000266, 3.700000000000000178 ) ) ;
#2410 = EDGE_CURVE ( 'NONE', #2065, #1921, #205, .T. ) ;
#2411 = CARTESIAN_POINT ( 'NONE',  ( 4.150000000000001243, 5.724999999999998757, -14.90000000000000036 ) ) ;
#2412 = CARTESIAN_POINT ( 'NONE',  ( 5.906828780053868577, 1.725000000000003419, 0.0000000000000000000 ) ) ;
#2413 = ORIENTED_EDGE ( 'NONE', *, *, #582, .F. ) ;
#2414 = ORIENTED_EDGE ( 'NONE', *, *, #1284, .T. ) ;
#2415 = LINE ( 'NONE', #2197, #845 ) ;
#2416 = DIRECTION ( 'NONE',  ( -0.0000000000000000000, -0.0000000000000000000, 1.000000000000000000 ) ) ;
#2417 = VERTEX_POINT ( 'NONE', #832 ) ;
#2418 = FACE_OUTER_BOUND ( 'NONE', #2461, .T. ) ;
#2419 = PLANE ( 'NONE',  #752 ) ;
#2420 = LINE ( 'NONE', #1031, #2872 ) ;
#2421 = VERTEX_POINT ( 'NONE', #613 ) ;
#2422 = DIRECTION ( 'NONE',  ( 0.0000000000000000000, 0.0000000000000000000, 1.000000000000000000 ) ) ;
#2423 = DIRECTION ( 'NONE',  ( 1.000000000000000000, 0.0000000000000000000, 0.0000000000000000000 ) ) ;
#2424 = EDGE_CURVE ( 'NONE', #672, #2888, #1059, .T. ) ;
#2425 = EDGE_CURVE ( 'NONE', #2719, #1697, #723, .T. ) ;
#2426 = DIRECTION ( 'NONE',  ( 0.0000000000000000000, -0.0000000000000000000, -1.000000000000000000 ) ) ;
#2427 = EDGE_LOOP ( 'NONE', ( #2045, #2501, #450, #500 ) ) ;
#2428 = ORIENTED_EDGE ( 'NONE', *, *, #768, .F. ) ;
#2429 = CARTESIAN_POINT ( 'NONE',  ( 6.424999999999998934, -4.174999999999999822, -5.399999999999999467 ) ) ;
#2430 = CARTESIAN_POINT ( 'NONE',  ( 4.500000000000000888, 5.724999999999998757, -14.90000000000000036 ) ) ;
#2431 = PLANE ( 'NONE',  #328 ) ;
#2432 = DIRECTION ( 'NONE',  ( 1.000000000000000000, -6.829619984160658046E-17, 0.0000000000000000000 ) ) ;
#2433 = VERTEX_POINT ( 'NONE', #181 ) ;
#2434 = CARTESIAN_POINT ( 'NONE',  ( 2.575000000000000178, 0.0000000000000000000, 3.700000000000000178 ) ) ;
#2435 = PLANE ( 'NONE',  #1357 ) ;
#2436 = VERTEX_POINT ( 'NONE', #866 ) ;
#2437 = CARTESIAN_POINT ( 'NONE',  ( 2.000000000000000444, 0.5749999999999991784, -13.89999999999999858 ) ) ;
#2438 = AXIS2_PLACEMENT_3D ( 'NONE', #1951, #2649, #2829 ) ;
#2439 = VERTEX_POINT ( 'NONE', #1759 ) ;
#2440 = ORIENTED_EDGE ( 'NONE', *, *, #684, .T. ) ;
#2441 = CARTESIAN_POINT ( 'NONE',  ( -5.224999999999996980, 7.799999999999998046, -5.399999999999999467 ) ) ;
#2442 = CARTESIAN_POINT ( 'NONE',  ( -1.906828780053867911, -3.074999999999999734, 0.0000000000000000000 ) ) ;
#2443 = EDGE_CURVE ( 'NONE', #1201, #1281, #1079, .T. ) ;
#2444 = CARTESIAN_POINT ( 'NONE',  ( 2.000000000000000444, 0.5749999999999991784, -13.89999999999999858 ) ) ;
#2445 = DIRECTION ( 'NONE',  ( -0.0000000000000000000, -0.0000000000000000000, 1.000000000000000000 ) ) ;
#2446 = ORIENTED_EDGE ( 'NONE', *, *, #1971, .T. ) ;
#2447 = DIRECTION ( 'NONE',  ( 0.4103646773287981109, -2.463215361501430928E-17, 0.9119215051751063950 ) ) ;
#2448 = EDGE_CURVE ( 'NONE', #1497, #2640, #2651, .T. ) ;
#2449 = DIRECTION ( 'NONE',  ( 2.291228075969106264E-16, -0.6220390514314998454, -0.7829862185851037548 ) ) ;
#2450 = AXIS2_PLACEMENT_3D ( 'NONE', #1454, #1265, #2375 ) ;
#2451 = ORIENTED_EDGE ( 'NONE', *, *, #1901, .F. ) ;
#2452 = VECTOR ( 'NONE', #2842, 1000.000000000000000 ) ;
#2453 = VECTOR ( 'NONE', #114, 1000.000000000000000 ) ;
#2454 = CARTESIAN_POINT ( 'NONE',  ( -5.178907482225810099, 7.799999999999998046, -4.500000000000000000 ) ) ;
#2455 = ORIENTED_EDGE ( 'NONE', *, *, #410, .T. ) ;
#2456 = VERTEX_POINT ( 'NONE', #562 ) ;
#2457 = EDGE_CURVE ( 'NONE', #2038, #2239, #2569, .T. ) ;
#2458 = CARTESIAN_POINT ( 'NONE',  ( -3.730671790404080035, 4.125000000000000888, -1.179270645342404222 ) ) ;
#2459 = PLANE ( 'NONE',  #1353 ) ;
#2460 = CARTESIAN_POINT ( 'NONE',  ( -5.224999999999996980, 7.799999999999998046, -6.299999999999998934 ) ) ;
#2461 = EDGE_LOOP ( 'NONE', ( #264, #1807, #2742, #554 ) ) ;
#2462 = DIRECTION ( 'NONE',  ( -0.4103646773287979999, 0.0000000000000000000, -0.9119215051751062839 ) ) ;
#2463 = CARTESIAN_POINT ( 'NONE',  ( 9.048843010350212879, -2.074166666666670267, -4.108540023000470498 ) ) ;
#2464 = EDGE_LOOP ( 'NONE', ( #2380, #454, #722, #1891, #1087, #2271, #503, #2052 ) ) ;
#2465 = CARTESIAN_POINT ( 'NONE',  ( -5.224999999999999645, -7.372500000000000497, -4.499999999999998224 ) ) ;
#2466 = EDGE_CURVE ( 'NONE', #240, #1390, #2600, .T. ) ;
#2467 = ORIENTED_EDGE ( 'NONE', *, *, #711, .F. ) ;
#2468 = ORIENTED_EDGE ( 'NONE', *, *, #601, .T. ) ;
#2469 = ORIENTED_EDGE ( 'NONE', *, *, #2524, .F. ) ;
#2470 = B_SPLINE_CURVE_WITH_KNOTS ( 'NONE', 3,
 ( #2472, #524, #47, #1845 ),
 .UNSPECIFIED., .F., .F.,
 ( 4, 4 ),
 ( 0.0000000000000000000, 1.000000000000000000 ),
 .UNSPECIFIED. ) ;
#2471 = DIRECTION ( 'NONE',  ( -1.700709290173340163E-16, -1.000000000000000000, 0.0000000000000000000 ) ) ;
#2472 = CARTESIAN_POINT ( 'NONE',  ( -5.224999999999998757, -6.650000000000000355, -4.929269377658068052 ) ) ;
#2473 = EDGE_CURVE ( 'NONE', #2082, #2757, #1476, .T. ) ;
#2474 = CARTESIAN_POINT ( 'NONE',  ( 9.178907482225810099, -3.074999999999999734, -4.500000000000000000 ) ) ;
#2475 = ORIENTED_EDGE ( 'NONE', *, *, #2184, .F. ) ;
#2476 = PLANE ( 'NONE',  #306 ) ;
#2477 = DIRECTION ( 'NONE',  ( -0.0000000000000000000, 0.0000000000000000000, 1.000000000000000000 ) ) ;
#2478 = ORIENTED_EDGE ( 'NONE', *, *, #1430, .T. ) ;
#2479 = AXIS2_PLACEMENT_3D ( 'NONE', #344, #770, #373 ) ;
#2480 = LINE ( 'NONE', #2037, #2542 ) ;
#2481 = ORIENTED_EDGE ( 'NONE', *, *, #2443, .T. ) ;
#2482 = CLOSED_SHELL ( 'NONE', ( #2554, #2693, #681, #1012, #555, #807, #2728, #1558, #1285, #2781, #1137, #1032, #2764, #1958, #474, #1698, #658, #1602, #737, #1627, #1811, #2637, #261, #2020, #2290, #896, #1530, #2880, #20, #821, #433, #2116, #1214, #2008, #691, #2260, #2684, #77, #981, #1187, #1813, #2305, #1083, #1725, #85 ) ) ;
#2483 = DIRECTION ( 'NONE',  ( -0.9119215051751063950, 0.0000000000000000000, 0.4103646773287981109 ) ) ;
#2484 = ORIENTED_EDGE ( 'NONE', *, *, #1887, .T. ) ;
#2485 = EDGE_CURVE ( 'NONE', #594, #923, #1244, .T. ) ;
#2486 = CYLINDRICAL_SURFACE ( 'NONE', #1185, 0.3499999999999996447 ) ;
#2487 = VECTOR ( 'NONE', #2030, 1000.000000000000114 ) ;
#2488 = DIRECTION ( 'NONE',  ( 1.000000000000000000, 0.0000000000000000000, -0.0000000000000000000 ) ) ;
#2489 = LINE ( 'NONE', #270, #1545 ) ;
#2490 = ORIENTED_EDGE ( 'NONE', *, *, #2036, .F. ) ;
#2491 = CARTESIAN_POINT ( 'NONE',  ( -5.224999999999998757, -6.650000000000000355, -6.299999999999998934 ) ) ;
#2492 = PLANE ( 'NONE',  #2114 ) ;
#2493 = VERTEX_POINT ( 'NONE', #1447 ) ;
#2494 = VECTOR ( 'NONE', #2903, 1000.000000000000000 ) ;
#2495 = EDGE_CURVE ( 'NONE', #463, #1401, #2032, .T. ) ;
#2496 = AXIS2_PLACEMENT_3D ( 'NONE', #2386, #2561, #1248 ) ;
#2497 = VECTOR ( 'NONE', #1147, 1000.000000000000000 ) ;
#2498 = PLANE ( 'NONE',  #1718 ) ;
#2499 = ORIENTED_EDGE ( 'NONE', *, *, #1255, .F. ) ;
#2500 = ORIENTED_EDGE ( 'NONE', *, *, #289, .F. ) ;
#2501 = ORIENTED_EDGE ( 'NONE', *, *, #2224, .T. ) ;
#2502 = DIRECTION ( 'NONE',  ( -1.000000000000000000, 0.0000000000000000000, 0.0000000000000000000 ) ) ;
#2503 = LINE ( 'NONE', #729, #1494 ) ;
#2504 = EDGE_LOOP ( 'NONE', ( #1075, #1982, #418, #1252 ) ) ;
#2505 = CARTESIAN_POINT ( 'NONE',  ( 0.0000000000000000000, 0.0000000000000000000, -9.000000000000000000 ) ) ;
#2506 = VERTEX_POINT ( 'NONE', #769 ) ;
#2507 = CARTESIAN_POINT ( 'NONE',  ( -5.048843010350211102, -3.074999999999999734, -4.108540023000473163 ) ) ;
#2508 = DIRECTION ( 'NONE',  ( 0.0000000000000000000, -0.0000000000000000000, -1.000000000000000000 ) ) ;
#2509 = B_SPLINE_CURVE_WITH_KNOTS ( 'NONE', 3,
 ( #2598, #1446, #2365, #127 ),
 .UNSPECIFIED., .F., .F.,
 ( 4, 4 ),
 ( 0.0000000000000000000, 1.000000000000000000 ),
 .UNSPECIFIED. ) ;
#2510 = ORIENTED_EDGE ( 'NONE', *, *, #817, .F. ) ;
#2511 = EDGE_CURVE ( 'NONE', #2869, #1574, #1657, .T. ) ;
#2512 = EDGE_CURVE ( 'NONE', #1712, #1872, #1431, .T. ) ;
#2513 = CARTESIAN_POINT ( 'NONE',  ( -5.224999999999997868, 3.224166666666654635, -4.929269377658063611 ) ) ;
#2514 = VERTEX_POINT ( 'NONE', #329 ) ;
#2515 = CARTESIAN_POINT ( 'NONE',  ( 9.178907482225811876, 6.599999999999996980, -4.500000000000000000 ) ) ;
#2516 = ORIENTED_EDGE ( 'NONE', *, *, #57, .F. ) ;
#2517 = CARTESIAN_POINT ( 'NONE',  ( -5.149563577662592984, 4.199999999999998401, -4.366506111675532154 ) ) ;
#2518 = DIRECTION ( 'NONE',  ( -0.0000000000000000000, -0.0000000000000000000, 1.000000000000000000 ) ) ;
#2519 = EDGE_LOOP ( 'NONE', ( #2484, #2490, #2053, #1433 ) ) ;
#2520 = CARTESIAN_POINT ( 'NONE',  ( 2.575000000000000178, 0.0000000000000000000, 0.0000000000000000000 ) ) ;
#2521 = ORIENTED_EDGE ( 'NONE', *, *, #2750, .F. ) ;
#2522 = LINE ( 'NONE', #67, #1794 ) ;
#2523 = FACE_OUTER_BOUND ( 'NONE', #2771, .T. ) ;
#2524 = EDGE_CURVE ( 'NONE', #518, #1880, #997, .T. ) ;
#2525 = VERTEX_POINT ( 'NONE', #2793 ) ;
#2526 = DIRECTION ( 'NONE',  ( 1.000000000000000000, 0.0000000000000000000, 0.0000000000000000000 ) ) ;
#2527 = VERTEX_POINT ( 'NONE', #780 ) ;
#2528 = CARTESIAN_POINT ( 'NONE',  ( 1.425000000000000488, 2.425000000000000266, 0.0000000000000000000 ) ) ;
#2529 = B_SPLINE_CURVE_WITH_KNOTS ( 'NONE', 3,
 ( #2244, #227, #1561, #412 ),
 .UNSPECIFIED., .F., .F.,
 ( 4, 4 ),
 ( 0.0000000000000000000, 1.000000000000000000 ),
 .UNSPECIFIED. ) ;
#2530 = VECTOR ( 'NONE', #838, 1000.000000000000000 ) ;
#2531 = LINE ( 'NONE', #253, #161 ) ;
#2532 = DIRECTION ( 'NONE',  ( 0.0000000000000000000, -0.0000000000000000000, 1.000000000000000000 ) ) ;
#2533 = AXIS2_PLACEMENT_3D ( 'NONE', #1676, #1175, #2286 ) ;
#2534 = VERTEX_POINT ( 'NONE', #1666 ) ;
#2535 = VECTOR ( 'NONE', #1591, 1000.000000000000000 ) ;
#2536 = EDGE_CURVE ( 'NONE', #750, #664, #2355, .T. ) ;
#2537 = CARTESIAN_POINT ( 'NONE',  ( 0.0000000000000000000, 0.0000000000000000000, 3.700000000000000178 ) ) ;
#2538 = EDGE_LOOP ( 'NONE', ( #2123, #1096, #30, #1656, #1373, #2689 ) ) ;
#2539 = CARTESIAN_POINT ( 'NONE',  ( -5.224999999999998757, -6.650000000000000355, -6.299999999999998934 ) ) ;
#2540 = PLANE ( 'NONE',  #2438 ) ;
#2541 = ORIENTED_EDGE ( 'NONE', *, *, #509, .F. ) ;
#2542 = VECTOR ( 'NONE', #55, 1000.000000000000000 ) ;
#2543 = AXIS2_PLACEMENT_3D ( 'NONE', #516, #1588, #1152 ) ;
#2544 = VECTOR ( 'NONE', #1709, 1000.000000000000000 ) ;
#2545 = DIRECTION ( 'NONE',  ( 0.0000000000000000000, -0.6220390514314998454, -0.7829862185851037548 ) ) ;
#2546 = DIRECTION ( 'NONE',  ( -0.0000000000000000000, -1.000000000000000000, -0.0000000000000000000 ) ) ;
#2547 = AXIS2_PLACEMENT_3D ( 'NONE', #2491, #488, #272 ) ;
#2548 = ORIENTED_EDGE ( 'NONE', *, *, #1589, .T. ) ;
#2549 = CC_DESIGN_PERSON_AND_ORGANIZATION_ASSIGNMENT ( #2827, #1217, ( #2745 ) ) ;
#2550 = DIRECTION ( 'NONE',  ( 0.0000000000000000000, 1.000000000000000000, -0.0000000000000000000 ) ) ;
#2551 = ORIENTED_EDGE ( 'NONE', *, *, #2565, .T. ) ;
#2552 = DIRECTION ( 'NONE',  ( 1.000000000000000000, 0.0000000000000000000, 0.0000000000000000000 ) ) ;
#2553 = ORIENTED_EDGE ( 'NONE', *, *, #2739, .T. ) ;
#2554 = ADVANCED_FACE ( 'NONE', ( #343 ), #2382, .T. ) ;
#2555 = CARTESIAN_POINT ( 'NONE',  ( -5.178907482225810099, -6.650000000000000355, -4.500000000000000000 ) ) ;
#2556 = CARTESIAN_POINT ( 'NONE',  ( 4.150000000000001243, 5.724999999999998757, -14.90000000000000036 ) ) ;
#2557 = EDGE_LOOP ( 'NONE', ( #1841, #798, #2113, #1277 ) ) ;
#2558 = CARTESIAN_POINT ( 'NONE',  ( 7.200000000000000178, 4.125000000000003553, 0.0000000000000000000 ) ) ;
#2559 = FACE_OUTER_BOUND ( 'NONE', #252, .T. ) ;
#2560 = VERTEX_POINT ( 'NONE', #130 ) ;
#2561 = DIRECTION ( 'NONE',  ( 0.0000000000000000000, 0.0000000000000000000, 1.000000000000000000 ) ) ;
#2562 = DIRECTION ( 'NONE',  ( 1.000000000000000000, 0.0000000000000000000, 0.0000000000000000000 ) ) ;
#2563 = LINE ( 'NONE', #1207, #1487 ) ;
#2564 = ORIENTED_EDGE ( 'NONE', *, *, #1855, .T. ) ;
#2565 = EDGE_CURVE ( 'NONE', #133, #1017, #1008, .T. ) ;
#2566 = CARTESIAN_POINT ( 'NONE',  ( 7.730671790404080923, 4.125000000000005329, -1.179270645342403334 ) ) ;
#2567 = CARTESIAN_POINT ( 'NONE',  ( 0.0000000000000000000, -3.074999999999999734, -4.500000000000000000 ) ) ;
#2568 = B_SPLINE_CURVE_WITH_KNOTS ( 'NONE', 3,
 ( #982, #1993, #1728, #417, #648, #2626, #1287, #882, #2225, #1098, #2395, #1524, #1509 ),
 .UNSPECIFIED., .F., .F.,
 ( 4, 3, 3, 3, 4 ),
 ( 1.033170798999006299E-16, 0.0001395221105374173779, 0.0002790571884296952224, 0.0004181641011311390023, 0.0005583510307695376419 ),
 .UNSPECIFIED. ) ;
#2569 = LINE ( 'NONE', #987, #1506 ) ;
#2570 = AXIS2_PLACEMENT_3D ( 'NONE', #2430, #465, #2086 ) ;
#2571 = DIRECTION ( 'NONE',  ( -5.880418562633242031E-16, 1.000000000000000000, 0.0000000000000000000 ) ) ;
#2572 = VERTEX_POINT ( 'NONE', #796 ) ;
#2573 = VECTOR ( 'NONE', #1937, 1000.000000000000000 ) ;
#2574 = CARTESIAN_POINT ( 'NONE',  ( -4.349999999999999645, 7.324999999999999289, -11.29999999999999893 ) ) ;
#2575 = FACE_OUTER_BOUND ( 'NONE', #1110, .T. ) ;
#2576 = CARTESIAN_POINT ( 'NONE',  ( -3.730671790404080035, 4.125000000000000888, -1.179270645342404222 ) ) ;
#2577 = ORIENTED_EDGE ( 'NONE', *, *, #684, .F. ) ;
#2578 = AXIS2_PLACEMENT_3D ( 'NONE', #1057, #1966, #2858 ) ;
#2579 = DIRECTION ( 'NONE',  ( -1.000000000000000000, -5.880418562633242031E-16, 0.0000000000000000000 ) ) ;
#2580 = ADVANCED_FACE ( 'NONE', ( #1683 ), #2823, .F. ) ;
#2581 = CARTESIAN_POINT ( 'NONE',  ( -5.224999999999996980, 7.799999999999998046, -5.399999999999999467 ) ) ;
#2582 = CARTESIAN_POINT ( 'NONE',  ( -5.224999999999998757, -6.650000000000000355, -5.399999999999999467 ) ) ;
#2583 = VECTOR ( 'NONE', #1260, 1000.000000000000000 ) ;
#2584 = ORIENTED_EDGE ( 'NONE', *, *, #1842, .F. ) ;
#2585 = DIRECTION ( 'NONE',  ( 1.000000000000000000, 0.0000000000000000000, 0.0000000000000000000 ) ) ;
#2586 = PLANE ( 'NONE',  #2251 ) ;
#2587 = AXIS2_PLACEMENT_3D ( 'NONE', #2288, #2316, #1393 ) ;
#2588 = ORIENTED_EDGE ( 'NONE', *, *, #1481, .T. ) ;
#2589 = APPROVAL_STATUS ( 'not_yet_approved' ) ;
#2590 = CARTESIAN_POINT ( 'NONE',  ( 1.425000000000000266, 0.0000000000000000000, 0.0000000000000000000 ) ) ;
#2591 = CARTESIAN_POINT ( 'NONE',  ( 4.000000000000000000, 0.0000000000000000000, 3.700000000000000178 ) ) ;
#2592 = CARTESIAN_POINT ( 'NONE',  ( -4.349999999999999645, -6.175000000000001599, -6.299999999999998934 ) ) ;
#2593 = ORIENTED_EDGE ( 'NONE', *, *, #1592, .F. ) ;
#2594 = DIRECTION ( 'NONE',  ( -0.0000000000000000000, 1.000000000000000000, 0.0000000000000000000 ) ) ;
#2595 = EDGE_CURVE ( 'NONE', #1465, #767, #2839, .T. ) ;
#2596 = EDGE_CURVE ( 'NONE', #664, #666, #1036, .T. ) ;
#2597 = CARTESIAN_POINT ( 'NONE',  ( -2.425000000351769991, -3.075000000000001510, -0.05391956948434514091 ) ) ;
#2598 = CARTESIAN_POINT ( 'NONE',  ( 7.730671790404080923, 4.125000000000005329, -1.179270645342403334 ) ) ;
#2599 = ORIENTED_EDGE ( 'NONE', *, *, #2828, .T. ) ;
#2600 = LINE ( 'NONE', #2399, #386 ) ;
#2601 = PLANE ( 'NONE',  #2 ) ;
#2602 = VERTEX_POINT ( 'NONE', #1699 ) ;
#2603 = PERSON_AND_ORGANIZATION ( #1904, #72 ) ;
#2604 = CARTESIAN_POINT ( 'NONE',  ( 0.8000000000000003775, 0.5749999999999991784, -14.59999999999999787 ) ) ;
#2605 = CARTESIAN_POINT ( 'NONE',  ( 0.0000000000000000000, 0.0000000000000000000, -4.500000000000000000 ) ) ;
#2606 = FACE_OUTER_BOUND ( 'NONE', #1382, .T. ) ;
#2607 = EDGE_LOOP ( 'NONE', ( #1173, #957, #912, #1619 ) ) ;
#2608 = DIRECTION ( 'NONE',  ( -1.700709290173340163E-16, -1.000000000000000000, 0.0000000000000000000 ) ) ;
#2609 = EDGE_CURVE ( 'NONE', #1854, #188, #1025, .T. ) ;
#2610 = LINE ( 'NONE', #765, #2874 ) ;
#2611 = CARTESIAN_POINT ( 'NONE',  ( -2.425000000000002043, -7.130007507192813149E-16, -5.399999999999999467 ) ) ;
#2612 = VERTEX_POINT ( 'NONE', #1714 ) ;
#2613 = LINE ( 'NONE', #1495, #2494 ) ;
#2614 = CARTESIAN_POINT ( 'NONE',  ( -2.263897466160754934, -3.074999999999999734, -0.01797318982812676907 ) ) ;
#2615 = EDGE_LOOP ( 'NONE', ( #399, #191, #430, #2328 ) ) ;
#2616 = CARTESIAN_POINT ( 'NONE',  ( 6.924999999999997158, -3.074999999999997957, -0.2437088524045562532 ) ) ;
#2617 = EDGE_CURVE ( 'NONE', #505, #1647, #2613, .T. ) ;
#2618 = AXIS2_PLACEMENT_3D ( 'NONE', #1009, #2370, #579 ) ;
#2619 = DIRECTION ( 'NONE',  ( -0.0000000000000000000, -3.854941057726238097E-16, -1.000000000000000000 ) ) ;
#2620 = CARTESIAN_POINT ( 'NONE',  ( -5.178907482225810099, -5.458333333333333037, -4.500000000000000000 ) ) ;
#2621 = ORIENTED_EDGE ( 'NONE', *, *, #2448, .F. ) ;
#2622 = VECTOR ( 'NONE', #556, 1000.000000000000000 ) ;
#2623 = CARTESIAN_POINT ( 'NONE',  ( 0.1000000000000004774, 0.5749999999999994005, -11.29999999999999893 ) ) ;
#2624 = VECTOR ( 'NONE', #1466, 1000.000000000000000 ) ;
#2625 = AXIS2_PLACEMENT_3D ( 'NONE', #1288, #2360, #1015 ) ;
#2626 = CARTESIAN_POINT ( 'NONE',  ( 6.643709709018925658, -3.166889921241607286, -0.1156656351292971036 ) ) ;
#2627 = LINE ( 'NONE', #2611, #2070 ) ;
#2628 = ORIENTED_EDGE ( 'NONE', *, *, #57, .T. ) ;
#2629 = CARTESIAN_POINT ( 'NONE',  ( 4.119968255444918821E-16, 3.325000000000000622, -4.500000000000000000 ) ) ;
#2630 = DIRECTION ( 'NONE',  ( 0.0000000000000000000, 0.0000000000000000000, 1.000000000000000000 ) ) ;
#2631 = VERTEX_POINT ( 'NONE', #906 ) ;
#2632 = APPROVAL_DATE_TIME ( #223, #2091 ) ;
#2633 = VECTOR ( 'NONE', #2639, 1000.000000000000000 ) ;
#2634 = APPROVAL ( #2589, 'UNSPECIFIED' ) ;
#2635 = CARTESIAN_POINT ( 'NONE',  ( 5.500000000000000000, -2.174999999999999822, -5.000000000000000000 ) ) ;
#2636 = CC_DESIGN_SECURITY_CLASSIFICATION ( #2174, ( #2269 ) ) ;
#2637 = ADVANCED_FACE ( 'NONE', ( #892 ), #2476, .F. ) ;
#2638 = FACE_OUTER_BOUND ( 'NONE', #1916, .T. ) ;
#2639 = DIRECTION ( 'NONE',  ( -1.000000000000000000, -0.0000000000000000000, -0.0000000000000000000 ) ) ;
#2640 = VERTEX_POINT ( 'NONE', #443 ) ;
#2641 = LINE ( 'NONE', #2666, #2315 ) ;
#2642 = CARTESIAN_POINT ( 'NONE',  ( 2.574999999999999734, 1.149999999999999911, 3.700000000000000178 ) ) ;
#2643 = CARTESIAN_POINT ( 'NONE',  ( -4.349999999999999645, 7.324999999999999289, -11.29999999999999893 ) ) ;
#2644 = ORIENTED_EDGE ( 'NONE', *, *, #2235, .T. ) ;
#2645 = ORIENTED_EDGE ( 'NONE', *, *, #2671, .F. ) ;
#2646 = EDGE_CURVE ( 'NONE', #649, #459, #2878, .T. ) ;
#2647 = DIRECTION ( 'NONE',  ( -3.154042683594194134E-16, -1.000000000000000000, 0.0000000000000000000 ) ) ;
#2648 = LINE ( 'NONE', #1996, #1674 ) ;
#2649 = DIRECTION ( 'NONE',  ( 0.0000000000000000000, 0.0000000000000000000, 1.000000000000000000 ) ) ;
#2650 = DIRECTION ( 'NONE',  ( -0.0000000000000000000, -0.05342154997207536338, 0.9985720494779437573 ) ) ;
#2651 = LINE ( 'NONE', #1899, #70 ) ;
#2652 = ORIENTED_EDGE ( 'NONE', *, *, #1417, .T. ) ;
#2653 = CARTESIAN_POINT ( 'NONE',  ( -3.199999999999998845, -1.091511400614619680E-15, -4.500000000000000000 ) ) ;
#2654 = DIRECTION ( 'NONE',  ( -1.000000000000000000, 0.0000000000000000000, 0.0000000000000000000 ) ) ;
#2655 = ORIENTED_EDGE ( 'NONE', *, *, #1340, .F. ) ;
#2656 = EDGE_CURVE ( 'NONE', #2719, #2602, #673, .T. ) ;
#2657 = PLANE ( 'NONE',  #1062 ) ;
#2658 = ORIENTED_EDGE ( 'NONE', *, *, #2184, .T. ) ;
#2659 = ORIENTED_EDGE ( 'NONE', *, *, #2836, .T. ) ;
#2660 = CARTESIAN_POINT ( 'NONE',  ( 0.0000000000000000000, 0.0000000000000000000, 3.700000000000000178 ) ) ;
#2661 = FACE_OUTER_BOUND ( 'NONE', #1039, .T. ) ;
#2662 = EDGE_CURVE ( 'NONE', #1939, #2668, #1802, .T. ) ;
#2663 = PLANE ( 'NONE',  #2865 ) ;
#2664 = DIRECTION ( 'NONE',  ( -1.000000000000000000, -0.0000000000000000000, -0.0000000000000000000 ) ) ;
#2665 = ORIENTED_EDGE ( 'NONE', *, *, #1687, .F. ) ;
#2666 = CARTESIAN_POINT ( 'NONE',  ( 9.225000000000001421, 4.199999999999997513, -4.500000000000000000 ) ) ;
#2667 = DIRECTION ( 'NONE',  ( -1.000000000000000000, 1.200500675416475772E-16, 0.0000000000000000000 ) ) ;
#2668 = VERTEX_POINT ( 'NONE', #1094 ) ;
#2669 = ADVANCED_FACE ( 'NONE', ( #2029 ), #199, .F. ) ;
#2670 = AXIS2_PLACEMENT_3D ( 'NONE', #304, #2477, #907 ) ;
#2671 = EDGE_CURVE ( 'NONE', #672, #680, #1343, .T. ) ;
#2672 = LINE ( 'NONE', #2238, #1912 ) ;
#2673 = VECTOR ( 'NONE', #1948, 1000.000000000000000 ) ;
#2674 = ORIENTED_EDGE ( 'NONE', *, *, #2359, .T. ) ;
#2675 = ORIENTED_EDGE ( 'NONE', *, *, #2247, .T. ) ;
#2676 = DIRECTION ( 'NONE',  ( -0.0000000000000000000, -1.000000000000000000, -0.0000000000000000000 ) ) ;
#2677 = CARTESIAN_POINT ( 'NONE',  ( -5.224999999999998757, -6.650000000000000355, -5.399999999999999467 ) ) ;
#2678 = FACE_OUTER_BOUND ( 'NONE', #746, .T. ) ;
#2679 = DIRECTION ( 'NONE',  ( 0.0000000000000000000, 0.05342154997207536338, -0.9985720494779437573 ) ) ;
#2680 = ORIENTED_EDGE ( 'NONE', *, *, #788, .T. ) ;
#2681 = CARTESIAN_POINT ( 'NONE',  ( -2.169999999999999485, 3.075000000000000622, -14.90000000000000036 ) ) ;
#2682 = CARTESIAN_POINT ( 'NONE',  ( 9.225000000000001421, -6.650000000000001243, -5.399999999999999467 ) ) ;
#2683 = AXIS2_PLACEMENT_3D ( 'NONE', #687, #241, #1121 ) ;
#2684 = ADVANCED_FACE ( 'NONE', ( #1563 ), #2698, .F. ) ;
#2685 = ORIENTED_EDGE ( 'NONE', *, *, #301, .F. ) ;
#2686 = APPLICATION_CONTEXT ( 'configuration controlled 3d designs of mechanical parts and assemblies' ) ;
#2687 = VECTOR ( 'NONE', #325, 1000.000000000000000 ) ;
#2688 = CARTESIAN_POINT ( 'NONE',  ( 5.500000000000000000, -2.174999999999999822, -4.500000000000000000 ) ) ;
#2689 = ORIENTED_EDGE ( 'NONE', *, *, #644, .F. ) ;
#2690 = PRODUCT_RELATED_PRODUCT_CATEGORY ( 'detail', '', ( #2745 ) ) ;
#2691 = ORIENTED_EDGE ( 'NONE', *, *, #2457, .F. ) ;
#2692 = ORIENTED_EDGE ( 'NONE', *, *, #2609, .F. ) ;
#2693 = ADVANCED_FACE ( 'NONE', ( #415 ), #1788, .T. ) ;
#2694 = DIRECTION ( 'NONE',  ( 0.0000000000000000000, -0.0000000000000000000, 1.000000000000000000 ) ) ;
#2695 = CARTESIAN_POINT ( 'NONE',  ( -1.499999999999998668, 3.325000000000000622, 0.0000000000000000000 ) ) ;
#2696 = CARTESIAN_POINT ( 'NONE',  ( -2.425000000000000711, -5.650000000000000355, -5.400024999999999409 ) ) ;
#2697 = VERTEX_POINT ( 'NONE', #2015 ) ;
#2698 = PLANE ( 'NONE',  #1936 ) ;
#2699 = LINE ( 'NONE', #1167, #2487 ) ;
#2700 = ORIENTED_EDGE ( 'NONE', *, *, #109, .T. ) ;
#2701 = ADVANCED_FACE ( 'NONE', ( #1761 ), #1575, .T. ) ;
#2702 = EDGE_CURVE ( 'NONE', #686, #2056, #2732, .T. ) ;
#2703 = CARTESIAN_POINT ( 'NONE',  ( -1.499999999999999778, 4.731064025391290462E-16, -4.500000000000000000 ) ) ;
#2704 = VERTEX_POINT ( 'NONE', #2219 ) ;
#2705 = VERTEX_POINT ( 'NONE', #2190 ) ;
#2706 = EDGE_LOOP ( 'NONE', ( #147, #1663, #1579, #2815 ) ) ;
#2707 = CARTESIAN_POINT ( 'NONE',  ( 0.0000000000000000000, 0.0000000000000000000, -6.299999999999998934 ) ) ;
#2708 = CARTESIAN_POINT ( 'NONE',  ( 4.119968255444918821E-16, 3.325000000000000622, -4.500000000000000000 ) ) ;
#2709 = CARTESIAN_POINT ( 'NONE',  ( -1.906828780053867911, -3.074999999999999734, 0.0000000000000000000 ) ) ;
#2710 = ORIENTED_EDGE ( 'NONE', *, *, #2131, .T. ) ;
#2711 = DIRECTION ( 'NONE',  ( -1.000000000000000000, -3.410973126920687487E-16, 0.0000000000000000000 ) ) ;
#2712 = CARTESIAN_POINT ( 'NONE',  ( 6.424999999999999822, -6.660000000000004583, -0.05391956940585304614 ) ) ;
#2713 = ORIENTED_EDGE ( 'NONE', *, *, #1799, .T. ) ;
#2714 = AXIS2_PLACEMENT_3D ( 'NONE', #2820, #2546, #1006 ) ;
#2715 = FACE_OUTER_BOUND ( 'NONE', #363, .T. ) ;
#2716 = AXIS2_PLACEMENT_3D ( 'NONE', #1502, #2406, #992 ) ;
#2717 = ORIENTED_EDGE ( 'NONE', *, *, #94, .F. ) ;
#2718 = AXIS2_PLACEMENT_3D ( 'NONE', #2409, #1332, #2891 ) ;
#2719 = VERTEX_POINT ( 'NONE', #183 ) ;
#2720 = ORIENTED_EDGE ( 'NONE', *, *, #1444, .F. ) ;
#2721 = DIRECTION ( 'NONE',  ( 1.000000000000000000, 0.0000000000000000000, -0.0000000000000000000 ) ) ;
#2722 = AXIS2_PLACEMENT_3D ( 'NONE', #1480, #596, #411 ) ;
#2723 = DIRECTION ( 'NONE',  ( -0.0000000000000000000, -3.854941057726238097E-16, -1.000000000000000000 ) ) ;
#2724 = EDGE_LOOP ( 'NONE', ( #2775, #1806, #2413, #1828 ) ) ;
#2725 = FACE_OUTER_BOUND ( 'NONE', #2232, .T. ) ;
#2726 = ORIENTED_EDGE ( 'NONE', *, *, #711, .T. ) ;
#2727 = DIRECTION ( 'NONE',  ( 1.000000000000000000, 0.0000000000000000000, 0.0000000000000000000 ) ) ;
#2728 = ADVANCED_FACE ( 'NONE', ( #216 ), #1299, .F. ) ;
#2729 = CARTESIAN_POINT ( 'NONE',  ( 7.269162070220026806, -3.074999999999999734, -0.4386334772163968387 ) ) ;
#2730 = EDGE_CURVE ( 'NONE', #641, #2748, #2863, .T. ) ;
#2731 = ORIENTED_EDGE ( 'NONE', *, *, #2425, .F. ) ;
#2732 = CIRCLE ( 'NONE', #2683, 1.200000000000000178 ) ;
#2733 = CARTESIAN_POINT ( 'NONE',  ( 9.225000000000001421, 7.799999999999997158, -6.299999999999998934 ) ) ;
#2734 = ORIENTED_EDGE ( 'NONE', *, *, #1412, .F. ) ;
#2735 = PLANE ( 'NONE',  #2533 ) ;
#2736 = ORIENTED_EDGE ( 'NONE', *, *, #1375, .F. ) ;
#2737 = CARTESIAN_POINT ( 'NONE',  ( -5.224999999999996980, 7.799999999999998046, -4.782881900702103728 ) ) ;
#2738 = CARTESIAN_POINT ( 'NONE',  ( -3.258120437188722462, -6.175000000000001599, -11.29999999999999893 ) ) ;
#2739 = EDGE_CURVE ( 'NONE', #275, #260, #852, .T. ) ;
#2740 = EDGE_LOOP ( 'NONE', ( #819, #763, #1355, #1010 ) ) ;
#2741 = CARTESIAN_POINT ( 'NONE',  ( 9.178907482225810099, -5.458333333333333037, -4.500000000000000000 ) ) ;
#2742 = ORIENTED_EDGE ( 'NONE', *, *, #914, .F. ) ;
#2743 = DIRECTION ( 'NONE',  ( -1.000000000000000000, -1.548860246407863336E-16, 0.0000000000000000000 ) ) ;
#2744 = LINE ( 'NONE', #734, #1637 ) ;
#2745 = PRODUCT ( 'gateronSwitch2', 'gateronSwitch2', '', ( #1043 ) ) ;
#2746 = ORIENTED_EDGE ( 'NONE', *, *, #2359, .F. ) ;
#2747 = DIRECTION ( 'NONE',  ( 1.000000000000000000, 0.0000000000000000000, 0.0000000000000000000 ) ) ;
#2748 = VERTEX_POINT ( 'NONE', #879 ) ;
#2749 = CARTESIAN_POINT ( 'NONE',  ( 5.906828780053868577, -3.074999999999999734, 0.0000000000000000000 ) ) ;
#2750 = EDGE_CURVE ( 'NONE', #1818, #750, #2641, .T. ) ;
#2751 = DIRECTION ( 'NONE',  ( 1.200500675416475772E-16, 1.000000000000000000, 0.0000000000000000000 ) ) ;
#2752 = CARTESIAN_POINT ( 'NONE',  ( 7.730671790404080923, 3.621666666666667034, -1.179270645342404000 ) ) ;
#2753 = ORIENTED_EDGE ( 'NONE', *, *, #512, .T. ) ;
#2754 = B_SPLINE_CURVE_WITH_KNOTS ( 'NONE', 3,
 ( #496, #2517, #1367, #61 ),
 .UNSPECIFIED., .F., .F.,
 ( 4, 4 ),
 ( 0.0000000000000000000, 1.000000000000000000 ),
 .UNSPECIFIED. ) ;
#2755 = EDGE_CURVE ( 'NONE', #1854, #2031, #631, .T. ) ;
#2756 = CARTESIAN_POINT ( 'NONE',  ( -1.499999999999998668, 3.325000000000000622, -5.000000000000000000 ) ) ;
#2757 = VERTEX_POINT ( 'NONE', #966 ) ;
#2758 = DIRECTION ( 'NONE',  ( 0.0000000000000000000, -0.0000000000000000000, -1.000000000000000000 ) ) ;
#2759 = DIRECTION ( 'NONE',  ( 1.000000000000000000, 0.0000000000000000000, 0.0000000000000000000 ) ) ;
#2760 = ORIENTED_EDGE ( 'NONE', *, *, #129, .T. ) ;
#2761 = AXIS2_PLACEMENT_3D ( 'NONE', #2605, #1705, #2374 ) ;
#2762 = EDGE_CURVE ( 'NONE', #2058, #1921, #2323, .T. ) ;
#2763 = VECTOR ( 'NONE', #326, 1000.000000000000000 ) ;
#2764 = ADVANCED_FACE ( 'NONE', ( #1816 ), #286, .F. ) ;
#2765 = DIRECTION ( 'NONE',  ( 0.0000000000000000000, 0.0000000000000000000, 1.000000000000000000 ) ) ;
#2766 = CARTESIAN_POINT ( 'NONE',  ( 9.225000000000001421, 2.983333333333334281, -4.929269377658068940 ) ) ;
#2767 = VECTOR ( 'NONE', #1349, 999.9999999999998863 ) ;
#2768 = ORIENTED_EDGE ( 'NONE', *, *, #1997, .T. ) ;
#2769 = AXIS2_PLACEMENT_3D ( 'NONE', #2074, #2044, #91 ) ;
#2770 = CARTESIAN_POINT ( 'NONE',  ( -2.425000000000000711, -5.650000000000000355, -9.000000000000000000 ) ) ;
#2771 = EDGE_LOOP ( 'NONE', ( #689, #1289, #315, #1716, #1420, #1612, #1616, #2516 ) ) ;
#2772 = DIRECTION ( 'NONE',  ( 7.278560039063522195E-16, -1.000000000000000000, -0.0000000000000000000 ) ) ;
#2773 = AXIS2_PLACEMENT_3D ( 'NONE', #1352, #1572, #483 ) ;
#2774 = CARTESIAN_POINT ( 'NONE',  ( -2.925000025903623513, -3.268613144007002980, -0.2437088672751774043 ) ) ;
#2775 = ORIENTED_EDGE ( 'NONE', *, *, #2671, .T. ) ;
#2776 = EDGE_CURVE ( 'NONE', #664, #463, #921, .T. ) ;
#2777 = VECTOR ( 'NONE', #117, 1000.000000000000000 ) ;
#2778 = AXIS2_PLACEMENT_3D ( 'NONE', #1648, #2264, #2727 ) ;
#2779 = CARTESIAN_POINT ( 'NONE',  ( -5.178907482225809211, 4.199999999999997513, -4.500000000000000000 ) ) ;
#2780 = LINE ( 'NONE', #1229, #1302 ) ;
#2781 = ADVANCED_FACE ( 'NONE', ( #1876 ), #2076, .T. ) ;
#2782 = ORIENTED_EDGE ( 'NONE', *, *, #340, .F. ) ;
#2783 = DIRECTION ( 'NONE',  ( 1.000000000000000000, 0.0000000000000000000, -0.0000000000000000000 ) ) ;
#2784 = CARTESIAN_POINT ( 'NONE',  ( -3.199999999999998845, -1.091511400614619680E-15, -4.500000000000000000 ) ) ;
#2785 = ORIENTED_EDGE ( 'NONE', *, *, #2750, .T. ) ;
#2786 = CARTESIAN_POINT ( 'NONE',  ( 7.200000000000000178, 4.125000000000003553, 0.0000000000000000000 ) ) ;
#2787 = EDGE_CURVE ( 'NONE', #2894, #1556, #2522, .T. ) ;
#2788 = DIRECTION ( 'NONE',  ( 3.706482248929964337E-16, -1.000000000000000000, 0.0000000000000000000 ) ) ;
#2789 = ORIENTED_EDGE ( 'NONE', *, *, #338, .T. ) ;
#2790 = EDGE_CURVE ( 'NONE', #2245, #825, #38, .T. ) ;
#2791 = CARTESIAN_POINT ( 'NONE',  ( -1.499999999999998668, 3.325000000000000622, 0.0000000000000000000 ) ) ;
#2792 = CARTESIAN_POINT ( 'NONE',  ( -3.200000000000001510, 7.419289525591095114, -2.312635970870159152 ) ) ;
#2793 = CARTESIAN_POINT ( 'NONE',  ( 2.575000000000000178, 0.0000000000000000000, 3.700000000000000178 ) ) ;
#2794 = DIRECTION ( 'NONE',  ( -0.0000000000000000000, 1.000000000000000000, -0.0000000000000000000 ) ) ;
#2795 = ORIENTED_EDGE ( 'NONE', *, *, #247, .F. ) ;
#2796 = DIRECTION ( 'NONE',  ( 0.0000000000000000000, -0.0000000000000000000, 1.000000000000000000 ) ) ;
#2797 = CARTESIAN_POINT ( 'NONE',  ( 0.0000000000000000000, -2.174999999999999822, 0.0000000000000000000 ) ) ;
#2798 = CARTESIAN_POINT ( 'NONE',  ( -5.224999999999996980, 7.799999999999998046, -5.399999999999999467 ) ) ;
#2799 = ORIENTED_EDGE ( 'NONE', *, *, #862, .F. ) ;
#2800 = CARTESIAN_POINT ( 'NONE',  ( -2.925000000023750601, -3.075000000000001510, -0.2437088526052475224 ) ) ;
#2801 = CARTESIAN_POINT ( 'NONE',  ( -5.178907482225810099, 5.399999999999997691, -4.500000000000000000 ) ) ;
#2802 = LINE ( 'NONE', #1461, #1209 ) ;
#2803 = ORIENTED_EDGE ( 'NONE', *, *, #924, .F. ) ;
#2804 = AXIS2_PLACEMENT_3D ( 'NONE', #885, #874, #2694 ) ;
#2805 = DIRECTION ( 'NONE',  ( -0.0000000000000000000, -0.0000000000000000000, -1.000000000000000000 ) ) ;
#2806 = AXIS2_PLACEMENT_3D ( 'NONE', #444, #2864, #854 ) ;
#2807 = DIRECTION ( 'NONE',  ( 1.000000000000000000, 0.0000000000000000000, 0.0000000000000000000 ) ) ;
#2808 = ORIENTED_EDGE ( 'NONE', *, *, #1159, .T. ) ;
#2809 =( NAMED_UNIT ( * ) PLANE_ANGLE_UNIT ( ) SI_UNIT ( $, .RADIAN. ) );
#2810 = CYLINDRICAL_SURFACE ( 'NONE', #1022, 0.3500000000000002554 ) ;
#2811 = VECTOR ( 'NONE', #1279, 1000.000000000000000 ) ;
#2812 = DIRECTION ( 'NONE',  ( -1.000000000000000000, -3.410973126920687487E-16, 0.0000000000000000000 ) ) ;
#2813 = FACE_OUTER_BOUND ( 'NONE', #1156, .T. ) ;
#2814 = EDGE_CURVE ( 'NONE', #2239, #708, #1385, .T. ) ;
#2815 = ORIENTED_EDGE ( 'NONE', *, *, #1513, .T. ) ;
#2816 = VECTOR ( 'NONE', #688, 1000.000000000000000 ) ;
#2817 = ADVANCED_FACE ( 'NONE', ( #1182 ), #700, .F. ) ;
#2818 = DIRECTION ( 'NONE',  ( -1.200500675416475772E-16, -1.000000000000000000, 0.0000000000000000000 ) ) ;
#2819 = DIRECTION ( 'NONE',  ( 0.0000000000000000000, 0.0000000000000000000, -1.000000000000000000 ) ) ;
#2820 = CARTESIAN_POINT ( 'NONE',  ( 0.8000000000000003775, 0.5749999999999991784, -13.89999999999999858 ) ) ;
#2821 = AXIS2_PLACEMENT_3D ( 'NONE', #1215, #2165, #826 ) ;
#2822 = VERTEX_POINT ( 'NONE', #2539 ) ;
#2823 = PLANE ( 'NONE',  #532 ) ;
#2824 = LOCAL_TIME ( 13, 46, 37.00000000000000000, #1529 ) ;
#2825 = CARTESIAN_POINT ( 'NONE',  ( 0.0000000000000000000, 0.0000000000000000000, -5.000000000000000000 ) ) ;
#2826 = EDGE_LOOP ( 'NONE', ( #2700, #2001, #2621, #911 ) ) ;
#2827 = PERSON_AND_ORGANIZATION ( #1904, #72 ) ;
#2828 = EDGE_CURVE ( 'NONE', #968, #2056, #1746, .T. ) ;
#2829 = DIRECTION ( 'NONE',  ( 1.000000000000000000, 0.0000000000000000000, -0.0000000000000000000 ) ) ;
#2830 = LINE ( 'NONE', #1952, #703 ) ;
#2831 = LINE ( 'NONE', #1503, #2170 ) ;
#2832 = ORIENTED_EDGE ( 'NONE', *, *, #1617, .T. ) ;
#2833 = CARTESIAN_POINT ( 'NONE',  ( -2.697101215379625661, -3.269774822871045483, -0.1146327893965711359 ) ) ;
#2834 = PLANE ( 'NONE',  #720 ) ;
#2835 = LINE ( 'NONE', #1510, #244 ) ;
#2836 = EDGE_CURVE ( 'NONE', #1216, #2704, #529, .T. ) ;
#2837 = VERTEX_POINT ( 'NONE', #51 ) ;
#2838 = EDGE_CURVE ( 'NONE', #2527, #2031, #2310, .T. ) ;
#2839 = LINE ( 'NONE', #606, #485 ) ;
#2840 = DIRECTION ( 'NONE',  ( 1.000000000000000000, 0.0000000000000000000, 0.0000000000000000000 ) ) ;
#2841 = ORIENTED_EDGE ( 'NONE', *, *, #1246, .F. ) ;
#2842 = DIRECTION ( 'NONE',  ( -0.0000000000000000000, -0.0000000000000000000, 1.000000000000000000 ) ) ;
#2843 = PLANE ( 'NONE',  #2722 ) ;
#2844 = DIRECTION ( 'NONE',  ( -4.527548582486291212E-16, 0.6220390514314998454, 0.7829862185851037548 ) ) ;
#2845 = CARTESIAN_POINT ( 'NONE',  ( 1.425000000000000488, 2.425000000000000266, 3.700000000000000178 ) ) ;
#2846 = ORIENTED_EDGE ( 'NONE', *, *, #1837, .T. ) ;
#2847 = B_SPLINE_CURVE_WITH_KNOTS ( 'NONE', 3,
 ( #2279, #2741, #1369, #2474 ),
 .UNSPECIFIED., .F., .F.,
 ( 4, 4 ),
 ( 0.0000000000000000000, 1.000000000000000000 ),
 .UNSPECIFIED. ) ;
#2848 = CARTESIAN_POINT ( 'NONE',  ( 0.1000000000000004774, 0.5749999999999994005, -14.59999999999999787 ) ) ;
#2849 = PLANE ( 'NONE',  #930 ) ;
#2850 = DIRECTION ( 'NONE',  ( -0.0000000000000000000, -0.0000000000000000000, -1.000000000000000000 ) ) ;
#2851 = CC_DESIGN_PERSON_AND_ORGANIZATION_ASSIGNMENT ( #2372, #1686, ( #1498 ) ) ;
#2852 = ORIENTED_EDGE ( 'NONE', *, *, #2314, .T. ) ;
#2853 = ADVANCED_FACE ( 'NONE', ( #1833 ), #760, .T. ) ;
#2854 = CARTESIAN_POINT ( 'NONE',  ( 5.500000000000000000, -2.174999999999999822, 0.0000000000000000000 ) ) ;
#2855 = CARTESIAN_POINT ( 'NONE',  ( 2.574999999999999734, 2.425000000000000266, 3.700000000000000178 ) ) ;
#2856 = ORIENTED_EDGE ( 'NONE', *, *, #601, .F. ) ;
#2857 = PERSON_AND_ORGANIZATION ( #1904, #72 ) ;
#2858 = DIRECTION ( 'NONE',  ( 1.000000000000000000, 0.0000000000000000000, 0.0000000000000000000 ) ) ;
#2859 = VECTOR ( 'NONE', #1213, 1000.000000000000000 ) ;
#2860 = CARTESIAN_POINT ( 'NONE',  ( 0.0000000000000000000, 1.149999999999999911, 3.700000000000000178 ) ) ;
#2861 = CARTESIAN_POINT ( 'NONE',  ( -3.730671790404080479, 1.725000000000001643, -1.179270645342404222 ) ) ;
#2862 = VERTEX_POINT ( 'NONE', #1414 ) ;
#2863 = LINE ( 'NONE', #642, #439 ) ;
#2864 = DIRECTION ( 'NONE',  ( 1.000000000000000000, -1.700709290173340163E-16, 0.0000000000000000000 ) ) ;
#2865 = AXIS2_PLACEMENT_3D ( 'NONE', #1263, #863, #1045 ) ;
#2866 = EDGE_CURVE ( 'NONE', #1939, #2602, #645, .T. ) ;
#2867 = LINE ( 'NONE', #2411, #1088 ) ;
#2868 = VERTEX_POINT ( 'NONE', #952 ) ;
#2869 = VERTEX_POINT ( 'NONE', #733 ) ;
#2870 = DIRECTION ( 'NONE',  ( -2.940209281316621016E-16, 1.000000000000000000, 0.0000000000000000000 ) ) ;
#2871 = FACE_OUTER_BOUND ( 'NONE', #75, .T. ) ;
#2872 = VECTOR ( 'NONE', #2172, 1000.000000000000000 ) ;
#2873 = DIRECTION ( 'NONE',  ( 0.0000000000000000000, 0.0000000000000000000, -1.000000000000000000 ) ) ;
#2874 = VECTOR ( 'NONE', #157, 1000.000000000000000 ) ;
#2875 = LINE ( 'NONE', #1573, #203 ) ;
#2876 = DIRECTION ( 'NONE',  ( 1.000000000000000000, 0.0000000000000000000, 0.0000000000000000000 ) ) ;
#2877 = ORIENTED_EDGE ( 'NONE', *, *, #1198, .F. ) ;
#2878 = LINE ( 'NONE', #2233, #1598 ) ;
#2879 = PLANE ( 'NONE',  #1073 ) ;
#2880 = ADVANCED_FACE ( 'NONE', ( #1620 ), #312, .F. ) ;
#2881 = DIRECTION ( 'NONE',  ( 0.0000000000000000000, -1.000000000000000000, 0.0000000000000000000 ) ) ;
#2882 = ORIENTED_EDGE ( 'NONE', *, *, #1652, .T. ) ;
#2883 = ORIENTED_EDGE ( 'NONE', *, *, #736, .T. ) ;
#2884 = DIRECTION ( 'NONE',  ( -0.0000000000000000000, -0.0000000000000000000, -1.000000000000000000 ) ) ;
#2885 = FACE_OUTER_BOUND ( 'NONE', #1895, .T. ) ;
#2886 = CARTESIAN_POINT ( 'NONE',  ( 7.200000000000000178, 7.800000000000004263, -4.500000000000000000 ) ) ;
#2887 = CARTESIAN_POINT ( 'NONE',  ( 6.424999999999998046, -3.074999999999999289, 0.0000000000000000000 ) ) ;
#2888 = VERTEX_POINT ( 'NONE', #93 ) ;
#2889 = DIRECTION ( 'NONE',  ( -1.000000000000000000, 0.0000000000000000000, 0.0000000000000000000 ) ) ;
#2890 = EDGE_CURVE ( 'NONE', #188, #2894, #976, .T. ) ;
#2891 = DIRECTION ( 'NONE',  ( 0.0000000000000000000, -0.0000000000000000000, -1.000000000000000000 ) ) ;
#2892 = EDGE_CURVE ( 'NONE', #2705, #1027, #773, .T. ) ;
#2893 = EDGE_CURVE ( 'NONE', #1128, #505, #2342, .T. ) ;
#2894 = VERTEX_POINT ( 'NONE', #1204 ) ;
#2895 = LINE ( 'NONE', #1792, #2243 ) ;
#2896 = ORIENTED_EDGE ( 'NONE', *, *, #2485, .T. ) ;
#2897 = LINE ( 'NONE', #2660, #654 ) ;
#2898 = DIRECTION ( 'NONE',  ( 0.0000000000000000000, 1.000000000000000000, 0.0000000000000000000 ) ) ;
#2899 = EDGE_CURVE ( 'NONE', #382, #2612, #1235, .T. ) ;
#2900 = CARTESIAN_POINT ( 'NONE',  ( -3.199999999999998401, -3.565000000000000391, -2.168404344971008868E-16 ) ) ;
#2901 = DIRECTION ( 'NONE',  ( 0.0000000000000000000, -0.0000000000000000000, -1.000000000000000000 ) ) ;
#2902 = ORIENTED_EDGE ( 'NONE', *, *, #582, .T. ) ;
#2903 = DIRECTION ( 'NONE',  ( -0.0000000000000000000, -0.0000000000000000000, -1.000000000000000000 ) ) ;
ENDSEC;
END-ISO-10303-21;
