ISO-10303-21;
HEADER;
FILE_DESCRIPTION (( 'STEP AP214' ),
    '1' );
FILE_NAME ('gateronSwitch.STEP',
    '2019-12-06T12:41:05',
    ( '' ),
    ( '' ),
    'SwSTEP 2.0',
    'SolidWorks 2019',
    '' );
FILE_SCHEMA (( 'AUTOMOTIVE_DESIGN' ));
ENDSEC;

DATA;
#1 = CARTESIAN_POINT ( 'NONE',  ( 9.178907482225810099, -6.650000000000001243, -4.500000000000000000 ) ) ;
#2 =( GEOMETRIC_REPRESENTATION_CONTEXT ( 3 ) GLOBAL_UNCERTAINTY_ASSIGNED_CONTEXT ( ( #289 ) ) GLOBAL_UNIT_ASSIGNED_CONTEXT ( ( #594, #3393, #315 ) ) REPRESENTATION_CONTEXT ( 'NONE', 'WORKASPACE' ) );
#3 =( LENGTH_UNIT ( ) NAMED_UNIT ( * ) SI_UNIT ( .MILLI., .METRE. ) );
#4 = CARTESIAN_POINT ( 'NONE',  ( -5.178907482225809211, 4.199999999999997513, -4.500000000000000000 ) ) ;
#5 = ORIENTED_EDGE ( 'NONE', *, *, #1143, .F. ) ;
#6 = PRESENTATION_LAYER_ASSIGNMENT (  '', '', ( #1976 ) ) ;
#7 = EDGE_CURVE ( 'NONE', #2706, #1800, #880, .T. ) ;
#8 = VECTOR ( 'NONE', #86, 1000.000000000000000 ) ;
#9 = DIRECTION ( 'NONE',  ( -0.0000000000000000000, -0.0000000000000000000, 1.000000000000000000 ) ) ;
#10 = CARTESIAN_POINT ( 'NONE',  ( -5.209635827408602538, -6.650000000000000355, -4.639792108149416450 ) ) ;
#11 = FILL_AREA_STYLE_COLOUR ( '', #850 ) ;
#12 = AXIS2_PLACEMENT_3D ( 'NONE', #216, #3203, #1520 ) ;
#13 = DIRECTION ( 'NONE',  ( -0.0000000000000000000, -0.0000000000000000000, 1.000000000000000000 ) ) ;
#14 = VERTEX_POINT ( 'NONE', #3597 ) ;
#15 = DIRECTION ( 'NONE',  ( 1.000000000000000000, 0.0000000000000000000, -0.0000000000000000000 ) ) ;
#16 = CARTESIAN_POINT ( 'NONE',  ( 6.727298038134975400, -3.192074504166953375, -0.1473665087416209385 ) ) ;
#17 = VERTEX_POINT ( 'NONE', #1092 ) ;
#18 = EDGE_LOOP ( 'NONE', ( #3161, #2963, #440, #3106 ) ) ;
#19 = PLANE ( 'NONE',  #1406 ) ;
#20 = VECTOR ( 'NONE', #810, 1000.000000000000000 ) ;
#21 = DIRECTION ( 'NONE',  ( -1.000000000000000000, 6.002503377082377626E-17, 0.0000000000000000000 ) ) ;
#22 = DIRECTION ( 'NONE',  ( -0.0000000000000000000, -0.0000000000000000000, 1.000000000000000000 ) ) ;
#23 = AXIS2_PLACEMENT_3D ( 'NONE', #313, #2014, #934 ) ;
#24 = ORIENTED_EDGE ( 'NONE', *, *, #40, .F. ) ;
#25 = MECHANICAL_DESIGN_GEOMETRIC_PRESENTATION_REPRESENTATION (  '', ( #210 ), #2609 ) ;
#26 = VECTOR ( 'NONE', #3486, 1000.000000000000000 ) ;
#27 = CARTESIAN_POINT ( 'NONE',  ( 5.906828780053868577, 0.02833333333333550377, 0.0000000000000000000 ) ) ;
#28 = CARTESIAN_POINT ( 'NONE',  ( -2.925000000023750601, -3.269774822871045927, -0.2437088526052474113 ) ) ;
#29 = DIRECTION ( 'NONE',  ( 1.000000000000000000, 0.0000000000000000000, -0.0000000000000000000 ) ) ;
#30 = VECTOR ( 'NONE', #2425, 1000.000000000000000 ) ;
#31 = ADVANCED_FACE ( 'NONE', ( #818 ), #2779, .F. ) ;
#32 = EDGE_CURVE ( 'NONE', #1497, #903, #2329, .T. ) ;
#33 = SURFACE_SIDE_STYLE ('',( #1121 ) ) ;
#34 = ADVANCED_FACE ( 'NONE', ( #2025 ), #2847, .F. ) ;
#35 = ORIENTED_EDGE ( 'NONE', *, *, #2936, .T. ) ;
#36 = EDGE_CURVE ( 'NONE', #249, #699, #2317, .T. ) ;
#37 = FILL_AREA_STYLE ('',( #1412 ) ) ;
#38 = VECTOR ( 'NONE', #173, 1000.000000000000000 ) ;
#39 = DIRECTION ( 'NONE',  ( -0.0000000000000000000, -0.0000000000000000000, -1.000000000000000000 ) ) ;
#40 = EDGE_CURVE ( 'NONE', #3038, #2412, #1986, .T. ) ;
#41 = CARTESIAN_POINT ( 'NONE',  ( -5.048843010350209326, 4.199999999999997513, -4.108540023000468722 ) ) ;
#42 = VERTEX_POINT ( 'NONE', #3387 ) ;
#43 = STYLED_ITEM ( 'NONE', ( #2563 ), #1959 ) ;
#44 = CARTESIAN_POINT ( 'NONE',  ( 5.500000000000000000, 3.324999999999999734, -4.500000000000000000 ) ) ;
#45 = CARTESIAN_POINT ( 'NONE',  ( 5.500000000000000000, 3.324999999999999734, 0.0000000000000000000 ) ) ;
#46 = CARTESIAN_POINT ( 'NONE',  ( 6.424999999999998934, -4.174999999999999822, -14.59999999999999787 ) ) ;
#47 = ORIENTED_EDGE ( 'NONE', *, *, #3541, .F. ) ;
#48 = LINE ( 'NONE', #323, #1134 ) ;
#49 = DIRECTION ( 'NONE',  ( 1.000000000000000000, 0.0000000000000000000, 0.0000000000000000000 ) ) ;
#50 = PLANE ( 'NONE',  #3471 ) ;
#51 = CARTESIAN_POINT ( 'NONE',  ( -5.224999999999996980, 7.799999999999998046, -6.299999999999998934 ) ) ;
#52 = CARTESIAN_POINT ( 'NONE',  ( -5.224999999999996980, 7.799999999999998046, -5.399999999999999467 ) ) ;
#53 = LINE ( 'NONE', #1732, #568 ) ;
#54 = PRESENTATION_STYLE_ASSIGNMENT (( #1196 ) ) ;
#55 = ORIENTED_EDGE ( 'NONE', *, *, #2662, .F. ) ;
#56 = ORIENTED_EDGE ( 'NONE', *, *, #2797, .F. ) ;
#57 = LINE ( 'NONE', #2270, #1413 ) ;
#58 = DIRECTION ( 'NONE',  ( 0.0000000000000000000, 1.000000000000000000, -0.0000000000000000000 ) ) ;
#59 = ORIENTED_EDGE ( 'NONE', *, *, #1436, .T. ) ;
#60 = SURFACE_STYLE_USAGE ( .BOTH. , #2575 ) ;
#61 =( LENGTH_UNIT ( ) NAMED_UNIT ( * ) SI_UNIT ( .MILLI., .METRE. ) );
#62 = EDGE_CURVE ( 'NONE', #1269, #199, #2336, .T. ) ;
#63 = VECTOR ( 'NONE', #2228, 1000.000000000000000 ) ;
#64 = SURFACE_SIDE_STYLE ('',( #1432 ) ) ;
#65 = VECTOR ( 'NONE', #1381, 1000.000000000000000 ) ;
#66 = CARTESIAN_POINT ( 'NONE',  ( 2.575000000000000178, 0.0000000000000000000, 3.700000000000000178 ) ) ;
#67 = CARTESIAN_POINT ( 'NONE',  ( 7.200000000000000178, 6.815365508088051527, -0.5022370305512284805 ) ) ;
#68 = LINE ( 'NONE', #386, #1760 ) ;
#69 = VECTOR ( 'NONE', #2906, 1000.000000000000000 ) ;
#70 = DIRECTION ( 'NONE',  ( -0.0000000000000000000, -0.0000000000000000000, -1.000000000000000000 ) ) ;
#71 = EDGE_CURVE ( 'NONE', #2029, #2262, #1450, .T. ) ;
#72 = VERTEX_POINT ( 'NONE', #2597 ) ;
#73 = EDGE_CURVE ( 'NONE', #489, #2133, #3165, .T. ) ;
#74 = CARTESIAN_POINT ( 'NONE',  ( -2.425000000000002043, -7.130007507192813149E-16, -5.399999999999999467 ) ) ;
#75 =( NAMED_UNIT ( * ) PLANE_ANGLE_UNIT ( ) SI_UNIT ( $, .RADIAN. ) );
#76 = SURFACE_SIDE_STYLE ('',( #1510 ) ) ;
#77 = ORIENTED_EDGE ( 'NONE', *, *, #3372, .F. ) ;
#78 = VECTOR ( 'NONE', #2135, 1000.000000000000000 ) ;
#79 = CARTESIAN_POINT ( 'NONE',  ( 0.0000000000000000000, 1.149999999999999911, 3.700000000000000178 ) ) ;
#80 = DIRECTION ( 'NONE',  ( -0.0000000000000000000, 1.000000000000000000, -0.0000000000000000000 ) ) ;
#81 = DIRECTION ( 'NONE',  ( 1.000000000000000000, -1.239088197126291063E-16, 0.0000000000000000000 ) ) ;
#82 = COLOUR_RGB ( '',0.8588235294117646523, 0.8588235294117646523, 0.8588235294117646523 ) ;
#83 = VECTOR ( 'NONE', #2319, 1000.000000000000000 ) ;
#84 = AXIS2_PLACEMENT_3D ( 'NONE', #1991, #1415, #1469 ) ;
#85 =( GEOMETRIC_REPRESENTATION_CONTEXT ( 3 ) GLOBAL_UNCERTAINTY_ASSIGNED_CONTEXT ( ( #187 ) ) GLOBAL_UNIT_ASSIGNED_CONTEXT ( ( #603, #3330, #1154 ) ) REPRESENTATION_CONTEXT ( 'NONE', 'WORKASPACE' ) );
#86 = DIRECTION ( 'NONE',  ( -1.000000000000000000, 6.002503377082377626E-17, -0.0000000000000000000 ) ) ;
#87 = PLANE ( 'NONE',  #3401 ) ;
#88 = MECHANICAL_DESIGN_GEOMETRIC_PRESENTATION_REPRESENTATION (  '', ( #1882 ), #441 ) ;
#89 = SURFACE_SIDE_STYLE ('',( #1733 ) ) ;
#90 = SURFACE_SIDE_STYLE ('',( #2603 ) ) ;
#91 = CIRCLE ( 'NONE', #3345, 0.3499999999999996447 ) ;
#92 = AXIS2_PLACEMENT_3D ( 'NONE', #332, #350, #645 ) ;
#93 = ORIENTED_EDGE ( 'NONE', *, *, #2288, .F. ) ;
#94 = ORIENTED_EDGE ( 'NONE', *, *, #112, .T. ) ;
#95 = PLANE ( 'NONE',  #2157 ) ;
#96 = VECTOR ( 'NONE', #605, 1000.000000000000000 ) ;
#97 = EDGE_CURVE ( 'NONE', #1578, #1103, #2338, .T. ) ;
#98 = FACE_OUTER_BOUND ( 'NONE', #578, .T. ) ;
#99 = EDGE_LOOP ( 'NONE', ( #2084, #3142, #3511, #1168 ) ) ;
#100 = PRESENTATION_LAYER_ASSIGNMENT (  '', '', ( #3076 ) ) ;
#101 = CARTESIAN_POINT ( 'NONE',  ( 5.500000000000000000, 0.0000000000000000000, 0.0000000000000000000 ) ) ;
#102 = CARTESIAN_POINT ( 'NONE',  ( 9.225000000000001421, -6.650000000000001243, -4.929269377658066276 ) ) ;
#103 = CARTESIAN_POINT ( 'NONE',  ( -3.258120437188722462, -6.175000000000001599, -9.000000000000000000 ) ) ;
#104 = CARTESIAN_POINT ( 'NONE',  ( -5.224999999999998757, -7.372500000000000497, -4.929269377658068052 ) ) ;
#105 = B_SPLINE_CURVE_WITH_KNOTS ( 'NONE', 3,
 ( #723, #2918, #2686, #416 ),
 .UNSPECIFIED., .F., .F.,
 ( 4, 4 ),
 ( 0.0000000000000000000, 1.000000000000000000 ),
 .UNSPECIFIED. ) ;
#106 = LINE ( 'NONE', #2061, #2588 ) ;
#107 = SURFACE_STYLE_FILL_AREA ( #2616 ) ;
#108 = DIRECTION ( 'NONE',  ( 1.000000000000000000, -6.829619984160658046E-17, 0.0000000000000000000 ) ) ;
#109 = FILL_AREA_STYLE ('',( #3170 ) ) ;
#110 = DIRECTION ( 'NONE',  ( 1.000000000000000000, -1.239088197126291063E-16, 0.0000000000000000000 ) ) ;
#111 = ORIENTED_EDGE ( 'NONE', *, *, #2245, .T. ) ;
#112 = EDGE_CURVE ( 'NONE', #3257, #1607, #106, .T. ) ;
#113 = EDGE_CURVE ( 'NONE', #322, #1497, #1763, .T. ) ;
#114 = CARTESIAN_POINT ( 'NONE',  ( -2.425000000000001155, -4.174999999999999822, -5.399999999999999467 ) ) ;
#115 =( LENGTH_UNIT ( ) NAMED_UNIT ( * ) SI_UNIT ( .MILLI., .METRE. ) );
#116 = VERTEX_POINT ( 'NONE', #964 ) ;
#117 = PLANE ( 'NONE',  #543 ) ;
#118 = FACE_OUTER_BOUND ( 'NONE', #3449, .T. ) ;
#119 = ADVANCED_FACE ( 'NONE', ( #1193 ), #2863, .F. ) ;
#120 = CARTESIAN_POINT ( 'NONE',  ( 2.000000000000000444, 0.5749999999999991784, -13.89999999999999858 ) ) ;
#121 = FILL_AREA_STYLE_COLOUR ( '', #1596 ) ;
#122 = PLANE ( 'NONE',  #1930 ) ;
#123 =( GEOMETRIC_REPRESENTATION_CONTEXT ( 3 ) GLOBAL_UNCERTAINTY_ASSIGNED_CONTEXT ( ( #547 ) ) GLOBAL_UNIT_ASSIGNED_CONTEXT ( ( #2269, #1222, #956 ) ) REPRESENTATION_CONTEXT ( 'NONE', 'WORKASPACE' ) );
#124 = PRESENTATION_STYLE_ASSIGNMENT (( #732 ) ) ;
#125 =( LENGTH_UNIT ( ) NAMED_UNIT ( * ) SI_UNIT ( .MILLI., .METRE. ) );
#126 = VERTEX_POINT ( 'NONE', #1156 ) ;
#127 = STYLED_ITEM ( 'NONE', ( #3044 ), #303 ) ;
#128 = STYLED_ITEM ( 'NONE', ( #2836 ), #771 ) ;
#129 = ORIENTED_EDGE ( 'NONE', *, *, #1382, .T. ) ;
#130 = VERTEX_POINT ( 'NONE', #625 ) ;
#131 = UNCERTAINTY_MEASURE_WITH_UNIT (LENGTH_MEASURE( 1.000000000000000082E-05 ), #2019, 'distance_accuracy_value', 'NONE');
#132 = DIRECTION ( 'NONE',  ( 0.4103646773287981109, -2.463215361501430928E-17, -0.9119215051751063950 ) ) ;
#133 = EDGE_LOOP ( 'NONE', ( #1367, #886, #925, #1283, #3130, #3561, #1419, #1394, #931, #165, #517, #590 ) ) ;
#134 =( GEOMETRIC_REPRESENTATION_CONTEXT ( 3 ) GLOBAL_UNCERTAINTY_ASSIGNED_CONTEXT ( ( #1093 ) ) GLOBAL_UNIT_ASSIGNED_CONTEXT ( ( #894, #2502, #1446 ) ) REPRESENTATION_CONTEXT ( 'NONE', 'WORKASPACE' ) );
#135 = CARTESIAN_POINT ( 'NONE',  ( -5.224999999999996980, 8.522499999999993747, -4.929269377658063611 ) ) ;
#136 = CARTESIAN_POINT ( 'NONE',  ( 6.424999999999998934, -4.174999999999999822, -14.59999999999999787 ) ) ;
#137 = MECHANICAL_DESIGN_GEOMETRIC_PRESENTATION_REPRESENTATION (  '', ( #1769 ), #134 ) ;
#138 = SURFACE_SIDE_STYLE ('',( #948 ) ) ;
#139 = ADVANCED_FACE ( 'NONE', ( #2631 ), #692, .F. ) ;
#140 = CARTESIAN_POINT ( 'NONE',  ( -2.425000000000000711, -5.650000000000000355, -5.399999999999999467 ) ) ;
#141 = VECTOR ( 'NONE', #421, 1000.000000000000000 ) ;
#142 = CIRCLE ( 'NONE', #1243, 1.200000000000000178 ) ;
#143 = EDGE_CURVE ( 'NONE', #240, #1308, #347, .T. ) ;
#144 = DIRECTION ( 'NONE',  ( 1.000000000000000000, -0.0000000000000000000, -0.0000000000000000000 ) ) ;
#145 = PRODUCT_DEFINITION ( 'UNKNOWN', '', #2767, #1784 ) ;
#146 = VECTOR ( 'NONE', #622, 1000.000000000000000 ) ;
#147 = ORIENTED_EDGE ( 'NONE', *, *, #185, .F. ) ;
#148 = DIRECTION ( 'NONE',  ( -0.0000000000000000000, -0.0000000000000000000, -1.000000000000000000 ) ) ;
#149 = COLOUR_RGB ( '',0.8588235294117646523, 0.8588235294117646523, 0.8588235294117646523 ) ;
#150 = PRESENTATION_STYLE_ASSIGNMENT (( #521 ) ) ;
#151 = DIRECTION ( 'NONE',  ( 0.0000000000000000000, 0.0000000000000000000, 1.000000000000000000 ) ) ;
#152 = EDGE_LOOP ( 'NONE', ( #2944, #868, #1850, #390 ) ) ;
#153 = CARTESIAN_POINT ( 'NONE',  ( 9.225000000000001421, 4.199999999999997513, -4.500000000000000000 ) ) ;
#154 = PRESENTATION_LAYER_ASSIGNMENT (  '', '', ( #3183 ) ) ;
#155 = ORIENTED_EDGE ( 'NONE', *, *, #182, .F. ) ;
#156 =( NAMED_UNIT ( * ) SI_UNIT ( $, .STERADIAN. ) SOLID_ANGLE_UNIT ( ) );
#157 = FILL_AREA_STYLE_COLOUR ( '', #261 ) ;
#158 = PLANE ( 'NONE',  #2712 ) ;
#159 = CARTESIAN_POINT ( 'NONE',  ( -5.048843010350210214, -0.6500000000000003553, -4.108540023000470498 ) ) ;
#160 = DIRECTION ( 'NONE',  ( 1.000000000000000000, 0.0000000000000000000, 0.0000000000000000000 ) ) ;
#161 = ORIENTED_EDGE ( 'NONE', *, *, #3187, .T. ) ;
#162 = EDGE_CURVE ( 'NONE', #1269, #1573, #656, .T. ) ;
#163 = ORIENTED_EDGE ( 'NONE', *, *, #618, .T. ) ;
#164 = DIRECTION ( 'NONE',  ( 0.0000000000000000000, 1.000000000000000000, -0.0000000000000000000 ) ) ;
#165 = ORIENTED_EDGE ( 'NONE', *, *, #2925, .F. ) ;
#166 = DIRECTION ( 'NONE',  ( 1.000000000000000000, 0.0000000000000000000, 0.0000000000000000000 ) ) ;
#167 = FILL_AREA_STYLE_COLOUR ( '', #1365 ) ;
#168 = VERTEX_POINT ( 'NONE', #2298 ) ;
#169 = FILL_AREA_STYLE_COLOUR ( '', #3303 ) ;
#170 = EDGE_CURVE ( 'NONE', #2483, #2541, #3440, .T. ) ;
#171 = CARTESIAN_POINT ( 'NONE',  ( 5.500000000000000000, -2.174999999999999822, -4.500000000000000000 ) ) ;
#172 = CARTESIAN_POINT ( 'NONE',  ( 9.225000000000001421, 3.224166666666659076, -4.929269377658070717 ) ) ;
#173 = DIRECTION ( 'NONE',  ( -0.0000000000000000000, -0.0000000000000000000, -1.000000000000000000 ) ) ;
#174 = CARTESIAN_POINT ( 'NONE',  ( -5.178907482225810099, -3.074999999999999734, -4.500000000000000000 ) ) ;
#175 = ORIENTED_EDGE ( 'NONE', *, *, #2744, .F. ) ;
#176 = VERTEX_POINT ( 'NONE', #2043 ) ;
#177 = DIRECTION ( 'NONE',  ( -0.0000000000000000000, 0.0000000000000000000, 1.000000000000000000 ) ) ;
#178 = ORIENTED_EDGE ( 'NONE', *, *, #1471, .T. ) ;
#179 = ADVANCED_FACE ( 'NONE', ( #3403 ), #915, .F. ) ;
#180 = CARTESIAN_POINT ( 'NONE',  ( 4.000000000000000000, 1.149999999999999911, 3.700000000000000178 ) ) ;
#181 = AXIS2_PLACEMENT_3D ( 'NONE', #1757, #1498, #926 ) ;
#182 = EDGE_CURVE ( 'NONE', #3038, #448, #2139, .T. ) ;
#183 = ORIENTED_EDGE ( 'NONE', *, *, #878, .F. ) ;
#184 = VECTOR ( 'NONE', #110, 1000.000000000000000 ) ;
#185 = EDGE_CURVE ( 'NONE', #1379, #2128, #2875, .T. ) ;
#186 = EDGE_CURVE ( 'NONE', #1977, #278, #490, .T. ) ;
#187 = UNCERTAINTY_MEASURE_WITH_UNIT (LENGTH_MEASURE( 1.000000000000000082E-05 ), #603, 'distance_accuracy_value', 'NONE');
#188 = DIRECTION ( 'NONE',  ( -0.0000000000000000000, -0.0000000000000000000, 1.000000000000000000 ) ) ;
#189 = DIRECTION ( 'NONE',  ( 1.000000000000000000, 0.0000000000000000000, 0.0000000000000000000 ) ) ;
#190 = ORIENTED_EDGE ( 'NONE', *, *, #796, .T. ) ;
#191 = CARTESIAN_POINT ( 'NONE',  ( -5.224999999999999645, -2.074166666666667602, -4.499999999999998224 ) ) ;
#192 = FACE_OUTER_BOUND ( 'NONE', #2318, .T. ) ;
#193 = FILL_AREA_STYLE_COLOUR ( '', #274 ) ;
#194 = DIRECTION ( 'NONE',  ( 1.000000000000000000, 3.410973126920687487E-16, -0.0000000000000000000 ) ) ;
#195 = DIRECTION ( 'NONE',  ( 1.000000000000000000, 0.0000000000000000000, 0.0000000000000000000 ) ) ;
#196 = ORIENTED_EDGE ( 'NONE', *, *, #837, .T. ) ;
#197 = AXIS2_PLACEMENT_3D ( 'NONE', #1348, #1047, #166 ) ;
#198 = DIRECTION ( 'NONE',  ( 0.0000000000000000000, 0.0000000000000000000, -1.000000000000000000 ) ) ;
#199 = VERTEX_POINT ( 'NONE', #3263 ) ;
#200 = VECTOR ( 'NONE', #70, 1000.000000000000000 ) ;
#201 = ORIENTED_EDGE ( 'NONE', *, *, #232, .T. ) ;
#202 = COLOUR_RGB ( '',0.7921568627450980005, 0.8196078431372548767, 0.9333333333333333481 ) ;
#203 = AXIS2_PLACEMENT_3D ( 'NONE', #2374, #2982, #2997 ) ;
#204 = ORIENTED_EDGE ( 'NONE', *, *, #349, .F. ) ;
#205 = SURFACE_STYLE_FILL_AREA ( #3547 ) ;
#206 =( NAMED_UNIT ( * ) PLANE_ANGLE_UNIT ( ) SI_UNIT ( $, .RADIAN. ) );
#207 = VECTOR ( 'NONE', #2953, 1000.000000000000000 ) ;
#208 = CARTESIAN_POINT ( 'NONE',  ( 5.500000000000000000, 3.324999999999999734, -5.000000000000000000 ) ) ;
#209 = ORIENTED_EDGE ( 'NONE', *, *, #582, .T. ) ;
#210 = STYLED_ITEM ( 'NONE', ( #435 ), #3425 ) ;
#211 = PRESENTATION_LAYER_ASSIGNMENT (  '', '', ( #795 ) ) ;
#212 = FACE_OUTER_BOUND ( 'NONE', #1595, .T. ) ;
#213 = ORIENTED_EDGE ( 'NONE', *, *, #1749, .T. ) ;
#214 = PRESENTATION_LAYER_ASSIGNMENT (  '', '', ( #1825 ) ) ;
#215 = FILL_AREA_STYLE_COLOUR ( '', #3135 ) ;
#216 = CARTESIAN_POINT ( 'NONE',  ( -2.818750285228973862, 4.125000000000000888, -0.5896353226712021112 ) ) ;
#217 = CARTESIAN_POINT ( 'NONE',  ( 8.349999999999999645, -6.175000000000001599, -11.29999999999999893 ) ) ;
#218 = SURFACE_SIDE_STYLE ('',( #2992 ) ) ;
#219 = CARTESIAN_POINT ( 'NONE',  ( 7.730671790404080923, 3.621666666666667034, -1.179270645342404000 ) ) ;
#220 = ORIENTED_EDGE ( 'NONE', *, *, #2896, .T. ) ;
#221 = CARTESIAN_POINT ( 'NONE',  ( -4.349999999999999645, -6.175000000000001599, -6.299999999999998934 ) ) ;
#222 = CARTESIAN_POINT ( 'NONE',  ( 6.924999999999997158, -3.268613143854732339, -0.2437088524045561699 ) ) ;
#223 = LINE ( 'NONE', #759, #3521 ) ;
#224 = EDGE_CURVE ( 'NONE', #442, #527, #2537, .T. ) ;
#225 = ORIENTED_EDGE ( 'NONE', *, *, #2624, .F. ) ;
#226 = DIRECTION ( 'NONE',  ( -1.000000000000000000, 0.0000000000000000000, 0.0000000000000000000 ) ) ;
#227 =( NAMED_UNIT ( * ) SI_UNIT ( $, .STERADIAN. ) SOLID_ANGLE_UNIT ( ) );
#228 = FILL_AREA_STYLE ('',( #2454 ) ) ;
#229 = EDGE_LOOP ( 'NONE', ( #1302, #2874 ) ) ;
#230 = DIRECTION ( 'NONE',  ( 1.000000000000000000, 0.0000000000000000000, 0.0000000000000000000 ) ) ;
#231 = CARTESIAN_POINT ( 'NONE',  ( 4.000000000000000000, 0.0000000000000000000, 0.0000000000000000000 ) ) ;
#232 = EDGE_CURVE ( 'NONE', #535, #3519, #2159, .T. ) ;
#233 = CARTESIAN_POINT ( 'NONE',  ( -1.906828780053867689, 0.02833333333333463641, 0.0000000000000000000 ) ) ;
#234 = B_SPLINE_CURVE_WITH_KNOTS ( 'NONE', 3,
 ( #3537, #1333, #1836, #815 ),
 .UNSPECIFIED., .F., .F.,
 ( 4, 4 ),
 ( 0.0000000000000000000, 1.000000000000000000 ),
 .UNSPECIFIED. ) ;
#235 = ORIENTED_EDGE ( 'NONE', *, *, #905, .F. ) ;
#236 = CARTESIAN_POINT ( 'NONE',  ( -5.178907482225809211, 4.199999999999997513, -4.500000000000000000 ) ) ;
#237 = CARTESIAN_POINT ( 'NONE',  ( 6.887139080101929878, -3.251577506142169227, -0.2222653923467885484 ) ) ;
#238 = CARTESIAN_POINT ( 'NONE',  ( -3.730671790404080479, -3.074999999999999734, -1.179270645342404666 ) ) ;
#239 = APPLICATION_PROTOCOL_DEFINITION ( 'draft international standard', 'automotive_design', 1998, #3032 ) ;
#240 = VERTEX_POINT ( 'NONE', #2670 ) ;
#241 = VECTOR ( 'NONE', #2709, 1000.000000000000000 ) ;
#242 = CARTESIAN_POINT ( 'NONE',  ( 2.574999999999999734, 1.149999999999999911, 0.0000000000000000000 ) ) ;
#243 = VECTOR ( 'NONE', #1972, 1000.000000000000000 ) ;
#244 = CARTESIAN_POINT ( 'NONE',  ( 9.178907482225811876, 4.199999999999997513, -4.500000000000000000 ) ) ;
#245 = CARTESIAN_POINT ( 'NONE',  ( 4.850000000000000533, 5.724999999999998757, -14.90000000000000036 ) ) ;
#246 = DIRECTION ( 'NONE',  ( 6.002503377082377626E-17, 1.000000000000000000, 0.0000000000000000000 ) ) ;
#247 = ORIENTED_EDGE ( 'NONE', *, *, #574, .F. ) ;
#248 = AXIS2_PLACEMENT_3D ( 'NONE', #3571, #3298, #1645 ) ;
#249 = VERTEX_POINT ( 'NONE', #982 ) ;
#250 = DIRECTION ( 'NONE',  ( 0.0000000000000000000, 1.000000000000000000, 0.0000000000000000000 ) ) ;
#251 = CARTESIAN_POINT ( 'NONE',  ( -1.906828780053867689, 7.214999999999997193, 0.0000000000000000000 ) ) ;
#252 = EDGE_CURVE ( 'NONE', #372, #430, #2171, .T. ) ;
#253 = ORIENTED_EDGE ( 'NONE', *, *, #2237, .T. ) ;
#254 = UNCERTAINTY_MEASURE_WITH_UNIT (LENGTH_MEASURE( 1.000000000000000082E-05 ), #1537, 'distance_accuracy_value', 'NONE');
#255 = ADVANCED_FACE ( 'NONE', ( #192 ), #2721, .T. ) ;
#256 = MECHANICAL_DESIGN_GEOMETRIC_PRESENTATION_REPRESENTATION (  '', ( #494 ), #844 ) ;
#257 =( NAMED_UNIT ( * ) SI_UNIT ( $, .STERADIAN. ) SOLID_ANGLE_UNIT ( ) );
#258 = CARTESIAN_POINT ( 'NONE',  ( 6.424999999999998046, -3.117836102361304818, -0.05391956940583942509 ) ) ;
#259 = ORIENTED_EDGE ( 'NONE', *, *, #1104, .T. ) ;
#260 = AXIS2_PLACEMENT_3D ( 'NONE', #2332, #709, #2347 ) ;
#261 = COLOUR_RGB ( '',0.8588235294117646523, 0.8588235294117646523, 0.8588235294117646523 ) ;
#262 = CARTESIAN_POINT ( 'NONE',  ( -1.500000000000000444, -2.174999999999999822, 0.0000000000000000000 ) ) ;
#263 = LINE ( 'NONE', #3108, #316 ) ;
#264 = CARTESIAN_POINT ( 'NONE',  ( 5.500000000000000000, 0.0000000000000000000, -4.500000000000000000 ) ) ;
#265 = PRESENTATION_STYLE_ASSIGNMENT (( #2572 ) ) ;
#266 = AXIS2_PLACEMENT_3D ( 'NONE', #511, #2440, #1903 ) ;
#267 = ORIENTED_EDGE ( 'NONE', *, *, #2925, .T. ) ;
#268 = DIRECTION ( 'NONE',  ( 1.000000000000000000, 0.0000000000000000000, -0.0000000000000000000 ) ) ;
#269 = PRESENTATION_STYLE_ASSIGNMENT (( #1391 ) ) ;
#270 = DIRECTION ( 'NONE',  ( 0.0000000000000000000, 1.000000000000000000, -0.0000000000000000000 ) ) ;
#271 =( NAMED_UNIT ( * ) PLANE_ANGLE_UNIT ( ) SI_UNIT ( $, .RADIAN. ) );
#272 = ORIENTED_EDGE ( 'NONE', *, *, #3601, .F. ) ;
#273 = VERTEX_POINT ( 'NONE', #1262 ) ;
#274 = COLOUR_RGB ( '',0.8588235294117646523, 0.8588235294117646523, 0.8588235294117646523 ) ;
#275 = CARTESIAN_POINT ( 'NONE',  ( 0.0000000000000000000, 0.0000000000000000000, -4.500000000000000000 ) ) ;
#276 = ADVANCED_FACE ( 'NONE', ( #1317 ), #3493, .F. ) ;
#277 = VERTEX_POINT ( 'NONE', #2939 ) ;
#278 = VERTEX_POINT ( 'NONE', #3243 ) ;
#279 = EDGE_CURVE ( 'NONE', #711, #3497, #3512, .T. ) ;
#280 = DIRECTION ( 'NONE',  ( 0.0000000000000000000, 0.0000000000000000000, -1.000000000000000000 ) ) ;
#281 = CARTESIAN_POINT ( 'NONE',  ( 9.048843010350214655, 4.199999999999997513, -4.108540023000474051 ) ) ;
#282 = CARTESIAN_POINT ( 'NONE',  ( 0.0000000000000000000, 0.0000000000000000000, -9.000000000000000000 ) ) ;
#283 = ORIENTED_EDGE ( 'NONE', *, *, #884, .T. ) ;
#284 = CARTESIAN_POINT ( 'NONE',  ( 7.199999999999999289, -3.564999999999999059, 2.168404344971008868E-16 ) ) ;
#285 = CARTESIAN_POINT ( 'NONE',  ( -5.178907482225810099, -6.650000000000000355, -4.500000000000000000 ) ) ;
#286 = PLANE ( 'NONE',  #2047 ) ;
#287 = DIRECTION ( 'NONE',  ( 0.0000000000000000000, 0.0000000000000000000, -1.000000000000000000 ) ) ;
#288 = FACE_OUTER_BOUND ( 'NONE', #2011, .T. ) ;
#289 = UNCERTAINTY_MEASURE_WITH_UNIT (LENGTH_MEASURE( 1.000000000000000082E-05 ), #594, 'distance_accuracy_value', 'NONE');
#290 = VERTEX_POINT ( 'NONE', #2380 ) ;
#291 = COLOUR_RGB ( '',0.8588235294117646523, 0.8588235294117646523, 0.8588235294117646523 ) ;
#292 = CARTESIAN_POINT ( 'NONE',  ( 2.575000000000000178, 0.0000000000000000000, 0.0000000000000000000 ) ) ;
#293 = ORIENTED_EDGE ( 'NONE', *, *, #1141, .T. ) ;
#294 = DIRECTION ( 'NONE',  ( 1.700709290173340163E-16, 1.000000000000000000, 0.0000000000000000000 ) ) ;
#295 = VECTOR ( 'NONE', #3579, 1000.000000000000000 ) ;
#296 = ADVANCED_FACE ( 'NONE', ( #1001, #2096, #3219, #748 ), #1816, .F. ) ;
#297 = EDGE_CURVE ( 'NONE', #2128, #372, #2501, .T. ) ;
#298 = LINE ( 'NONE', #1099, #2827 ) ;
#299 = CARTESIAN_POINT ( 'NONE',  ( 4.000000000000000000, 0.0000000000000000000, 3.700000000000000178 ) ) ;
#300 = SURFACE_SIDE_STYLE ('',( #457 ) ) ;
#301 = EDGE_LOOP ( 'NONE', ( #3607, #293, #2146, #2554 ) ) ;
#302 = EDGE_CURVE ( 'NONE', #277, #1299, #3082, .T. ) ;
#303 = ADVANCED_FACE ( 'NONE', ( #1907, #544 ), #566, .T. ) ;
#304 =( NAMED_UNIT ( * ) SI_UNIT ( $, .STERADIAN. ) SOLID_ANGLE_UNIT ( ) );
#305 = CARTESIAN_POINT ( 'NONE',  ( 9.225000000000001421, 7.799999999999997158, -6.299999999999998934 ) ) ;
#306 =( LENGTH_UNIT ( ) NAMED_UNIT ( * ) SI_UNIT ( .MILLI., .METRE. ) );
#307 = CARTESIAN_POINT ( 'NONE',  ( 5.500000000000000000, 3.324999999999999734, 0.0000000000000000000 ) ) ;
#308 = COLOUR_RGB ( '',0.6196078431372549211, 0.4117647058823529216, 0.2000000000000000111 ) ;
#309 = VECTOR ( 'NONE', #2304, 1000.000000000000000 ) ;
#310 = ORIENTED_EDGE ( 'NONE', *, *, #3047, .T. ) ;
#311 = FACE_OUTER_BOUND ( 'NONE', #2032, .T. ) ;
#312 =( LENGTH_UNIT ( ) NAMED_UNIT ( * ) SI_UNIT ( .MILLI., .METRE. ) );
#313 = CARTESIAN_POINT ( 'NONE',  ( 1.425000000000000044, -1.275000000000000133, 3.700000000000000178 ) ) ;
#314 = VERTEX_POINT ( 'NONE', #2203 ) ;
#315 =( NAMED_UNIT ( * ) SI_UNIT ( $, .STERADIAN. ) SOLID_ANGLE_UNIT ( ) );
#316 = VECTOR ( 'NONE', #21, 1000.000000000000000 ) ;
#317 = LINE ( 'NONE', #1385, #959 ) ;
#318 =( NAMED_UNIT ( * ) PLANE_ANGLE_UNIT ( ) SI_UNIT ( $, .RADIAN. ) );
#319 = CARTESIAN_POINT ( 'NONE',  ( -5.178907482225810099, 6.599999999999996980, -4.500000000000000000 ) ) ;
#320 = VERTEX_POINT ( 'NONE', #1071 ) ;
#321 = VECTOR ( 'NONE', #2053, 1000.000000000000000 ) ;
#322 = VERTEX_POINT ( 'NONE', #814 ) ;
#323 = CARTESIAN_POINT ( 'NONE',  ( -0.0000000000000000000, 4.125000000000000888, 0.0000000000000000000 ) ) ;
#324 = FACE_OUTER_BOUND ( 'NONE', #3207, .T. ) ;
#325 = FILL_AREA_STYLE_COLOUR ( '', #2730 ) ;
#326 = LINE ( 'NONE', #3118, #2183 ) ;
#327 = COLOUR_RGB ( '',0.8588235294117646523, 0.8588235294117646523, 0.8588235294117646523 ) ;
#328 = FACE_OUTER_BOUND ( 'NONE', #1756, .T. ) ;
#329 = ORIENTED_EDGE ( 'NONE', *, *, #2958, .F. ) ;
#330 = CARTESIAN_POINT ( 'NONE',  ( 6.924999999999997158, -3.074999999999997957, -0.2437088524045562532 ) ) ;
#331 = VECTOR ( 'NONE', #1020, 1000.000000000000000 ) ;
#332 = CARTESIAN_POINT ( 'NONE',  ( 6.424999999999999822, -5.650000000000000355, -14.59999999999999787 ) ) ;
#333 = CARTESIAN_POINT ( 'NONE',  ( 6.924999999999998934, -3.075000000000000622, -4.500000000000000000 ) ) ;
#334 = VECTOR ( 'NONE', #2117, 1000.000000000000000 ) ;
#335 = ORIENTED_EDGE ( 'NONE', *, *, #1097, .T. ) ;
#336 = FILL_AREA_STYLE_COLOUR ( '', #3277 ) ;
#337 = ORIENTED_EDGE ( 'NONE', *, *, #683, .F. ) ;
#338 = EDGE_CURVE ( 'NONE', #939, #2791, #1375, .T. ) ;
#339 = DIRECTION ( 'NONE',  ( -1.000000000000000000, -5.880418562633242031E-16, 0.0000000000000000000 ) ) ;
#340 = SURFACE_SIDE_STYLE ('',( #2514 ) ) ;
#341 = ORIENTED_EDGE ( 'NONE', *, *, #1749, .F. ) ;
#342 = FILL_AREA_STYLE ('',( #2842 ) ) ;
#343 = LINE ( 'NONE', #1724, #2037 ) ;
#344 = FACE_OUTER_BOUND ( 'NONE', #2232, .T. ) ;
#345 = PLANE ( 'NONE',  #2837 ) ;
#346 = EDGE_CURVE ( 'NONE', #290, #2350, #834, .T. ) ;
#347 = LINE ( 'NONE', #1777, #2931 ) ;
#348 = EDGE_LOOP ( 'NONE', ( #2114, #755, #1897, #3111 ) ) ;
#349 = EDGE_CURVE ( 'NONE', #1238, #1329, #2737, .T. ) ;
#350 = DIRECTION ( 'NONE',  ( 1.000000000000000000, 5.880418562633242031E-16, 0.0000000000000000000 ) ) ;
#351 = CARTESIAN_POINT ( 'NONE',  ( 0.0000000000000000000, 0.0000000000000000000, 0.0000000000000000000 ) ) ;
#352 = ORIENTED_EDGE ( 'NONE', *, *, #3269, .F. ) ;
#353 = DIRECTION ( 'NONE',  ( 1.200500675416475772E-16, 1.000000000000000000, 0.0000000000000000000 ) ) ;
#354 = ORIENTED_EDGE ( 'NONE', *, *, #2518, .F. ) ;
#355 = FACE_OUTER_BOUND ( 'NONE', #1526, .T. ) ;
#356 = CARTESIAN_POINT ( 'NONE',  ( 9.048843010350214655, 8.522499999999993747, -4.108540023000474939 ) ) ;
#357 = PRESENTATION_STYLE_ASSIGNMENT (( #1457 ) ) ;
#358 = B_SPLINE_CURVE_WITH_KNOTS ( 'NONE', 3,
 ( #285, #10, #586, #1119 ),
 .UNSPECIFIED., .F., .F.,
 ( 4, 4 ),
 ( 0.0000000000000000000, 1.000000000000000000 ),
 .UNSPECIFIED. ) ;
#359 = ORIENTED_EDGE ( 'NONE', *, *, #113, .T. ) ;
#360 = LINE ( 'NONE', #910, #712 ) ;
#361 = DIRECTION ( 'NONE',  ( 0.0000000000000000000, -1.000000000000000000, 0.0000000000000000000 ) ) ;
#362 = DIRECTION ( 'NONE',  ( 0.0000000000000000000, -0.0000000000000000000, 1.000000000000000000 ) ) ;
#363 = CARTESIAN_POINT ( 'NONE',  ( 6.424999999999999822, -6.660000000000004583, -0.05391956940585304614 ) ) ;
#364 = CARTESIAN_POINT ( 'NONE',  ( -2.925000000000001599, -3.075000000000003730, -4.500000000000000000 ) ) ;
#365 = VECTOR ( 'NONE', #2118, 1000.000000000000000 ) ;
#366 = CARTESIAN_POINT ( 'NONE',  ( 4.000000000000000000, 0.0000000000000000000, 0.0000000000000000000 ) ) ;
#367 = SURFACE_STYLE_USAGE ( .BOTH. , #1989 ) ;
#368 = AXIS2_PLACEMENT_3D ( 'NONE', #978, #2075, #3198 ) ;
#369 = ADVANCED_FACE ( 'NONE', ( #3610 ), #1105, .F. ) ;
#370 = PLANE ( 'NONE',  #479 ) ;
#371 = ORIENTED_EDGE ( 'NONE', *, *, #3193, .F. ) ;
#372 = VERTEX_POINT ( 'NONE', #3592 ) ;
#373 = EDGE_CURVE ( 'NONE', #448, #3522, #2793, .T. ) ;
#374 = CARTESIAN_POINT ( 'NONE',  ( 9.225000000000001421, -6.650000000000001243, -6.299999999999998934 ) ) ;
#375 = ORIENTED_EDGE ( 'NONE', *, *, #3539, .F. ) ;
#376 = PRESENTATION_LAYER_ASSIGNMENT (  '', '', ( #551 ) ) ;
#377 = PLANE ( 'NONE',  #368 ) ;
#378 = DIRECTION ( 'NONE',  ( -1.200500675416475772E-16, -1.000000000000000000, 0.0000000000000000000 ) ) ;
#379 = PLANE ( 'NONE',  #2551 ) ;
#380 = MECHANICAL_DESIGN_GEOMETRIC_PRESENTATION_REPRESENTATION (  '', ( #499 ), #670 ) ;
#381 =( NAMED_UNIT ( * ) PLANE_ANGLE_UNIT ( ) SI_UNIT ( $, .RADIAN. ) );
#382 = DIRECTION ( 'NONE',  ( 0.0000000000000000000, 0.0000000000000000000, 1.000000000000000000 ) ) ;
#383 = EDGE_CURVE ( 'NONE', #2412, #442, #358, .T. ) ;
#384 = FILL_AREA_STYLE ('',( #157 ) ) ;
#385 = MECHANICAL_DESIGN_GEOMETRIC_PRESENTATION_REPRESENTATION (  '', ( #1543 ), #1301 ) ;
#386 = CARTESIAN_POINT ( 'NONE',  ( 5.500000000000000000, 3.324999999999999734, -5.000000000000000000 ) ) ;
#387 = STYLED_ITEM ( 'NONE', ( #3072 ), #1352 ) ;
#388 = LINE ( 'NONE', #660, #667 ) ;
#389 =( GEOMETRIC_REPRESENTATION_CONTEXT ( 3 ) GLOBAL_UNCERTAINTY_ASSIGNED_CONTEXT ( ( #1912 ) ) GLOBAL_UNIT_ASSIGNED_CONTEXT ( ( #1599, #1136, #2430 ) ) REPRESENTATION_CONTEXT ( 'NONE', 'WORKASPACE' ) );
#390 = ORIENTED_EDGE ( 'NONE', *, *, #1288, .T. ) ;
#391 = SURFACE_STYLE_FILL_AREA ( #2819 ) ;
#392 = VECTOR ( 'NONE', #751, 1000.000000000000000 ) ;
#393 =( NAMED_UNIT ( * ) PLANE_ANGLE_UNIT ( ) SI_UNIT ( $, .RADIAN. ) );
#394 = ADVANCED_FACE ( 'NONE', ( #2520 ), #2197, .F. ) ;
#395 = EDGE_LOOP ( 'NONE', ( #1511, #3359, #2639, #1473 ) ) ;
#396 = AXIS2_PLACEMENT_3D ( 'NONE', #1285, #3558, #2409 ) ;
#397 = SURFACE_STYLE_FILL_AREA ( #2339 ) ;
#398 = CARTESIAN_POINT ( 'NONE',  ( 7.238645917050990697, -3.074999999999999734, -11.29999999999999893 ) ) ;
#399 = LINE ( 'NONE', #3184, #506 ) ;
#400 = SURFACE_SIDE_STYLE ('',( #944 ) ) ;
#401 = CARTESIAN_POINT ( 'NONE',  ( -5.224999999999996980, 7.799999999999998046, -6.299999999999998934 ) ) ;
#402 = FILL_AREA_STYLE_COLOUR ( '', #3210 ) ;
#403 = VERTEX_POINT ( 'NONE', #79 ) ;
#404 = FACE_OUTER_BOUND ( 'NONE', #2441, .T. ) ;
#405 =( LENGTH_UNIT ( ) NAMED_UNIT ( * ) SI_UNIT ( .MILLI., .METRE. ) );
#406 = FILL_AREA_STYLE ('',( #2856 ) ) ;
#407 = ORIENTED_EDGE ( 'NONE', *, *, #1436, .F. ) ;
#408 = B_SPLINE_CURVE_WITH_KNOTS ( 'NONE', 3,
 ( #3229, #2147, #737, #1802 ),
 .UNSPECIFIED., .F., .F.,
 ( 4, 4 ),
 ( 0.0000000000000000000, 1.000000000000000000 ),
 .UNSPECIFIED. ) ;
#409 = ADVANCED_FACE ( 'NONE', ( #324 ), #941, .T. ) ;
#410 = FILL_AREA_STYLE_COLOUR ( '', #1113 ) ;
#411 = DIRECTION ( 'NONE',  ( -1.000000000000000000, 1.200500675416475772E-16, 0.0000000000000000000 ) ) ;
#412 =( NAMED_UNIT ( * ) SI_UNIT ( $, .STERADIAN. ) SOLID_ANGLE_UNIT ( ) );
#413 = ORIENTED_EDGE ( 'NONE', *, *, #680, .F. ) ;
#414 = EDGE_CURVE ( 'NONE', #1103, #3435, #360, .T. ) ;
#415 = ADVANCED_FACE ( 'NONE', ( #3436 ), #3097, .F. ) ;
#416 = CARTESIAN_POINT ( 'NONE',  ( 9.048843010350214655, -3.074999999999999734, -4.108540023000474051 ) ) ;
#417 = SURFACE_SIDE_STYLE ('',( #455 ) ) ;
#418 = DIRECTION ( 'NONE',  ( 3.154042683594194627E-16, 1.000000000000000000, 0.0000000000000000000 ) ) ;
#419 = AXIS2_PLACEMENT_3D ( 'NONE', #696, #2015, #3603 ) ;
#420 = CARTESIAN_POINT ( 'NONE',  ( 0.0000000000000000000, 0.0000000000000000000, 0.0000000000000000000 ) ) ;
#421 = DIRECTION ( 'NONE',  ( -1.000000000000000000, -3.410973126920687487E-16, 0.0000000000000000000 ) ) ;
#422 =( NAMED_UNIT ( * ) SI_UNIT ( $, .STERADIAN. ) SOLID_ANGLE_UNIT ( ) );
#423 = ORIENTED_EDGE ( 'NONE', *, *, #373, .F. ) ;
#424 = PRESENTATION_LAYER_ASSIGNMENT (  '', '', ( #127 ) ) ;
#425 = FACE_OUTER_BOUND ( 'NONE', #2527, .T. ) ;
#426 = ORIENTED_EDGE ( 'NONE', *, *, #3376, .T. ) ;
#427 = UNCERTAINTY_MEASURE_WITH_UNIT (LENGTH_MEASURE( 1.000000000000000082E-05 ), #1132, 'distance_accuracy_value', 'NONE');
#428 = LINE ( 'NONE', #1532, #184 ) ;
#429 = CARTESIAN_POINT ( 'NONE',  ( 4.119968255444918821E-16, 3.325000000000000622, 0.0000000000000000000 ) ) ;
#430 = VERTEX_POINT ( 'NONE', #1152 ) ;
#431 = SURFACE_STYLE_USAGE ( .BOTH. , #2989 ) ;
#432 = DIRECTION ( 'NONE',  ( -0.0000000000000000000, -0.05342154997207536338, 0.9985720494779437573 ) ) ;
#433 = STYLED_ITEM ( 'NONE', ( #2589 ), #2392 ) ;
#434 = CARTESIAN_POINT ( 'NONE',  ( -2.519999999999999574, 3.075000000000000622, -11.29999999999999893 ) ) ;
#435 = PRESENTATION_STYLE_ASSIGNMENT (( #728 ) ) ;
#436 = VECTOR ( 'NONE', #3481, 999.9999999999998863 ) ;
#437 = CARTESIAN_POINT ( 'NONE',  ( -5.048843010350210214, 1.774999999999999689, -4.108540023000469610 ) ) ;
#438 = ORIENTED_EDGE ( 'NONE', *, *, #3307, .F. ) ;
#439 = FACE_OUTER_BOUND ( 'NONE', #2693, .T. ) ;
#440 = ORIENTED_EDGE ( 'NONE', *, *, #3569, .F. ) ;
#441 =( GEOMETRIC_REPRESENTATION_CONTEXT ( 3 ) GLOBAL_UNCERTAINTY_ASSIGNED_CONTEXT ( ( #2950 ) ) GLOBAL_UNIT_ASSIGNED_CONTEXT ( ( #3, #318, #2801 ) ) REPRESENTATION_CONTEXT ( 'NONE', 'WORKASPACE' ) );
#442 = VERTEX_POINT ( 'NONE', #2843 ) ;
#443 = CARTESIAN_POINT ( 'NONE',  ( -5.048843010350209326, 4.199999999999997513, -4.108540023000468722 ) ) ;
#444 = FILL_AREA_STYLE_COLOUR ( '', #2927 ) ;
#445 = COLOUR_RGB ( '',0.6196078431372549211, 0.4117647058823529216, 0.2000000000000000111 ) ;
#446 = DIRECTION ( 'NONE',  ( -0.0000000000000000000, -0.0000000000000000000, -1.000000000000000000 ) ) ;
#447 = CARTESIAN_POINT ( 'NONE',  ( 0.0000000000000000000, 0.0000000000000000000, 0.0000000000000000000 ) ) ;
#448 = VERTEX_POINT ( 'NONE', #1445 ) ;
#449 = EDGE_CURVE ( 'NONE', #1600, #116, #2900, .T. ) ;
#450 = UNCERTAINTY_MEASURE_WITH_UNIT (LENGTH_MEASURE( 1.000000000000000082E-05 ), #716, 'distance_accuracy_value', 'NONE');
#451 = SURFACE_SIDE_STYLE ('',( #524 ) ) ;
#452 = FACE_OUTER_BOUND ( 'NONE', #989, .T. ) ;
#453 = ORIENTED_EDGE ( 'NONE', *, *, #2846, .T. ) ;
#454 = LINE ( 'NONE', #3241, #866 ) ;
#455 = SURFACE_STYLE_FILL_AREA ( #1278 ) ;
#456 = CARTESIAN_POINT ( 'NONE',  ( 6.424999999999999822, -5.650000000000000355, -4.500000000000000000 ) ) ;
#457 = SURFACE_STYLE_FILL_AREA ( #1003 ) ;
#458 = LINE ( 'NONE', #2100, #1550 ) ;
#459 = EDGE_CURVE ( 'NONE', #2457, #1006, #3453, .T. ) ;
#460 = ADVANCED_FACE ( 'NONE', ( #2576 ), #1186, .T. ) ;
#461 = ORIENTED_EDGE ( 'NONE', *, *, #1216, .T. ) ;
#462 = EDGE_LOOP ( 'NONE', ( #1842, #3420, #1310, #161, #3432, #2714 ) ) ;
#463 = LINE ( 'NONE', #2708, #1948 ) ;
#464 = ADVANCED_FACE ( 'NONE', ( #3383 ), #117, .F. ) ;
#465 = FACE_OUTER_BOUND ( 'NONE', #1383, .T. ) ;
#466 = DIRECTION ( 'NONE',  ( 1.000000000000000000, 0.0000000000000000000, -0.0000000000000000000 ) ) ;
#467 = ORIENTED_EDGE ( 'NONE', *, *, #297, .T. ) ;
#468 =( GEOMETRIC_REPRESENTATION_CONTEXT ( 3 ) GLOBAL_UNCERTAINTY_ASSIGNED_CONTEXT ( ( #840 ) ) GLOBAL_UNIT_ASSIGNED_CONTEXT ( ( #677, #2962, #1218 ) ) REPRESENTATION_CONTEXT ( 'NONE', 'WORKASPACE' ) );
#469 = CARTESIAN_POINT ( 'NONE',  ( 0.0000000000000000000, -3.074999999999999734, -4.500000000000000000 ) ) ;
#470 =( NAMED_UNIT ( * ) SI_UNIT ( $, .STERADIAN. ) SOLID_ANGLE_UNIT ( ) );
#471 = ORIENTED_EDGE ( 'NONE', *, *, #595, .F. ) ;
#472 = DIRECTION ( 'NONE',  ( -1.200500675416475772E-16, -1.000000000000000000, 0.0000000000000000000 ) ) ;
#473 = FILL_AREA_STYLE_COLOUR ( '', #1345 ) ;
#474 = CARTESIAN_POINT ( 'NONE',  ( 9.225000000000001421, 7.799999999999997158, -6.299999999999998934 ) ) ;
#475 = CARTESIAN_POINT ( 'NONE',  ( 9.178907482225811876, 6.599999999999996980, -4.500000000000000000 ) ) ;
#476 = SURFACE_SIDE_STYLE ('',( #1248 ) ) ;
#477 = FACE_OUTER_BOUND ( 'NONE', #1070, .T. ) ;
#478 = ORIENTED_EDGE ( 'NONE', *, *, #2141, .T. ) ;
#479 = AXIS2_PLACEMENT_3D ( 'NONE', #1992, #3410, #2923 ) ;
#480 = ORIENTED_EDGE ( 'NONE', *, *, #2305, .T. ) ;
#481 = EDGE_CURVE ( 'NONE', #1831, #2334, #1984, .T. ) ;
#482 = CARTESIAN_POINT ( 'NONE',  ( 8.349999999999999645, 7.324999999999998401, -11.29999999999999893 ) ) ;
#483 =( NAMED_UNIT ( * ) PLANE_ANGLE_UNIT ( ) SI_UNIT ( $, .RADIAN. ) );
#484 = LINE ( 'NONE', #1307, #3168 ) ;
#485 = STYLED_ITEM ( 'NONE', ( #2701 ), #255 ) ;
#486 = ORIENTED_EDGE ( 'NONE', *, *, #97, .F. ) ;
#487 =( GEOMETRIC_REPRESENTATION_CONTEXT ( 3 ) GLOBAL_UNCERTAINTY_ASSIGNED_CONTEXT ( ( #3398 ) ) GLOBAL_UNIT_ASSIGNED_CONTEXT ( ( #1233, #1505, #3190 ) ) REPRESENTATION_CONTEXT ( 'NONE', 'WORKASPACE' ) );
#488 = FILL_AREA_STYLE_COLOUR ( '', #3468 ) ;
#489 = VERTEX_POINT ( 'NONE', #653 ) ;
#490 = LINE ( 'NONE', #2956, #365 ) ;
#491 = LINE ( 'NONE', #474, #2256 ) ;
#492 = CARTESIAN_POINT ( 'NONE',  ( 9.178907482225811876, 5.399999999999996803, -4.500000000000000000 ) ) ;
#493 = PRESENTATION_STYLE_ASSIGNMENT (( #1560 ) ) ;
#494 = STYLED_ITEM ( 'NONE', ( #2698 ), #2167 ) ;
#495 =( NAMED_UNIT ( * ) PLANE_ANGLE_UNIT ( ) SI_UNIT ( $, .RADIAN. ) );
#496 = EDGE_CURVE ( 'NONE', #756, #2718, #1741, .T. ) ;
#497 = ORIENTED_EDGE ( 'NONE', *, *, #1623, .T. ) ;
#498 = STYLED_ITEM ( 'NONE', ( #54 ), #1065 ) ;
#499 = STYLED_ITEM ( 'NONE', ( #2018 ), #2415 ) ;
#500 = CARTESIAN_POINT ( 'NONE',  ( 7.200000000000000178, 0.0000000000000000000, 0.0000000000000000000 ) ) ;
#501 = FILL_AREA_STYLE ('',( #576 ) ) ;
#502 = PRESENTATION_LAYER_ASSIGNMENT (  '', '', ( #2605 ) ) ;
#503 = LINE ( 'NONE', #2710, #613 ) ;
#504 = ORIENTED_EDGE ( 'NONE', *, *, #1477, .F. ) ;
#505 = B_SPLINE_CURVE_WITH_KNOTS ( 'NONE', 3,
 ( #1242, #2734, #2398, #1588 ),
 .UNSPECIFIED., .F., .F.,
 ( 4, 4 ),
 ( 0.0000000000000000000, 1.000000000000000000 ),
 .UNSPECIFIED. ) ;
#506 = VECTOR ( 'NONE', #2642, 1000.000000000000000 ) ;
#507 = ORIENTED_EDGE ( 'NONE', *, *, #2071, .F. ) ;
#508 = AXIS2_PLACEMENT_3D ( 'NONE', #2673, #708, #2082 ) ;
#509 = EDGE_CURVE ( 'NONE', #1351, #855, #343, .T. ) ;
#510 = CARTESIAN_POINT ( 'NONE',  ( 9.106208753703949554, 4.199999999999997513, -4.236019452675437336 ) ) ;
#511 = CARTESIAN_POINT ( 'NONE',  ( 11.83446580044896557, 6.815365508088052415, -0.5022370305512284805 ) ) ;
#512 = EDGE_LOOP ( 'NONE', ( #2389, #856, #1388, #1735 ) ) ;
#513 = COLOUR_RGB ( '',0.8588235294117646523, 0.8588235294117646523, 0.8588235294117646523 ) ;
#514 = MECHANICAL_DESIGN_GEOMETRIC_PRESENTATION_REPRESENTATION (  '', ( #43 ), #3358 ) ;
#515 = CARTESIAN_POINT ( 'NONE',  ( -4.349999999999999645, 7.324999999999999289, -6.299999999999998934 ) ) ;
#516 = CARTESIAN_POINT ( 'NONE',  ( 7.730671790404080923, 0.02833333333333550377, -1.179270645342404000 ) ) ;
#517 = ORIENTED_EDGE ( 'NONE', *, *, #1731, .F. ) ;
#518 = CARTESIAN_POINT ( 'NONE',  ( -2.925000025903623513, -3.268613144007002980, -0.2437088672751774043 ) ) ;
#519 = CARTESIAN_POINT ( 'NONE',  ( 0.0000000000000000000, 1.149999999999999911, 0.0000000000000000000 ) ) ;
#520 = ADVANCED_FACE ( 'NONE', ( #2021 ), #377, .F. ) ;
#521 = SURFACE_STYLE_USAGE ( .BOTH. , #1622 ) ;
#522 = EDGE_LOOP ( 'NONE', ( #2026, #874, #329 ) ) ;
#523 = CARTESIAN_POINT ( 'NONE',  ( -2.425000000000001155, -3.075000000000003730, -4.500000000000000000 ) ) ;
#524 = SURFACE_STYLE_FILL_AREA ( #2971 ) ;
#525 =( NAMED_UNIT ( * ) PLANE_ANGLE_UNIT ( ) SI_UNIT ( $, .RADIAN. ) );
#526 =( NAMED_UNIT ( * ) SI_UNIT ( $, .STERADIAN. ) SOLID_ANGLE_UNIT ( ) );
#527 = VERTEX_POINT ( 'NONE', #700 ) ;
#528 = EDGE_CURVE ( 'NONE', #2211, #2492, #428, .T. ) ;
#529 = CARTESIAN_POINT ( 'NONE',  ( 4.000000000000000000, 0.0000000000000000000, 3.700000000000000178 ) ) ;
#530 = FILL_AREA_STYLE ('',( #169 ) ) ;
#531 = CARTESIAN_POINT ( 'NONE',  ( 9.178907482225811876, 4.199999999999997513, -4.500000000000000000 ) ) ;
#532 = ADVANCED_FACE ( 'NONE', ( #1718 ), #370, .T. ) ;
#533 = EDGE_LOOP ( 'NONE', ( #3002, #3317, #2914, #800, #359, #3404, #652, #2947, #2667, #600, #1023, #1993 ) ) ;
#534 =( LENGTH_UNIT ( ) NAMED_UNIT ( * ) SI_UNIT ( .MILLI., .METRE. ) );
#535 = VERTEX_POINT ( 'NONE', #1197 ) ;
#536 = STYLED_ITEM ( 'NONE', ( #3039 ), #588 ) ;
#537 = CARTESIAN_POINT ( 'NONE',  ( 7.200000000000000178, 6.725000000000001421, 0.0000000000000000000 ) ) ;
#538 = B_SPLINE_SURFACE_WITH_KNOTS ( 'NONE', 2, 3, ( 
 ( #1042, #27, #2145, #2792 ),
 ( #284, #2994, #1389, #2724 ),
 ( #3284, #516, #219, #2519 ) ),
 .UNSPECIFIED., .F., .F., .F.,
 ( 3, 3 ),
 ( 4, 4 ),
 ( 0.0000000000000000000, 1.000000000000000000 ),
 ( -0.003564999999999999593, 0.007215000000000001794 ),
 .UNSPECIFIED. ) ;
#539 = CARTESIAN_POINT ( 'NONE',  ( -3.199999999999997957, 4.199999999999997513, -4.500000000000000000 ) ) ;
#540 = DIRECTION ( 'NONE',  ( -0.0000000000000000000, -0.0000000000000000000, 1.000000000000000000 ) ) ;
#541 = SURFACE_SIDE_STYLE ('',( #2345 ) ) ;
#542 = ORIENTED_EDGE ( 'NONE', *, *, #113, .F. ) ;
#543 = AXIS2_PLACEMENT_3D ( 'NONE', #2876, #2825, #636 ) ;
#544 = FACE_BOUND ( 'NONE', #1885, .T. ) ;
#545 = DIRECTION ( 'NONE',  ( -1.000000000000000000, 1.200500675416475772E-16, 0.0000000000000000000 ) ) ;
#546 = FILL_AREA_STYLE ('',( #783 ) ) ;
#547 = UNCERTAINTY_MEASURE_WITH_UNIT (LENGTH_MEASURE( 1.000000000000000082E-05 ), #2269, 'distance_accuracy_value', 'NONE');
#548 = EDGE_CURVE ( 'NONE', #3302, #442, #2910, .T. ) ;
#549 = EDGE_LOOP ( 'NONE', ( #3500, #2742, #1221, #1900 ) ) ;
#550 = UNCERTAINTY_MEASURE_WITH_UNIT (LENGTH_MEASURE( 1.000000000000000082E-05 ), #3205, 'distance_accuracy_value', 'NONE');
#551 = STYLED_ITEM ( 'NONE', ( #1810 ), #2116 ) ;
#552 = CARTESIAN_POINT ( 'NONE',  ( 0.1000000000000004774, 0.5749999999999994005, -13.89999999999999858 ) ) ;
#553 = DIRECTION ( 'NONE',  ( 2.940209281316621016E-16, -1.000000000000000000, 0.0000000000000000000 ) ) ;
#554 = MECHANICAL_DESIGN_GEOMETRIC_PRESENTATION_REPRESENTATION (  '', ( #3580 ), #3400 ) ;
#555 = CIRCLE ( 'NONE', #3461, 0.3500000000000002554 ) ;
#556 = ORIENTED_EDGE ( 'NONE', *, *, #1906, .T. ) ;
#557 = MECHANICAL_DESIGN_GEOMETRIC_PRESENTATION_REPRESENTATION (  '', ( #2418 ), #3525 ) ;
#558 = EDGE_LOOP ( 'NONE', ( #916, #1268, #2754, #335 ) ) ;
#559 = CARTESIAN_POINT ( 'NONE',  ( 4.500000000000000888, 5.724999999999998757, -11.29999999999999893 ) ) ;
#560 = CARTESIAN_POINT ( 'NONE',  ( 1.425000000000000044, -1.275000000000000133, 3.700000000000000178 ) ) ;
#561 = FILL_AREA_STYLE ('',( #3325 ) ) ;
#562 =( NAMED_UNIT ( * ) SI_UNIT ( $, .STERADIAN. ) SOLID_ANGLE_UNIT ( ) );
#563 = VECTOR ( 'NONE', #540, 1000.000000000000000 ) ;
#564 = VERTEX_POINT ( 'NONE', #2322 ) ;
#565 =( GEOMETRIC_REPRESENTATION_CONTEXT ( 3 ) GLOBAL_UNCERTAINTY_ASSIGNED_CONTEXT ( ( #977 ) ) GLOBAL_UNIT_ASSIGNED_CONTEXT ( ( #115, #3487, #3195 ) ) REPRESENTATION_CONTEXT ( 'NONE', 'WORKASPACE' ) );
#566 = PLANE ( 'NONE',  #2097 ) ;
#567 = CARTESIAN_POINT ( 'NONE',  ( 0.0000000000000000000, 0.0000000000000000000, -5.399999999999999467 ) ) ;
#568 = VECTOR ( 'NONE', #933, 1000.000000000000000 ) ;
#569 = LINE ( 'NONE', #2543, #621 ) ;
#570 = DIRECTION ( 'NONE',  ( 0.0000000000000000000, 0.0000000000000000000, -1.000000000000000000 ) ) ;
#571 = COLOUR_RGB ( '',0.8588235294117646523, 0.8588235294117646523, 0.8588235294117646523 ) ;
#572 = EDGE_LOOP ( 'NONE', ( #2429, #2528, #1839, #2124 ) ) ;
#573 = CIRCLE ( 'NONE', #396, 0.3499999999999996447 ) ;
#574 = EDGE_CURVE ( 'NONE', #2699, #1600, #2619, .T. ) ;
#575 = ADVANCED_FACE ( 'NONE', ( #2031 ), #3562, .T. ) ;
#576 = FILL_AREA_STYLE_COLOUR ( '', #2093 ) ;
#577 = ADVANCED_FACE ( 'NONE', ( #3171 ), #1252, .F. ) ;
#578 = EDGE_LOOP ( 'NONE', ( #1868, #2399, #3355, #3297 ) ) ;
#579 = ADVANCED_FACE ( 'NONE', ( #3157 ), #661, .T. ) ;
#580 = CARTESIAN_POINT ( 'NONE',  ( 7.200000000000000178, 7.419289525591098666, -2.312635970870159152 ) ) ;
#581 = CARTESIAN_POINT ( 'NONE',  ( 2.000000000000000444, 0.5749999999999991784, -13.89999999999999858 ) ) ;
#582 = EDGE_CURVE ( 'NONE', #3491, #564, #2041, .T. ) ;
#583 = CARTESIAN_POINT ( 'NONE',  ( -3.199999999999997957, -3.074999999999999734, 0.0000000000000000000 ) ) ;
#584 = ORIENTED_EDGE ( 'NONE', *, *, #1546, .T. ) ;
#585 = PRESENTATION_STYLE_ASSIGNMENT (( #3189 ) ) ;
#586 = CARTESIAN_POINT ( 'NONE',  ( -5.224999999999998757, -6.650000000000000355, -4.782881900702105504 ) ) ;
#587 = SURFACE_SIDE_STYLE ('',( #1695 ) ) ;
#588 = MANIFOLD_SOLID_BREP ( 'Cut-Extrude3', #2161 ) ;
#589 = CARTESIAN_POINT ( 'NONE',  ( -3.730671790404080479, -3.565000000000000391, -1.179270645342404000 ) ) ;
#590 = ORIENTED_EDGE ( 'NONE', *, *, #1091, .F. ) ;
#591 = CARTESIAN_POINT ( 'NONE',  ( 6.697101215340080849, -3.074999999999998845, -0.1146327892971128470 ) ) ;
#592 = ORIENTED_EDGE ( 'NONE', *, *, #1141, .F. ) ;
#593 = VERTEX_POINT ( 'NONE', #794 ) ;
#594 =( LENGTH_UNIT ( ) NAMED_UNIT ( * ) SI_UNIT ( .MILLI., .METRE. ) );
#595 = EDGE_CURVE ( 'NONE', #2036, #1205, #2533, .T. ) ;
#596 = CARTESIAN_POINT ( 'NONE',  ( 6.925000000000000711, -6.650000000000003020, -4.500000000000000000 ) ) ;
#597 = VECTOR ( 'NONE', #2106, 1000.000000000000000 ) ;
#598 = SURFACE_STYLE_FILL_AREA ( #561 ) ;
#599 = CARTESIAN_POINT ( 'NONE',  ( 0.0000000000000000000, 0.0000000000000000000, -4.500000000000000000 ) ) ;
#600 = ORIENTED_EDGE ( 'NONE', *, *, #683, .T. ) ;
#601 = ORIENTED_EDGE ( 'NONE', *, *, #185, .T. ) ;
#602 = FILL_AREA_STYLE_COLOUR ( '', #1611 ) ;
#603 =( LENGTH_UNIT ( ) NAMED_UNIT ( * ) SI_UNIT ( .MILLI., .METRE. ) );
#604 = AXIS2_PLACEMENT_3D ( 'NONE', #1483, #893, #2005 ) ;
#605 = DIRECTION ( 'NONE',  ( -5.880418562633243017E-16, 1.000000000000000000, -3.854941057726238590E-16 ) ) ;
#606 = ORIENTED_EDGE ( 'NONE', *, *, #1363, .T. ) ;
#607 =( LENGTH_UNIT ( ) NAMED_UNIT ( * ) SI_UNIT ( .MILLI., .METRE. ) );
#608 = DIRECTION ( 'NONE',  ( -1.000000000000000000, 6.002503377082377626E-17, 0.0000000000000000000 ) ) ;
#609 = ADVANCED_FACE ( 'NONE', ( #2510 ), #19, .T. ) ;
#610 = LINE ( 'NONE', #1452, #2828 ) ;
#611 = VECTOR ( 'NONE', #668, 1000.000000000000000 ) ;
#612 = VERTEX_POINT ( 'NONE', #262 ) ;
#613 = VECTOR ( 'NONE', #774, 1000.000000000000000 ) ;
#614 = CARTESIAN_POINT ( 'NONE',  ( -2.425000000000001155, -4.175000000000002487, -4.500000000000000000 ) ) ;
#615 = DIRECTION ( 'NONE',  ( -1.000000000000000000, 0.0000000000000000000, 0.0000000000000000000 ) ) ;
#616 = ORIENTED_EDGE ( 'NONE', *, *, #909, .T. ) ;
#617 = MECHANICAL_DESIGN_GEOMETRIC_PRESENTATION_REPRESENTATION (  '', ( #433 ), #2653 ) ;
#618 = EDGE_CURVE ( 'NONE', #2431, #1573, #706, .T. ) ;
#619 = EDGE_CURVE ( 'NONE', #3028, #72, #3291, .T. ) ;
#620 = CARTESIAN_POINT ( 'NONE',  ( 9.225000000000001421, -6.650000000000001243, -6.299999999999998934 ) ) ;
#621 = VECTOR ( 'NONE', #3368, 1000.000000000000000 ) ;
#622 = DIRECTION ( 'NONE',  ( -0.0000000000000000000, -0.0000000000000000000, -1.000000000000000000 ) ) ;
#623 = COLOUR_RGB ( '',0.8588235294117646523, 0.8588235294117646523, 0.8588235294117646523 ) ;
#624 = COLOUR_RGB ( '',0.8588235294117646523, 0.8588235294117646523, 0.8588235294117646523 ) ;
#625 = CARTESIAN_POINT ( 'NONE',  ( -5.048843010350211102, -3.074999999999999734, -4.108540023000473163 ) ) ;
#626 = SURFACE_STYLE_FILL_AREA ( #37 ) ;
#627 = FACE_OUTER_BOUND ( 'NONE', #229, .T. ) ;
#628 = DIRECTION ( 'NONE',  ( -0.0000000000000000000, -0.0000000000000000000, -1.000000000000000000 ) ) ;
#629 = AXIS2_PLACEMENT_3D ( 'NONE', #1325, #2965, #1563 ) ;
#630 = VERTEX_POINT ( 'NONE', #537 ) ;
#631 = ORIENTED_EDGE ( 'NONE', *, *, #1906, .F. ) ;
#632 = CARTESIAN_POINT ( 'NONE',  ( -5.224999999999996980, 7.799999999999998046, -5.399999999999999467 ) ) ;
#633 = CARTESIAN_POINT ( 'NONE',  ( -2.169999999999999485, 3.075000000000000622, -14.90000000000000036 ) ) ;
#634 = ORIENTED_EDGE ( 'NONE', *, *, #1160, .F. ) ;
#635 = UNCERTAINTY_MEASURE_WITH_UNIT (LENGTH_MEASURE( 1.000000000000000082E-05 ), #1559, 'distance_accuracy_value', 'NONE');
#636 = DIRECTION ( 'NONE',  ( 1.200500675416475772E-16, 1.000000000000000000, 0.0000000000000000000 ) ) ;
#637 = CARTESIAN_POINT ( 'NONE',  ( 2.574999999999999734, 2.425000000000000266, 0.0000000000000000000 ) ) ;
#638 = SURFACE_STYLE_USAGE ( .BOTH. , #587 ) ;
#639 = EDGE_CURVE ( 'NONE', #2917, #3435, #1225, .T. ) ;
#640 = DIRECTION ( 'NONE',  ( 0.0000000000000000000, 0.0000000000000000000, -1.000000000000000000 ) ) ;
#641 = B_SPLINE_CURVE_WITH_KNOTS ( 'NONE', 3,
 ( #1, #1941, #3078, #3341 ),
 .UNSPECIFIED., .F., .F.,
 ( 4, 4 ),
 ( 0.0000000000000000000, 1.000000000000000000 ),
 .UNSPECIFIED. ) ;
#642 = DIRECTION ( 'NONE',  ( 0.0000000000000000000, 0.0000000000000000000, -1.000000000000000000 ) ) ;
#643 = EDGE_LOOP ( 'NONE', ( #813, #247, #2743, #1824 ) ) ;
#644 = CARTESIAN_POINT ( 'NONE',  ( -2.925000000000001599, -3.117836102361307482, -0.05391956940583942509 ) ) ;
#645 = DIRECTION ( 'NONE',  ( -5.880418562633242031E-16, 1.000000000000000000, 0.0000000000000000000 ) ) ;
#646 = CARTESIAN_POINT ( 'NONE',  ( -5.106208753703943337, -3.074999999999999734, -4.236019452675432007 ) ) ;
#647 = PRESENTATION_STYLE_ASSIGNMENT (( #970 ) ) ;
#648 = EDGE_LOOP ( 'NONE', ( #2591, #2968 ) ) ;
#649 = CARTESIAN_POINT ( 'NONE',  ( -3.730671790404080479, -3.074999999999999734, -1.179270645342404666 ) ) ;
#650 = CARTESIAN_POINT ( 'NONE',  ( 9.048843010350212879, -2.074166666666670267, -4.108540023000470498 ) ) ;
#651 =( NAMED_UNIT ( * ) PLANE_ANGLE_UNIT ( ) SI_UNIT ( $, .RADIAN. ) );
#652 = ORIENTED_EDGE ( 'NONE', *, *, #841, .T. ) ;
#653 = CARTESIAN_POINT ( 'NONE',  ( -5.224999999999996980, 7.799999999999998046, -6.299999999999998934 ) ) ;
#654 = CARTESIAN_POINT ( 'NONE',  ( 4.850000000000000533, 5.724999999999998757, -11.29999999999999893 ) ) ;
#655 = FACE_BOUND ( 'NONE', #133, .T. ) ;
#656 = LINE ( 'NONE', #1746, #3504 ) ;
#657 = MECHANICAL_DESIGN_GEOMETRIC_PRESENTATION_REPRESENTATION (  '', ( #2756 ), #947 ) ;
#658 = CARTESIAN_POINT ( 'NONE',  ( -3.269162070265926978, -3.074999999999999734, -0.4386334772696987572 ) ) ;
#659 = CARTESIAN_POINT ( 'NONE',  ( 0.0000000000000000000, 0.0000000000000000000, -4.500000000000000000 ) ) ;
#660 = CARTESIAN_POINT ( 'NONE',  ( 1.425000000000000488, 2.425000000000000266, 0.0000000000000000000 ) ) ;
#661 = PLANE ( 'NONE',  #419 ) ;
#662 = EDGE_LOOP ( 'NONE', ( #2074, #77, #1517, #2428 ) ) ;
#663 = FILL_AREA_STYLE ('',( #1164 ) ) ;
#664 = FILL_AREA_STYLE ('',( #975 ) ) ;
#665 = EDGE_LOOP ( 'NONE', ( #497, #111, #1634, #3191, #2585, #2798, #407, #1574 ) ) ;
#666 = MECHANICAL_DESIGN_GEOMETRIC_PRESENTATION_REPRESENTATION (  '', ( #2650 ), #2473 ) ;
#667 = VECTOR ( 'NONE', #1159, 1000.000000000000000 ) ;
#668 = DIRECTION ( 'NONE',  ( -1.000000000000000000, 6.002503377082377626E-17, 0.0000000000000000000 ) ) ;
#669 = CARTESIAN_POINT ( 'NONE',  ( 7.238645917050990697, -6.175000000000001599, -11.29999999999999893 ) ) ;
#670 =( GEOMETRIC_REPRESENTATION_CONTEXT ( 3 ) GLOBAL_UNCERTAINTY_ASSIGNED_CONTEXT ( ( #1274 ) ) GLOBAL_UNIT_ASSIGNED_CONTEXT ( ( #405, #1509, #1737 ) ) REPRESENTATION_CONTEXT ( 'NONE', 'WORKASPACE' ) );
#671 = VECTOR ( 'NONE', #2328, 1000.000000000000000 ) ;
#672 = DIRECTION ( 'NONE',  ( -0.0000000000000000000, -0.0000000000000000000, 1.000000000000000000 ) ) ;
#673 = FACE_OUTER_BOUND ( 'NONE', #825, .T. ) ;
#674 = PRESENTATION_LAYER_ASSIGNMENT (  '', '', ( #1424 ) ) ;
#675 = B_SPLINE_CURVE_WITH_KNOTS ( 'NONE', 3,
 ( #2163, #437, #159, #2384 ),
 .UNSPECIFIED., .F., .F.,
 ( 4, 4 ),
 ( 0.0000000000000000000, 1.000000000000000000 ),
 .UNSPECIFIED. ) ;
#676 = ORIENTED_EDGE ( 'NONE', *, *, #2248, .T. ) ;
#677 =( LENGTH_UNIT ( ) NAMED_UNIT ( * ) SI_UNIT ( .MILLI., .METRE. ) );
#678 = DIRECTION ( 'NONE',  ( -0.0000000000000000000, -0.0000000000000000000, 1.000000000000000000 ) ) ;
#679 =( GEOMETRIC_REPRESENTATION_CONTEXT ( 3 ) GLOBAL_UNCERTAINTY_ASSIGNED_CONTEXT ( ( #550 ) ) GLOBAL_UNIT_ASSIGNED_CONTEXT ( ( #3205, #2446, #3248 ) ) REPRESENTATION_CONTEXT ( 'NONE', 'WORKASPACE' ) );
#680 = EDGE_CURVE ( 'NONE', #278, #2685, #1111, .T. ) ;
#681 = ORIENTED_EDGE ( 'NONE', *, *, #2890, .F. ) ;
#682 = EDGE_CURVE ( 'NONE', #3497, #3435, #3322, .T. ) ;
#683 = EDGE_CURVE ( 'NONE', #2766, #1977, #1330, .T. ) ;
#684 = EDGE_CURVE ( 'NONE', #273, #240, #3338, .T. ) ;
#685 = DIRECTION ( 'NONE',  ( -1.000000000000000000, 1.239088197126290817E-16, 0.0000000000000000000 ) ) ;
#686 = VERTEX_POINT ( 'NONE', #2733 ) ;
#687 = ORIENTED_EDGE ( 'NONE', *, *, #143, .F. ) ;
#688 =( LENGTH_UNIT ( ) NAMED_UNIT ( * ) SI_UNIT ( .MILLI., .METRE. ) );
#689 = SURFACE_SIDE_STYLE ('',( #3182 ) ) ;
#690 = LINE ( 'NONE', #3551, #563 ) ;
#691 = LINE ( 'NONE', #1316, #1374 ) ;
#692 = PLANE ( 'NONE',  #775 ) ;
#693 = FACE_OUTER_BOUND ( 'NONE', #2243, .T. ) ;
#694 = CARTESIAN_POINT ( 'NONE',  ( -5.224999999999998757, -6.650000000000000355, -4.500000000000000000 ) ) ;
#695 = FILL_AREA_STYLE ('',( #3249 ) ) ;
#696 = CARTESIAN_POINT ( 'NONE',  ( 0.0000000000000000000, 0.0000000000000000000, -4.500000000000000000 ) ) ;
#697 = ORIENTED_EDGE ( 'NONE', *, *, #952, .F. ) ;
#698 = CARTESIAN_POINT ( 'NONE',  ( 4.000000000000000000, 0.0000000000000000000, 3.700000000000000178 ) ) ;
#699 = VERTEX_POINT ( 'NONE', #2749 ) ;
#700 = CARTESIAN_POINT ( 'NONE',  ( -5.224999999999996980, 7.799999999999998046, -4.929269377658063611 ) ) ;
#701 = LINE ( 'NONE', #1534, #671 ) ;
#702 = ORIENTED_EDGE ( 'NONE', *, *, #1097, .F. ) ;
#703 = DIRECTION ( 'NONE',  ( -0.0000000000000000000, -0.0000000000000000000, 1.000000000000000000 ) ) ;
#704 = DIRECTION ( 'NONE',  ( 1.000000000000000000, -1.700709290173340163E-16, 0.0000000000000000000 ) ) ;
#705 = DIRECTION ( 'NONE',  ( 0.0000000000000000000, 0.0000000000000000000, -1.000000000000000000 ) ) ;
#706 = CIRCLE ( 'NONE', #1165, 1.899999999999999911 ) ;
#707 = VECTOR ( 'NONE', #2130, 1000.000000000000000 ) ;
#708 = DIRECTION ( 'NONE',  ( 0.0000000000000000000, 0.0000000000000000000, -1.000000000000000000 ) ) ;
#709 = DIRECTION ( 'NONE',  ( 0.0000000000000000000, -1.000000000000000000, 0.0000000000000000000 ) ) ;
#710 = ORIENTED_EDGE ( 'NONE', *, *, #2512, .F. ) ;
#711 = VERTEX_POINT ( 'NONE', #580 ) ;
#712 = VECTOR ( 'NONE', #3145, 1000.000000000000000 ) ;
#713 = ADVANCED_FACE ( 'NONE', ( #1347 ), #1128, .F. ) ;
#714 = CARTESIAN_POINT ( 'NONE',  ( 6.924999999999998934, -3.075000000000000622, -4.500000000000000000 ) ) ;
#715 = SURFACE_STYLE_FILL_AREA ( #991 ) ;
#716 =( LENGTH_UNIT ( ) NAMED_UNIT ( * ) SI_UNIT ( .MILLI., .METRE. ) );
#717 = ORIENTED_EDGE ( 'NONE', *, *, #2584, .F. ) ;
#718 = UNCERTAINTY_MEASURE_WITH_UNIT (LENGTH_MEASURE( 1.000000000000000082E-05 ), #1404, 'distance_accuracy_value', 'NONE');
#719 = CARTESIAN_POINT ( 'NONE',  ( 0.0000000000000000000, 1.149999999999999911, 3.700000000000000178 ) ) ;
#720 = ORIENTED_EDGE ( 'NONE', *, *, #3578, .T. ) ;
#721 = EDGE_CURVE ( 'NONE', #72, #2085, #2536, .T. ) ;
#722 = EDGE_CURVE ( 'NONE', #593, #2211, #1494, .T. ) ;
#723 = CARTESIAN_POINT ( 'NONE',  ( 9.178907482225810099, -3.074999999999999734, -4.500000000000000000 ) ) ;
#724 = VECTOR ( 'NONE', #1542, 1000.000000000000000 ) ;
#725 = CARTESIAN_POINT ( 'NONE',  ( -1.906828780053867689, -0.6749999999999998224, 0.0000000000000000000 ) ) ;
#726 = MECHANICAL_DESIGN_GEOMETRIC_PRESENTATION_REPRESENTATION (  '', ( #2882 ), #2946 ) ;
#727 =( NAMED_UNIT ( * ) PLANE_ANGLE_UNIT ( ) SI_UNIT ( $, .RADIAN. ) );
#728 = SURFACE_STYLE_USAGE ( .BOTH. , #541 ) ;
#729 = VECTOR ( 'NONE', #1899, 1000.000000000000000 ) ;
#730 = VECTOR ( 'NONE', #1895, 1000.000000000000000 ) ;
#731 = DIRECTION ( 'NONE',  ( -0.0000000000000000000, -0.0000000000000000000, 1.000000000000000000 ) ) ;
#732 = SURFACE_STYLE_USAGE ( .BOTH. , #2386 ) ;
#733 = ORIENTED_EDGE ( 'NONE', *, *, #1407, .F. ) ;
#734 = AXIS2_PLACEMENT_3D ( 'NONE', #3565, #2174, #3292 ) ;
#735 = ORIENTED_EDGE ( 'NONE', *, *, #459, .T. ) ;
#736 = ORIENTED_EDGE ( 'NONE', *, *, #548, .F. ) ;
#737 = CARTESIAN_POINT ( 'NONE',  ( 9.209635827408604314, -6.650000000000001243, -4.639792108149418226 ) ) ;
#738 = VECTOR ( 'NONE', #3133, 1000.000000000000000 ) ;
#739 = FACE_OUTER_BOUND ( 'NONE', #2552, .T. ) ;
#740 =( GEOMETRIC_REPRESENTATION_CONTEXT ( 3 ) GLOBAL_UNCERTAINTY_ASSIGNED_CONTEXT ( ( #3068 ) ) GLOBAL_UNIT_ASSIGNED_CONTEXT ( ( #1414, #1380, #257 ) ) REPRESENTATION_CONTEXT ( 'NONE', 'WORKASPACE' ) );
#741 = ORIENTED_EDGE ( 'NONE', *, *, #1771, .T. ) ;
#742 = ORIENTED_EDGE ( 'NONE', *, *, #2277, .F. ) ;
#743 = UNCERTAINTY_MEASURE_WITH_UNIT (LENGTH_MEASURE( 1.000000000000000082E-05 ), #1870, 'distance_accuracy_value', 'NONE');
#744 = LINE ( 'NONE', #1832, #2762 ) ;
#745 = DIRECTION ( 'NONE',  ( -1.000000000000000000, 6.002503377082377626E-17, 0.0000000000000000000 ) ) ;
#746 = ORIENTED_EDGE ( 'NONE', *, *, #252, .F. ) ;
#747 = PRESENTATION_STYLE_ASSIGNMENT (( #431 ) ) ;
#748 = FACE_OUTER_BOUND ( 'NONE', #2362, .T. ) ;
#749 = SURFACE_STYLE_USAGE ( .BOTH. , #2258 ) ;
#750 = ADVANCED_FACE ( 'NONE', ( #2017 ), #2456, .T. ) ;
#751 = DIRECTION ( 'NONE',  ( -1.000000000000000000, -0.0000000000000000000, -0.0000000000000000000 ) ) ;
#752 = VERTEX_POINT ( 'NONE', #44 ) ;
#753 = CARTESIAN_POINT ( 'NONE',  ( -3.199999999999997957, 4.199999999999997513, -4.500000000000000000 ) ) ;
#754 = ORIENTED_EDGE ( 'NONE', *, *, #1288, .F. ) ;
#755 = ORIENTED_EDGE ( 'NONE', *, *, #2624, .T. ) ;
#756 = VERTEX_POINT ( 'NONE', #374 ) ;
#757 = CARTESIAN_POINT ( 'NONE',  ( -2.605851434794091315, -3.149894239023494968, -0.09427246878204352531 ) ) ;
#758 =( NAMED_UNIT ( * ) SI_UNIT ( $, .STERADIAN. ) SOLID_ANGLE_UNIT ( ) );
#759 = CARTESIAN_POINT ( 'NONE',  ( 7.200000000000000178, 0.0000000000000000000, -4.500000000000000000 ) ) ;
#760 = ORIENTED_EDGE ( 'NONE', *, *, #349, .T. ) ;
#761 = SURFACE_STYLE_USAGE ( .BOTH. , #451 ) ;
#762 = CYLINDRICAL_SURFACE ( 'NONE', #2360, 0.3500000000000002554 ) ;
#763 = ORIENTED_EDGE ( 'NONE', *, *, #2038, .T. ) ;
#764 = EDGE_CURVE ( 'NONE', #2206, #2649, #1811, .T. ) ;
#765 = CARTESIAN_POINT ( 'NONE',  ( 5.906828780053868577, 1.725000000000003419, 0.0000000000000000000 ) ) ;
#766 =( NAMED_UNIT ( * ) PLANE_ANGLE_UNIT ( ) SI_UNIT ( $, .RADIAN. ) );
#767 = FACE_OUTER_BOUND ( 'NONE', #1260, .T. ) ;
#768 = CYLINDRICAL_SURFACE ( 'NONE', #1711, 9.360484467328069158 ) ;
#769 = ORIENTED_EDGE ( 'NONE', *, *, #302, .F. ) ;
#770 = ORIENTED_EDGE ( 'NONE', *, *, #3372, .T. ) ;
#771 = ADVANCED_FACE ( 'NONE', ( #1183 ), #1754, .F. ) ;
#772 = CARTESIAN_POINT ( 'NONE',  ( -5.106208753704060577, 4.199999999999998401, -4.236019452675688690 ) ) ;
#773 = CARTESIAN_POINT ( 'NONE',  ( -2.697101215452245793, -3.075000000000000622, -0.1146327894572913009 ) ) ;
#774 = DIRECTION ( 'NONE',  ( 0.0000000000000000000, -1.000000000000000000, 0.0000000000000000000 ) ) ;
#775 = AXIS2_PLACEMENT_3D ( 'NONE', #3150, #899, #2342 ) ;
#776 = ORIENTED_EDGE ( 'NONE', *, *, #2242, .T. ) ;
#777 = PRESENTATION_LAYER_ASSIGNMENT (  '', '', ( #1864 ) ) ;
#778 = DIRECTION ( 'NONE',  ( -1.000000000000000000, 0.0000000000000000000, -0.0000000000000000000 ) ) ;
#779 = LINE ( 'NONE', #1048, #2776 ) ;
#780 = ORIENTED_EDGE ( 'NONE', *, *, #1397, .F. ) ;
#781 = DIRECTION ( 'NONE',  ( 0.0000000000000000000, 0.0000000000000000000, -1.000000000000000000 ) ) ;
#782 = FILL_AREA_STYLE ('',( #193 ) ) ;
#783 = FILL_AREA_STYLE_COLOUR ( '', #1535 ) ;
#784 = VECTOR ( 'NONE', #2570, 1000.000000000000000 ) ;
#785 = ORIENTED_EDGE ( 'NONE', *, *, #595, .T. ) ;
#786 = VECTOR ( 'NONE', #2579, 1000.000000000000000 ) ;
#787 = DIRECTION ( 'NONE',  ( -1.000000000000000000, -0.0000000000000000000, -0.0000000000000000000 ) ) ;
#788 = CARTESIAN_POINT ( 'NONE',  ( 6.469726736704051184, -3.125764465427563810, -0.06389932711159505840 ) ) ;
#789 = MECHANICAL_DESIGN_GEOMETRIC_PRESENTATION_REPRESENTATION (  '', ( #2605 ), #2549 ) ;
#790 = LINE ( 'NONE', #3232, #3227 ) ;
#791 = ADVANCED_FACE ( 'NONE', ( #1146 ), #95, .F. ) ;
#792 = ORIENTED_EDGE ( 'NONE', *, *, #1151, .T. ) ;
#793 = VECTOR ( 'NONE', #1442, 1000.000000000000000 ) ;
#794 = CARTESIAN_POINT ( 'NONE',  ( -1.500000000000000444, -2.174999999999999822, -5.000000000000000000 ) ) ;
#795 = STYLED_ITEM ( 'NONE', ( #1427 ), #1212 ) ;
#796 = EDGE_CURVE ( 'NONE', #1801, #290, #2587, .T. ) ;
#797 = ADVANCED_FACE ( 'NONE', ( #739 ), #2087, .F. ) ;
#798 = FILL_AREA_STYLE ('',( #3479 ) ) ;
#799 = EDGE_LOOP ( 'NONE', ( #2129, #869, #2385, #710 ) ) ;
#800 = ORIENTED_EDGE ( 'NONE', *, *, #2198, .T. ) ;
#801 = CARTESIAN_POINT ( 'NONE',  ( 5.500000000000000000, 3.324999999999999734, -5.000000000000000000 ) ) ;
#802 = DIRECTION ( 'NONE',  ( -1.000000000000000000, -0.0000000000000000000, -0.0000000000000000000 ) ) ;
#803 = DIRECTION ( 'NONE',  ( 0.0000000000000000000, 0.0000000000000000000, 1.000000000000000000 ) ) ;
#804 = ORIENTED_EDGE ( 'NONE', *, *, #2936, .F. ) ;
#805 = UNCERTAINTY_MEASURE_WITH_UNIT (LENGTH_MEASURE( 1.000000000000000082E-05 ), #306, 'distance_accuracy_value', 'NONE');
#806 = LINE ( 'NONE', #3356, #2781 ) ;
#807 = CARTESIAN_POINT ( 'NONE',  ( -2.425000000000001155, -4.174999999999999822, -5.399999999999999467 ) ) ;
#808 = CARTESIAN_POINT ( 'NONE',  ( -3.537719333704544056, -3.074999999999999734, -0.7504874082323231832 ) ) ;
#809 = ORIENTED_EDGE ( 'NONE', *, *, #2239, .T. ) ;
#810 = DIRECTION ( 'NONE',  ( -1.000000000000000000, 6.002503377082377626E-17, -0.0000000000000000000 ) ) ;
#811 = CARTESIAN_POINT ( 'NONE',  ( 6.424999999999996270, 3.778168926491856484E-15, -5.399999999999999467 ) ) ;
#812 = CARTESIAN_POINT ( 'NONE',  ( -3.200000000000001510, 7.317602538639272680, -0.4118715224631687155 ) ) ;
#813 = ORIENTED_EDGE ( 'NONE', *, *, #2396, .T. ) ;
#814 = CARTESIAN_POINT ( 'NONE',  ( 2.575000000000000178, -1.275000000000000133, 3.700000000000000178 ) ) ;
#815 = CARTESIAN_POINT ( 'NONE',  ( 7.730671790404080923, -3.074999999999999734, -1.179270645342403556 ) ) ;
#816 = DIRECTION ( 'NONE',  ( -0.0000000000000000000, -0.0000000000000000000, 1.000000000000000000 ) ) ;
#817 = CARTESIAN_POINT ( 'NONE',  ( -1.906828780053867689, -3.565000000000000391, 0.0000000000000000000 ) ) ;
#818 = FACE_OUTER_BOUND ( 'NONE', #3234, .T. ) ;
#819 = B_SPLINE_CURVE_WITH_KNOTS ( 'NONE', 3,
 ( #1943, #319, #3380, #4 ),
 .UNSPECIFIED., .F., .F.,
 ( 4, 4 ),
 ( 0.0000000000000000000, 1.000000000000000000 ),
 .UNSPECIFIED. ) ;
#820 = PLANE ( 'NONE',  #3532 ) ;
#821 = LINE ( 'NONE', #1866, #65 ) ;
#822 = STYLED_ITEM ( 'NONE', ( #2948 ), #838 ) ;
#823 = ADVANCED_FACE ( 'NONE', ( #404 ), #2070, .T. ) ;
#824 = ORIENTED_EDGE ( 'NONE', *, *, #1797, .F. ) ;
#825 = EDGE_LOOP ( 'NONE', ( #480, #1199, #1405, #3470, #1577, #371, #1672, #2326 ) ) ;
#826 = CARTESIAN_POINT ( 'NONE',  ( 11.83446580044896557, 7.317602538639278009, -0.4118715224631687155 ) ) ;
#827 = B_SPLINE_SURFACE_WITH_KNOTS ( 'NONE', 2, 3, ( 
 ( #589, #2808, #839, #2461 ),
 ( #1140, #3369, #1878, #2741 ),
 ( #817, #233, #2184, #251 ) ),
 .UNSPECIFIED., .F., .F., .F.,
 ( 3, 3 ),
 ( 4, 4 ),
 ( 0.0000000000000000000, 1.000000000000000000 ),
 ( -0.01629963524487879414, -0.005519635244878791890 ),
 .UNSPECIFIED. ) ;
#828 = MECHANICAL_DESIGN_GEOMETRIC_PRESENTATION_REPRESENTATION (  '', ( #485 ), #2463 ) ;
#829 = CARTESIAN_POINT ( 'NONE',  ( 3.200000000000000622, 0.5749999999999992895, -13.89999999999999858 ) ) ;
#830 = LINE ( 'NONE', #1923, #2665 ) ;
#831 = SURFACE_STYLE_FILL_AREA ( #3343 ) ;
#832 = VERTEX_POINT ( 'NONE', #1553 ) ;
#833 = PRESENTATION_LAYER_ASSIGNMENT (  '', '', ( #2402 ) ) ;
#834 = LINE ( 'NONE', #1390, #3331 ) ;
#835 = DIRECTION ( 'NONE',  ( 0.0000000000000000000, 0.0000000000000000000, 1.000000000000000000 ) ) ;
#836 = DIRECTION ( 'NONE',  ( -0.0000000000000000000, 1.000000000000000000, 0.0000000000000000000 ) ) ;
#837 = EDGE_CURVE ( 'NONE', #699, #1628, #1027, .T. ) ;
#838 = ADVANCED_FACE ( 'NONE', ( #465 ), #1665, .F. ) ;
#839 = CARTESIAN_POINT ( 'NONE',  ( -3.730671790404080479, 3.621666666666663481, -1.179270645342404000 ) ) ;
#840 = UNCERTAINTY_MEASURE_WITH_UNIT (LENGTH_MEASURE( 1.000000000000000082E-05 ), #677, 'distance_accuracy_value', 'NONE');
#841 = EDGE_CURVE ( 'NONE', #939, #2547, #1010, .T. ) ;
#842 = ORIENTED_EDGE ( 'NONE', *, *, #3271, .F. ) ;
#843 = EDGE_CURVE ( 'NONE', #14, #1329, #1044, .T. ) ;
#844 =( GEOMETRIC_REPRESENTATION_CONTEXT ( 3 ) GLOBAL_UNCERTAINTY_ASSIGNED_CONTEXT ( ( #1851 ) ) GLOBAL_UNIT_ASSIGNED_CONTEXT ( ( #3586, #1083, #227 ) ) REPRESENTATION_CONTEXT ( 'NONE', 'WORKASPACE' ) );
#845 = SURFACE_STYLE_FILL_AREA ( #3051 ) ;
#846 = LINE ( 'NONE', #2747, #1636 ) ;
#847 = STYLED_ITEM ( 'NONE', ( #2089 ), #3609 ) ;
#848 = AXIS2_PLACEMENT_3D ( 'NONE', #1496, #2621, #2072 ) ;
#849 = EDGE_LOOP ( 'NONE', ( #3306, #1323, #1536, #1198 ) ) ;
#850 = COLOUR_RGB ( '',0.8588235294117646523, 0.8588235294117646523, 0.8588235294117646523 ) ;
#851 = DIRECTION ( 'NONE',  ( 0.0000000000000000000, -1.000000000000000000, 0.0000000000000000000 ) ) ;
#852 = DIRECTION ( 'NONE',  ( -1.224646799147353207E-16, 1.000000000000000000, 0.0000000000000000000 ) ) ;
#853 = PRESENTATION_STYLE_ASSIGNMENT (( #3342 ) ) ;
#854 = PRESENTATION_LAYER_ASSIGNMENT (  '', '', ( #1882 ) ) ;
#855 = VERTEX_POINT ( 'NONE', #1621 ) ;
#856 = ORIENTED_EDGE ( 'NONE', *, *, #224, .T. ) ;
#857 = CARTESIAN_POINT ( 'NONE',  ( -4.349999999999999645, 7.324999999999999289, -11.29999999999999893 ) ) ;
#858 = CARTESIAN_POINT ( 'NONE',  ( -2.697101215379625661, -3.269774822871045483, -0.1146327893965711359 ) ) ;
#859 = DIRECTION ( 'NONE',  ( 1.000000000000000000, 0.0000000000000000000, -0.0000000000000000000 ) ) ;
#860 = STYLED_ITEM ( 'NONE', ( #962 ), #1696 ) ;
#861 = FILL_AREA_STYLE ('',( #11 ) ) ;
#862 = CARTESIAN_POINT ( 'NONE',  ( 2.000000000000000444, 0.5749999999999991784, -14.59999999999999787 ) ) ;
#863 =( GEOMETRIC_REPRESENTATION_CONTEXT ( 3 ) GLOBAL_UNCERTAINTY_ASSIGNED_CONTEXT ( ( #2484 ) ) GLOBAL_UNIT_ASSIGNED_CONTEXT ( ( #3386, #381, #1213 ) ) REPRESENTATION_CONTEXT ( 'NONE', 'WORKASPACE' ) );
#864 = EDGE_CURVE ( 'NONE', #1566, #3075, #846, .T. ) ;
#865 = ORIENTED_EDGE ( 'NONE', *, *, #2121, .F. ) ;
#866 = VECTOR ( 'NONE', #3456, 1000.000000000000000 ) ;
#867 = DIRECTION ( 'NONE',  ( -0.0000000000000000000, -0.0000000000000000000, -1.000000000000000000 ) ) ;
#868 = ORIENTED_EDGE ( 'NONE', *, *, #2896, .F. ) ;
#869 = ORIENTED_EDGE ( 'NONE', *, *, #2662, .T. ) ;
#870 = DIRECTION ( 'NONE',  ( -1.000000000000000000, -0.0000000000000000000, -0.0000000000000000000 ) ) ;
#871 = DIRECTION ( 'NONE',  ( -1.000000000000000000, 0.0000000000000000000, 0.0000000000000000000 ) ) ;
#872 = DIRECTION ( 'NONE',  ( 1.000000000000000000, 0.0000000000000000000, 0.0000000000000000000 ) ) ;
#873 = DIRECTION ( 'NONE',  ( 0.0000000000000000000, -1.000000000000000000, 0.0000000000000000000 ) ) ;
#874 = ORIENTED_EDGE ( 'NONE', *, *, #1614, .F. ) ;
#875 = DIRECTION ( 'NONE',  ( 1.000000000000000000, 0.0000000000000000000, 0.0000000000000000000 ) ) ;
#876 = PLANE ( 'NONE',  #2598 ) ;
#877 = FACE_OUTER_BOUND ( 'NONE', #3212, .T. ) ;
#878 = EDGE_CURVE ( 'NONE', #527, #921, #2268, .T. ) ;
#879 = SURFACE_STYLE_USAGE ( .BOTH. , #400 ) ;
#880 = LINE ( 'NONE', #2831, #243 ) ;
#881 = SURFACE_SIDE_STYLE ('',( #626 ) ) ;
#882 = DIRECTION ( 'NONE',  ( 0.0000000000000000000, -0.0000000000000000000, -1.000000000000000000 ) ) ;
#883 = DIRECTION ( 'NONE',  ( -1.000000000000000000, 6.002503377082377626E-17, -0.0000000000000000000 ) ) ;
#884 = EDGE_CURVE ( 'NONE', #240, #699, #2493, .T. ) ;
#885 = ORIENTED_EDGE ( 'NONE', *, *, #2115, .F. ) ;
#886 = ORIENTED_EDGE ( 'NONE', *, *, #949, .F. ) ;
#887 = LINE ( 'NONE', #596, #1239 ) ;
#888 = AXIS2_PLACEMENT_3D ( 'NONE', #559, #1901, #1674 ) ;
#889 = PLANE ( 'NONE',  #911 ) ;
#890 =( NAMED_UNIT ( * ) PLANE_ANGLE_UNIT ( ) SI_UNIT ( $, .RADIAN. ) );
#891 = ORIENTED_EDGE ( 'NONE', *, *, #97, .T. ) ;
#892 = AXIS2_PLACEMENT_3D ( 'NONE', #3484, #2434, #2966 ) ;
#893 = DIRECTION ( 'NONE',  ( -0.0000000000000000000, -0.0000000000000000000, 1.000000000000000000 ) ) ;
#894 =( LENGTH_UNIT ( ) NAMED_UNIT ( * ) SI_UNIT ( .MILLI., .METRE. ) );
#895 = B_SPLINE_CURVE_WITH_KNOTS ( 'NONE', 3,
 ( #236, #2679, #772, #443 ),
 .UNSPECIFIED., .F., .F.,
 ( 4, 4 ),
 ( 0.0000000000000000000, 1.000000000000000000 ),
 .UNSPECIFIED. ) ;
#896 = CARTESIAN_POINT ( 'NONE',  ( 7.200000000000000178, 4.125000000000005329, 2.168404344971008868E-16 ) ) ;
#897 = AXIS2_PLACEMENT_3D ( 'NONE', #401, #1466, #930 ) ;
#898 = DIRECTION ( 'NONE',  ( -0.0000000000000000000, 1.000000000000000000, -0.0000000000000000000 ) ) ;
#899 = DIRECTION ( 'NONE',  ( -1.000000000000000000, 0.0000000000000000000, 0.0000000000000000000 ) ) ;
#900 = DIRECTION ( 'NONE',  ( 1.000000000000000000, -6.002503377082377626E-17, 0.0000000000000000000 ) ) ;
#901 = FILL_AREA_STYLE_COLOUR ( '', #445 ) ;
#902 = COLOUR_RGB ( '',0.6196078431372549211, 0.4117647058823529216, 0.2000000000000000111 ) ;
#903 = VERTEX_POINT ( 'NONE', #292 ) ;
#904 = CIRCLE ( 'NONE', #1475, 0.3500000000000000333 ) ;
#905 = EDGE_CURVE ( 'NONE', #1358, #2707, #821, .T. ) ;
#906 = VECTOR ( 'NONE', #628, 1000.000000000000000 ) ;
#907 = VERTEX_POINT ( 'NONE', #2148 ) ;
#908 = AXIS2_PLACEMENT_3D ( 'NONE', #912, #2008, #81 ) ;
#909 = EDGE_CURVE ( 'NONE', #2126, #3075, #1523, .T. ) ;
#910 = CARTESIAN_POINT ( 'NONE',  ( -3.200000000000001510, 7.274747714624758110, 0.3891840341157592476 ) ) ;
#911 = AXIS2_PLACEMENT_3D ( 'NONE', #299, #1371, #2498 ) ;
#912 = CARTESIAN_POINT ( 'NONE',  ( -1.499999999999998668, 3.325000000000000622, -5.000000000000000000 ) ) ;
#913 = VECTOR ( 'NONE', #3095, 1000.000000000000000 ) ;
#914 = COLOUR_RGB ( '',0.8588235294117646523, 0.8588235294117646523, 0.8588235294117646523 ) ;
#915 = PLANE ( 'NONE',  #1521 ) ;
#916 = ORIENTED_EDGE ( 'NONE', *, *, #2557, .T. ) ;
#917 = PLANE ( 'NONE',  #1416 ) ;
#918 = STYLED_ITEM ( 'NONE', ( #3612 ), #1632 ) ;
#919 = FACE_OUTER_BOUND ( 'NONE', #1366, .T. ) ;
#920 = VECTOR ( 'NONE', #2059, 1000.000000000000000 ) ;
#921 = VERTEX_POINT ( 'NONE', #2208 ) ;
#922 = CARTESIAN_POINT ( 'NONE',  ( 2.574999999999999734, 2.425000000000000266, 0.0000000000000000000 ) ) ;
#923 = PLANE ( 'NONE',  #1755 ) ;
#924 = ORIENTED_EDGE ( 'NONE', *, *, #1614, .T. ) ;
#925 = ORIENTED_EDGE ( 'NONE', *, *, #992, .F. ) ;
#926 = DIRECTION ( 'NONE',  ( 0.0000000000000000000, -0.0000000000000000000, 1.000000000000000000 ) ) ;
#927 = CARTESIAN_POINT ( 'NONE',  ( 7.200000000000000178, 4.199999999999997513, 1.917100174286742390E-16 ) ) ;
#928 = ADVANCED_FACE ( 'NONE', ( #2996 ), #2450, .F. ) ;
#929 = DIRECTION ( 'NONE',  ( -0.0000000000000000000, 0.0000000000000000000, 1.000000000000000000 ) ) ;
#930 = DIRECTION ( 'NONE',  ( 1.000000000000000000, -6.002503377082377626E-17, 0.0000000000000000000 ) ) ;
#931 = ORIENTED_EDGE ( 'NONE', *, *, #1495, .F. ) ;
#932 = CARTESIAN_POINT ( 'NONE',  ( 1.425000000000000266, 1.149999999999999911, 0.0000000000000000000 ) ) ;
#933 = DIRECTION ( 'NONE',  ( -0.0000000000000000000, -0.0000000000000000000, 1.000000000000000000 ) ) ;
#934 = DIRECTION ( 'NONE',  ( 0.0000000000000000000, -0.0000000000000000000, 1.000000000000000000 ) ) ;
#935 = DIRECTION ( 'NONE',  ( -1.000000000000000000, 0.0000000000000000000, 0.0000000000000000000 ) ) ;
#936 = ORIENTED_EDGE ( 'NONE', *, *, #3541, .T. ) ;
#937 = PRESENTATION_STYLE_ASSIGNMENT (( #2324 ) ) ;
#938 = CARTESIAN_POINT ( 'NONE',  ( -5.224999999999996980, 7.799999999999998046, -5.399999999999999467 ) ) ;
#939 = VERTEX_POINT ( 'NONE', #3335 ) ;
#940 = VECTOR ( 'NONE', #678, 1000.000000000000000 ) ;
#941 = CYLINDRICAL_SURFACE ( 'NONE', #1740, 1.900000000000000133 ) ;
#942 = CARTESIAN_POINT ( 'NONE',  ( 9.225000000000001421, -1.833333333333333481, -4.929269377658068052 ) ) ;
#943 = LINE ( 'NONE', #669, #2887 ) ;
#944 = SURFACE_STYLE_FILL_AREA ( #1155 ) ;
#945 = EDGE_CURVE ( 'NONE', #593, #612, #1364, .T. ) ;
#946 = DIRECTION ( 'NONE',  ( -1.000000000000000000, -0.0000000000000000000, -0.0000000000000000000 ) ) ;
#947 =( GEOMETRIC_REPRESENTATION_CONTEXT ( 3 ) GLOBAL_UNCERTAINTY_ASSIGNED_CONTEXT ( ( #2858 ) ) GLOBAL_UNIT_ASSIGNED_CONTEXT ( ( #61, #2039, #1460 ) ) REPRESENTATION_CONTEXT ( 'NONE', 'WORKASPACE' ) );
#948 = SURFACE_STYLE_FILL_AREA ( #384 ) ;
#949 = EDGE_CURVE ( 'NONE', #2685, #2610, #3021, .T. ) ;
#950 =( NAMED_UNIT ( * ) PLANE_ANGLE_UNIT ( ) SI_UNIT ( $, .RADIAN. ) );
#951 = VECTOR ( 'NONE', #2212, 1000.000000000000000 ) ;
#952 = EDGE_CURVE ( 'NONE', #2390, #3482, #3305, .T. ) ;
#953 = FACE_OUTER_BOUND ( 'NONE', #549, .T. ) ;
#954 = EDGE_CURVE ( 'NONE', #403, #2610, #3036, .T. ) ;
#955 = ORIENTED_EDGE ( 'NONE', *, *, #3307, .T. ) ;
#956 =( NAMED_UNIT ( * ) SI_UNIT ( $, .STERADIAN. ) SOLID_ANGLE_UNIT ( ) );
#957 = DIRECTION ( 'NONE',  ( -1.000000000000000000, 0.0000000000000000000, 0.0000000000000000000 ) ) ;
#958 = EDGE_LOOP ( 'NONE', ( #3053, #865, #3180, #785 ) ) ;
#959 = VECTOR ( 'NONE', #1659, 1000.000000000000000 ) ;
#960 = FILL_AREA_STYLE ('',( #410 ) ) ;
#961 = CARTESIAN_POINT ( 'NONE',  ( 7.730671790404080923, -3.074999999999999734, -1.179270645342403556 ) ) ;
#962 = PRESENTATION_STYLE_ASSIGNMENT (( #2079 ) ) ;
#963 = AXIS2_PLACEMENT_3D ( 'NONE', #1631, #194, #2140 ) ;
#964 = CARTESIAN_POINT ( 'NONE',  ( 5.500000000000000000, 3.324999999999999734, 0.0000000000000000000 ) ) ;
#965 = CARTESIAN_POINT ( 'NONE',  ( -1.499999999999998668, 3.325000000000000622, -5.000000000000000000 ) ) ;
#966 = VECTOR ( 'NONE', #189, 1000.000000000000000 ) ;
#967 = FILL_AREA_STYLE ('',( #901 ) ) ;
#968 = MECHANICAL_DESIGN_GEOMETRIC_PRESENTATION_REPRESENTATION (  '', ( #387 ), #1303 ) ;
#969 = LINE ( 'NONE', #2634, #2477 ) ;
#970 = SURFACE_STYLE_USAGE ( .BOTH. , #90 ) ;
#971 = COLOUR_RGB ( '',0.6941176470588235059, 0.09803921568627450844, 0.09803921568627450844 ) ;
#972 = EDGE_LOOP ( 'NONE', ( #2273, #2225 ) ) ;
#973 =( GEOMETRIC_REPRESENTATION_CONTEXT ( 3 ) GLOBAL_UNCERTAINTY_ASSIGNED_CONTEXT ( ( #3575 ) ) GLOBAL_UNIT_ASSIGNED_CONTEXT ( ( #3064, #1106, #2235 ) ) REPRESENTATION_CONTEXT ( 'NONE', 'WORKASPACE' ) );
#974 = DIRECTION ( 'NONE',  ( 0.0000000000000000000, -0.0000000000000000000, -1.000000000000000000 ) ) ;
#975 = FILL_AREA_STYLE_COLOUR ( '', #3411 ) ;
#976 = ORIENTED_EDGE ( 'NONE', *, *, #680, .T. ) ;
#977 = UNCERTAINTY_MEASURE_WITH_UNIT (LENGTH_MEASURE( 1.000000000000000082E-05 ), #115, 'distance_accuracy_value', 'NONE');
#978 = CARTESIAN_POINT ( 'NONE',  ( 11.83446580044896557, 7.274747714624763439, 0.3891840341157592476 ) ) ;
#979 = DIRECTION ( 'NONE',  ( 0.0000000000000000000, -1.000000000000000000, 0.0000000000000000000 ) ) ;
#980 = ORIENTED_EDGE ( 'NONE', *, *, #3152, .T. ) ;
#981 = B_SPLINE_CURVE_WITH_KNOTS ( 'NONE', 2,
 ( #2860, #2340, #2877 ),
 .UNSPECIFIED., .F., .F.,
 ( 3, 3 ),
 ( 0.0000000000000000000, 1.000000000000000000 ),
 .UNSPECIFIED. ) ;
#982 = CARTESIAN_POINT ( 'NONE',  ( -2.925000000000001599, -3.074999999999999734, -4.500000000000000000 ) ) ;
#983 = EDGE_CURVE ( 'NONE', #2291, #1814, #3141, .T. ) ;
#984 =( NAMED_UNIT ( * ) SI_UNIT ( $, .STERADIAN. ) SOLID_ANGLE_UNIT ( ) );
#985 = FACE_OUTER_BOUND ( 'NONE', #1440, .T. ) ;
#986 = FILL_AREA_STYLE ('',( #2961 ) ) ;
#987 = CARTESIAN_POINT ( 'NONE',  ( -3.199999999999998845, -1.091511400614619680E-15, -4.500000000000000000 ) ) ;
#988 = ORIENTED_EDGE ( 'NONE', *, *, #73, .T. ) ;
#989 = EDGE_LOOP ( 'NONE', ( #1655, #1145, #717, #976 ) ) ;
#990 = LINE ( 'NONE', #221, #2841 ) ;
#991 = FILL_AREA_STYLE ('',( #444 ) ) ;
#992 = EDGE_CURVE ( 'NONE', #1332, #2685, #388, .T. ) ;
#993 = CARTESIAN_POINT ( 'NONE',  ( 2.574999999999999734, 2.425000000000000266, 3.700000000000000178 ) ) ;
#994 = EDGE_CURVE ( 'NONE', #612, #2029, #3127, .T. ) ;
#995 = ORIENTED_EDGE ( 'NONE', *, *, #1727, .F. ) ;
#996 = CARTESIAN_POINT ( 'NONE',  ( 7.537719333688055023, -3.074999999999999734, -0.7504874081956797172 ) ) ;
#997 =( NAMED_UNIT ( * ) PLANE_ANGLE_UNIT ( ) SI_UNIT ( $, .RADIAN. ) );
#998 = ORIENTED_EDGE ( 'NONE', *, *, #2468, .T. ) ;
#999 =( NAMED_UNIT ( * ) PLANE_ANGLE_UNIT ( ) SI_UNIT ( $, .RADIAN. ) );
#1000 = MECHANICAL_DESIGN_GEOMETRIC_PRESENTATION_REPRESENTATION (  '', ( #1976 ), #3499 ) ;
#1001 = FACE_BOUND ( 'NONE', #972, .T. ) ;
#1002 = DIRECTION ( 'NONE',  ( -5.880418562633242031E-16, 1.000000000000000000, 0.0000000000000000000 ) ) ;
#1003 = FILL_AREA_STYLE ('',( #2383 ) ) ;
#1004 = DIRECTION ( 'NONE',  ( -0.0000000000000000000, 1.000000000000000000, -0.0000000000000000000 ) ) ;
#1005 = VECTOR ( 'NONE', #2615, 1000.000000000000000 ) ;
#1006 = VERTEX_POINT ( 'NONE', #3154 ) ;
#1007 = ORIENTED_EDGE ( 'NONE', *, *, #1546, .F. ) ;
#1008 = VECTOR ( 'NONE', #1728, 1000.000000000000000 ) ;
#1009 = CARTESIAN_POINT ( 'NONE',  ( 6.425000000000000711, -6.650000000000003020, -4.500000000000000000 ) ) ;
#1010 = LINE ( 'NONE', #698, #241 ) ;
#1011 = EDGE_LOOP ( 'NONE', ( #1395, #1575, #3363, #1147, #486, #634 ) ) ;
#1012 = EDGE_CURVE ( 'NONE', #3070, #2267, #3391, .T. ) ;
#1013 = ORIENTED_EDGE ( 'NONE', *, *, #721, .T. ) ;
#1014 = EDGE_CURVE ( 'NONE', #3522, #2706, #2884, .T. ) ;
#1015 = LINE ( 'NONE', #2420, #334 ) ;
#1016 = CARTESIAN_POINT ( 'NONE',  ( 7.200000000000000178, 7.274747714624761663, 0.3891840341157591365 ) ) ;
#1017 = SURFACE_STYLE_USAGE ( .BOTH. , #1630 ) ;
#1018 = AXIS2_PLACEMENT_3D ( 'NONE', #2967, #1605, #466 ) ;
#1019 = PLANE ( 'NONE',  #1704 ) ;
#1020 = DIRECTION ( 'NONE',  ( -1.000000000000000000, 0.0000000000000000000, 0.0000000000000000000 ) ) ;
#1021 = VERTEX_POINT ( 'NONE', #1179 ) ;
#1022 = PLANE ( 'NONE',  #260 ) ;
#1023 = ORIENTED_EDGE ( 'NONE', *, *, #186, .T. ) ;
#1024 = AXIS2_PLACEMENT_3D ( 'NONE', #282, #1942, #3132 ) ;
#1025 = ORIENTED_EDGE ( 'NONE', *, *, #2242, .F. ) ;
#1026 = SURFACE_STYLE_FILL_AREA ( #3523 ) ;
#1027 = LINE ( 'NONE', #1305, #707 ) ;
#1028 = PRESENTATION_LAYER_ASSIGNMENT (  '', '', ( #387 ) ) ;
#1029 = DIRECTION ( 'NONE',  ( 2.291228075969106264E-16, -0.6220390514314998454, -0.7829862185851037548 ) ) ;
#1030 = ORIENTED_EDGE ( 'NONE', *, *, #3004, .T. ) ;
#1031 = VECTOR ( 'NONE', #1465, 1000.000000000000000 ) ;
#1032 = UNCERTAINTY_MEASURE_WITH_UNIT (LENGTH_MEASURE( 1.000000000000000082E-05 ), #1502, 'distance_accuracy_value', 'NONE');
#1033 = CARTESIAN_POINT ( 'NONE',  ( 9.149563577662423342, 4.199999999999997513, -4.366506111675007240 ) ) ;
#1034 = PRESENTATION_LAYER_ASSIGNMENT (  '', '', ( #3474 ) ) ;
#1035 = DIRECTION ( 'NONE',  ( 1.000000000000000000, -6.002503377082377626E-17, 0.0000000000000000000 ) ) ;
#1036 = ORIENTED_EDGE ( 'NONE', *, *, #2348, .F. ) ;
#1037 = CARTESIAN_POINT ( 'NONE',  ( 5.906828780053868577, -0.6749999999999984901, 0.0000000000000000000 ) ) ;
#1038 = FACE_OUTER_BOUND ( 'NONE', #558, .T. ) ;
#1039 = CARTESIAN_POINT ( 'NONE',  ( 7.238645917050990697, -3.074999999999999734, -9.000000000000000000 ) ) ;
#1040 = CARTESIAN_POINT ( 'NONE',  ( -1.500000000000000444, -2.174999999999999822, 0.0000000000000000000 ) ) ;
#1041 = ORIENTED_EDGE ( 'NONE', *, *, #3153, .F. ) ;
#1042 = CARTESIAN_POINT ( 'NONE',  ( 5.906828780053868577, -3.564999999999999503, 0.0000000000000000000 ) ) ;
#1043 = ORIENTED_EDGE ( 'NONE', *, *, #2888, .T. ) ;
#1044 = LINE ( 'NONE', #3175, #2284 ) ;
#1045 = CARTESIAN_POINT ( 'NONE',  ( -3.258120437188722462, -6.175000000000001599, -9.000000000000000000 ) ) ;
#1046 = ORIENTED_EDGE ( 'NONE', *, *, #40, .T. ) ;
#1047 = DIRECTION ( 'NONE',  ( -0.0000000000000000000, -0.0000000000000000000, 1.000000000000000000 ) ) ;
#1048 = CARTESIAN_POINT ( 'NONE',  ( -3.199999999999998845, -1.091511400614619680E-15, 0.0000000000000000000 ) ) ;
#1049 = ORIENTED_EDGE ( 'NONE', *, *, #224, .F. ) ;
#1050 = PRESENTATION_LAYER_ASSIGNMENT (  '', '', ( #2150 ) ) ;
#1051 = LINE ( 'NONE', #2156, #2726 ) ;
#1052 = DIRECTION ( 'NONE',  ( 0.0000000000000000000, -0.0000000000000000000, 1.000000000000000000 ) ) ;
#1053 = CARTESIAN_POINT ( 'NONE',  ( 0.0000000000000000000, -4.174999999999999822, -5.399999999999999467 ) ) ;
#1054 = FACE_OUTER_BOUND ( 'NONE', #1244, .T. ) ;
#1055 = DIRECTION ( 'NONE',  ( 1.000000000000000000, 0.0000000000000000000, 0.0000000000000000000 ) ) ;
#1056 = EDGE_CURVE ( 'NONE', #130, #1150, #1174, .T. ) ;
#1057 = ORIENTED_EDGE ( 'NONE', *, *, #170, .F. ) ;
#1058 = ADVANCED_FACE ( 'NONE', ( #919 ), #2568, .F. ) ;
#1059 = FACE_OUTER_BOUND ( 'NONE', #1102, .T. ) ;
#1060 = EDGE_CURVE ( 'NONE', #2573, #1831, #2832, .T. ) ;
#1061 = CARTESIAN_POINT ( 'NONE',  ( 6.643709709018925658, -3.166889921241607286, -0.1156656351292971036 ) ) ;
#1062 = PRESENTATION_LAYER_ASSIGNMENT (  '', '', ( #2162 ) ) ;
#1063 = DIRECTION ( 'NONE',  ( 1.000000000000000000, -6.829619984160658046E-17, 0.0000000000000000000 ) ) ;
#1064 =( GEOMETRIC_REPRESENTATION_CONTEXT ( 3 ) GLOBAL_UNCERTAINTY_ASSIGNED_CONTEXT ( ( #2004 ) ) GLOBAL_UNIT_ASSIGNED_CONTEXT ( ( #3063, #1137, #3313 ) ) REPRESENTATION_CONTEXT ( 'NONE', 'WORKASPACE' ) );
#1065 = ADVANCED_FACE ( 'NONE', ( #2582 ), #2851, .T. ) ;
#1066 = ORIENTED_EDGE ( 'NONE', *, *, #1211, .F. ) ;
#1067 = FACE_OUTER_BOUND ( 'NONE', #958, .T. ) ;
#1068 = CARTESIAN_POINT ( 'NONE',  ( 9.225000000000001421, 8.522499999999993747, -4.500000000000002665 ) ) ;
#1069 = VERTEX_POINT ( 'NONE', #41 ) ;
#1070 = EDGE_LOOP ( 'NONE', ( #1373, #1291, #2165, #2337 ) ) ;
#1071 = CARTESIAN_POINT ( 'NONE',  ( -4.349999999999999645, -6.175000000000001599, -6.299999999999998934 ) ) ;
#1072 = CARTESIAN_POINT ( 'NONE',  ( -2.425000000000000711, -5.650000000000000355, -5.399999999999999467 ) ) ;
#1073 = MECHANICAL_DESIGN_GEOMETRIC_PRESENTATION_REPRESENTATION (  '', ( #3591 ), #1999 ) ;
#1074 = PRESENTATION_LAYER_ASSIGNMENT (  '', '', ( #2882 ) ) ;
#1075 = ORIENTED_EDGE ( 'NONE', *, *, #2466, .T. ) ;
#1076 = AXIS2_PLACEMENT_3D ( 'NONE', #2236, #287, #2806 ) ;
#1077 = DIRECTION ( 'NONE',  ( -1.000000000000000000, -0.0000000000000000000, -0.0000000000000000000 ) ) ;
#1078 = CIRCLE ( 'NONE', #1418, 0.6999999999999992895 ) ;
#1079 = CARTESIAN_POINT ( 'NONE',  ( 6.424999999999999822, -5.650000000000000355, -14.59999999999999787 ) ) ;
#1080 = ORIENTED_EDGE ( 'NONE', *, *, #338, .T. ) ;
#1081 = SURFACE_SIDE_STYLE ('',( #2252 ) ) ;
#1082 = VECTOR ( 'NONE', #1957, 1000.000000000000000 ) ;
#1083 =( NAMED_UNIT ( * ) PLANE_ANGLE_UNIT ( ) SI_UNIT ( $, .RADIAN. ) );
#1084 = SURFACE_STYLE_FILL_AREA ( #228 ) ;
#1085 = ORIENTED_EDGE ( 'NONE', *, *, #3156, .F. ) ;
#1086 = MECHANICAL_DESIGN_GEOMETRIC_PRESENTATION_REPRESENTATION (  '', ( #860 ), #3542 ) ;
#1087 = DIRECTION ( 'NONE',  ( -0.0000000000000000000, 0.0000000000000000000, 1.000000000000000000 ) ) ;
#1088 = PLANE ( 'NONE',  #2661 ) ;
#1089 = LINE ( 'NONE', #3573, #1762 ) ;
#1090 = UNCERTAINTY_MEASURE_WITH_UNIT (LENGTH_MEASURE( 1.000000000000000082E-05 ), #534, 'distance_accuracy_value', 'NONE');
#1091 = EDGE_CURVE ( 'NONE', #1558, #3381, #1144, .T. ) ;
#1092 = CARTESIAN_POINT ( 'NONE',  ( 9.225000000000001421, -6.650000000000001243, -5.399999999999999467 ) ) ;
#1093 = UNCERTAINTY_MEASURE_WITH_UNIT (LENGTH_MEASURE( 1.000000000000000082E-05 ), #894, 'distance_accuracy_value', 'NONE');
#1094 = CARTESIAN_POINT ( 'NONE',  ( -2.425000000000001155, -4.174999999999999822, -9.000000000000000000 ) ) ;
#1095 = CARTESIAN_POINT ( 'NONE',  ( 6.768173600892315456, -3.205808218172081059, -0.1646537011956279162 ) ) ;
#1096 = ORIENTED_EDGE ( 'NONE', *, *, #2346, .F. ) ;
#1097 = EDGE_CURVE ( 'NONE', #17, #3302, #2030, .T. ) ;
#1098 = EDGE_CURVE ( 'NONE', #2134, #1598, #610, .T. ) ;
#1099 = CARTESIAN_POINT ( 'NONE',  ( -4.349999999999999645, -6.175000000000001599, -11.29999999999999893 ) ) ;
#1100 = CARTESIAN_POINT ( 'NONE',  ( 9.048843010350212879, -7.372499999999999609, -4.108540023000470498 ) ) ;
#1101 = SURFACE_STYLE_USAGE ( .BOTH. , #300 ) ;
#1102 = EDGE_LOOP ( 'NONE', ( #59, #1589, #2215, #3208 ) ) ;
#1103 = VERTEX_POINT ( 'NONE', #2370 ) ;
#1104 = EDGE_CURVE ( 'NONE', #2291, #3257, #2651, .T. ) ;
#1105 = PLANE ( 'NONE',  #1402 ) ;
#1106 =( NAMED_UNIT ( * ) PLANE_ANGLE_UNIT ( ) SI_UNIT ( $, .RADIAN. ) );
#1107 = VERTEX_POINT ( 'NONE', #753 ) ;
#1108 = CARTESIAN_POINT ( 'NONE',  ( -2.169999999999999485, 3.075000000000000622, -11.29999999999999893 ) ) ;
#1109 = MECHANICAL_DESIGN_GEOMETRIC_PRESENTATION_REPRESENTATION (  '', ( #128 ), #2 ) ;
#1110 = ORIENTED_EDGE ( 'NONE', *, *, #1790, .F. ) ;
#1111 = LINE ( 'NONE', #2496, #951 ) ;
#1112 = B_SPLINE_SURFACE_WITH_KNOTS ( 'NONE', 2, 3, ( 
 ( #104, #2938, #1261, #135 ),
 ( #2138, #191, #3262, #1570 ),
 ( #1835, #3202, #2400, #1293 ) ),
 .UNSPECIFIED., .F., .F., .F.,
 ( 3, 3 ),
 ( 4, 4 ),
 ( 0.0000000000000000000, 1.000000000000000000 ),
 ( -0.02010713524487879600, -0.004212135244878797459 ),
 .UNSPECIFIED. ) ;
#1113 = COLOUR_RGB ( '',0.8588235294117646523, 0.8588235294117646523, 0.8588235294117646523 ) ;
#1114 = CARTESIAN_POINT ( 'NONE',  ( -2.925000000000000266, -6.650000000000005684, -4.500000000000000000 ) ) ;
#1115 = FACE_BOUND ( 'NONE', #1644, .T. ) ;
#1116 = ORIENTED_EDGE ( 'NONE', *, *, #1104, .F. ) ;
#1117 = ADVANCED_FACE ( 'NONE', ( #477 ), #1022, .F. ) ;
#1118 = DIRECTION ( 'NONE',  ( 1.000000000000000000, -0.0000000000000000000, 0.0000000000000000000 ) ) ;
#1119 = CARTESIAN_POINT ( 'NONE',  ( -5.224999999999998757, -6.650000000000000355, -4.929269377658068052 ) ) ;
#1120 = PLANE ( 'NONE',  #908 ) ;
#1121 = SURFACE_STYLE_FILL_AREA ( #2525 ) ;
#1122 = EDGE_LOOP ( 'NONE', ( #2103, #2251, #1584, #213, #980 ) ) ;
#1123 = DIRECTION ( 'NONE',  ( 6.002503377082377626E-17, 1.000000000000000000, 0.0000000000000000000 ) ) ;
#1124 = FILL_AREA_STYLE_COLOUR ( '', #3348 ) ;
#1125 = MECHANICAL_DESIGN_GEOMETRIC_PRESENTATION_REPRESENTATION (  '', ( #847 ), #1190 ) ;
#1126 = ORIENTED_EDGE ( 'NONE', *, *, #2958, .T. ) ;
#1127 = STYLED_ITEM ( 'NONE', ( #2957 ), #2739 ) ;
#1128 = PLANE ( 'NONE',  #2990 ) ;
#1129 = ADVANCED_FACE ( 'NONE', ( #2675 ), #1504, .T. ) ;
#1130 = CARTESIAN_POINT ( 'NONE',  ( 9.048843010350214655, 1.775000000000000577, -4.108540023000473163 ) ) ;
#1131 = LINE ( 'NONE', #2254, #3353 ) ;
#1132 =( LENGTH_UNIT ( ) NAMED_UNIT ( * ) SI_UNIT ( .MILLI., .METRE. ) );
#1133 = ORIENTED_EDGE ( 'NONE', *, *, #1581, .F. ) ;
#1134 = VECTOR ( 'NONE', #875, 1000.000000000000000 ) ;
#1135 = VERTEX_POINT ( 'NONE', #2083 ) ;
#1136 =( NAMED_UNIT ( * ) PLANE_ANGLE_UNIT ( ) SI_UNIT ( $, .RADIAN. ) );
#1137 =( NAMED_UNIT ( * ) PLANE_ANGLE_UNIT ( ) SI_UNIT ( $, .RADIAN. ) );
#1138 = CARTESIAN_POINT ( 'NONE',  ( 1.425000000000000488, 2.425000000000000266, 3.700000000000000178 ) ) ;
#1139 = PLANE ( 'NONE',  #2113 ) ;
#1140 = CARTESIAN_POINT ( 'NONE',  ( -3.199999999999998401, -3.565000000000000391, -2.168404344971008868E-16 ) ) ;
#1141 = EDGE_CURVE ( 'NONE', #711, #1103, #1823, .T. ) ;
#1142 = ORIENTED_EDGE ( 'NONE', *, *, #2023, .T. ) ;
#1143 = EDGE_CURVE ( 'NONE', #1506, #2483, #1250, .T. ) ;
#1144 = LINE ( 'NONE', #351, #3120 ) ;
#1145 = ORIENTED_EDGE ( 'NONE', *, *, #954, .F. ) ;
#1146 = FACE_OUTER_BOUND ( 'NONE', #512, .T. ) ;
#1147 = ORIENTED_EDGE ( 'NONE', *, *, #414, .F. ) ;
#1148 = CARTESIAN_POINT ( 'NONE',  ( -5.224999999999998757, -6.650000000000000355, -4.500000000000000000 ) ) ;
#1149 = CARTESIAN_POINT ( 'NONE',  ( 1.425000000000000266, 0.0000000000000000000, 0.0000000000000000000 ) ) ;
#1150 = VERTEX_POINT ( 'NONE', #174 ) ;
#1151 = EDGE_CURVE ( 'NONE', #1493, #2172, #1525, .T. ) ;
#1152 = CARTESIAN_POINT ( 'NONE',  ( 5.906828780053868577, 4.125000000000003553, 0.0000000000000000000 ) ) ;
#1153 =( NAMED_UNIT ( * ) PLANE_ANGLE_UNIT ( ) SI_UNIT ( $, .RADIAN. ) );
#1154 =( NAMED_UNIT ( * ) SI_UNIT ( $, .STERADIAN. ) SOLID_ANGLE_UNIT ( ) );
#1155 = FILL_AREA_STYLE ('',( #2862 ) ) ;
#1156 = CARTESIAN_POINT ( 'NONE',  ( 6.424999999999998934, -4.174999999999999822, -5.399999999999999467 ) ) ;
#1157 = CARTESIAN_POINT ( 'NONE',  ( -4.349999999999999645, 7.324999999999999289, -11.29999999999999893 ) ) ;
#1158 = EDGE_CURVE ( 'NONE', #855, #2760, #969, .T. ) ;
#1159 = DIRECTION ( 'NONE',  ( -1.700709290173340163E-16, -1.000000000000000000, 0.0000000000000000000 ) ) ;
#1160 = EDGE_CURVE ( 'NONE', #1107, #1578, #2922, .T. ) ;
#1161 = ORIENTED_EDGE ( 'NONE', *, *, #1471, .F. ) ;
#1162 = EDGE_LOOP ( 'NONE', ( #1826, #1852, #1411, #1924 ) ) ;
#1163 = FILL_AREA_STYLE ('',( #336 ) ) ;
#1164 = FILL_AREA_STYLE_COLOUR ( '', #2601 ) ;
#1165 = AXIS2_PLACEMENT_3D ( 'NONE', #1609, #280, #226 ) ;
#1166 = SURFACE_STYLE_USAGE ( .BOTH. , #340 ) ;
#1167 = CARTESIAN_POINT ( 'NONE',  ( 4.500000000000000888, 5.724999999999998757, -11.29999999999999893 ) ) ;
#1168 = ORIENTED_EDGE ( 'NONE', *, *, #71, .F. ) ;
#1169 = UNCERTAINTY_MEASURE_WITH_UNIT (LENGTH_MEASURE( 1.000000000000000082E-05 ), #125, 'distance_accuracy_value', 'NONE');
#1170 = DIRECTION ( 'NONE',  ( -0.0000000000000000000, -0.0000000000000000000, 1.000000000000000000 ) ) ;
#1171 = FILL_AREA_STYLE ('',( #325 ) ) ;
#1172 = PRESENTATION_LAYER_ASSIGNMENT (  '', '', ( #2756 ) ) ;
#1173 =( LENGTH_UNIT ( ) NAMED_UNIT ( * ) SI_UNIT ( .MILLI., .METRE. ) );
#1174 = B_SPLINE_CURVE_WITH_KNOTS ( 'NONE', 3,
 ( #2300, #646, #2866, #3409 ),
 .UNSPECIFIED., .F., .F.,
 ( 4, 4 ),
 ( 0.0000000000000000000, 1.000000000000000000 ),
 .UNSPECIFIED. ) ;
#1175 = DIRECTION ( 'NONE',  ( 0.0000000000000000000, -1.000000000000000000, 3.502337219018333784E-13 ) ) ;
#1176 = ORIENTED_EDGE ( 'NONE', *, *, #3152, .F. ) ;
#1177 = CARTESIAN_POINT ( 'NONE',  ( 1.425000000000000488, 2.425000000000000266, 3.700000000000000178 ) ) ;
#1178 = CARTESIAN_POINT ( 'NONE',  ( 6.091173725927008675, -3.074999999999999734, 0.0000000000000000000 ) ) ;
#1179 = CARTESIAN_POINT ( 'NONE',  ( 7.730671790404080923, -3.074999999999999734, -1.179270645342403556 ) ) ;
#1180 = DIRECTION ( 'NONE',  ( -0.0000000000000000000, 1.000000000000000000, 0.0000000000000000000 ) ) ;
#1181 = CIRCLE ( 'NONE', #3458, 1.899999999999999911 ) ;
#1182 = ORIENTED_EDGE ( 'NONE', *, *, #509, .F. ) ;
#1183 = FACE_OUTER_BOUND ( 'NONE', #2835, .T. ) ;
#1184 =( NAMED_UNIT ( * ) PLANE_ANGLE_UNIT ( ) SI_UNIT ( $, .RADIAN. ) );
#1185 = VERTEX_POINT ( 'NONE', #1799 ) ;
#1186 = CYLINDRICAL_SURFACE ( 'NONE', #604, 0.3499999999999996447 ) ;
#1187 = FILL_AREA_STYLE ('',( #2593 ) ) ;
#1188 = MECHANICAL_DESIGN_GEOMETRIC_PRESENTATION_REPRESENTATION (  '', ( #2720 ), #3128 ) ;
#1189 = PLANE ( 'NONE',  #3402 ) ;
#1190 =( GEOMETRIC_REPRESENTATION_CONTEXT ( 3 ) GLOBAL_UNCERTAINTY_ASSIGNED_CONTEXT ( ( #131 ) ) GLOBAL_UNIT_ASSIGNED_CONTEXT ( ( #2019, #393, #2355 ) ) REPRESENTATION_CONTEXT ( 'NONE', 'WORKASPACE' ) );
#1191 = FILL_AREA_STYLE ('',( #2595 ) ) ;
#1192 = VECTOR ( 'NONE', #2065, 1000.000000000000000 ) ;
#1193 = FACE_OUTER_BOUND ( 'NONE', #2035, .T. ) ;
#1194 = CARTESIAN_POINT ( 'NONE',  ( -3.730671790404080035, 4.125000000000000888, -1.179270645342404222 ) ) ;
#1195 =( GEOMETRIC_REPRESENTATION_CONTEXT ( 3 ) GLOBAL_UNCERTAINTY_ASSIGNED_CONTEXT ( ( #1915 ) ) GLOBAL_UNIT_ASSIGNED_CONTEXT ( ( #1929, #2219, #3332 ) ) REPRESENTATION_CONTEXT ( 'NONE', 'WORKASPACE' ) );
#1196 = SURFACE_STYLE_USAGE ( .BOTH. , #89 ) ;
#1197 = CARTESIAN_POINT ( 'NONE',  ( -1.499999999999998668, 3.325000000000000622, 0.0000000000000000000 ) ) ;
#1198 = ORIENTED_EDGE ( 'NONE', *, *, #2193, .T. ) ;
#1199 = ORIENTED_EDGE ( 'NONE', *, *, #1687, .T. ) ;
#1200 = SURFACE_SIDE_STYLE ('',( #2854 ) ) ;
#1201 = ORIENTED_EDGE ( 'NONE', *, *, #1623, .F. ) ;
#1202 =( LENGTH_UNIT ( ) NAMED_UNIT ( * ) SI_UNIT ( .MILLI., .METRE. ) );
#1203 = ORIENTED_EDGE ( 'NONE', *, *, #383, .T. ) ;
#1204 =( NAMED_UNIT ( * ) SI_UNIT ( $, .STERADIAN. ) SOLID_ANGLE_UNIT ( ) );
#1205 = VERTEX_POINT ( 'NONE', #1267 ) ;
#1206 = ADVANCED_FACE ( 'NONE', ( #953 ), #2690, .F. ) ;
#1207 = ADVANCED_FACE ( 'NONE', ( #439 ), #2125, .F. ) ;
#1208 = FILL_AREA_STYLE_COLOUR ( '', #308 ) ;
#1209 = DIRECTION ( 'NONE',  ( 1.000000000000000000, -0.0000000000000000000, -0.0000000000000000000 ) ) ;
#1210 = PRESENTATION_STYLE_ASSIGNMENT (( #2378 ) ) ;
#1211 = EDGE_CURVE ( 'NONE', #3123, #1379, #48, .T. ) ;
#1212 = ADVANCED_FACE ( 'NONE', ( #1679 ), #538, .T. ) ;
#1213 =( NAMED_UNIT ( * ) SI_UNIT ( $, .STERADIAN. ) SOLID_ANGLE_UNIT ( ) );
#1214 = DIRECTION ( 'NONE',  ( -0.0000000000000000000, -0.0000000000000000000, -1.000000000000000000 ) ) ;
#1215 = PLANE ( 'NONE',  #963 ) ;
#1216 = EDGE_CURVE ( 'NONE', #273, #1506, #1879, .T. ) ;
#1217 = PLANE ( 'NONE',  #92 ) ;
#1218 =( NAMED_UNIT ( * ) SI_UNIT ( $, .STERADIAN. ) SOLID_ANGLE_UNIT ( ) );
#1219 = AXIS2_PLACEMENT_3D ( 'NONE', #2405, #2909, #3518 ) ;
#1220 = FILL_AREA_STYLE_COLOUR ( '', #1919 ) ;
#1221 = ORIENTED_EDGE ( 'NONE', *, *, #3085, .F. ) ;
#1222 =( NAMED_UNIT ( * ) PLANE_ANGLE_UNIT ( ) SI_UNIT ( $, .RADIAN. ) );
#1223 = DIRECTION ( 'NONE',  ( -3.154042683594194134E-16, -1.000000000000000000, 0.0000000000000000000 ) ) ;
#1224 = ORIENTED_EDGE ( 'NONE', *, *, #252, .T. ) ;
#1225 = CIRCLE ( 'NONE', #2753, 0.5103018321630116150 ) ;
#1226 = DIRECTION ( 'NONE',  ( -5.880418562633242031E-16, 1.000000000000000000, 0.0000000000000000000 ) ) ;
#1227 = CARTESIAN_POINT ( 'NONE',  ( 9.225000000000001421, 7.799999999999997158, -4.929269377658070717 ) ) ;
#1228 = LINE ( 'NONE', #3455, #3406 ) ;
#1229 = DIRECTION ( 'NONE',  ( -0.0000000000000000000, -0.0000000000000000000, -1.000000000000000000 ) ) ;
#1230 = VECTOR ( 'NONE', #2179, 1000.000000000000000 ) ;
#1231 = SURFACE_SIDE_STYLE ('',( #107 ) ) ;
#1232 = LINE ( 'NONE', #2908, #1545 ) ;
#1233 =( LENGTH_UNIT ( ) NAMED_UNIT ( * ) SI_UNIT ( .MILLI., .METRE. ) );
#1234 = ORIENTED_EDGE ( 'NONE', *, *, #1495, .T. ) ;
#1235 =( LENGTH_UNIT ( ) NAMED_UNIT ( * ) SI_UNIT ( .MILLI., .METRE. ) );
#1236 = SURFACE_STYLE_USAGE ( .BOTH. , #2354 ) ;
#1237 = CARTESIAN_POINT ( 'NONE',  ( 4.119968255444918821E-16, 3.325000000000000622, -4.500000000000000000 ) ) ;
#1238 = VERTEX_POINT ( 'NONE', #2447 ) ;
#1239 = VECTOR ( 'NONE', #339, 1000.000000000000000 ) ;
#1240 = EDGE_CURVE ( 'NONE', #2419, #527, #3556, .T. ) ;
#1241 = FILL_AREA_STYLE_COLOUR ( '', #1292 ) ;
#1242 = CARTESIAN_POINT ( 'NONE',  ( -5.178907482225810099, -3.074999999999999734, -4.500000000000000000 ) ) ;
#1243 = AXIS2_PLACEMENT_3D ( 'NONE', #2335, #3434, #957 ) ;
#1244 = EDGE_LOOP ( 'NONE', ( #3086, #1300, #1036, #2935 ) ) ;
#1245 = FILL_AREA_STYLE ('',( #215 ) ) ;
#1246 = AXIS2_PLACEMENT_3D ( 'NONE', #2704, #2974, #2296 ) ;
#1247 = LINE ( 'NONE', #1796, #724 ) ;
#1248 = SURFACE_STYLE_FILL_AREA ( #986 ) ;
#1249 = ADVANCED_FACE ( 'NONE', ( #2233 ), #3349, .F. ) ;
#1250 = LINE ( 'NONE', #3206, #3583 ) ;
#1251 = ADVANCED_FACE ( 'NONE', ( #3365 ), #820, .T. ) ;
#1252 = PLANE ( 'NONE',  #3282 ) ;
#1253 = PRESENTATION_LAYER_ASSIGNMENT (  '', '', ( #1306 ) ) ;
#1254 = ORIENTED_EDGE ( 'NONE', *, *, #2003, .F. ) ;
#1255 = SURFACE_STYLE_FILL_AREA ( #2637 ) ;
#1256 = SURFACE_SIDE_STYLE ('',( #3450 ) ) ;
#1257 = VERTEX_POINT ( 'NONE', #1342 ) ;
#1258 =( NAMED_UNIT ( * ) PLANE_ANGLE_UNIT ( ) SI_UNIT ( $, .RADIAN. ) );
#1259 = CARTESIAN_POINT ( 'NONE',  ( 0.0000000000000000000, -2.174999999999999822, -4.500000000000000000 ) ) ;
#1260 = EDGE_LOOP ( 'NONE', ( #1982, #2560, #1116, #2407 ) ) ;
#1261 = CARTESIAN_POINT ( 'NONE',  ( -5.224999999999997868, 3.224166666666654635, -4.929269377658063611 ) ) ;
#1262 = CARTESIAN_POINT ( 'NONE',  ( -2.425000000000001599, -3.074999999999999734, -4.500000000000000000 ) ) ;
#1263 = CARTESIAN_POINT ( 'NONE',  ( 1.425000000000000044, -1.275000000000000133, 3.700000000000000178 ) ) ;
#1264 = FACE_OUTER_BOUND ( 'NONE', #1774, .T. ) ;
#1265 = LINE ( 'NONE', #2921, #38 ) ;
#1266 = ORIENTED_EDGE ( 'NONE', *, *, #459, .F. ) ;
#1267 = CARTESIAN_POINT ( 'NONE',  ( 4.150000000000001243, 5.724999999999998757, -11.29999999999999893 ) ) ;
#1268 = ORIENTED_EDGE ( 'NONE', *, *, #3275, .T. ) ;
#1269 = VERTEX_POINT ( 'NONE', #552 ) ;
#1270 = ADVANCED_FACE ( 'NONE', ( #2467 ), #1396, .F. ) ;
#1271 =( NAMED_UNIT ( * ) PLANE_ANGLE_UNIT ( ) SI_UNIT ( $, .RADIAN. ) );
#1272 = CARTESIAN_POINT ( 'NONE',  ( 6.697101215340080849, -3.074999999999998845, -0.1146327892971128470 ) ) ;
#1273 = EDGE_LOOP ( 'NONE', ( #2924, #423, #93, #2144 ) ) ;
#1274 = UNCERTAINTY_MEASURE_WITH_UNIT (LENGTH_MEASURE( 1.000000000000000082E-05 ), #405, 'distance_accuracy_value', 'NONE');
#1275 = CARTESIAN_POINT ( 'NONE',  ( -5.224999999999999645, 4.199999999999997513, -4.500000000000000000 ) ) ;
#1276 = ORIENTED_EDGE ( 'NONE', *, *, #162, .T. ) ;
#1277 = LINE ( 'NONE', #2719, #920 ) ;
#1278 = FILL_AREA_STYLE ('',( #473 ) ) ;
#1279 = SURFACE_STYLE_FILL_AREA ( #530 ) ;
#1280 = DIRECTION ( 'NONE',  ( -1.000000000000000000, 0.0000000000000000000, 0.0000000000000000000 ) ) ;
#1281 = SURFACE_STYLE_FILL_AREA ( #109 ) ;
#1282 = ORIENTED_EDGE ( 'NONE', *, *, #2466, .F. ) ;
#1283 = ORIENTED_EDGE ( 'NONE', *, *, #1914, .F. ) ;
#1284 = MECHANICAL_DESIGN_GEOMETRIC_PRESENTATION_REPRESENTATION (  '', ( #2226 ), #2871 ) ;
#1285 = CARTESIAN_POINT ( 'NONE',  ( 4.500000000000000888, 5.724999999999998757, -14.90000000000000036 ) ) ;
#1286 = PLANE ( 'NONE',  #1593 ) ;
#1287 = ORIENTED_EDGE ( 'NONE', *, *, #2888, .F. ) ;
#1288 = EDGE_CURVE ( 'NONE', #2095, #1558, #3334, .T. ) ;
#1289 = LINE ( 'NONE', #560, #3339 ) ;
#1290 = CARTESIAN_POINT ( 'NONE',  ( 7.238645917050990697, -3.074999999999999734, -9.000000000000000000 ) ) ;
#1291 = ORIENTED_EDGE ( 'NONE', *, *, #1721, .T. ) ;
#1292 = COLOUR_RGB ( '',0.8588235294117646523, 0.8588235294117646523, 0.8588235294117646523 ) ;
#1293 = CARTESIAN_POINT ( 'NONE',  ( -5.048843010350209326, 8.522499999999993747, -4.108540023000467833 ) ) ;
#1294 = CARTESIAN_POINT ( 'NONE',  ( -2.925000000000000266, -6.650000000000005684, -4.500000000000000000 ) ) ;
#1295 = PRESENTATION_STYLE_ASSIGNMENT (( #2459 ) ) ;
#1296 = LINE ( 'NONE', #3265, #1360 ) ;
#1297 = VECTOR ( 'NONE', #3538, 1000.000000000000000 ) ;
#1298 = LINE ( 'NONE', #1524, #3013 ) ;
#1299 = VERTEX_POINT ( 'NONE', #1974 ) ;
#1300 = ORIENTED_EDGE ( 'NONE', *, *, #2305, .F. ) ;
#1301 =( GEOMETRIC_REPRESENTATION_CONTEXT ( 3 ) GLOBAL_UNCERTAINTY_ASSIGNED_CONTEXT ( ( #718 ) ) GLOBAL_UNIT_ASSIGNED_CONTEXT ( ( #1404, #1184, #3417 ) ) REPRESENTATION_CONTEXT ( 'NONE', 'WORKASPACE' ) );
#1302 = ORIENTED_EDGE ( 'NONE', *, *, #3003, .T. ) ;
#1303 =( GEOMETRIC_REPRESENTATION_CONTEXT ( 3 ) GLOBAL_UNCERTAINTY_ASSIGNED_CONTEXT ( ( #1667 ) ) GLOBAL_UNIT_ASSIGNED_CONTEXT ( ( #312, #1684, #1748 ) ) REPRESENTATION_CONTEXT ( 'NONE', 'WORKASPACE' ) );
#1304 = CARTESIAN_POINT ( 'NONE',  ( -2.425000000000001155, -4.174999999999999822, -5.399999999999999467 ) ) ;
#1305 = CARTESIAN_POINT ( 'NONE',  ( -2.924999999992516919, -3.575000000000001954, -0.2437088525962249896 ) ) ;
#1306 = STYLED_ITEM ( 'NONE', ( #493 ), #1479 ) ;
#1307 = CARTESIAN_POINT ( 'NONE',  ( 7.238645917050990697, -6.175000000000001599, -9.000000000000000000 ) ) ;
#1308 = VERTEX_POINT ( 'NONE', #2758 ) ;
#1309 = PRESENTATION_LAYER_ASSIGNMENT (  '', '', ( #1492 ) ) ;
#1310 = ORIENTED_EDGE ( 'NONE', *, *, #1431, .T. ) ;
#1311 = PRESENTATION_LAYER_ASSIGNMENT (  '', '', ( #3247 ) ) ;
#1312 = DIRECTION ( 'NONE',  ( -5.880418562633242031E-16, 1.000000000000000000, 0.0000000000000000000 ) ) ;
#1313 = ORIENTED_EDGE ( 'NONE', *, *, #481, .F. ) ;
#1314 = EDGE_CURVE ( 'NONE', #1069, #2993, #2207, .T. ) ;
#1315 = EDGE_CURVE ( 'NONE', #752, #3295, #2813, .T. ) ;
#1316 = CARTESIAN_POINT ( 'NONE',  ( 9.225000000000001421, 7.799999999999997158, -5.399999999999999467 ) ) ;
#1317 = FACE_OUTER_BOUND ( 'NONE', #1938, .T. ) ;
#1318 = LINE ( 'NONE', #1908, #3007 ) ;
#1319 = EDGE_CURVE ( 'NONE', #2757, #1703, #1940, .T. ) ;
#1320 = EDGE_CURVE ( 'NONE', #3617, #1351, #2247, .T. ) ;
#1321 = CARTESIAN_POINT ( 'NONE',  ( 2.575000000000000178, 0.0000000000000000000, 3.700000000000000178 ) ) ;
#1322 = CARTESIAN_POINT ( 'NONE',  ( 0.0000000000000000000, -3.074999999999999734, -4.500000000000000000 ) ) ;
#1323 = ORIENTED_EDGE ( 'NONE', *, *, #2237, .F. ) ;
#1324 = EDGE_CURVE ( 'NONE', #3075, #2573, #3577, .T. ) ;
#1325 = CARTESIAN_POINT ( 'NONE',  ( 0.0000000000000000000, -3.074999999999999734, -4.500000000000000000 ) ) ;
#1326 = SURFACE_STYLE_USAGE ( .BOTH. , #3320 ) ;
#1327 = CARTESIAN_POINT ( 'NONE',  ( 6.424999999999999822, -5.650000000000000355, -5.399999999999999467 ) ) ;
#1328 = ORIENTED_EDGE ( 'NONE', *, *, #843, .T. ) ;
#1329 = VERTEX_POINT ( 'NONE', #2487 ) ;
#1330 = LINE ( 'NONE', #1657, #2091 ) ;
#1331 =( LENGTH_UNIT ( ) NAMED_UNIT ( * ) SI_UNIT ( .MILLI., .METRE. ) );
#1332 = VERTEX_POINT ( 'NONE', #1934 ) ;
#1333 = CARTESIAN_POINT ( 'NONE',  ( 7.730671790404080923, 1.725000000000003864, -1.179270645342403334 ) ) ;
#1334 = CARTESIAN_POINT ( 'NONE',  ( 9.178907482225813652, 7.799999999999997158, -4.500000000000000000 ) ) ;
#1335 = CARTESIAN_POINT ( 'NONE',  ( 7.238645917050990697, -3.074999999999999734, -11.29999999999999893 ) ) ;
#1336 = APPLICATION_CONTEXT ( 'automotive_design' ) ;
#1337 = EDGE_CURVE ( 'NONE', #322, #2949, #806, .T. ) ;
#1338 = VERTEX_POINT ( 'NONE', #3599 ) ;
#1339 = UNCERTAINTY_MEASURE_WITH_UNIT (LENGTH_MEASURE( 1.000000000000000082E-05 ), #1874, 'distance_accuracy_value', 'NONE');
#1340 =( GEOMETRIC_REPRESENTATION_CONTEXT ( 3 ) GLOBAL_UNCERTAINTY_ASSIGNED_CONTEXT ( ( #3613 ) ) GLOBAL_UNIT_ASSIGNED_CONTEXT ( ( #3092, #1921, #3055 ) ) REPRESENTATION_CONTEXT ( 'NONE', 'WORKASPACE' ) );
#1341 = PRESENTATION_LAYER_ASSIGNMENT (  '', '', ( #822 ) ) ;
#1342 = CARTESIAN_POINT ( 'NONE',  ( 8.349999999999999645, -6.175000000000001599, -6.299999999999998934 ) ) ;
#1343 =( NAMED_UNIT ( * ) PLANE_ANGLE_UNIT ( ) SI_UNIT ( $, .RADIAN. ) );
#1344 =( NAMED_UNIT ( * ) SI_UNIT ( $, .STERADIAN. ) SOLID_ANGLE_UNIT ( ) );
#1345 = COLOUR_RGB ( '',0.8588235294117646523, 0.8588235294117646523, 0.8588235294117646523 ) ;
#1346 = ORIENTED_EDGE ( 'NONE', *, *, #3090, .F. ) ;
#1347 = FACE_OUTER_BOUND ( 'NONE', #3557, .T. ) ;
#1348 = CARTESIAN_POINT ( 'NONE',  ( 4.500000000000000888, 5.724999999999998757, -14.90000000000000036 ) ) ;
#1349 = DIRECTION ( 'NONE',  ( -0.0000000000000000000, -0.0000000000000000000, 1.000000000000000000 ) ) ;
#1350 =( NAMED_UNIT ( * ) PLANE_ANGLE_UNIT ( ) SI_UNIT ( $, .RADIAN. ) );
#1351 = VERTEX_POINT ( 'NONE', #3035 ) ;
#1352 = ADVANCED_FACE ( 'NONE', ( #3319 ), #3088, .T. ) ;
#1353 = DIRECTION ( 'NONE',  ( -1.000000000000000000, 0.0000000000000000000, -0.0000000000000000000 ) ) ;
#1354 = LINE ( 'NONE', #1053, #1886 ) ;
#1355 = SURFACE_STYLE_FILL_AREA ( #546 ) ;
#1356 = CIRCLE ( 'NONE', #1928, 0.3499999999999996447 ) ;
#1357 = VECTOR ( 'NONE', #1063, 1000.000000000000000 ) ;
#1358 = VERTEX_POINT ( 'NONE', #1717 ) ;
#1359 = AXIS2_PLACEMENT_3D ( 'NONE', #1780, #2977, #160 ) ;
#1360 = VECTOR ( 'NONE', #816, 1000.000000000000000 ) ;
#1361 = EDGE_CURVE ( 'NONE', #168, #1506, #3407, .T. ) ;
#1362 = DIRECTION ( 'NONE',  ( 0.4103646773287981109, -2.463215361501430928E-17, 0.9119215051751063950 ) ) ;
#1363 = EDGE_CURVE ( 'NONE', #3347, #3491, #3429, .T. ) ;
#1364 = LINE ( 'NONE', #2488, #295 ) ;
#1365 = COLOUR_RGB ( '',0.8588235294117646523, 0.8588235294117646523, 0.8588235294117646523 ) ;
#1366 = EDGE_LOOP ( 'NONE', ( #267, #2868, #1401, #776 ) ) ;
#1367 = ORIENTED_EDGE ( 'NONE', *, *, #2782, .F. ) ;
#1368 = CARTESIAN_POINT ( 'NONE',  ( -3.200000000000001066, 6.815365508088047974, -0.5022370305512284805 ) ) ;
#1369 = STYLED_ITEM ( 'NONE', ( #2028 ), #1474 ) ;
#1370 = CARTESIAN_POINT ( 'NONE',  ( -1.819999999999999396, 3.075000000000000622, -14.90000000000000036 ) ) ;
#1371 = DIRECTION ( 'NONE',  ( -1.000000000000000000, 0.0000000000000000000, 0.0000000000000000000 ) ) ;
#1372 = ORIENTED_EDGE ( 'NONE', *, *, #582, .F. ) ;
#1373 = ORIENTED_EDGE ( 'NONE', *, *, #2694, .F. ) ;
#1374 = VECTOR ( 'NONE', #472, 1000.000000000000000 ) ;
#1375 = LINE ( 'NONE', #529, #3104 ) ;
#1376 = SURFACE_SIDE_STYLE ('',( #1355 ) ) ;
#1377 = DIRECTION ( 'NONE',  ( -1.000000000000000000, 0.0000000000000000000, 0.0000000000000000000 ) ) ;
#1378 = UNCERTAINTY_MEASURE_WITH_UNIT (LENGTH_MEASURE( 1.000000000000000082E-05 ), #1827, 'distance_accuracy_value', 'NONE');
#1379 = VERTEX_POINT ( 'NONE', #3169 ) ;
#1380 =( NAMED_UNIT ( * ) PLANE_ANGLE_UNIT ( ) SI_UNIT ( $, .RADIAN. ) );
#1381 = DIRECTION ( 'NONE',  ( -1.000000000000000000, -0.0000000000000000000, -0.0000000000000000000 ) ) ;
#1382 = EDGE_CURVE ( 'NONE', #1977, #1332, #2617, .T. ) ;
#1383 = EDGE_LOOP ( 'NONE', ( #616, #2853, #2101, #2697 ) ) ;
#1384 = DIRECTION ( 'NONE',  ( -1.000000000000000000, -0.0000000000000000000, -0.0000000000000000000 ) ) ;
#1385 = CARTESIAN_POINT ( 'NONE',  ( -5.224999999999998757, -6.650000000000000355, -6.299999999999998934 ) ) ;
#1386 = SURFACE_SIDE_STYLE ('',( #598 ) ) ;
#1387 = DIRECTION ( 'NONE',  ( 1.000000000000000000, 0.0000000000000000000, 0.0000000000000000000 ) ) ;
#1388 = ORIENTED_EDGE ( 'NONE', *, *, #1240, .F. ) ;
#1389 = CARTESIAN_POINT ( 'NONE',  ( 7.199999999999999289, 3.621666666666671919, 2.168404344971008868E-16 ) ) ;
#1390 = CARTESIAN_POINT ( 'NONE',  ( 0.0000000000000000000, -5.650000000000000355, -5.399999999999999467 ) ) ;
#1391 = SURFACE_STYLE_USAGE ( .BOTH. , #1694 ) ;
#1392 = DIRECTION ( 'NONE',  ( 0.0000000000000000000, -1.000000000000000000, 0.0000000000000000000 ) ) ;
#1393 = FILL_AREA_STYLE_COLOUR ( '', #513 ) ;
#1394 = ORIENTED_EDGE ( 'NONE', *, *, #3485, .F. ) ;
#1395 = ORIENTED_EDGE ( 'NONE', *, *, #2351, .F. ) ;
#1396 = PLANE ( 'NONE',  #2424 ) ;
#1397 = EDGE_CURVE ( 'NONE', #2134, #3081, #2849, .T. ) ;
#1398 = CARTESIAN_POINT ( 'NONE',  ( 6.807964342322514462, -3.220615212306356057, -0.1832918756303796859 ) ) ;
#1399 = MECHANICAL_DESIGN_GEOMETRIC_PRESENTATION_REPRESENTATION (  '', ( #2524 ), #123 ) ;
#1400 = ORIENTED_EDGE ( 'NONE', *, *, #2744, .T. ) ;
#1401 = ORIENTED_EDGE ( 'NONE', *, *, #2198, .F. ) ;
#1402 = AXIS2_PLACEMENT_3D ( 'NONE', #801, #1353, #2218 ) ;
#1403 = DIRECTION ( 'NONE',  ( 1.000000000000000000, 0.0000000000000000000, 0.0000000000000000000 ) ) ;
#1404 =( LENGTH_UNIT ( ) NAMED_UNIT ( * ) SI_UNIT ( .MILLI., .METRE. ) );
#1405 = ORIENTED_EDGE ( 'NONE', *, *, #1361, .T. ) ;
#1406 = AXIS2_PLACEMENT_3D ( 'NONE', #2761, #3585, #1626 ) ;
#1407 = EDGE_CURVE ( 'NONE', #2465, #1566, #2013, .T. ) ;
#1408 = DIRECTION ( 'NONE',  ( 1.000000000000000000, -6.829619984160658046E-17, 0.0000000000000000000 ) ) ;
#1409 = CARTESIAN_POINT ( 'NONE',  ( -2.697101215379625661, -3.075000000000001066, -0.1146327893965712330 ) ) ;
#1410 = DIRECTION ( 'NONE',  ( 0.0000000000000000000, 0.0000000000000000000, 1.000000000000000000 ) ) ;
#1411 = ORIENTED_EDGE ( 'NONE', *, *, #1319, .T. ) ;
#1412 = FILL_AREA_STYLE_COLOUR ( '', #1931 ) ;
#1413 = VECTOR ( 'NONE', #2229, 1000.000000000000000 ) ;
#1414 =( LENGTH_UNIT ( ) NAMED_UNIT ( * ) SI_UNIT ( .MILLI., .METRE. ) );
#1415 = DIRECTION ( 'NONE',  ( -0.9119215051751063950, 0.0000000000000000000, 0.4103646773287981109 ) ) ;
#1416 = AXIS2_PLACEMENT_3D ( 'NONE', #1177, #2012, #3371 ) ;
#1417 = EDGE_LOOP ( 'NONE', ( #3261, #3216, #3267, #175 ) ) ;
#1418 = AXIS2_PLACEMENT_3D ( 'NONE', #1795, #2120, #2940 ) ;
#1419 = ORIENTED_EDGE ( 'NONE', *, *, #2581, .F. ) ;
#1420 = CARTESIAN_POINT ( 'NONE',  ( -5.224999999999996980, 4.199999999999998401, -5.399999999999999467 ) ) ;
#1421 = CARTESIAN_POINT ( 'NONE',  ( -3.730671790404080479, -3.074999999999999734, -1.179270645342404666 ) ) ;
#1422 = CARTESIAN_POINT ( 'NONE',  ( 9.225000000000001421, -6.650000000000001243, -5.399999999999999467 ) ) ;
#1423 = DIRECTION ( 'NONE',  ( 1.000000000000000000, 0.0000000000000000000, -0.0000000000000000000 ) ) ;
#1424 = STYLED_ITEM ( 'NONE', ( #1210 ), #3113 ) ;
#1425 = ORIENTED_EDGE ( 'NONE', *, *, #71, .T. ) ;
#1426 = AXIS2_PLACEMENT_3D ( 'NONE', #659, #3462, #2567 ) ;
#1427 = PRESENTATION_STYLE_ASSIGNMENT (( #2274 ) ) ;
#1428 = CARTESIAN_POINT ( 'NONE',  ( -2.925000000023750601, -3.075000000000001510, -0.2437088526052475224 ) ) ;
#1429 = SURFACE_SIDE_STYLE ('',( #1950 ) ) ;
#1430 = CARTESIAN_POINT ( 'NONE',  ( 4.000000000000000000, 1.149999999999999911, 3.700000000000000178 ) ) ;
#1431 = EDGE_CURVE ( 'NONE', #2649, #3123, #1232, .T. ) ;
#1432 = SURFACE_STYLE_FILL_AREA ( #1744 ) ;
#1433 = VECTOR ( 'NONE', #164, 1000.000000000000000 ) ;
#1434 = ADVANCED_FACE ( 'NONE', ( #1438 ), #1217, .F. ) ;
#1435 = CARTESIAN_POINT ( 'NONE',  ( -2.425000000000001155, -4.174999999999999822, -4.500000000000000000 ) ) ;
#1436 = EDGE_CURVE ( 'NONE', #290, #3522, #53, .T. ) ;
#1437 =( NAMED_UNIT ( * ) PLANE_ANGLE_UNIT ( ) SI_UNIT ( $, .RADIAN. ) );
#1438 = FACE_OUTER_BOUND ( 'NONE', #3552, .T. ) ;
#1439 = FILL_AREA_STYLE ('',( #1124 ) ) ;
#1440 = EDGE_LOOP ( 'NONE', ( #1708, #1932, #2102, #94 ) ) ;
#1441 = LINE ( 'NONE', #614, #1752 ) ;
#1442 = DIRECTION ( 'NONE',  ( -0.0000000000000000000, -0.0000000000000000000, 1.000000000000000000 ) ) ;
#1443 = ORIENTED_EDGE ( 'NONE', *, *, #1397, .T. ) ;
#1444 = SURFACE_STYLE_FILL_AREA ( #342 ) ;
#1445 = CARTESIAN_POINT ( 'NONE',  ( -2.425000000000000266, -6.650000000000000355, -4.500000000000000000 ) ) ;
#1446 =( NAMED_UNIT ( * ) SI_UNIT ( $, .STERADIAN. ) SOLID_ANGLE_UNIT ( ) );
#1447 = DIRECTION ( 'NONE',  ( -0.0000000000000000000, -0.0000000000000000000, -1.000000000000000000 ) ) ;
#1448 = DIRECTION ( 'NONE',  ( 1.000000000000000000, -0.0000000000000000000, 0.0000000000000000000 ) ) ;
#1449 = B_SPLINE_CURVE_WITH_KNOTS ( 'NONE', 3,
 ( #2173, #510, #1033, #244 ),
 .UNSPECIFIED., .F., .F.,
 ( 4, 4 ),
 ( 0.0000000000000000000, 1.000000000000000000 ),
 .UNSPECIFIED. ) ;
#1450 = LINE ( 'NONE', #2577, #3507 ) ;
#1451 = CARTESIAN_POINT ( 'NONE',  ( 7.200000000000000178, 16.76640768423734684, -1.812584382135965955 ) ) ;
#1452 = CARTESIAN_POINT ( 'NONE',  ( -4.349999999999999645, 7.324999999999999289, -11.29999999999999893 ) ) ;
#1453 = CARTESIAN_POINT ( 'NONE',  ( -1.500000000000000444, -2.174999999999999822, -5.000000000000000000 ) ) ;
#1454 = ORIENTED_EDGE ( 'NONE', *, *, #1781, .T. ) ;
#1455 = DIRECTION ( 'NONE',  ( 0.0000000000000000000, 0.0000000000000000000, -1.000000000000000000 ) ) ;
#1456 = SURFACE_STYLE_FILL_AREA ( #663 ) ;
#1457 = SURFACE_STYLE_USAGE ( .BOTH. , #76 ) ;
#1458 = ORIENTED_EDGE ( 'NONE', *, *, #1382, .F. ) ;
#1459 = UNCERTAINTY_MEASURE_WITH_UNIT (LENGTH_MEASURE( 1.000000000000000082E-05 ), #688, 'distance_accuracy_value', 'NONE');
#1460 =( NAMED_UNIT ( * ) SI_UNIT ( $, .STERADIAN. ) SOLID_ANGLE_UNIT ( ) );
#1461 = FACE_OUTER_BOUND ( 'NONE', #3392, .T. ) ;
#1462 = DIRECTION ( 'NONE',  ( 0.0000000000000000000, -0.0000000000000000000, -1.000000000000000000 ) ) ;
#1463 = VECTOR ( 'NONE', #2311, 1000.000000000000000 ) ;
#1464 = EDGE_CURVE ( 'NONE', #168, #372, #2809, .T. ) ;
#1465 = DIRECTION ( 'NONE',  ( 1.000000000000000000, 0.0000000000000000000, 0.0000000000000000000 ) ) ;
#1466 = DIRECTION ( 'NONE',  ( -6.002503377082377626E-17, -1.000000000000000000, 0.0000000000000000000 ) ) ;
#1467 = EDGE_LOOP ( 'NONE', ( #1859, #2678, #2356, #1080 ) ) ;
#1468 = CARTESIAN_POINT ( 'NONE',  ( 6.424999999999998046, -3.074999999999998845, -0.05391956940585442698 ) ) ;
#1469 = DIRECTION ( 'NONE',  ( 0.4103646773287981109, 0.0000000000000000000, 0.9119215051751063950 ) ) ;
#1470 = DIRECTION ( 'NONE',  ( 0.0000000000000000000, 0.0000000000000000000, 1.000000000000000000 ) ) ;
#1471 = EDGE_CURVE ( 'NONE', #2492, #2262, #68, .T. ) ;
#1472 = VECTOR ( 'NONE', #1209, 1000.000000000000000 ) ;
#1473 = ORIENTED_EDGE ( 'NONE', *, *, #2674, .T. ) ;
#1474 = ADVANCED_FACE ( 'NONE', ( #627 ), #2865, .T. ) ;
#1475 = AXIS2_PLACEMENT_3D ( 'NONE', #2790, #2839, #615 ) ;
#1476 = AXIS2_PLACEMENT_3D ( 'NONE', #2062, #704, #3494 ) ;
#1477 = EDGE_CURVE ( 'NONE', #1351, #2390, #1298, .T. ) ;
#1478 = CARTESIAN_POINT ( 'NONE',  ( -5.224999999999996980, 7.799999999999998046, -5.399999999999999467 ) ) ;
#1479 = ADVANCED_FACE ( 'NONE', ( #2404 ), #2426, .F. ) ;
#1480 = VECTOR ( 'NONE', #144, 1000.000000000000000 ) ;
#1481 = ORIENTED_EDGE ( 'NONE', *, *, #2121, .T. ) ;
#1482 = VECTOR ( 'NONE', #3572, 1000.000000000000000 ) ;
#1483 = CARTESIAN_POINT ( 'NONE',  ( 4.500000000000000888, 5.724999999999998757, -14.90000000000000036 ) ) ;
#1484 = CARTESIAN_POINT ( 'NONE',  ( -2.925000000000002931, -1.198686571376769144E-15, 0.0000000000000000000 ) ) ;
#1485 = VECTOR ( 'NONE', #1997, 1000.000000000000000 ) ;
#1486 = DIRECTION ( 'NONE',  ( -1.000000000000000000, 0.0000000000000000000, 0.0000000000000000000 ) ) ;
#1487 = FACE_OUTER_BOUND ( 'NONE', #99, .T. ) ;
#1488 = STYLED_ITEM ( 'NONE', ( #1709 ), #1251 ) ;
#1489 = DIRECTION ( 'NONE',  ( 1.000000000000000000, -1.239088197126291063E-16, 0.0000000000000000000 ) ) ;
#1490 = DIRECTION ( 'NONE',  ( 1.000000000000000000, -6.002503377082377626E-17, 0.0000000000000000000 ) ) ;
#1491 = DIRECTION ( 'NONE',  ( 1.000000000000000000, 0.0000000000000000000, 0.0000000000000000000 ) ) ;
#1492 = STYLED_ITEM ( 'NONE', ( #2119 ), #1958 ) ;
#1493 = VERTEX_POINT ( 'NONE', #1820 ) ;
#1494 = LINE ( 'NONE', #2034, #309 ) ;
#1495 = EDGE_CURVE ( 'NONE', #2949, #903, #1798, .T. ) ;
#1496 = CARTESIAN_POINT ( 'NONE',  ( -2.425000000000001155, -4.174999999999999822, -14.59999999999999787 ) ) ;
#1497 = VERTEX_POINT ( 'NONE', #1321 ) ;
#1498 = DIRECTION ( 'NONE',  ( 0.0000000000000000000, 1.000000000000000000, 0.0000000000000000000 ) ) ;
#1499 = LINE ( 'NONE', #398, #1472 ) ;
#1500 = DIRECTION ( 'NONE',  ( 0.0000000000000000000, -1.000000000000000000, 0.0000000000000000000 ) ) ;
#1501 = DIRECTION ( 'NONE',  ( -1.000000000000000000, 0.0000000000000000000, 0.0000000000000000000 ) ) ;
#1502 =( LENGTH_UNIT ( ) NAMED_UNIT ( * ) SI_UNIT ( .MILLI., .METRE. ) );
#1503 =( NAMED_UNIT ( * ) SI_UNIT ( $, .STERADIAN. ) SOLID_ANGLE_UNIT ( ) );
#1504 = CYLINDRICAL_SURFACE ( 'NONE', #1359, 1.900000000000000133 ) ;
#1505 =( NAMED_UNIT ( * ) PLANE_ANGLE_UNIT ( ) SI_UNIT ( $, .RADIAN. ) );
#1506 = VERTEX_POINT ( 'NONE', #2648 ) ;
#1507 = EDGE_CURVE ( 'NONE', #2917, #630, #3480, .T. ) ;
#1508 = DIRECTION ( 'NONE',  ( 0.0000000000000000000, 0.0000000000000000000, -1.000000000000000000 ) ) ;
#1509 =( NAMED_UNIT ( * ) PLANE_ANGLE_UNIT ( ) SI_UNIT ( $, .RADIAN. ) );
#1510 = SURFACE_STYLE_FILL_AREA ( #406 ) ;
#1511 = ORIENTED_EDGE ( 'NONE', *, *, #1844, .F. ) ;
#1512 = ORIENTED_EDGE ( 'NONE', *, *, #1464, .T. ) ;
#1513 = UNCERTAINTY_MEASURE_WITH_UNIT (LENGTH_MEASURE( 1.000000000000000082E-05 ), #3079, 'distance_accuracy_value', 'NONE');
#1514 =( GEOMETRIC_REPRESENTATION_CONTEXT ( 3 ) GLOBAL_UNCERTAINTY_ASSIGNED_CONTEXT ( ( #1169 ) ) GLOBAL_UNIT_ASSIGNED_CONTEXT ( ( #125, #2867, #422 ) ) REPRESENTATION_CONTEXT ( 'NONE', 'WORKASPACE' ) );
#1515 = PRESENTATION_STYLE_ASSIGNMENT (( #1775 ) ) ;
#1516 = FACE_OUTER_BOUND ( 'NONE', #2725, .T. ) ;
#1517 = ORIENTED_EDGE ( 'NONE', *, *, #722, .F. ) ;
#1518 = EDGE_CURVE ( 'NONE', #14, #1185, #458, .T. ) ;
#1519 = CARTESIAN_POINT ( 'NONE',  ( 4.150000000000001243, 5.724999999999998757, -14.90000000000000036 ) ) ;
#1520 = DIRECTION ( 'NONE',  ( 0.0000000000000000000, 0.0000000000000000000, -1.000000000000000000 ) ) ;
#1521 = AXIS2_PLACEMENT_3D ( 'NONE', #2010, #3138, #642 ) ;
#1522 = CARTESIAN_POINT ( 'NONE',  ( 5.500000000000000000, 3.324999999999999734, -4.500000000000000000 ) ) ;
#1523 = B_SPLINE_CURVE_WITH_KNOTS ( 'NONE', 3,
 ( #258, #788, #3073, #3052, #1603, #1061, #3273, #16, #1095, #1398, #1935, #237, #222 ),
 .UNSPECIFIED., .F., .F.,
 ( 4, 3, 3, 3, 4 ),
 ( 1.033170798999006299E-16, 0.0001395221105374173779, 0.0002790571884296952224, 0.0004181641011311390023, 0.0005583510307695376419 ),
 .UNSPECIFIED. ) ;
#1524 = CARTESIAN_POINT ( 'NONE',  ( -2.425000000000001155, -4.174999999999999822, -14.59999999999999787 ) ) ;
#1525 = LINE ( 'NONE', #1576, #436 ) ;
#1526 = EDGE_LOOP ( 'NONE', ( #2980, #1529, #461, #2620, #1512, #1723 ) ) ;
#1527 = DIRECTION ( 'NONE',  ( 0.0000000000000000000, -1.000000000000000000, 0.0000000000000000000 ) ) ;
#1528 = AXIS2_PLACEMENT_3D ( 'NONE', #2397, #2750, #778 ) ;
#1529 = ORIENTED_EDGE ( 'NONE', *, *, #684, .F. ) ;
#1530 = AXIS2_PLACEMENT_3D ( 'NONE', #3566, #246, #2475 ) ;
#1531 = COLOUR_RGB ( '',0.8588235294117646523, 0.8588235294117646523, 0.8588235294117646523 ) ;
#1532 = CARTESIAN_POINT ( 'NONE',  ( -1.499999999999998668, 3.325000000000000622, -5.000000000000000000 ) ) ;
#1533 = LINE ( 'NONE', #2359, #3056 ) ;
#1534 = CARTESIAN_POINT ( 'NONE',  ( 11.83446580044896557, 7.800000000000004263, -4.500000000000000000 ) ) ;
#1535 = COLOUR_RGB ( '',0.8588235294117646523, 0.8588235294117646523, 0.8588235294117646523 ) ;
#1536 = ORIENTED_EDGE ( 'NONE', *, *, #496, .F. ) ;
#1537 =( LENGTH_UNIT ( ) NAMED_UNIT ( * ) SI_UNIT ( .MILLI., .METRE. ) );
#1538 = B_SPLINE_CURVE_WITH_KNOTS ( 'NONE', 3,
 ( #2991, #3014, #2755, #2460 ),
 .UNSPECIFIED., .F., .F.,
 ( 4, 4 ),
 ( 0.0000000000000000000, 0.2138289305748855840 ),
 .UNSPECIFIED. ) ;
#1539 =( NAMED_UNIT ( * ) PLANE_ANGLE_UNIT ( ) SI_UNIT ( $, .RADIAN. ) );
#1540 = LINE ( 'NONE', #2382, #1813 ) ;
#1541 = EDGE_CURVE ( 'NONE', #1069, #130, #675, .T. ) ;
#1542 = DIRECTION ( 'NONE',  ( 1.000000000000000000, 0.0000000000000000000, 0.0000000000000000000 ) ) ;
#1543 = STYLED_ITEM ( 'NONE', ( #853 ), #3408 ) ;
#1544 = CARTESIAN_POINT ( 'NONE',  ( -5.224999999999996980, 4.199999999999998401, -5.399999999999999467 ) ) ;
#1545 = VECTOR ( 'NONE', #3389, 999.9999999999998863 ) ;
#1546 = EDGE_CURVE ( 'NONE', #1185, #1358, #1265, .T. ) ;
#1547 = ORIENTED_EDGE ( 'NONE', *, *, #2248, .F. ) ;
#1548 = DIRECTION ( 'NONE',  ( 7.278560039063522195E-16, -1.000000000000000000, -0.0000000000000000000 ) ) ;
#1549 = EDGE_LOOP ( 'NONE', ( #1234, #3321, #542, #1729 ) ) ;
#1550 = VECTOR ( 'NONE', #1280, 1000.000000000000000 ) ;
#1551 = ORIENTED_EDGE ( 'NONE', *, *, #2245, .F. ) ;
#1552 = FACE_OUTER_BOUND ( 'NONE', #1122, .T. ) ;
#1553 = CARTESIAN_POINT ( 'NONE',  ( 8.349999999999999645, 7.324999999999998401, -6.299999999999998934 ) ) ;
#1554 = MECHANICAL_DESIGN_GEOMETRIC_PRESENTATION_REPRESENTATION (  '', ( #3183 ), #3598 ) ;
#1555 = CARTESIAN_POINT ( 'NONE',  ( 0.0000000000000000000, 0.0000000000000000000, -5.399999999999999467 ) ) ;
#1556 = ORIENTED_EDGE ( 'NONE', *, *, #3090, .T. ) ;
#1557 = DIRECTION ( 'NONE',  ( 2.302143347026926782E-16, -0.7829862185851037548, 0.6220390514314998454 ) ) ;
#1558 = VERTEX_POINT ( 'NONE', #420 ) ;
#1559 =( LENGTH_UNIT ( ) NAMED_UNIT ( * ) SI_UNIT ( .MILLI., .METRE. ) );
#1560 = SURFACE_STYLE_USAGE ( .BOTH. , #476 ) ;
#1561 = ORIENTED_EDGE ( 'NONE', *, *, #2193, .F. ) ;
#1562 = ORIENTED_EDGE ( 'NONE', *, *, #2122, .F. ) ;
#1563 = DIRECTION ( 'NONE',  ( 0.0000000000000000000, -0.0000000000000000000, -1.000000000000000000 ) ) ;
#1564 = SURFACE_SIDE_STYLE ('',( #715 ) ) ;
#1565 = DIRECTION ( 'NONE',  ( 0.0000000000000000000, 0.0000000000000000000, 1.000000000000000000 ) ) ;
#1566 = VERTEX_POINT ( 'NONE', #3496 ) ;
#1567 = UNCERTAINTY_MEASURE_WITH_UNIT (LENGTH_MEASURE( 1.000000000000000082E-05 ), #1202, 'distance_accuracy_value', 'NONE');
#1568 = LINE ( 'NONE', #3530, #1654 ) ;
#1569 = ORIENTED_EDGE ( 'NONE', *, *, #3037, .T. ) ;
#1570 = CARTESIAN_POINT ( 'NONE',  ( -5.224999999999998757, 8.522499999999993747, -4.499999999999995559 ) ) ;
#1571 = CARTESIAN_POINT ( 'NONE',  ( 5.906828780053868577, -3.074999999999999734, 0.0000000000000000000 ) ) ;
#1572 =( NAMED_UNIT ( * ) SI_UNIT ( $, .STERADIAN. ) SOLID_ANGLE_UNIT ( ) );
#1573 = VERTEX_POINT ( 'NONE', #3543 ) ;
#1574 = ORIENTED_EDGE ( 'NONE', *, *, #796, .F. ) ;
#1575 = ORIENTED_EDGE ( 'NONE', *, *, #3422, .T. ) ;
#1576 = CARTESIAN_POINT ( 'NONE',  ( 7.200000000000000178, 4.125000000000003553, 0.0000000000000000000 ) ) ;
#1577 = ORIENTED_EDGE ( 'NONE', *, *, #2264, .F. ) ;
#1578 = VERTEX_POINT ( 'NONE', #3222 ) ;
#1579 = DIRECTION ( 'NONE',  ( -1.000000000000000000, 0.0000000000000000000, -0.0000000000000000000 ) ) ;
#1580 = CARTESIAN_POINT ( 'NONE',  ( 0.0000000000000000000, 0.0000000000000000000, 3.700000000000000178 ) ) ;
#1581 = EDGE_CURVE ( 'NONE', #1006, #2390, #1597, .T. ) ;
#1582 = FACE_OUTER_BOUND ( 'NONE', #1273, .T. ) ;
#1583 = EDGE_CURVE ( 'NONE', #2267, #612, #2123, .T. ) ;
#1584 = ORIENTED_EDGE ( 'NONE', *, *, #481, .T. ) ;
#1585 = ADVANCED_FACE ( 'NONE', ( #2142 ), #768, .F. ) ;
#1586 = EDGE_CURVE ( 'NONE', #1625, #1678, #2489, .T. ) ;
#1587 = CARTESIAN_POINT ( 'NONE',  ( -5.224999999999996980, 7.799999999999998046, -5.399999999999999467 ) ) ;
#1588 = CARTESIAN_POINT ( 'NONE',  ( -5.178907482225810099, -6.650000000000000355, -4.500000000000000000 ) ) ;
#1589 = ORIENTED_EDGE ( 'NONE', *, *, #1014, .T. ) ;
#1590 =( GEOMETRIC_REPRESENTATION_CONTEXT ( 3 ) GLOBAL_UNCERTAINTY_ASSIGNED_CONTEXT ( ( #2970 ) ) GLOBAL_UNIT_ASSIGNED_CONTEXT ( ( #1331, #3214, #1890 ) ) REPRESENTATION_CONTEXT ( 'NONE', 'WORKASPACE' ) );
#1591 = VECTOR ( 'NONE', #2647, 1000.000000000000000 ) ;
#1592 = LINE ( 'NONE', #2722, #2494 ) ;
#1593 = AXIS2_PLACEMENT_3D ( 'NONE', #1555, #2451, #2731 ) ;
#1594 = LINE ( 'NONE', #217, #730 ) ;
#1595 = EDGE_LOOP ( 'NONE', ( #3173, #1739, #1043, #2822 ) ) ;
#1596 = COLOUR_RGB ( '',0.8588235294117646523, 0.8588235294117646523, 0.8588235294117646523 ) ;
#1597 = LINE ( 'NONE', #3515, #331 ) ;
#1598 = VERTEX_POINT ( 'NONE', #515 ) ;
#1599 =( LENGTH_UNIT ( ) NAMED_UNIT ( * ) SI_UNIT ( .MILLI., .METRE. ) );
#1600 = VERTEX_POINT ( 'NONE', #1953 ) ;
#1601 = VECTOR ( 'NONE', #1833, 1000.000000000000000 ) ;
#1602 = CARTESIAN_POINT ( 'NONE',  ( -2.519999999999999574, 3.075000000000000622, -14.90000000000000036 ) ) ;
#1603 = CARTESIAN_POINT ( 'NONE',  ( 6.600911696664780060, -3.155422039645283228, -0.1012305394136475412 ) ) ;
#1604 = AXIS2_PLACEMENT_3D ( 'NONE', #1544, #1838, #3266 ) ;
#1605 = DIRECTION ( 'NONE',  ( 0.0000000000000000000, 0.0000000000000000000, 1.000000000000000000 ) ) ;
#1606 = SHAPE_DEFINITION_REPRESENTATION ( #2727, #1983 ) ;
#1607 = VERTEX_POINT ( 'NONE', #1335 ) ;
#1608 = VECTOR ( 'NONE', #2105, 1000.000000000000000 ) ;
#1609 = CARTESIAN_POINT ( 'NONE',  ( 2.000000000000000444, 0.5749999999999991784, -11.29999999999999893 ) ) ;
#1610 = FILL_AREA_STYLE_COLOUR ( '', #1805 ) ;
#1611 = COLOUR_RGB ( '',0.8588235294117646523, 0.8588235294117646523, 0.8588235294117646523 ) ;
#1612 = CARTESIAN_POINT ( 'NONE',  ( 0.0000000000000000000, -2.174999999999999822, -4.500000000000000000 ) ) ;
#1613 = ORIENTED_EDGE ( 'NONE', *, *, #1653, .T. ) ;
#1614 = EDGE_CURVE ( 'NONE', #430, #1493, #1089, .T. ) ;
#1615 = SURFACE_STYLE_USAGE ( .BOTH. , #1925 ) ;
#1616 = CARTESIAN_POINT ( 'NONE',  ( -2.425000000000000711, -5.650000000000000355, -5.400024999999999409 ) ) ;
#1617 =( LENGTH_UNIT ( ) NAMED_UNIT ( * ) SI_UNIT ( .MILLI., .METRE. ) );
#1618 = SURFACE_STYLE_FILL_AREA ( #3544 ) ;
#1619 = ORIENTED_EDGE ( 'NONE', *, *, #62, .F. ) ;
#1620 = CARTESIAN_POINT ( 'NONE',  ( -3.258120437188722462, -3.074999999999999734, -11.29999999999999893 ) ) ;
#1621 = CARTESIAN_POINT ( 'NONE',  ( 6.424999999999998934, -4.174999999999999822, -9.000000000000000000 ) ) ;
#1622 = SURFACE_SIDE_STYLE ('',( #3022 ) ) ;
#1623 = EDGE_CURVE ( 'NONE', #1801, #2541, #2205, .T. ) ;
#1624 = PRODUCT_CONTEXT ( 'NONE', #1336, 'mechanical' ) ;
#1625 = VERTEX_POINT ( 'NONE', #2504 ) ;
#1626 = DIRECTION ( 'NONE',  ( -1.000000000000000000, 0.0000000000000000000, -0.0000000000000000000 ) ) ;
#1627 = LINE ( 'NONE', #1612, #966 ) ;
#1628 = VERTEX_POINT ( 'NONE', #2794 ) ;
#1629 = ORIENTED_EDGE ( 'NONE', *, *, #3374, .T. ) ;
#1630 = SURFACE_SIDE_STYLE ('',( #1279 ) ) ;
#1631 = CARTESIAN_POINT ( 'NONE',  ( -3.199999999999998845, -1.091511400614619680E-15, -4.500000000000000000 ) ) ;
#1632 = ADVANCED_FACE ( 'NONE', ( #288 ), #827, .T. ) ;
#1633 = EDGE_CURVE ( 'NONE', #3081, #1238, #3595, .T. ) ;
#1634 = ORIENTED_EDGE ( 'NONE', *, *, #684, .T. ) ;
#1635 = UNCERTAINTY_MEASURE_WITH_UNIT (LENGTH_MEASURE( 1.000000000000000082E-05 ), #1173, 'distance_accuracy_value', 'NONE');
#1636 = VECTOR ( 'NONE', #3616, 1000.000000000000000 ) ;
#1637 = DIRECTION ( 'NONE',  ( 0.0000000000000000000, 0.0000000000000000000, 1.000000000000000000 ) ) ;
#1638 = VECTOR ( 'NONE', #1664, 1000.000000000000000 ) ;
#1639 = EDGE_LOOP ( 'NONE', ( #3516, #2976, #352, #253 ) ) ;
#1640 = FILL_AREA_STYLE_COLOUR ( '', #3441 ) ;
#1641 = DIRECTION ( 'NONE',  ( 0.0000000000000000000, 0.0000000000000000000, -1.000000000000000000 ) ) ;
#1642 = LINE ( 'NONE', #811, #3589 ) ;
#1643 = CARTESIAN_POINT ( 'NONE',  ( 8.349999999999999645, 7.324999999999998401, -6.299999999999998934 ) ) ;
#1644 = EDGE_LOOP ( 'NONE', ( #2964, #3102, #3545, #1182 ) ) ;
#1645 = DIRECTION ( 'NONE',  ( 1.000000000000000000, 0.0000000000000000000, 0.0000000000000000000 ) ) ;
#1646 = DIRECTION ( 'NONE',  ( 1.000000000000000000, 0.0000000000000000000, 0.0000000000000000000 ) ) ;
#1647 = VECTOR ( 'NONE', #1963, 1000.000000000000000 ) ;
#1648 = AXIS2_PLACEMENT_3D ( 'NONE', #1451, #1730, #1716 ) ;
#1649 = EDGE_CURVE ( 'NONE', #2095, #907, #1761, .T. ) ;
#1650 = ORIENTED_EDGE ( 'NONE', *, *, #884, .F. ) ;
#1651 = VECTOR ( 'NONE', #1491, 1000.000000000000000 ) ;
#1652 = SURFACE_SIDE_STYLE ('',( #845 ) ) ;
#1653 = EDGE_CURVE ( 'NONE', #320, #1598, #2904, .T. ) ;
#1654 = VECTOR ( 'NONE', #1035, 1000.000000000000000 ) ;
#1655 = ORIENTED_EDGE ( 'NONE', *, *, #949, .T. ) ;
#1656 = MECHANICAL_DESIGN_GEOMETRIC_PRESENTATION_REPRESENTATION (  '', ( #3060 ), #2308 ) ;
#1657 = CARTESIAN_POINT ( 'NONE',  ( 1.425000000000000488, 2.425000000000000266, 3.700000000000000178 ) ) ;
#1658 = MECHANICAL_DESIGN_GEOMETRIC_PRESENTATION_REPRESENTATION (  '', ( #795 ), #389 ) ;
#1659 = DIRECTION ( 'NONE',  ( -0.0000000000000000000, -0.0000000000000000000, 1.000000000000000000 ) ) ;
#1660 = PLANE ( 'NONE',  #1024 ) ;
#1661 = PLANE ( 'NONE',  #2952 ) ;
#1662 = EDGE_LOOP ( 'NONE', ( #2000, #1753, #3488, #1569 ) ) ;
#1663 = VECTOR ( 'NONE', #703, 1000.000000000000000 ) ;
#1664 = DIRECTION ( 'NONE',  ( -4.336808689942006396E-16, 1.000000000000000000, 0.0000000000000000000 ) ) ;
#1665 = B_SPLINE_SURFACE_WITH_KNOTS ( 'NONE', 2, 1, ( 
 ( #3192, #1847 ),
 ( #2912, #1272 ),
 ( #2391, #2655 ) ),
 .UNSPECIFIED., .F., .F., .F.,
 ( 3, 3 ),
 ( 2, 2 ),
 ( 0.0000000000000000000, 1.000000000000000000 ),
 ( 0.0000000000000000000, 1.000000000000000000 ),
 .UNSPECIFIED. ) ;
#1666 =( LENGTH_UNIT ( ) NAMED_UNIT ( * ) SI_UNIT ( .MILLI., .METRE. ) );
#1667 = UNCERTAINTY_MEASURE_WITH_UNIT (LENGTH_MEASURE( 1.000000000000000082E-05 ), #312, 'distance_accuracy_value', 'NONE');
#1668 = DIRECTION ( 'NONE',  ( -0.0000000000000000000, 1.000000000000000000, 0.0000000000000000000 ) ) ;
#1669 = EDGE_LOOP ( 'NONE', ( #2654, #3327, #3375, #259 ) ) ;
#1670 = CARTESIAN_POINT ( 'NONE',  ( -2.425000000351769991, -3.075000000000001510, -0.05391956948434514091 ) ) ;
#1671 = EDGE_LOOP ( 'NONE', ( #3549, #2395, #3483, #35 ) ) ;
#1672 = ORIENTED_EDGE ( 'NONE', *, *, #3328, .T. ) ;
#1673 = MANIFOLD_SOLID_BREP ( 'Boss-Extrude2', #1916 ) ;
#1674 = DIRECTION ( 'NONE',  ( 1.000000000000000000, 0.0000000000000000000, 0.0000000000000000000 ) ) ;
#1675 = LINE ( 'NONE', #1114, #784 ) ;
#1676 = DIRECTION ( 'NONE',  ( -0.0000000000000000000, 1.000000000000000000, -0.0000000000000000000 ) ) ;
#1677 = DIRECTION ( 'NONE',  ( 0.0000000000000000000, 0.0000000000000000000, 1.000000000000000000 ) ) ;
#1678 = VERTEX_POINT ( 'NONE', #3101 ) ;
#1679 = FACE_OUTER_BOUND ( 'NONE', #2478, .T. ) ;
#1680 =( NAMED_UNIT ( * ) SI_UNIT ( $, .STERADIAN. ) SOLID_ANGLE_UNIT ( ) );
#1681 = SURFACE_STYLE_USAGE ( .BOTH. , #218 ) ;
#1682 = ORIENTED_EDGE ( 'NONE', *, *, #1012, .T. ) ;
#1683 = LINE ( 'NONE', #3388, #786 ) ;
#1684 =( NAMED_UNIT ( * ) PLANE_ANGLE_UNIT ( ) SI_UNIT ( $, .RADIAN. ) );
#1685 = CARTESIAN_POINT ( 'NONE',  ( -1.499999999999998668, 3.325000000000000622, 0.0000000000000000000 ) ) ;
#1686 = ORIENTED_EDGE ( 'NONE', *, *, #1541, .F. ) ;
#1687 = EDGE_CURVE ( 'NONE', #2126, #168, #2278, .T. ) ;
#1688 = DIRECTION ( 'NONE',  ( -0.0000000000000000000, -1.000000000000000000, -0.0000000000000000000 ) ) ;
#1689 = CARTESIAN_POINT ( 'NONE',  ( 7.200000000000000178, 7.800000000000004263, -4.500000000000000000 ) ) ;
#1690 = ORIENTED_EDGE ( 'NONE', *, *, #1240, .T. ) ;
#1691 = PRESENTATION_LAYER_ASSIGNMENT (  '', '', ( #536 ) ) ;
#1692 = ADVANCED_FACE ( 'NONE', ( #1487, #655 ), #50, .T. ) ;
#1693 = ADVANCED_FACE ( 'NONE', ( #328 ), #345, .T. ) ;
#1694 = SURFACE_SIDE_STYLE ('',( #3117 ) ) ;
#1695 = SURFACE_STYLE_FILL_AREA ( #861 ) ;
#1696 = ADVANCED_FACE ( 'NONE', ( #1726 ), #1112, .T. ) ;
#1697 = CARTESIAN_POINT ( 'NONE',  ( -4.349999999999999645, 7.324999999999999289, -6.299999999999998934 ) ) ;
#1698 = EDGE_LOOP ( 'NONE', ( #1783, #1556, #891, #592 ) ) ;
#1699 = MECHANICAL_DESIGN_GEOMETRIC_PRESENTATION_REPRESENTATION (  '', ( #551 ), #1590 ) ;
#1700 = CARTESIAN_POINT ( 'NONE',  ( 0.0000000000000000000, 1.149999999999999911, 0.0000000000000000000 ) ) ;
#1701 = DIRECTION ( 'NONE',  ( -0.0000000000000000000, -0.0000000000000000000, 1.000000000000000000 ) ) ;
#1702 = STYLED_ITEM ( 'NONE', ( #2027 ), #2625 ) ;
#1703 = VERTEX_POINT ( 'NONE', #1854 ) ;
#1704 = AXIS2_PLACEMENT_3D ( 'NONE', #1747, #2907, #1002 ) ;
#1705 = LINE ( 'NONE', #3040, #2107 ) ;
#1706 = LINE ( 'NONE', #1964, #793 ) ;
#1707 = FACE_OUTER_BOUND ( 'NONE', #522, .T. ) ;
#1708 = ORIENTED_EDGE ( 'NONE', *, *, #3048, .T. ) ;
#1709 = PRESENTATION_STYLE_ASSIGNMENT (( #60 ) ) ;
#1710 = DIRECTION ( 'NONE',  ( -1.000000000000000000, 6.002503377082377626E-17, 0.0000000000000000000 ) ) ;
#1711 = AXIS2_PLACEMENT_3D ( 'NONE', #1896, #2777, #3031 ) ;
#1712 = FACE_OUTER_BOUND ( 'NONE', #1662, .T. ) ;
#1713 = MECHANICAL_DESIGN_GEOMETRIC_PRESENTATION_REPRESENTATION (  '', ( #1492 ), #973 ) ;
#1714 = CARTESIAN_POINT ( 'NONE',  ( -3.200000000000004619, 16.76640768423734329, -1.812584382135965955 ) ) ;
#1715 = VERTEX_POINT ( 'NONE', #3477 ) ;
#1716 = DIRECTION ( 'NONE',  ( 0.0000000000000000000, 0.0000000000000000000, -1.000000000000000000 ) ) ;
#1717 = CARTESIAN_POINT ( 'NONE',  ( -3.258120437188722462, -6.175000000000001599, -11.29999999999999893 ) ) ;
#1718 = FACE_OUTER_BOUND ( 'NONE', #2323, .T. ) ;
#1719 = EDGE_LOOP ( 'NONE', ( #2154, #3505, #3344, #426 ) ) ;
#1720 = DIRECTION ( 'NONE',  ( 1.000000000000000000, -1.200500675416475772E-16, 0.0000000000000000000 ) ) ;
#1721 = EDGE_CURVE ( 'NONE', #2760, #3617, #1277, .T. ) ;
#1722 = FACE_OUTER_BOUND ( 'NONE', #1669, .T. ) ;
#1723 = ORIENTED_EDGE ( 'NONE', *, *, #297, .F. ) ;
#1724 = CARTESIAN_POINT ( 'NONE',  ( 6.424999999999998934, -4.174999999999999822, -9.000000000000000000 ) ) ;
#1725 = DIRECTION ( 'NONE',  ( 0.0000000000000000000, -1.000000000000000000, 0.0000000000000000000 ) ) ;
#1726 = FACE_OUTER_BOUND ( 'NONE', #3224, .T. ) ;
#1727 = EDGE_CURVE ( 'NONE', #1715, #17, #691, .T. ) ;
#1728 = DIRECTION ( 'NONE',  ( -0.0000000000000000000, -0.0000000000000000000, 1.000000000000000000 ) ) ;
#1729 = ORIENTED_EDGE ( 'NONE', *, *, #1337, .T. ) ;
#1730 = DIRECTION ( 'NONE',  ( -1.000000000000000000, 0.0000000000000000000, -0.0000000000000000000 ) ) ;
#1731 = EDGE_CURVE ( 'NONE', #3381, #1338, #454, .T. ) ;
#1732 = CARTESIAN_POINT ( 'NONE',  ( -2.425000000000000711, -5.650000000000000355, -5.400024999999999409 ) ) ;
#1733 = SURFACE_STYLE_FILL_AREA ( #1439 ) ;
#1734 = EDGE_CURVE ( 'NONE', #1497, #939, #1015, .T. ) ;
#1735 = ORIENTED_EDGE ( 'NONE', *, *, #2557, .F. ) ;
#1736 = MANIFOLD_SOLID_BREP ( 'Boss-Extrude12', #2586 ) ;
#1737 =( NAMED_UNIT ( * ) SI_UNIT ( $, .STERADIAN. ) SOLID_ANGLE_UNIT ( ) );
#1738 = VECTOR ( 'NONE', #1229, 1000.000000000000000 ) ;
#1739 = ORIENTED_EDGE ( 'NONE', *, *, #3269, .T. ) ;
#1740 = AXIS2_PLACEMENT_3D ( 'NONE', #2859, #1170, #3136 ) ;
#1741 = LINE ( 'NONE', #620, #1862 ) ;
#1742 = SURFACE_SIDE_STYLE ('',( #2312 ) ) ;
#1743 = DIRECTION ( 'NONE',  ( 0.0000000000000000000, -0.6220390514314998454, -0.7829862185851037548 ) ) ;
#1744 = FILL_AREA_STYLE ('',( #3164 ) ) ;
#1745 = B_SPLINE_CURVE_WITH_KNOTS ( 'NONE', 2,
 ( #3352, #896, #3137 ),
 .UNSPECIFIED., .F., .F.,
 ( 3, 3 ),
 ( 0.0000000000000000000, 1.000000000000000000 ),
 .UNSPECIFIED. ) ;
#1746 = CARTESIAN_POINT ( 'NONE',  ( 0.1000000000000004774, 0.5749999999999994005, -14.59999999999999787 ) ) ;
#1747 = CARTESIAN_POINT ( 'NONE',  ( 6.424999999999998934, -4.174999999999999822, -5.400024999999999409 ) ) ;
#1748 =( NAMED_UNIT ( * ) SI_UNIT ( $, .STERADIAN. ) SOLID_ANGLE_UNIT ( ) );
#1749 = EDGE_CURVE ( 'NONE', #2334, #3023, #105, .T. ) ;
#1750 = CARTESIAN_POINT ( 'NONE',  ( 0.0000000000000000000, 1.149999999999999911, 3.700000000000000178 ) ) ;
#1751 = SURFACE_SIDE_STYLE ('',( #2302 ) ) ;
#1752 = VECTOR ( 'NONE', #2497, 1000.000000000000000 ) ;
#1753 = ORIENTED_EDGE ( 'NONE', *, *, #2845, .F. ) ;
#1754 = PLANE ( 'NONE',  #2033 ) ;
#1755 = AXIS2_PLACEMENT_3D ( 'NONE', #2872, #1527, #974 ) ;
#1756 = EDGE_LOOP ( 'NONE', ( #824, #1946, #1075, #2048, #2448, #225 ) ) ;
#1757 = CARTESIAN_POINT ( 'NONE',  ( 0.0000000000000000000, 0.0000000000000000000, 3.700000000000000178 ) ) ;
#1758 = FILL_AREA_STYLE ('',( #1241 ) ) ;
#1759 = CARTESIAN_POINT ( 'NONE',  ( -3.200000000000000178, 4.125000000000000888, 0.0000000000000000000 ) ) ;
#1760 = VECTOR ( 'NONE', #2331, 1000.000000000000000 ) ;
#1761 = LINE ( 'NONE', #3148, #1031 ) ;
#1762 = VECTOR ( 'NONE', #2482, 1000.000000000000000 ) ;
#1763 = LINE ( 'NONE', #66, #69 ) ;
#1764 = EDGE_CURVE ( 'NONE', #2471, #1205, #3218, .T. ) ;
#1765 = MECHANICAL_DESIGN_GEOMETRIC_PRESENTATION_REPRESENTATION (  '', ( #3474 ), #2905 ) ;
#1766 = CARTESIAN_POINT ( 'NONE',  ( 1.425000000000000488, 2.425000000000000266, 3.700000000000000178 ) ) ;
#1767 = DIRECTION ( 'NONE',  ( 5.880418562633242031E-16, -1.000000000000000000, -0.0000000000000000000 ) ) ;
#1768 = DIRECTION ( 'NONE',  ( 0.0000000000000000000, -0.0000000000000000000, 1.000000000000000000 ) ) ;
#1769 = STYLED_ITEM ( 'NONE', ( #269 ), #1961 ) ;
#1770 = ORIENTED_EDGE ( 'NONE', *, *, #3422, .F. ) ;
#1771 = EDGE_CURVE ( 'NONE', #1573, #2431, #2195, .T. ) ;
#1772 = PLANE ( 'NONE',  #2241 ) ;
#1773 = DIRECTION ( 'NONE',  ( -0.4103646773287979999, 0.0000000000000000000, -0.9119215051751062839 ) ) ;
#1774 = EDGE_LOOP ( 'NONE', ( #1871, #1861, #998, #2995 ) ) ;
#1775 = SURFACE_STYLE_USAGE ( .BOTH. , #689 ) ;
#1776 = CARTESIAN_POINT ( 'NONE',  ( 6.925000000000000711, -6.650000000000003020, -4.500000000000000000 ) ) ;
#1777 = CARTESIAN_POINT ( 'NONE',  ( -2.425000000000001155, -3.075000000000001510, -0.05391956940585442698 ) ) ;
#1778 =( NAMED_UNIT ( * ) PLANE_ANGLE_UNIT ( ) SI_UNIT ( $, .RADIAN. ) );
#1779 = DIRECTION ( 'NONE',  ( 1.000000000000000000, -3.154042683594194627E-16, 0.0000000000000000000 ) ) ;
#1780 = CARTESIAN_POINT ( 'NONE',  ( 2.000000000000000444, 0.5749999999999991784, -14.59999999999999787 ) ) ;
#1781 = EDGE_CURVE ( 'NONE', #1493, #3018, #1051, .T. ) ;
#1782 = EDGE_LOOP ( 'NONE', ( #471, #375 ) ) ;
#1783 = ORIENTED_EDGE ( 'NONE', *, *, #2628, .F. ) ;
#1784 = PRODUCT_DEFINITION_CONTEXT ( 'detailed design', #3032, 'design' ) ;
#1785 = EDGE_CURVE ( 'NONE', #1628, #1308, #1967, .T. ) ;
#1786 = LINE ( 'NONE', #429, #3114 ) ;
#1787 =( GEOMETRIC_REPRESENTATION_CONTEXT ( 3 ) GLOBAL_UNCERTAINTY_ASSIGNED_CONTEXT ( ( #2778 ) ) GLOBAL_UNIT_ASSIGNED_CONTEXT ( ( #1235, #206, #3524 ) ) REPRESENTATION_CONTEXT ( 'NONE', 'WORKASPACE' ) );
#1788 = LINE ( 'NONE', #1776, #2246 ) ;
#1789 = ORIENTED_EDGE ( 'NONE', *, *, #3340, .F. ) ;
#1790 = EDGE_CURVE ( 'NONE', #314, #1069, #895, .T. ) ;
#1791 = SURFACE_STYLE_FILL_AREA ( #1245 ) ;
#1792 = MECHANICAL_DESIGN_GEOMETRIC_PRESENTATION_REPRESENTATION (  '', ( #2162 ), #3439 ) ;
#1793 = DIRECTION ( 'NONE',  ( 0.0000000000000000000, 1.000000000000000000, 0.0000000000000000000 ) ) ;
#1794 = AXIS2_PLACEMENT_3D ( 'NONE', #136, #1793, #1052 ) ;
#1795 = CARTESIAN_POINT ( 'NONE',  ( 0.8000000000000003775, 0.5749999999999991784, -13.89999999999999858 ) ) ;
#1796 = CARTESIAN_POINT ( 'NONE',  ( 2.575000000000000178, 0.0000000000000000000, 0.0000000000000000000 ) ) ;
#1797 = EDGE_CURVE ( 'NONE', #3018, #630, #2981, .T. ) ;
#1798 = LINE ( 'NONE', #2942, #2007 ) ;
#1799 = CARTESIAN_POINT ( 'NONE',  ( -3.258120437188722462, -6.175000000000001599, -9.000000000000000000 ) ) ;
#1800 = VERTEX_POINT ( 'NONE', #1009 ) ;
#1801 = VERTEX_POINT ( 'NONE', #1304 ) ;
#1802 = CARTESIAN_POINT ( 'NONE',  ( 9.178907482225810099, -6.650000000000001243, -4.500000000000000000 ) ) ;
#1803 = SURFACE_STYLE_USAGE ( .BOTH. , #1564 ) ;
#1804 = DIRECTION ( 'NONE',  ( -0.0000000000000000000, -1.000000000000000000, -0.0000000000000000000 ) ) ;
#1805 = COLOUR_RGB ( '',0.6196078431372549211, 0.4117647058823529216, 0.2000000000000000111 ) ;
#1806 = EDGE_LOOP ( 'NONE', ( #2785, #1619, #1400, #2406 ) ) ;
#1807 = PRESENTATION_LAYER_ASSIGNMENT (  '', '', ( #3591 ) ) ;
#1808 = CIRCLE ( 'NONE', #1648, 9.360484467328069158 ) ;
#1809 = VECTOR ( 'NONE', #2046, 1000.000000000000000 ) ;
#1810 = PRESENTATION_STYLE_ASSIGNMENT (( #2152 ) ) ;
#1811 = B_SPLINE_CURVE_WITH_KNOTS ( 'NONE', 3,
 ( #649, #3446, #2892, #2289 ),
 .UNSPECIFIED., .F., .F.,
 ( 4, 4 ),
 ( 0.0000000000000000000, 1.000000000000000000 ),
 .UNSPECIFIED. ) ;
#1812 = CARTESIAN_POINT ( 'NONE',  ( -2.925000000000001599, -3.117836102361307482, -0.05391956940583942509 ) ) ;
#1813 = VECTOR ( 'NONE', #2367, 1000.000000000000000 ) ;
#1814 = VERTEX_POINT ( 'NONE', #1620 ) ;
#1815 = MECHANICAL_DESIGN_GEOMETRIC_PRESENTATION_REPRESENTATION (  '', ( #1424 ), #3528 ) ;
#1816 = PLANE ( 'NONE',  #248 ) ;
#1817 = LINE ( 'NONE', #3514, #2055 ) ;
#1818 = LINE ( 'NONE', #3311, #3125 ) ;
#1819 = PRESENTATION_LAYER_ASSIGNMENT (  '', '', ( #847 ) ) ;
#1820 = CARTESIAN_POINT ( 'NONE',  ( 7.200000000000000178, 4.125000000000003553, 0.0000000000000000000 ) ) ;
#1821 =( GEOMETRIC_REPRESENTATION_CONTEXT ( 3 ) GLOBAL_UNCERTAINTY_ASSIGNED_CONTEXT ( ( #2526 ) ) GLOBAL_UNIT_ASSIGNED_CONTEXT ( ( #2580, #950, #1503 ) ) REPRESENTATION_CONTEXT ( 'NONE', 'WORKASPACE' ) );
#1822 = ORIENTED_EDGE ( 'NONE', *, *, #2815, .F. ) ;
#1823 = LINE ( 'NONE', #3443, #141 ) ;
#1824 = ORIENTED_EDGE ( 'NONE', *, *, #3149, .T. ) ;
#1825 = STYLED_ITEM ( 'NONE', ( #2630 ), #1673 ) ;
#1826 = ORIENTED_EDGE ( 'NONE', *, *, #3534, .F. ) ;
#1827 =( LENGTH_UNIT ( ) NAMED_UNIT ( * ) SI_UNIT ( .MILLI., .METRE. ) );
#1828 = COLOUR_RGB ( '',0.8588235294117646523, 0.8588235294117646523, 0.8588235294117646523 ) ;
#1829 = PLANE ( 'NONE',  #1018 ) ;
#1830 = ORIENTED_EDGE ( 'NONE', *, *, #3601, .T. ) ;
#1831 = VERTEX_POINT ( 'NONE', #714 ) ;
#1832 = CARTESIAN_POINT ( 'NONE',  ( 9.225000000000001421, -6.650000000000001243, -6.299999999999998934 ) ) ;
#1833 = DIRECTION ( 'NONE',  ( 0.0000000000000000000, 0.0000000000000000000, 1.000000000000000000 ) ) ;
#1834 = EDGE_LOOP ( 'NONE', ( #1613, #2286, #438, #2476 ) ) ;
#1835 = CARTESIAN_POINT ( 'NONE',  ( -5.048843010350211991, -7.372500000000000497, -4.108540023000472274 ) ) ;
#1836 = CARTESIAN_POINT ( 'NONE',  ( 7.730671790404080923, -0.6749999999999980460, -1.179270645342403112 ) ) ;
#1837 = LINE ( 'NONE', #3046, #1877 ) ;
#1838 = DIRECTION ( 'NONE',  ( -6.002503377082377626E-17, -1.000000000000000000, 0.0000000000000000000 ) ) ;
#1839 = ORIENTED_EDGE ( 'NONE', *, *, #3539, .T. ) ;
#1840 = EDGE_CURVE ( 'NONE', #907, #2711, #463, .T. ) ;
#1841 = EDGE_CURVE ( 'NONE', #1257, #320, #990, .T. ) ;
#1842 = ORIENTED_EDGE ( 'NONE', *, *, #3578, .F. ) ;
#1843 = ORIENTED_EDGE ( 'NONE', *, *, #2023, .F. ) ;
#1844 = EDGE_CURVE ( 'NONE', #686, #2757, #3501, .T. ) ;
#1845 = SURFACE_SIDE_STYLE ('',( #205 ) ) ;
#1846 = EDGE_CURVE ( 'NONE', #2452, #2465, #408, .T. ) ;
#1847 = CARTESIAN_POINT ( 'NONE',  ( 6.924999999999997158, -3.074999999999998845, -0.2437088524045562532 ) ) ;
#1848 = CARTESIAN_POINT ( 'NONE',  ( 4.150000000000001243, 5.724999999999998757, -14.90000000000000036 ) ) ;
#1849 = ADVANCED_FACE ( 'NONE', ( #1552 ), #3252, .T. ) ;
#1850 = ORIENTED_EDGE ( 'NONE', *, *, #1649, .F. ) ;
#1851 = UNCERTAINTY_MEASURE_WITH_UNIT (LENGTH_MEASURE( 1.000000000000000082E-05 ), #3586, 'distance_accuracy_value', 'NONE');
#1852 = ORIENTED_EDGE ( 'NONE', *, *, #1844, .T. ) ;
#1853 = AXIS2_PLACEMENT_3D ( 'NONE', #2224, #2507, #553 ) ;
#1854 = CARTESIAN_POINT ( 'NONE',  ( -1.819999999999999396, 3.075000000000000622, -11.29999999999999893 ) ) ;
#1855 = VECTOR ( 'NONE', #1384, 1000.000000000000000 ) ;
#1856 = MECHANICAL_DESIGN_GEOMETRIC_PRESENTATION_REPRESENTATION (  '', ( #822 ), #1787 ) ;
#1857 = SURFACE_STYLE_USAGE ( .BOTH. , #417 ) ;
#1858 = DIRECTION ( 'NONE',  ( 1.000000000000000000, 0.0000000000000000000, 0.0000000000000000000 ) ) ;
#1859 = ORIENTED_EDGE ( 'NONE', *, *, #2581, .T. ) ;
#1860 = FILL_AREA_STYLE ('',( #2975 ) ) ;
#1861 = ORIENTED_EDGE ( 'NONE', *, *, #528, .T. ) ;
#1862 = VECTOR ( 'NONE', #1710, 1000.000000000000000 ) ;
#1863 = ORIENTED_EDGE ( 'NONE', *, *, #2216, .T. ) ;
#1864 = STYLED_ITEM ( 'NONE', ( #2886 ), #579 ) ;
#1865 =( NAMED_UNIT ( * ) SI_UNIT ( $, .STERADIAN. ) SOLID_ANGLE_UNIT ( ) );
#1866 = CARTESIAN_POINT ( 'NONE',  ( -4.349999999999999645, -6.175000000000001599, -11.29999999999999893 ) ) ;
#1867 = FILL_AREA_STYLE_COLOUR ( '', #2768 ) ;
#1868 = ORIENTED_EDGE ( 'NONE', *, *, #2783, .F. ) ;
#1869 = DIRECTION ( 'NONE',  ( 0.0000000000000000000, 0.0000000000000000000, -1.000000000000000000 ) ) ;
#1870 =( LENGTH_UNIT ( ) NAMED_UNIT ( * ) SI_UNIT ( .MILLI., .METRE. ) );
#1871 = ORIENTED_EDGE ( 'NONE', *, *, #722, .T. ) ;
#1872 = VECTOR ( 'NONE', #1688, 1000.000000000000000 ) ;
#1873 = CARTESIAN_POINT ( 'NONE',  ( -1.499999999999999778, 4.731064025391290462E-16, 0.0000000000000000000 ) ) ;
#1874 =( LENGTH_UNIT ( ) NAMED_UNIT ( * ) SI_UNIT ( .MILLI., .METRE. ) );
#1875 = PRESENTATION_LAYER_ASSIGNMENT (  '', '', ( #433 ) ) ;
#1876 = SURFACE_STYLE_USAGE ( .BOTH. , #1376 ) ;
#1877 = VECTOR ( 'NONE', #2444, 1000.000000000000000 ) ;
#1878 = CARTESIAN_POINT ( 'NONE',  ( -3.199999999999998401, 3.621666666666661705, -2.168404344971008868E-16 ) ) ;
#1879 = LINE ( 'NONE', #1322, #2001 ) ;
#1880 = ADVANCED_FACE ( 'NONE', ( #2449 ), #2695, .F. ) ;
#1881 = ORIENTED_EDGE ( 'NONE', *, *, #3272, .T. ) ;
#1882 = STYLED_ITEM ( 'NONE', ( #1980 ), #3301 ) ;
#1883 = COLOUR_RGB ( '',0.8588235294117646523, 0.8588235294117646523, 0.8588235294117646523 ) ;
#1884 = FILL_AREA_STYLE ('',( #1867 ) ) ;
#1885 = EDGE_LOOP ( 'NONE', ( #3251, #885, #1892, #2491 ) ) ;
#1886 = VECTOR ( 'NONE', #2401, 1000.000000000000000 ) ;
#1887 = DIRECTION ( 'NONE',  ( -1.000000000000000000, -3.415313893875990418E-16, -2.465190328815661892E-32 ) ) ;
#1888 = EDGE_CURVE ( 'NONE', #2471, #3201, #573, .T. ) ;
#1889 = ADVANCED_FACE ( 'NONE', ( #1059 ), #3012, .F. ) ;
#1890 =( NAMED_UNIT ( * ) SI_UNIT ( $, .STERADIAN. ) SOLID_ANGLE_UNIT ( ) );
#1891 = SURFACE_STYLE_USAGE ( .BOTH. , #3510 ) ;
#1892 = ORIENTED_EDGE ( 'NONE', *, *, #449, .F. ) ;
#1893 = CARTESIAN_POINT ( 'NONE',  ( -4.349999999999999645, -6.175000000000001599, -11.29999999999999893 ) ) ;
#1894 = FACE_OUTER_BOUND ( 'NONE', #3602, .T. ) ;
#1895 = DIRECTION ( 'NONE',  ( -0.0000000000000000000, -0.0000000000000000000, 1.000000000000000000 ) ) ;
#1896 = CARTESIAN_POINT ( 'NONE',  ( 11.83446580044896379, 16.76640768423734684, -1.812584382135965955 ) ) ;
#1897 = ORIENTED_EDGE ( 'NONE', *, *, #682, .T. ) ;
#1898 = CARTESIAN_POINT ( 'NONE',  ( 0.0000000000000000000, 0.0000000000000000000, 3.700000000000000178 ) ) ;
#1899 = DIRECTION ( 'NONE',  ( 2.940209281316621016E-16, -1.000000000000000000, 0.0000000000000000000 ) ) ;
#1900 = ORIENTED_EDGE ( 'NONE', *, *, #1060, .F. ) ;
#1901 = DIRECTION ( 'NONE',  ( 0.0000000000000000000, -0.0000000000000000000, -1.000000000000000000 ) ) ;
#1902 = CARTESIAN_POINT ( 'NONE',  ( 6.424999999999999822, -5.650000000000000355, -5.399999999999999467 ) ) ;
#1903 = DIRECTION ( 'NONE',  ( 0.0000000000000000000, -1.000000000000000000, 0.0000000000000000000 ) ) ;
#1904 = PLANE ( 'NONE',  #2051 ) ;
#1905 = ORIENTED_EDGE ( 'NONE', *, *, #2239, .F. ) ;
#1906 = EDGE_CURVE ( 'NONE', #126, #1801, #1354, .T. ) ;
#1907 = FACE_OUTER_BOUND ( 'NONE', #3396, .T. ) ;
#1908 = CARTESIAN_POINT ( 'NONE',  ( -3.258120437188722462, -6.175000000000001599, -11.29999999999999893 ) ) ;
#1909 = EDGE_CURVE ( 'NONE', #2172, #1021, #234, .T. ) ;
#1910 = EDGE_CURVE ( 'NONE', #277, #756, #491, .T. ) ;
#1911 = CARTESIAN_POINT ( 'NONE',  ( 8.349999999999999645, 7.324999999999998401, -11.29999999999999893 ) ) ;
#1912 = UNCERTAINTY_MEASURE_WITH_UNIT (LENGTH_MEASURE( 1.000000000000000082E-05 ), #1599, 'distance_accuracy_value', 'NONE');
#1913 = ORIENTED_EDGE ( 'NONE', *, *, #2518, .T. ) ;
#1914 = EDGE_CURVE ( 'NONE', #2085, #1332, #1592, .T. ) ;
#1915 = UNCERTAINTY_MEASURE_WITH_UNIT (LENGTH_MEASURE( 1.000000000000000082E-05 ), #1929, 'distance_accuracy_value', 'NONE');
#1916 = CLOSED_SHELL ( 'NONE', ( #797, #415, #2705, #1058, #139, #2511, #3395, #2937, #34, #2629, #713, #3050, #2155, #1692, #3452, #2999, #369, #577, #3421 ) ) ;
#1917 = FILL_AREA_STYLE_COLOUR ( '', #149 ) ;
#1918 = VECTOR ( 'NONE', #432, 1000.000000000000114 ) ;
#1919 = COLOUR_RGB ( '',0.8588235294117646523, 0.8588235294117646523, 0.8588235294117646523 ) ;
#1920 = ORIENTED_EDGE ( 'NONE', *, *, #1583, .T. ) ;
#1921 =( NAMED_UNIT ( * ) PLANE_ANGLE_UNIT ( ) SI_UNIT ( $, .RADIAN. ) );
#1922 = DIRECTION ( 'NONE',  ( -0.0000000000000000000, -0.0000000000000000000, 1.000000000000000000 ) ) ;
#1923 = CARTESIAN_POINT ( 'NONE',  ( -4.349999999999999645, 7.324999999999999289, -11.29999999999999893 ) ) ;
#1924 = ORIENTED_EDGE ( 'NONE', *, *, #3576, .F. ) ;
#1925 = SURFACE_SIDE_STYLE ('',( #2542 ) ) ;
#1926 = CYLINDRICAL_SURFACE ( 'NONE', #3185, 0.3500000000000002554 ) ;
#1927 = FACE_OUTER_BOUND ( 'NONE', #2376, .T. ) ;
#1928 = AXIS2_PLACEMENT_3D ( 'NONE', #3509, #1869, #3529 ) ;
#1929 =( LENGTH_UNIT ( ) NAMED_UNIT ( * ) SI_UNIT ( .MILLI., .METRE. ) );
#1930 = AXIS2_PLACEMENT_3D ( 'NONE', #965, #1779, #418 ) ;
#1931 = COLOUR_RGB ( '',0.8588235294117646523, 0.8588235294117646523, 0.8588235294117646523 ) ;
#1932 = ORIENTED_EDGE ( 'NONE', *, *, #843, .F. ) ;
#1933 =( GEOMETRIC_REPRESENTATION_CONTEXT ( 3 ) GLOBAL_UNCERTAINTY_ASSIGNED_CONTEXT ( ( #2416 ) ) GLOBAL_UNIT_ASSIGNED_CONTEXT ( ( #3220, #727, #2688 ) ) REPRESENTATION_CONTEXT ( 'NONE', 'WORKASPACE' ) );
#1934 = CARTESIAN_POINT ( 'NONE',  ( 1.425000000000000488, 2.425000000000000266, 0.0000000000000000000 ) ) ;
#1935 = CARTESIAN_POINT ( 'NONE',  ( 6.848064374664975418, -3.235537300267964600, -0.2020749234142226458 ) ) ;
#1936 = PRESENTATION_LAYER_ASSIGNMENT (  '', '', ( #2720 ) ) ;
#1937 = VECTOR ( 'NONE', #39, 1000.000000000000000 ) ;
#1938 = EDGE_LOOP ( 'NONE', ( #504, #1944, #2227, #3451 ) ) ;
#1939 = DIRECTION ( 'NONE',  ( 0.0000000000000000000, 4.877114525526559977E-16, 1.000000000000000000 ) ) ;
#1940 = CIRCLE ( 'NONE', #2486, 0.3500000000000002554 ) ;
#1941 = CARTESIAN_POINT ( 'NONE',  ( 9.178907482225810099, -5.458333333333333037, -4.500000000000000000 ) ) ;
#1942 = DIRECTION ( 'NONE',  ( 0.0000000000000000000, -0.0000000000000000000, 1.000000000000000000 ) ) ;
#1943 = CARTESIAN_POINT ( 'NONE',  ( -5.178907482225810099, 7.799999999999998046, -4.500000000000000000 ) ) ;
#1944 = ORIENTED_EDGE ( 'NONE', *, *, #509, .T. ) ;
#1945 = PRESENTATION_LAYER_ASSIGNMENT (  '', '', ( #918 ) ) ;
#1946 = ORIENTED_EDGE ( 'NONE', *, *, #3272, .F. ) ;
#1947 = SURFACE_SIDE_STYLE ('',( #1618 ) ) ;
#1948 = VECTOR ( 'NONE', #2433, 1000.000000000000000 ) ;
#1949 = DIRECTION ( 'NONE',  ( -0.0000000000000000000, -0.0000000000000000000, -1.000000000000000000 ) ) ;
#1950 = SURFACE_STYLE_FILL_AREA ( #1171 ) ;
#1951 = PRODUCT ( 'gateronSwitch', 'gateronSwitch', '', ( #1624 ) ) ;
#1952 = LINE ( 'NONE', #3399, #146 ) ;
#1953 = CARTESIAN_POINT ( 'NONE',  ( 5.500000000000000000, -2.174999999999999822, 0.0000000000000000000 ) ) ;
#1954 = ORIENTED_EDGE ( 'NONE', *, *, #992, .T. ) ;
#1955 = DIRECTION ( 'NONE',  ( -0.0000000000000000000, -0.0000000000000000000, 1.000000000000000000 ) ) ;
#1956 = ADVANCED_FACE ( 'NONE', ( #1894 ), #2180, .F. ) ;
#1957 = DIRECTION ( 'NONE',  ( -1.000000000000000000, 1.239088197126291063E-16, 0.0000000000000000000 ) ) ;
#1958 = ADVANCED_FACE ( 'NONE', ( #3513, #1038 ), #3029, .F. ) ;
#1959 = ADVANCED_FACE ( 'NONE', ( #3367 ), #1926, .T. ) ;
#1960 = ORIENTED_EDGE ( 'NONE', *, *, #1910, .F. ) ;
#1961 = ADVANCED_FACE ( 'NONE', ( #344 ), #286, .T. ) ;
#1962 = CARTESIAN_POINT ( 'NONE',  ( 1.425000000000000488, 2.425000000000000266, 3.700000000000000178 ) ) ;
#1963 = DIRECTION ( 'NONE',  ( -0.0000000000000000000, -0.0000000000000000000, -1.000000000000000000 ) ) ;
#1964 = CARTESIAN_POINT ( 'NONE',  ( 6.424999999999999822, -5.650000000000000355, -5.400024999999999409 ) ) ;
#1965 = LINE ( 'NONE', #1643, #2485 ) ;
#1966 = ORIENTED_EDGE ( 'NONE', *, *, #3149, .F. ) ;
#1967 = B_SPLINE_CURVE_WITH_KNOTS ( 'NONE', 3,
 ( #518, #3286, #757, #3209 ),
 .UNSPECIFIED., .F., .F.,
 ( 4, 4 ),
 ( 0.0000000000000000000, 0.0005556560876964490277 ),
 .UNSPECIFIED. ) ;
#1968 = SURFACE_STYLE_USAGE ( .BOTH. , #2275 ) ;
#1969 = FACE_OUTER_BOUND ( 'NONE', #3049, .T. ) ;
#1970 = CARTESIAN_POINT ( 'NONE',  ( -3.199999999999997957, 4.199999999999997513, -3.152333262127603313E-21 ) ) ;
#1971 =( NAMED_UNIT ( * ) SI_UNIT ( $, .STERADIAN. ) SOLID_ANGLE_UNIT ( ) );
#1972 = DIRECTION ( 'NONE',  ( 7.278560039063522195E-16, -1.000000000000000000, -0.0000000000000000000 ) ) ;
#1973 = DIRECTION ( 'NONE',  ( 0.0000000000000000000, 1.000000000000000000, 0.0000000000000000000 ) ) ;
#1974 = CARTESIAN_POINT ( 'NONE',  ( 9.225000000000001421, 7.799999999999997158, -5.399999999999999467 ) ) ;
#1975 = DIRECTION ( 'NONE',  ( -0.0000000000000000000, -0.0000000000000000000, 1.000000000000000000 ) ) ;
#1976 = STYLED_ITEM ( 'NONE', ( #2926 ), #823 ) ;
#1977 = VERTEX_POINT ( 'NONE', #1138 ) ;
#1978 = ORIENTED_EDGE ( 'NONE', *, *, #945, .F. ) ;
#1979 = LINE ( 'NONE', #2558, #3223 ) ;
#1980 = PRESENTATION_STYLE_ASSIGNMENT (( #1166 ) ) ;
#1981 = SURFACE_SIDE_STYLE ('',( #831 ) ) ;
#1982 = ORIENTED_EDGE ( 'NONE', *, *, #2073, .T. ) ;
#1983 = ADVANCED_BREP_SHAPE_REPRESENTATION ( 'gateronSwitch', ( #1673, #588, #1736, #2299 ), #565 ) ;
#1984 = LINE ( 'NONE', #3116, #1463 ) ;
#1985 = CARTESIAN_POINT ( 'NONE',  ( 2.574999999999999734, 1.149999999999999911, 3.700000000000000178 ) ) ;
#1986 = LINE ( 'NONE', #3186, #8 ) ;
#1987 = LINE ( 'NONE', #3428, #1988 ) ;
#1988 = VECTOR ( 'NONE', #3405, 1000.000000000000000 ) ;
#1989 = SURFACE_SIDE_STYLE ('',( #3442 ) ) ;
#1990 = ADVANCED_FACE ( 'NONE', ( #1969 ), #876, .F. ) ;
#1991 = CARTESIAN_POINT ( 'NONE',  ( -3.199999999999997957, 12.73463524487879361, 0.0000000000000000000 ) ) ;
#1992 = CARTESIAN_POINT ( 'NONE',  ( 0.0000000000000000000, 0.0000000000000000000, -4.500000000000000000 ) ) ;
#1993 = ORIENTED_EDGE ( 'NONE', *, *, #2584, .T. ) ;
#1994 = VECTOR ( 'NONE', #58, 1000.000000000000000 ) ;
#1995 = ORIENTED_EDGE ( 'NONE', *, *, #1790, .T. ) ;
#1996 = CARTESIAN_POINT ( 'NONE',  ( 0.0000000000000000000, -2.174999999999999822, 0.0000000000000000000 ) ) ;
#1997 = DIRECTION ( 'NONE',  ( -0.0000000000000000000, -0.0000000000000000000, 1.000000000000000000 ) ) ;
#1998 = CARTESIAN_POINT ( 'NONE',  ( -1.500000000000000444, -2.174999999999999822, -5.000000000000000000 ) ) ;
#1999 =( GEOMETRIC_REPRESENTATION_CONTEXT ( 3 ) GLOBAL_UNCERTAINTY_ASSIGNED_CONTEXT ( ( #1513 ) ) GLOBAL_UNIT_ASSIGNED_CONTEXT ( ( #3079, #890, #2214 ) ) REPRESENTATION_CONTEXT ( 'NONE', 'WORKASPACE' ) );
#2000 = ORIENTED_EDGE ( 'NONE', *, *, #619, .T. ) ;
#2001 = VECTOR ( 'NONE', #1055, 1000.000000000000000 ) ;
#2002 = ADVANCED_FACE ( 'NONE', ( #118 ), #2626, .T. ) ;
#2003 = EDGE_CURVE ( 'NONE', #564, #2452, #3112, .T. ) ;
#2004 = UNCERTAINTY_MEASURE_WITH_UNIT (LENGTH_MEASURE( 1.000000000000000082E-05 ), #3063, 'distance_accuracy_value', 'NONE');
#2005 = DIRECTION ( 'NONE',  ( 1.000000000000000000, 0.0000000000000000000, 0.0000000000000000000 ) ) ;
#2006 = CARTESIAN_POINT ( 'NONE',  ( -2.169999999999999485, 3.075000000000000622, -14.90000000000000036 ) ) ;
#2007 = VECTOR ( 'NONE', #1004, 1000.000000000000000 ) ;
#2008 = DIRECTION ( 'NONE',  ( -1.239088197126291063E-16, -1.000000000000000000, 0.0000000000000000000 ) ) ;
#2009 = DIRECTION ( 'NONE',  ( 1.000000000000000000, 0.0000000000000000000, 0.0000000000000000000 ) ) ;
#2010 = CARTESIAN_POINT ( 'NONE',  ( -4.349999999999999645, 7.324999999999999289, -11.29999999999999893 ) ) ;
#2011 = EDGE_LOOP ( 'NONE', ( #1822, #147, #1142, #2786, #2244, #1650 ) ) ;
#2012 = DIRECTION ( 'NONE',  ( 0.0000000000000000000, -1.000000000000000000, 0.0000000000000000000 ) ) ;
#2013 = LINE ( 'NONE', #694, #3354 ) ;
#2014 = DIRECTION ( 'NONE',  ( 0.0000000000000000000, 1.000000000000000000, 0.0000000000000000000 ) ) ;
#2015 = DIRECTION ( 'NONE',  ( 0.0000000000000000000, 0.0000000000000000000, 1.000000000000000000 ) ) ;
#2016 = ORIENTED_EDGE ( 'NONE', *, *, #3271, .T. ) ;
#2017 = FACE_OUTER_BOUND ( 'NONE', #1806, .T. ) ;
#2018 = PRESENTATION_STYLE_ASSIGNMENT (( #1236 ) ) ;
#2019 =( LENGTH_UNIT ( ) NAMED_UNIT ( * ) SI_UNIT ( .MILLI., .METRE. ) );
#2020 = VERTEX_POINT ( 'NONE', #2057 ) ;
#2021 = FACE_OUTER_BOUND ( 'NONE', #301, .T. ) ;
#2022 = PLANE ( 'NONE',  #3235 ) ;
#2023 = EDGE_CURVE ( 'NONE', #1379, #2649, #981, .T. ) ;
#2024 =( NAMED_UNIT ( * ) PLANE_ANGLE_UNIT ( ) SI_UNIT ( $, .RADIAN. ) );
#2025 = FACE_OUTER_BOUND ( 'NONE', #2535, .T. ) ;
#2026 = ORIENTED_EDGE ( 'NONE', *, *, #1151, .F. ) ;
#2027 = PRESENTATION_STYLE_ASSIGNMENT (( #3124 ) ) ;
#2028 = PRESENTATION_STYLE_ASSIGNMENT (( #367 ) ) ;
#2029 = VERTEX_POINT ( 'NONE', #3162 ) ;
#2030 = LINE ( 'NONE', #3373, #2352 ) ;
#2031 = FACE_OUTER_BOUND ( 'NONE', #1417, .T. ) ;
#2032 = EDGE_LOOP ( 'NONE', ( #606, #209, #1905, #3096, #1690, #2090, #2495, #1346 ) ) ;
#2033 = AXIS2_PLACEMENT_3D ( 'NONE', #1420, #2607, #2555 ) ;
#2034 = CARTESIAN_POINT ( 'NONE',  ( -1.499999999999998668, 3.325000000000000622, -5.000000000000000000 ) ) ;
#2035 = EDGE_LOOP ( 'NONE', ( #2462, #769, #1287, #988 ) ) ;
#2036 = VERTEX_POINT ( 'NONE', #654 ) ;
#2037 = VECTOR ( 'NONE', #2592, 1000.000000000000000 ) ;
#2038 = EDGE_CURVE ( 'NONE', #2020, #42, #3489, .T. ) ;
#2039 =( NAMED_UNIT ( * ) PLANE_ANGLE_UNIT ( ) SI_UNIT ( $, .RADIAN. ) );
#2040 = FACE_OUTER_BOUND ( 'NONE', #2578, .T. ) ;
#2041 = B_SPLINE_CURVE_WITH_KNOTS ( 'NONE', 3,
 ( #2196, #3618, #3563, #3077 ),
 .UNSPECIFIED., .F., .F.,
 ( 4, 4 ),
 ( 0.0000000000000000000, 1.000000000000000000 ),
 .UNSPECIFIED. ) ;
#2042 = DIRECTION ( 'NONE',  ( 0.0000000000000000000, -1.000000000000000000, 0.0000000000000000000 ) ) ;
#2043 = CARTESIAN_POINT ( 'NONE',  ( 2.574999999999999734, 1.149999999999999911, 3.700000000000000178 ) ) ;
#2044 = SURFACE_STYLE_USAGE ( .BOTH. , #138 ) ;
#2045 = CARTESIAN_POINT ( 'NONE',  ( 6.424999999999998046, -3.075000000000001066, -4.500000000000000000 ) ) ;
#2046 = DIRECTION ( 'NONE',  ( -3.410973126920687487E-16, 1.000000000000000000, 0.0000000000000000000 ) ) ;
#2047 = AXIS2_PLACEMENT_3D ( 'NONE', #2521, #1410, #29 ) ;
#2048 = ORIENTED_EDGE ( 'NONE', *, *, #2628, .T. ) ;
#2049 = VECTOR ( 'NONE', #3089, 1000.000000000000000 ) ;
#2050 = DIRECTION ( 'NONE',  ( -1.000000000000000000, 0.0000000000000000000, 0.0000000000000000000 ) ) ;
#2051 = AXIS2_PLACEMENT_3D ( 'NONE', #3495, #3042, #705 ) ;
#2052 = MECHANICAL_DESIGN_GEOMETRIC_PRESENTATION_REPRESENTATION (  '', ( #1702 ), #3001 ) ;
#2053 = DIRECTION ( 'NONE',  ( 1.000000000000000000, 0.0000000000000000000, 0.0000000000000000000 ) ) ;
#2054 = ORIENTED_EDGE ( 'NONE', *, *, #3048, .F. ) ;
#2055 = VECTOR ( 'NONE', #1490, 1000.000000000000000 ) ;
#2056 = PRESENTATION_STYLE_ASSIGNMENT (( #2932 ) ) ;
#2057 = CARTESIAN_POINT ( 'NONE',  ( 9.178907482225811876, 4.199999999999997513, -4.500000000000000000 ) ) ;
#2058 = FILL_AREA_STYLE ('',( #167 ) ) ;
#2059 = DIRECTION ( 'NONE',  ( -1.000000000000000000, 0.0000000000000000000, 0.0000000000000000000 ) ) ;
#2060 =( GEOMETRIC_REPRESENTATION_CONTEXT ( 3 ) GLOBAL_UNCERTAINTY_ASSIGNED_CONTEXT ( ( #3034 ) ) GLOBAL_UNIT_ASSIGNED_CONTEXT ( ( #1666, #271, #3300 ) ) REPRESENTATION_CONTEXT ( 'NONE', 'WORKASPACE' ) );
#2061 = CARTESIAN_POINT ( 'NONE',  ( 7.238645917050990697, -3.074999999999999734, -9.000000000000000000 ) ) ;
#2062 = CARTESIAN_POINT ( 'NONE',  ( 1.425000000000000266, 0.0000000000000000000, 3.700000000000000178 ) ) ;
#2063 = CARTESIAN_POINT ( 'NONE',  ( 9.225000000000001421, -2.074166666666670267, -4.499999999999999112 ) ) ;
#2064 = MECHANICAL_DESIGN_GEOMETRIC_PRESENTATION_REPRESENTATION (  '', ( #3247 ), #2614 ) ;
#2065 = DIRECTION ( 'NONE',  ( -0.0000000000000000000, -3.854941057726238097E-16, -1.000000000000000000 ) ) ;
#2066 = SURFACE_SIDE_STYLE ('',( #3464 ) ) ;
#2067 = PRESENTATION_LAYER_ASSIGNMENT (  '', '', ( #43 ) ) ;
#2068 = ORIENTED_EDGE ( 'NONE', *, *, #2344, .F. ) ;
#2069 = EDGE_CURVE ( 'NONE', #1021, #2573, #2596, .T. ) ;
#2070 = PLANE ( 'NONE',  #892 ) ;
#2071 = EDGE_CURVE ( 'NONE', #176, #2766, #1533, .T. ) ;
#2072 = DIRECTION ( 'NONE',  ( 2.940209281316621016E-16, -1.000000000000000000, 0.0000000000000000000 ) ) ;
#2073 = EDGE_CURVE ( 'NONE', #1814, #1607, #1499, .T. ) ;
#2074 = ORIENTED_EDGE ( 'NONE', *, *, #994, .T. ) ;
#2075 = DIRECTION ( 'NONE',  ( 3.406102426063380384E-16, -0.9985720494779438683, -0.05342154997207537032 ) ) ;
#2076 = PLANE ( 'NONE',  #3517 ) ;
#2077 = CARTESIAN_POINT ( 'NONE',  ( 6.924999999999997158, -3.268613143854732339, -0.2437088524045561699 ) ) ;
#2078 = ORIENTED_EDGE ( 'NONE', *, *, #2069, .F. ) ;
#2079 = SURFACE_STYLE_USAGE ( .BOTH. , #3426 ) ;
#2080 = CARTESIAN_POINT ( 'NONE',  ( -1.906828780053867689, 4.125000000000000888, 0.0000000000000000000 ) ) ;
#2081 = CARTESIAN_POINT ( 'NONE',  ( 9.225000000000001421, -2.074166666666664938, -4.929269377658066276 ) ) ;
#2082 = DIRECTION ( 'NONE',  ( -1.000000000000000000, 0.0000000000000000000, -0.0000000000000000000 ) ) ;
#2083 = CARTESIAN_POINT ( 'NONE',  ( 9.048843010350214655, 4.199999999999997513, -4.108540023000474051 ) ) ;
#2084 = ORIENTED_EDGE ( 'NONE', *, *, #994, .F. ) ;
#2085 = VERTEX_POINT ( 'NONE', #637 ) ;
#2086 =( LENGTH_UNIT ( ) NAMED_UNIT ( * ) SI_UNIT ( .MILLI., .METRE. ) );
#2087 = PLANE ( 'NONE',  #2158 ) ;
#2088 = FACE_BOUND ( 'NONE', #2978, .T. ) ;
#2089 = PRESENTATION_STYLE_ASSIGNMENT (( #3179 ) ) ;
#2090 = ORIENTED_EDGE ( 'NONE', *, *, #878, .T. ) ;
#2091 = VECTOR ( 'NONE', #870, 1000.000000000000000 ) ;
#2092 = DIRECTION ( 'NONE',  ( 0.0000000000000000000, -0.0000000000000000000, -1.000000000000000000 ) ) ;
#2093 = COLOUR_RGB ( '',0.8588235294117646523, 0.8588235294117646523, 0.8588235294117646523 ) ;
#2094 = LINE ( 'NONE', #927, #3067 ) ;
#2095 = VERTEX_POINT ( 'NONE', #2933 ) ;
#2096 = FACE_BOUND ( 'NONE', #1782, .T. ) ;
#2097 = AXIS2_PLACEMENT_3D ( 'NONE', #3011, #1087, #2458 ) ;
#2098 = CARTESIAN_POINT ( 'NONE',  ( -4.349999999999999645, -6.175000000000001599, -11.29999999999999893 ) ) ;
#2099 = DIRECTION ( 'NONE',  ( 1.000000000000000000, 0.0000000000000000000, 0.0000000000000000000 ) ) ;
#2100 = CARTESIAN_POINT ( 'NONE',  ( 7.238645917050990697, -6.175000000000001599, -9.000000000000000000 ) ) ;
#2101 = ORIENTED_EDGE ( 'NONE', *, *, #2590, .T. ) ;
#2102 = ORIENTED_EDGE ( 'NONE', *, *, #2517, .F. ) ;
#2103 = ORIENTED_EDGE ( 'NONE', *, *, #2069, .T. ) ;
#2104 = ADVANCED_FACE ( 'NONE', ( #2040 ), #2076, .T. ) ;
#2105 = DIRECTION ( 'NONE',  ( -0.0000000000000000000, -0.0000000000000000000, 1.000000000000000000 ) ) ;
#2106 = DIRECTION ( 'NONE',  ( 2.940209281316621016E-16, -1.000000000000000000, 0.0000000000000000000 ) ) ;
#2107 = VECTOR ( 'NONE', #2213, 1000.000000000000000 ) ;
#2108 = ORIENTED_EDGE ( 'NONE', *, *, #1314, .T. ) ;
#2109 = PRESENTATION_LAYER_ASSIGNMENT (  '', '', ( #3580 ) ) ;
#2110 = UNCERTAINTY_MEASURE_WITH_UNIT (LENGTH_MEASURE( 1.000000000000000082E-05 ), #607, 'distance_accuracy_value', 'NONE');
#2111 = CARTESIAN_POINT ( 'NONE',  ( 0.0000000000000000000, 0.0000000000000000000, 3.700000000000000178 ) ) ;
#2112 = LINE ( 'NONE', #3238, #1601 ) ;
#2113 = AXIS2_PLACEMENT_3D ( 'NONE', #2261, #836, #362 ) ;
#2114 = ORIENTED_EDGE ( 'NONE', *, *, #1507, .T. ) ;
#2115 = EDGE_CURVE ( 'NONE', #116, #535, #1786, .T. ) ;
#2116 = ADVANCED_FACE ( 'NONE', ( #1461 ), #3146, .T. ) ;
#2117 = DIRECTION ( 'NONE',  ( 1.000000000000000000, 0.0000000000000000000, 0.0000000000000000000 ) ) ;
#2118 = DIRECTION ( 'NONE',  ( -1.700709290173340163E-16, -1.000000000000000000, 0.0000000000000000000 ) ) ;
#2119 = PRESENTATION_STYLE_ASSIGNMENT (( #1017 ) ) ;
#2120 = DIRECTION ( 'NONE',  ( -0.0000000000000000000, -1.000000000000000000, -0.0000000000000000000 ) ) ;
#2121 = EDGE_CURVE ( 'NONE', #3201, #2471, #1356, .T. ) ;
#2122 = EDGE_CURVE ( 'NONE', #1135, #2020, #1449, .T. ) ;
#2123 = LINE ( 'NONE', #1040, #392 ) ;
#2124 = ORIENTED_EDGE ( 'NONE', *, *, #3268, .F. ) ;
#2125 = PLANE ( 'NONE',  #3594 ) ;
#2126 = VERTEX_POINT ( 'NONE', #3259 ) ;
#2127 = VECTOR ( 'NONE', #195, 1000.000000000000000 ) ;
#2128 = VERTEX_POINT ( 'NONE', #2453 ) ;
#2129 = ORIENTED_EDGE ( 'NONE', *, *, #1785, .F. ) ;
#2130 = DIRECTION ( 'NONE',  ( 2.940209281316621016E-16, -1.000000000000000000, 4.877114525526559977E-16 ) ) ;
#2131 =( GEOMETRIC_REPRESENTATION_CONTEXT ( 3 ) GLOBAL_UNCERTAINTY_ASSIGNED_CONTEXT ( ( #2780 ) ) GLOBAL_UNIT_ASSIGNED_CONTEXT ( ( #2423, #766, #3314 ) ) REPRESENTATION_CONTEXT ( 'NONE', 'WORKASPACE' ) );
#2132 = CARTESIAN_POINT ( 'NONE',  ( -5.224999999999996980, 7.799999999999998046, -5.399999999999999467 ) ) ;
#2133 = VERTEX_POINT ( 'NONE', #1587 ) ;
#2134 = VERTEX_POINT ( 'NONE', #2715 ) ;
#2135 = DIRECTION ( 'NONE',  ( 1.000000000000000000, 0.0000000000000000000, 0.0000000000000000000 ) ) ;
#2136 = CARTESIAN_POINT ( 'NONE',  ( -1.499999999999998668, 3.325000000000000622, -4.500000000000000000 ) ) ;
#2137 = ORIENTED_EDGE ( 'NONE', *, *, #2590, .F. ) ;
#2138 = CARTESIAN_POINT ( 'NONE',  ( -5.224999999999999645, -7.372500000000000497, -4.499999999999998224 ) ) ;
#2139 = LINE ( 'NONE', #1294, #2869 ) ;
#2140 = DIRECTION ( 'NONE',  ( -3.410973126920687487E-16, 1.000000000000000000, 0.0000000000000000000 ) ) ;
#2141 = EDGE_CURVE ( 'NONE', #1150, #249, #3564, .T. ) ;
#2142 = FACE_OUTER_BOUND ( 'NONE', #1698, .T. ) ;
#2143 = ORIENTED_EDGE ( 'NONE', *, *, #2141, .F. ) ;
#2144 = ORIENTED_EDGE ( 'NONE', *, *, #7, .F. ) ;
#2145 = CARTESIAN_POINT ( 'NONE',  ( 5.906828780053868577, 3.621666666666667034, 0.0000000000000000000 ) ) ;
#2146 = ORIENTED_EDGE ( 'NONE', *, *, #414, .T. ) ;
#2147 = CARTESIAN_POINT ( 'NONE',  ( 9.225000000000001421, -6.650000000000001243, -4.782881900702106392 ) ) ;
#2148 = CARTESIAN_POINT ( 'NONE',  ( 1.425000000000000266, 0.0000000000000000000, 3.700000000000000178 ) ) ;
#2149 = LINE ( 'NONE', #993, #2414 ) ;
#2150 = STYLED_ITEM ( 'NONE', ( #585 ), #1207 ) ;
#2151 = ORIENTED_EDGE ( 'NONE', *, *, #2845, .T. ) ;
#2152 = SURFACE_STYLE_USAGE ( .BOTH. , #1742 ) ;
#2153 = FACE_OUTER_BOUND ( 'NONE', #348, .T. ) ;
#2154 = ORIENTED_EDGE ( 'NONE', *, *, #1315, .T. ) ;
#2155 = ADVANCED_FACE ( 'NONE', ( #3005 ), #3025, .F. ) ;
#2156 = CARTESIAN_POINT ( 'NONE',  ( 7.200000000000000178, 0.0000000000000000000, 0.0000000000000000000 ) ) ;
#2157 = AXIS2_PLACEMENT_3D ( 'NONE', #632, #1720, #353 ) ;
#2158 = AXIS2_PLACEMENT_3D ( 'NONE', #1580, #3211, #1508 ) ;
#2159 = LINE ( 'NONE', #1873, #3390 ) ;
#2160 = PLANE ( 'NONE',  #1246 ) ;
#2161 = CLOSED_SHELL ( 'NONE', ( #3506, #2523, #2415, #1206, #1961, #1849, #2769, #579, #532, #1693, #1251, #2392, #3113, #1207, #2104, #3609, #303, #1585, #520, #3213, #1352, #791, #2625, #1956, #3425, #1958, #823, #771, #1065, #1479, #3408, #3533, #1212, #255, #1632, #1696, #928, #3009, #2739, #1889, #2894, #838, #3069, #2002, #394 ) ) ;
#2162 = STYLED_ITEM ( 'NONE', ( #2169 ), #928 ) ;
#2163 = CARTESIAN_POINT ( 'NONE',  ( -5.048843010350209326, 4.199999999999997513, -4.108540023000468722 ) ) ;
#2164 = VECTOR ( 'NONE', #2562, 1000.000000000000000 ) ;
#2165 = ORIENTED_EDGE ( 'NONE', *, *, #2783, .T. ) ;
#2166 = VECTOR ( 'NONE', #1470, 1000.000000000000000 ) ;
#2167 = ADVANCED_FACE ( 'NONE', ( #1067 ), #2439, .T. ) ;
#2168 = CARTESIAN_POINT ( 'NONE',  ( 9.225000000000001421, -7.372499999999999609, -4.499999999999999112 ) ) ;
#2169 = PRESENTATION_STYLE_ASSIGNMENT (( #1326 ) ) ;
#2170 = DIRECTION ( 'NONE',  ( 0.0000000000000000000, 1.000000000000000000, -0.0000000000000000000 ) ) ;
#2171 = B_SPLINE_CURVE_WITH_KNOTS ( 'NONE', 3,
 ( #1571, #1037, #765, #2973 ),
 .UNSPECIFIED., .F., .F.,
 ( 4, 4 ),
 ( 0.0000000000000000000, 1.000000000000000000 ),
 .UNSPECIFIED. ) ;
#2172 = VERTEX_POINT ( 'NONE', #3236 ) ;
#2173 = CARTESIAN_POINT ( 'NONE',  ( 9.048843010350214655, 4.199999999999997513, -4.108540023000474051 ) ) ;
#2174 = DIRECTION ( 'NONE',  ( 0.0000000000000000000, 0.0000000000000000000, -1.000000000000000000 ) ) ;
#2175 = CARTESIAN_POINT ( 'NONE',  ( 9.225000000000001421, 8.522499999999993747, -4.929269377658070717 ) ) ;
#2176 = ORIENTED_EDGE ( 'NONE', *, *, #3107, .T. ) ;
#2177 = VECTOR ( 'NONE', #1975, 1000.000000000000000 ) ;
#2178 = ORIENTED_EDGE ( 'NONE', *, *, #1056, .F. ) ;
#2179 = DIRECTION ( 'NONE',  ( -1.000000000000000000, -0.0000000000000000000, -0.0000000000000000000 ) ) ;
#2180 = PLANE ( 'NONE',  #2788 ) ;
#2181 = VECTOR ( 'NONE', #2657, 1000.000000000000000 ) ;
#2182 = LINE ( 'NONE', #3030, #30 ) ;
#2183 = VECTOR ( 'NONE', #49, 1000.000000000000000 ) ;
#2184 = CARTESIAN_POINT ( 'NONE',  ( -1.906828780053867689, 3.621666666666663481, 0.0000000000000000000 ) ) ;
#2185 = EDGE_LOOP ( 'NONE', ( #3413, #804, #780, #3590 ) ) ;
#2186 = UNCERTAINTY_MEASURE_WITH_UNIT (LENGTH_MEASURE( 1.000000000000000082E-05 ), #2700, 'distance_accuracy_value', 'NONE');
#2187 = AXIS2_PLACEMENT_3D ( 'NONE', #3027, #2403, #2099 ) ;
#2188 = VECTOR ( 'NONE', #3304, 1000.000000000000000 ) ;
#2189 = CARTESIAN_POINT ( 'NONE',  ( 4.119968255444918821E-16, 3.325000000000000622, -4.500000000000000000 ) ) ;
#2190 = CARTESIAN_POINT ( 'NONE',  ( -5.224999999999996980, 7.799999999999998046, -4.929269377658063611 ) ) ;
#2191 = VECTOR ( 'NONE', #13, 1000.000000000000000 ) ;
#2192 = DIRECTION ( 'NONE',  ( -1.000000000000000000, 0.0000000000000000000, -0.0000000000000000000 ) ) ;
#2193 = EDGE_CURVE ( 'NONE', #756, #3360, #744, .T. ) ;
#2194 = ORIENTED_EDGE ( 'NONE', *, *, #1216, .F. ) ;
#2195 = CIRCLE ( 'NONE', #2316, 1.899999999999999911 ) ;
#2196 = CARTESIAN_POINT ( 'NONE',  ( 9.178907482225813652, 7.799999999999997158, -4.500000000000000000 ) ) ;
#2197 = B_SPLINE_SURFACE_WITH_KNOTS ( 'NONE', 2, 1, ( 
 ( #3350, #2805 ),
 ( #858, #1409 ),
 ( #28, #1428 ) ),
 .UNSPECIFIED., .F., .F., .F.,
 ( 3, 3 ),
 ( 2, 2 ),
 ( 0.4998304385514010795, 0.4999730993682252045 ),
 ( 0.0000000000000000000, 1.000000000000000000 ),
 .UNSPECIFIED. ) ;
#2198 = EDGE_CURVE ( 'NONE', #2711, #322, #1289, .T. ) ;
#2199 = EDGE_CURVE ( 'NONE', #199, #1269, #1181, .T. ) ;
#2200 = DIRECTION ( 'NONE',  ( -0.0000000000000000000, -0.0000000000000000000, 1.000000000000000000 ) ) ;
#2201 = PLANE ( 'NONE',  #1530 ) ;
#2202 = ORIENTED_EDGE ( 'NONE', *, *, #1785, .T. ) ;
#2203 = CARTESIAN_POINT ( 'NONE',  ( -5.178907482225809211, 4.199999999999997513, -4.500000000000000000 ) ) ;
#2204 = PRESENTATION_STYLE_ASSIGNMENT (( #1876 ) ) ;
#2205 = LINE ( 'NONE', #3315, #2191 ) ;
#2206 = VERTEX_POINT ( 'NONE', #1421 ) ;
#2207 = LINE ( 'NONE', #2265, #3240 ) ;
#2208 = CARTESIAN_POINT ( 'NONE',  ( -5.178907482225810099, 7.799999999999998046, -4.500000000000000000 ) ) ;
#2209 = ORIENTED_EDGE ( 'NONE', *, *, #2038, .F. ) ;
#2210 = ORIENTED_EDGE ( 'NONE', *, *, #1797, .T. ) ;
#2211 = VERTEX_POINT ( 'NONE', #3604 ) ;
#2212 = DIRECTION ( 'NONE',  ( -0.0000000000000000000, -0.0000000000000000000, -1.000000000000000000 ) ) ;
#2213 = DIRECTION ( 'NONE',  ( -0.0000000000000000000, -0.0000000000000000000, 1.000000000000000000 ) ) ;
#2214 =( NAMED_UNIT ( * ) SI_UNIT ( $, .STERADIAN. ) SOLID_ANGLE_UNIT ( ) );
#2215 = ORIENTED_EDGE ( 'NONE', *, *, #3328, .F. ) ;
#2216 = EDGE_CURVE ( 'NONE', #3023, #1135, #2682, .T. ) ;
#2217 = ORIENTED_EDGE ( 'NONE', *, *, #1363, .F. ) ;
#2218 = DIRECTION ( 'NONE',  ( -0.0000000000000000000, 0.0000000000000000000, 1.000000000000000000 ) ) ;
#2219 =( NAMED_UNIT ( * ) PLANE_ANGLE_UNIT ( ) SI_UNIT ( $, .RADIAN. ) );
#2220 = UNCERTAINTY_MEASURE_WITH_UNIT (LENGTH_MEASURE( 1.000000000000000082E-05 ), #3105, 'distance_accuracy_value', 'NONE');
#2221 = ORIENTED_EDGE ( 'NONE', *, *, #3156, .T. ) ;
#2222 = SURFACE_STYLE_USAGE ( .BOTH. , #1652 ) ;
#2223 = COLOUR_RGB ( '',0.8588235294117646523, 0.8588235294117646523, 0.8588235294117646523 ) ;
#2224 = CARTESIAN_POINT ( 'NONE',  ( -2.425000000000001155, -4.174999999999999822, -5.400024999999999409 ) ) ;
#2225 = ORIENTED_EDGE ( 'NONE', *, *, #1319, .F. ) ;
#2226 = STYLED_ITEM ( 'NONE', ( #2056 ), #520 ) ;
#2227 = ORIENTED_EDGE ( 'NONE', *, *, #3340, .T. ) ;
#2228 = DIRECTION ( 'NONE',  ( -1.000000000000000000, -3.410973126920687487E-16, 0.0000000000000000000 ) ) ;
#2229 = DIRECTION ( 'NONE',  ( -4.527548582486291212E-16, 0.6220390514314998454, 0.7829862185851037548 ) ) ;
#2230 = DIRECTION ( 'NONE',  ( -0.0000000000000000000, -0.0000000000000000000, 1.000000000000000000 ) ) ;
#2231 = PRESENTATION_STYLE_ASSIGNMENT (( #1101 ) ) ;
#2232 = EDGE_LOOP ( 'NONE', ( #1313, #3233, #733, #3008 ) ) ;
#2233 = FACE_OUTER_BOUND ( 'NONE', #2185, .T. ) ;
#2234 = CARTESIAN_POINT ( 'NONE',  ( -2.425000000000000266, -6.650000000000005684, -4.500000000000000000 ) ) ;
#2235 =( NAMED_UNIT ( * ) SI_UNIT ( $, .STERADIAN. ) SOLID_ANGLE_UNIT ( ) );
#2236 = CARTESIAN_POINT ( 'NONE',  ( -2.169999999999999485, 3.075000000000000622, -14.90000000000000036 ) ) ;
#2237 = EDGE_CURVE ( 'NONE', #2718, #3419, #317, .T. ) ;
#2238 = CIRCLE ( 'NONE', #3166, 0.7000000000000000666 ) ;
#2239 = EDGE_CURVE ( 'NONE', #1715, #564, #1979, .T. ) ;
#2240 = SURFACE_STYLE_USAGE ( .BOTH. , #33 ) ;
#2241 = AXIS2_PLACEMENT_3D ( 'NONE', #3194, #3448, #1223 ) ;
#2242 = EDGE_CURVE ( 'NONE', #2711, #1338, #3378, .T. ) ;
#2243 = EDGE_LOOP ( 'NONE', ( #2490, #1025, #3570, #220 ) ) ;
#2244 = ORIENTED_EDGE ( 'NONE', *, *, #2676, .F. ) ;
#2245 = EDGE_CURVE ( 'NONE', #2541, #273, #1441, .T. ) ;
#2246 = VECTOR ( 'NONE', #3200, 1000.000000000000000 ) ;
#2247 = LINE ( 'NONE', #1094, #2893 ) ;
#2248 = EDGE_CURVE ( 'NONE', #3038, #249, #1675, .T. ) ;
#2249 = PRESENTATION_LAYER_ASSIGNMENT (  '', '', ( #210 ) ) ;
#2250 = VECTOR ( 'NONE', #108, 1000.000000000000000 ) ;
#2251 = ORIENTED_EDGE ( 'NONE', *, *, #1060, .T. ) ;
#2252 = SURFACE_STYLE_FILL_AREA ( #2472 ) ;
#2253 = LINE ( 'NONE', #539, #3288 ) ;
#2254 = CARTESIAN_POINT ( 'NONE',  ( 9.225000000000001421, -6.650000000000001243, -5.399999999999999467 ) ) ;
#2255 = ORIENTED_EDGE ( 'NONE', *, *, #2199, .T. ) ;
#2256 = VECTOR ( 'NONE', #3264, 1000.000000000000000 ) ;
#2257 = ORIENTED_EDGE ( 'NONE', *, *, #618, .F. ) ;
#2258 = SURFACE_SIDE_STYLE ('',( #1026 ) ) ;
#2259 = FILL_AREA_STYLE ('',( #3329 ) ) ;
#2260 = DIRECTION ( 'NONE',  ( -0.0000000000000000000, -0.0000000000000000000, 1.000000000000000000 ) ) ;
#2261 = CARTESIAN_POINT ( 'NONE',  ( -2.425000000000001155, -4.174999999999999822, -5.400024999999999409 ) ) ;
#2262 = VERTEX_POINT ( 'NONE', #45 ) ;
#2263 = DIRECTION ( 'NONE',  ( 1.200500675416475772E-16, 1.000000000000000000, -0.0000000000000000000 ) ) ;
#2264 = EDGE_CURVE ( 'NONE', #126, #2483, #1705, .T. ) ;
#2265 = CARTESIAN_POINT ( 'NONE',  ( -3.199999999999997957, 4.199999999999997513, -1.917100174286742390E-16 ) ) ;
#2266 = DIRECTION ( 'NONE',  ( 1.000000000000000000, 0.0000000000000000000, 0.0000000000000000000 ) ) ;
#2267 = VERTEX_POINT ( 'NONE', #2800 ) ;
#2268 = B_SPLINE_CURVE_WITH_KNOTS ( 'NONE', 3,
 ( #2190, #2796, #3559, #2532 ),
 .UNSPECIFIED., .F., .F.,
 ( 4, 4 ),
 ( 0.0000000000000000000, 1.000000000000000000 ),
 .UNSPECIFIED. ) ;
#2269 =( LENGTH_UNIT ( ) NAMED_UNIT ( * ) SI_UNIT ( .MILLI., .METRE. ) );
#2270 = CARTESIAN_POINT ( 'NONE',  ( 6.424999999999998046, -3.074999999999999289, 0.0000000000000000000 ) ) ;
#2271 = CARTESIAN_POINT ( 'NONE',  ( -5.224999999999998757, -6.650000000000000355, -5.399999999999999467 ) ) ;
#2272 = DIRECTION ( 'NONE',  ( 0.0000000000000000000, -0.0000000000000000000, -1.000000000000000000 ) ) ;
#2273 = ORIENTED_EDGE ( 'NONE', *, *, #2674, .F. ) ;
#2274 = SURFACE_STYLE_USAGE ( .BOTH. , #1947 ) ;
#2275 = SURFACE_SIDE_STYLE ('',( #397 ) ) ;
#2276 = CARTESIAN_POINT ( 'NONE',  ( -3.200000000000001066, 6.725000000000001421, -7.888609052210115208E-32 ) ) ;
#2277 = EDGE_CURVE ( 'NONE', #2707, #320, #298, .T. ) ;
#2278 = LINE ( 'NONE', #363, #96 ) ;
#2279 = CARTESIAN_POINT ( 'NONE',  ( 2.575000000000000178, 0.0000000000000000000, 3.700000000000000178 ) ) ;
#2280 = DIRECTION ( 'NONE',  ( -6.002503377082377626E-17, -1.000000000000000000, 0.0000000000000000000 ) ) ;
#2281 = CARTESIAN_POINT ( 'NONE',  ( 6.263897465908910611, -3.074999999999999734, -0.01797318980192006907 ) ) ;
#2282 =( NAMED_UNIT ( * ) PLANE_ANGLE_UNIT ( ) SI_UNIT ( $, .RADIAN. ) );
#2283 = MECHANICAL_DESIGN_GEOMETRIC_PRESENTATION_REPRESENTATION (  '', ( #1864 ), #487 ) ;
#2284 = VECTOR ( 'NONE', #148, 1000.000000000000000 ) ;
#2285 = EDGE_CURVE ( 'NONE', #199, #1678, #2238, .T. ) ;
#2286 = ORIENTED_EDGE ( 'NONE', *, *, #1098, .F. ) ;
#2287 = AXIS2_PLACEMENT_3D ( 'NONE', #2505, #1668, #3122 ) ;
#2288 = EDGE_CURVE ( 'NONE', #1800, #448, #3323, .T. ) ;
#2289 = CARTESIAN_POINT ( 'NONE',  ( -3.730671790404080035, 4.125000000000000888, -1.179270645342404222 ) ) ;
#2290 = VECTOR ( 'NONE', #2772, 1000.000000000000000 ) ;
#2291 = VERTEX_POINT ( 'NONE', #2538 ) ;
#2292 =( NAMED_UNIT ( * ) SI_UNIT ( $, .STERADIAN. ) SOLID_ANGLE_UNIT ( ) );
#2293 = LINE ( 'NONE', #1998, #738 ) ;
#2294 = ORIENTED_EDGE ( 'NONE', *, *, #837, .F. ) ;
#2295 = PRESENTATION_STYLE_ASSIGNMENT (( #1968 ) ) ;
#2296 = DIRECTION ( 'NONE',  ( 0.0000000000000000000, -0.6220390514314998454, -0.7829862185851037548 ) ) ;
#2297 = PRESENTATION_STYLE_ASSIGNMENT (( #2879 ) ) ;
#2298 = CARTESIAN_POINT ( 'NONE',  ( 6.424999999999998046, -3.074999999999998845, -0.05391956940585442698 ) ) ;
#2299 = AXIS2_PLACEMENT_3D ( 'NONE', #447, #1565, #3256 ) ;
#2300 = CARTESIAN_POINT ( 'NONE',  ( -5.048843010350211102, -3.074999999999999734, -4.108540023000473163 ) ) ;
#2301 = COLOUR_RGB ( '',0.8588235294117646523, 0.8588235294117646523, 0.8588235294117646523 ) ;
#2302 = SURFACE_STYLE_FILL_AREA ( #2583 ) ;
#2303 = ORIENTED_EDGE ( 'NONE', *, *, #983, .F. ) ;
#2304 = DIRECTION ( 'NONE',  ( 3.154042683594194627E-16, 1.000000000000000000, -0.0000000000000000000 ) ) ;
#2305 = EDGE_CURVE ( 'NONE', #1800, #2126, #57, .T. ) ;
#2306 = CARTESIAN_POINT ( 'NONE',  ( -5.178907482225810099, -6.650000000000000355, -4.500000000000000000 ) ) ;
#2307 =( LENGTH_UNIT ( ) NAMED_UNIT ( * ) SI_UNIT ( .MILLI., .METRE. ) );
#2308 =( GEOMETRIC_REPRESENTATION_CONTEXT ( 3 ) GLOBAL_UNCERTAINTY_ASSIGNED_CONTEXT ( ( #427 ) ) GLOBAL_UNIT_ASSIGNED_CONTEXT ( ( #1132, #3110, #562 ) ) REPRESENTATION_CONTEXT ( 'NONE', 'WORKASPACE' ) );
#2309 = VERTEX_POINT ( 'NONE', #1370 ) ;
#2310 = PRESENTATION_LAYER_ASSIGNMENT (  '', '', ( #1488 ) ) ;
#2311 = DIRECTION ( 'NONE',  ( 1.000000000000000000, 0.0000000000000000000, 0.0000000000000000000 ) ) ;
#2312 = SURFACE_STYLE_FILL_AREA ( #1187 ) ;
#2313 = STYLED_ITEM ( 'NONE', ( #3015 ), #1585 ) ;
#2314 = SURFACE_STYLE_FILL_AREA ( #2058 ) ;
#2315 = EDGE_CURVE ( 'NONE', #2465, #2334, #641, .T. ) ;
#2316 = AXIS2_PLACEMENT_3D ( 'NONE', #3553, #781, #3279 ) ;
#2317 = LINE ( 'NONE', #364, #1005 ) ;
#2318 = EDGE_LOOP ( 'NONE', ( #1066, #2930, #1843 ) ) ;
#2319 = DIRECTION ( 'NONE',  ( 2.291228075969106264E-16, -0.6220390514314998454, -0.7829862185851037548 ) ) ;
#2320 = DIRECTION ( 'NONE',  ( 1.000000000000000000, -6.002503377082377626E-17, 0.0000000000000000000 ) ) ;
#2321 = DIRECTION ( 'NONE',  ( 3.154042683594194627E-16, 1.000000000000000000, -0.0000000000000000000 ) ) ;
#2322 = CARTESIAN_POINT ( 'NONE',  ( 9.225000000000001421, 7.799999999999997158, -4.929269377658070717 ) ) ;
#2323 = EDGE_LOOP ( 'NONE', ( #2606, #936, #842, #2972 ) ) ;
#2324 = SURFACE_STYLE_USAGE ( .BOTH. , #1200 ) ;
#2325 = SURFACE_SIDE_STYLE ('',( #1456 ) ) ;
#2326 = ORIENTED_EDGE ( 'NONE', *, *, #7, .T. ) ;
#2327 = CARTESIAN_POINT ( 'NONE',  ( 6.424999999999999822, -5.650000000000000355, -5.399999999999999467 ) ) ;
#2328 = DIRECTION ( 'NONE',  ( -1.000000000000000000, -3.410973126920687487E-16, 0.0000000000000000000 ) ) ;
#2329 = LINE ( 'NONE', #2279, #1738 ) ;
#2330 = SURFACE_STYLE_USAGE ( .BOTH. , #1231 ) ;
#2331 = DIRECTION ( 'NONE',  ( -0.0000000000000000000, -0.0000000000000000000, 1.000000000000000000 ) ) ;
#2332 = CARTESIAN_POINT ( 'NONE',  ( -2.425000000000000711, -5.650000000000000355, -14.59999999999999787 ) ) ;
#2333 = CARTESIAN_POINT ( 'NONE',  ( 5.500000000000000000, -2.174999999999999822, -4.500000000000000000 ) ) ;
#2334 = VERTEX_POINT ( 'NONE', #2838 ) ;
#2335 = CARTESIAN_POINT ( 'NONE',  ( 2.000000000000000444, 0.5749999999999991784, -14.59999999999999787 ) ) ;
#2336 = CIRCLE ( 'NONE', #2811, 1.899999999999999911 ) ;
#2337 = ORIENTED_EDGE ( 'NONE', *, *, #2823, .T. ) ;
#2338 = CIRCLE ( 'NONE', #2988, 9.360484467328069158 ) ;
#2339 = FILL_AREA_STYLE ('',( #1208 ) ) ;
#2340 = CARTESIAN_POINT ( 'NONE',  ( -3.199999999999997957, 4.125000000000000000, -2.168404344971008868E-16 ) ) ;
#2341 = AXIS2_PLACEMENT_3D ( 'NONE', #3377, #1455, #2050 ) ;
#2342 = DIRECTION ( 'NONE',  ( 0.0000000000000000000, 0.0000000000000000000, 1.000000000000000000 ) ) ;
#2343 = CARTESIAN_POINT ( 'NONE',  ( -5.224999999999998757, -6.650000000000000355, -6.299999999999998934 ) ) ;
#2344 = EDGE_CURVE ( 'NONE', #403, #2095, #2513, .T. ) ;
#2345 = SURFACE_STYLE_FILL_AREA ( #798 ) ;
#2346 = EDGE_CURVE ( 'NONE', #3360, #3419, #263, .T. ) ;
#2347 = DIRECTION ( 'NONE',  ( 0.0000000000000000000, -0.0000000000000000000, -1.000000000000000000 ) ) ;
#2348 = EDGE_CURVE ( 'NONE', #1566, #1800, #887, .T. ) ;
#2349 = PRESENTATION_LAYER_ASSIGNMENT (  '', '', ( #1769 ) ) ;
#2350 = VERTEX_POINT ( 'NONE', #1902 ) ;
#2351 = EDGE_CURVE ( 'NONE', #2993, #1107, #2253, .T. ) ;
#2352 = VECTOR ( 'NONE', #883, 1000.000000000000000 ) ;
#2353 = VECTOR ( 'NONE', #2263, 1000.000000000000000 ) ;
#2354 = SURFACE_SIDE_STYLE ('',( #3416 ) ) ;
#2355 =( NAMED_UNIT ( * ) SI_UNIT ( $, .STERADIAN. ) SOLID_ANGLE_UNIT ( ) );
#2356 = ORIENTED_EDGE ( 'NONE', *, *, #841, .F. ) ;
#2357 = UNCERTAINTY_MEASURE_WITH_UNIT (LENGTH_MEASURE( 1.000000000000000082E-05 ), #3204, 'distance_accuracy_value', 'NONE');
#2358 =( NAMED_UNIT ( * ) SI_UNIT ( $, .STERADIAN. ) SOLID_ANGLE_UNIT ( ) );
#2359 = CARTESIAN_POINT ( 'NONE',  ( 2.574999999999999734, 2.425000000000000266, 3.700000000000000178 ) ) ;
#2360 = AXIS2_PLACEMENT_3D ( 'NONE', #633, #22, #872 ) ;
#2361 = DIRECTION ( 'NONE',  ( 0.0000000000000000000, -0.0000000000000000000, -1.000000000000000000 ) ) ;
#2362 = EDGE_LOOP ( 'NONE', ( #760, #2054, #2574, #3043, #3567, #955, #1443, #2455 ) ) ;
#2363 = VECTOR ( 'NONE', #9, 1000.000000000000000 ) ;
#2364 =( NAMED_UNIT ( * ) SI_UNIT ( $, .STERADIAN. ) SOLID_ANGLE_UNIT ( ) );
#2365 = PRESENTATION_LAYER_ASSIGNMENT (  '', '', ( #2313 ) ) ;
#2366 = CARTESIAN_POINT ( 'NONE',  ( -1.906828780053867689, 1.725000000000000755, 0.0000000000000000000 ) ) ;
#2367 = DIRECTION ( 'NONE',  ( -1.000000000000000000, -0.0000000000000000000, -0.0000000000000000000 ) ) ;
#2368 = CARTESIAN_POINT ( 'NONE',  ( -5.224999999999998757, -6.650000000000000355, -5.399999999999999467 ) ) ;
#2369 = CARTESIAN_POINT ( 'NONE',  ( -0.0000000000000000000, 6.725000000000001421, 0.0000000000000000000 ) ) ;
#2370 = CARTESIAN_POINT ( 'NONE',  ( -3.200000000000001510, 7.419289525591095114, -2.312635970870159152 ) ) ;
#2371 = EDGE_LOOP ( 'NONE', ( #2388, #3033, #3080, #2500 ) ) ;
#2372 = SURFACE_STYLE_USAGE ( .BOTH. , #1845 ) ;
#2373 = SURFACE_SIDE_STYLE ('',( #1255 ) ) ;
#2374 = CARTESIAN_POINT ( 'NONE',  ( 2.575000000000000178, 0.0000000000000000000, 3.700000000000000178 ) ) ;
#2375 = CARTESIAN_POINT ( 'NONE',  ( -2.425000000000000711, -5.650000000000000355, -9.000000000000000000 ) ) ;
#2376 = EDGE_LOOP ( 'NONE', ( #3333, #2677, #1201, #631 ) ) ;
#2377 = DIRECTION ( 'NONE',  ( -1.000000000000000000, 1.239088197126291063E-16, 0.0000000000000000000 ) ) ;
#2378 = SURFACE_STYLE_USAGE ( .BOTH. , #3490 ) ;
#2379 = ORIENTED_EDGE ( 'NONE', *, *, #1518, .F. ) ;
#2380 = CARTESIAN_POINT ( 'NONE',  ( -2.425000000000000711, -5.650000000000000355, -5.399999999999999467 ) ) ;
#2381 = EDGE_CURVE ( 'NONE', #2133, #1299, #2763, .T. ) ;
#2382 = CARTESIAN_POINT ( 'NONE',  ( 2.574999999999999734, 1.149999999999999911, 3.700000000000000178 ) ) ;
#2383 = FILL_AREA_STYLE_COLOUR ( '', #82 ) ;
#2384 = CARTESIAN_POINT ( 'NONE',  ( -5.048843010350211102, -3.074999999999999734, -4.108540023000473163 ) ) ;
#2385 = ORIENTED_EDGE ( 'NONE', *, *, #182, .T. ) ;
#2386 = SURFACE_SIDE_STYLE ('',( #1281 ) ) ;
#2387 = MECHANICAL_DESIGN_GEOMETRIC_PRESENTATION_REPRESENTATION (  '', ( #2770 ), #468 ) ;
#2388 = ORIENTED_EDGE ( 'NONE', *, *, #3485, .T. ) ;
#2389 = ORIENTED_EDGE ( 'NONE', *, *, #548, .T. ) ;
#2390 = VERTEX_POINT ( 'NONE', #114 ) ;
#2391 = CARTESIAN_POINT ( 'NONE',  ( 6.424999999999776890, -3.269774822717860907, -0.05391956940580491797 ) ) ;
#2392 = ADVANCED_FACE ( 'NONE', ( #425 ), #1772, .F. ) ;
#2393 = CARTESIAN_POINT ( 'NONE',  ( 9.178907482225810099, -6.650000000000001243, -4.500000000000000000 ) ) ;
#2394 = EDGE_CURVE ( 'NONE', #1678, #1625, #142, .T. ) ;
#2395 = ORIENTED_EDGE ( 'NONE', *, *, #2846, .F. ) ;
#2396 = EDGE_CURVE ( 'NONE', #3519, #1600, #2913, .T. ) ;
#2397 = CARTESIAN_POINT ( 'NONE',  ( 4.500000000000000888, 5.724999999999998757, -14.90000000000000036 ) ) ;
#2398 = CARTESIAN_POINT ( 'NONE',  ( -5.178907482225810099, -5.458333333333333037, -4.500000000000000000 ) ) ;
#2399 = ORIENTED_EDGE ( 'NONE', *, *, #1320, .T. ) ;
#2400 = CARTESIAN_POINT ( 'NONE',  ( -5.048843010350209326, 3.224166666666658188, -4.108540023000467833 ) ) ;
#2401 = DIRECTION ( 'NONE',  ( -1.000000000000000000, -0.0000000000000000000, 0.0000000000000000000 ) ) ;
#2402 = STYLED_ITEM ( 'NONE', ( #647 ), #532 ) ;
#2403 = DIRECTION ( 'NONE',  ( -0.0000000000000000000, 0.0000000000000000000, 1.000000000000000000 ) ) ;
#2404 = FACE_OUTER_BOUND ( 'NONE', #2509, .T. ) ;
#2405 = CARTESIAN_POINT ( 'NONE',  ( 6.924999999999995381, 4.970495753229972620E-15, -1.802753480869460300E-30 ) ) ;
#2406 = ORIENTED_EDGE ( 'NONE', *, *, #2394, .F. ) ;
#2407 = ORIENTED_EDGE ( 'NONE', *, *, #983, .T. ) ;
#2408 = ORIENTED_EDGE ( 'NONE', *, *, #1211, .T. ) ;
#2409 = DIRECTION ( 'NONE',  ( -1.000000000000000000, 0.0000000000000000000, 0.0000000000000000000 ) ) ;
#2410 = LINE ( 'NONE', #2132, #2353 ) ;
#2411 = PRESENTATION_LAYER_ASSIGNMENT (  '', '', ( #494 ) ) ;
#2412 = VERTEX_POINT ( 'NONE', #2306 ) ;
#2413 = PRESENTATION_LAYER_ASSIGNMENT (  '', '', ( #3060 ) ) ;
#2414 = VECTOR ( 'NONE', #446, 1000.000000000000000 ) ;
#2415 = ADVANCED_FACE ( 'NONE', ( #355 ), #923, .T. ) ;
#2416 = UNCERTAINTY_MEASURE_WITH_UNIT (LENGTH_MEASURE( 1.000000000000000082E-05 ), #3220, 'distance_accuracy_value', 'NONE');
#2417 = LINE ( 'NONE', #2986, #3174 ) ;
#2418 = STYLED_ITEM ( 'NONE', ( #3459 ), #2769 ) ;
#2419 = VERTEX_POINT ( 'NONE', #1478 ) ;
#2420 = CARTESIAN_POINT ( 'NONE',  ( 2.575000000000000178, 0.0000000000000000000, 3.700000000000000178 ) ) ;
#2421 = VECTOR ( 'NONE', #745, 1000.000000000000000 ) ;
#2422 = DIRECTION ( 'NONE',  ( 1.000000000000000000, 2.940209281316621016E-16, 0.0000000000000000000 ) ) ;
#2423 =( LENGTH_UNIT ( ) NAMED_UNIT ( * ) SI_UNIT ( .MILLI., .METRE. ) );
#2424 = AXIS2_PLACEMENT_3D ( 'NONE', #2506, #1123, #608 ) ;
#2425 = DIRECTION ( 'NONE',  ( -3.154042683594194134E-16, -1.000000000000000000, 0.0000000000000000000 ) ) ;
#2426 = PLANE ( 'NONE',  #1604 ) ;
#2427 = COLOUR_RGB ( '',0.8588235294117646523, 0.8588235294117646523, 0.8588235294117646523 ) ;
#2428 = ORIENTED_EDGE ( 'NONE', *, *, #945, .T. ) ;
#2429 = ORIENTED_EDGE ( 'NONE', *, *, #1888, .F. ) ;
#2430 =( NAMED_UNIT ( * ) SI_UNIT ( $, .STERADIAN. ) SOLID_ANGLE_UNIT ( ) );
#2431 = VERTEX_POINT ( 'NONE', #2608 ) ;
#2432 = PRESENTATION_LAYER_ASSIGNMENT (  '', '', ( #3242 ) ) ;
#2433 = DIRECTION ( 'NONE',  ( -1.700709290173340163E-16, -1.000000000000000000, 0.0000000000000000000 ) ) ;
#2434 = DIRECTION ( 'NONE',  ( 0.9119215051751063950, 0.0000000000000000000, 0.4103646773287981109 ) ) ;
#2435 = AXIS2_PLACEMENT_3D ( 'NONE', #1616, #3299, #3281 ) ;
#2436 = CARTESIAN_POINT ( 'NONE',  ( 9.225000000000001421, -6.650000000000001243, -4.929269377658066276 ) ) ;
#2437 = ADVANCED_FACE ( 'NONE', ( #98 ), #3160, .F. ) ;
#2438 = ORIENTED_EDGE ( 'NONE', *, *, #3463, .F. ) ;
#2439 = CYLINDRICAL_SURFACE ( 'NONE', #197, 0.3499999999999996447 ) ;
#2440 = DIRECTION ( 'NONE',  ( -1.000000000000000000, -3.410973126920687487E-16, 0.0000000000000000000 ) ) ;
#2441 = EDGE_LOOP ( 'NONE', ( #1176, #1863, #2599, #3289, #792, #3144 ) ) ;
#2442 = DIRECTION ( 'NONE',  ( 0.0000000000000000000, 1.000000000000000000, -0.0000000000000000000 ) ) ;
#2443 = CARTESIAN_POINT ( 'NONE',  ( -1.906828780053867911, -3.074999999999999734, 0.0000000000000000000 ) ) ;
#2444 = DIRECTION ( 'NONE',  ( 1.000000000000000000, -6.002503377082377626E-17, 0.0000000000000000000 ) ) ;
#2445 = EDGE_CURVE ( 'NONE', #1598, #832, #2928, .T. ) ;
#2446 =( NAMED_UNIT ( * ) PLANE_ANGLE_UNIT ( ) SI_UNIT ( $, .RADIAN. ) );
#2447 = CARTESIAN_POINT ( 'NONE',  ( 8.349999999999999645, -6.175000000000001599, -11.29999999999999893 ) ) ;
#2448 = ORIENTED_EDGE ( 'NONE', *, *, #279, .T. ) ;
#2449 = FACE_OUTER_BOUND ( 'NONE', #1671, .T. ) ;
#2450 = PLANE ( 'NONE',  #1853 ) ;
#2451 = DIRECTION ( 'NONE',  ( 0.0000000000000000000, 0.0000000000000000000, -1.000000000000000000 ) ) ;
#2452 = VERTEX_POINT ( 'NONE', #2436 ) ;
#2453 = CARTESIAN_POINT ( 'NONE',  ( -1.906828780053867911, -3.074999999999999734, 0.0000000000000000000 ) ) ;
#2454 = FILL_AREA_STYLE_COLOUR ( '', #3010 ) ;
#2455 = ORIENTED_EDGE ( 'NONE', *, *, #1633, .T. ) ;
#2456 = TOROIDAL_SURFACE ( 'NONE', #2341, 1.200000000000000178, 0.6999999999999999556 ) ;
#2457 = VERTEX_POINT ( 'NONE', #1327 ) ;
#2458 = DIRECTION ( 'NONE',  ( 1.000000000000000000, 0.0000000000000000000, 0.0000000000000000000 ) ) ;
#2459 = SURFACE_STYLE_USAGE ( .BOTH. , #3593 ) ;
#2460 = CARTESIAN_POINT ( 'NONE',  ( -2.425000000351769991, -3.075000000000001510, -0.05391956948434514091 ) ) ;
#2461 = CARTESIAN_POINT ( 'NONE',  ( -3.730671790404080479, 7.214999999999997193, -1.179270645342404000 ) ) ;
#2462 = ORIENTED_EDGE ( 'NONE', *, *, #2381, .T. ) ;
#2463 =( GEOMETRIC_REPRESENTATION_CONTEXT ( 3 ) GLOBAL_UNCERTAINTY_ASSIGNED_CONTEXT ( ( #635 ) ) GLOBAL_UNIT_ASSIGNED_CONTEXT ( ( #1559, #1539, #156 ) ) REPRESENTATION_CONTEXT ( 'NONE', 'WORKASPACE' ) );
#2464 = ADVANCED_FACE ( 'NONE', ( #2088, #3254 ), #1286, .F. ) ;
#2465 = VERTEX_POINT ( 'NONE', #2393 ) ;
#2466 = EDGE_CURVE ( 'NONE', #42, #3347, #223, .T. ) ;
#2467 = FACE_OUTER_BOUND ( 'NONE', #849, .T. ) ;
#2468 = EDGE_CURVE ( 'NONE', #2492, #3070, #503, .T. ) ;
#2469 = LINE ( 'NONE', #1079, #3061 ) ;
#2470 = EDGE_CURVE ( 'NONE', #1185, #2291, #3548, .T. ) ;
#2471 = VERTEX_POINT ( 'NONE', #1848 ) ;
#2472 = FILL_AREA_STYLE ('',( #1640 ) ) ;
#2473 =( GEOMETRIC_REPRESENTATION_CONTEXT ( 3 ) GLOBAL_UNCERTAINTY_ASSIGNED_CONTEXT ( ( #3258 ) ) GLOBAL_UNIT_ASSIGNED_CONTEXT ( ( #2664, #1258, #3473 ) ) REPRESENTATION_CONTEXT ( 'NONE', 'WORKASPACE' ) );
#2474 = LINE ( 'NONE', #1275, #2421 ) ;
#2475 = DIRECTION ( 'NONE',  ( -1.000000000000000000, 6.002503377082377626E-17, 0.0000000000000000000 ) ) ;
#2476 = ORIENTED_EDGE ( 'NONE', *, *, #2277, .T. ) ;
#2477 = VECTOR ( 'NONE', #1767, 1000.000000000000000 ) ;
#2478 = EDGE_LOOP ( 'NONE', ( #2078, #3370, #1126, #746, #2748, #2137 ) ) ;
#2479 = PRESENTATION_STYLE_ASSIGNMENT (( #749 ) ) ;
#2480 = STYLED_ITEM ( 'NONE', ( #2861 ), #3009 ) ;
#2481 = LINE ( 'NONE', #1072, #3121 ) ;
#2482 = DIRECTION ( 'NONE',  ( 1.000000000000000000, 0.0000000000000000000, 0.0000000000000000000 ) ) ;
#2483 = VERTEX_POINT ( 'NONE', #3526 ) ;
#2484 = UNCERTAINTY_MEASURE_WITH_UNIT (LENGTH_MEASURE( 1.000000000000000082E-05 ), #3386, 'distance_accuracy_value', 'NONE');
#2485 = VECTOR ( 'NONE', #2765, 1000.000000000000000 ) ;
#2486 = AXIS2_PLACEMENT_3D ( 'NONE', #1108, #882, #3103 ) ;
#2487 = CARTESIAN_POINT ( 'NONE',  ( 7.238645917050990697, -6.175000000000001599, -11.29999999999999893 ) ) ;
#2488 = CARTESIAN_POINT ( 'NONE',  ( -1.500000000000000444, -2.174999999999999822, -5.000000000000000000 ) ) ;
#2489 = CIRCLE ( 'NONE', #3535, 1.200000000000000178 ) ;
#2490 = ORIENTED_EDGE ( 'NONE', *, *, #1731, .T. ) ;
#2491 = ORIENTED_EDGE ( 'NONE', *, *, #2396, .F. ) ;
#2492 = VERTEX_POINT ( 'NONE', #208 ) ;
#2493 = B_SPLINE_CURVE_WITH_KNOTS ( 'NONE', 2,
 ( #1670, #773, #2759 ),
 .UNSPECIFIED., .F., .F.,
 ( 3, 3 ),
 ( 0.0000000000000000000, 1.000000000000000000 ),
 .UNSPECIFIED. ) ;
#2494 = VECTOR ( 'NONE', #802, 1000.000000000000000 ) ;
#2495 = ORIENTED_EDGE ( 'NONE', *, *, #2740, .T. ) ;
#2496 = CARTESIAN_POINT ( 'NONE',  ( 1.425000000000000266, 1.149999999999999911, 3.700000000000000178 ) ) ;
#2497 = DIRECTION ( 'NONE',  ( -3.942553354492746982E-16, 1.000000000000000000, 0.0000000000000000000 ) ) ;
#2498 = DIRECTION ( 'NONE',  ( 0.0000000000000000000, 0.0000000000000000000, 1.000000000000000000 ) ) ;
#2499 = CARTESIAN_POINT ( 'NONE',  ( -1.819999999999999396, 3.075000000000000622, -14.90000000000000036 ) ) ;
#2500 = ORIENTED_EDGE ( 'NONE', *, *, #32, .T. ) ;
#2501 = LINE ( 'NONE', #3366, #2640 ) ;
#2502 =( NAMED_UNIT ( * ) PLANE_ANGLE_UNIT ( ) SI_UNIT ( $, .RADIAN. ) );
#2503 =( NAMED_UNIT ( * ) PLANE_ANGLE_UNIT ( ) SI_UNIT ( $, .RADIAN. ) );
#2504 = CARTESIAN_POINT ( 'NONE',  ( 0.8000000000000003775, 0.5749999999999991784, -14.59999999999999787 ) ) ;
#2505 = CARTESIAN_POINT ( 'NONE',  ( -4.349999999999999645, -6.175000000000001599, -11.29999999999999893 ) ) ;
#2506 = CARTESIAN_POINT ( 'NONE',  ( 9.225000000000001421, -6.650000000000001243, -6.299999999999998934 ) ) ;
#2507 = DIRECTION ( 'NONE',  ( -1.000000000000000000, -2.940209281316621016E-16, 0.0000000000000000000 ) ) ;
#2508 = ORIENTED_EDGE ( 'NONE', *, *, #1841, .T. ) ;
#2509 = EDGE_LOOP ( 'NONE', ( #2016, #1995, #2108, #2623 ) ) ;
#2510 = FACE_OUTER_BOUND ( 'NONE', #648, .T. ) ;
#2511 = ADVANCED_FACE ( 'NONE', ( #3560 ), #3287, .F. ) ;
#2512 = EDGE_CURVE ( 'NONE', #1308, #448, #790, .T. ) ;
#2513 = LINE ( 'NONE', #3309, #1872 ) ;
#2514 = SURFACE_STYLE_FILL_AREA ( #3109 ) ;
#2515 = LINE ( 'NONE', #2499, #913 ) ;
#2516 = ORIENTED_EDGE ( 'NONE', *, *, #3193, .T. ) ;
#2517 = EDGE_CURVE ( 'NONE', #3257, #14, #484, .T. ) ;
#2518 = EDGE_CURVE ( 'NONE', #2766, #2085, #2149, .T. ) ;
#2519 = CARTESIAN_POINT ( 'NONE',  ( 7.730671790404080923, 7.215000000000000746, -1.179270645342404000 ) ) ;
#2520 = FACE_OUTER_BOUND ( 'NONE', #3134, .T. ) ;
#2521 = CARTESIAN_POINT ( 'NONE',  ( 0.0000000000000000000, 0.0000000000000000000, -4.500000000000000000 ) ) ;
#2522 = CARTESIAN_POINT ( 'NONE',  ( -1.500000000000000444, -2.174999999999999822, -4.500000000000000000 ) ) ;
#2523 = ADVANCED_FACE ( 'NONE', ( #1582 ), #1829, .T. ) ;
#2524 = STYLED_ITEM ( 'NONE', ( #937 ), #791 ) ;
#2525 = FILL_AREA_STYLE ('',( #1393 ) ) ;
#2526 = UNCERTAINTY_MEASURE_WITH_UNIT (LENGTH_MEASURE( 1.000000000000000082E-05 ), #2580, 'distance_accuracy_value', 'NONE');
#2527 = EDGE_LOOP ( 'NONE', ( #201, #1966, #681, #1830 ) ) ;
#2528 = ORIENTED_EDGE ( 'NONE', *, *, #1764, .T. ) ;
#2529 = B_SPLINE_SURFACE_WITH_KNOTS ( 'NONE', 2, 3, ( 
 ( #1100, #650, #2855, #356 ),
 ( #2168, #2063, #3588, #1068 ),
 ( #3460, #2081, #172, #2175 ) ),
 .UNSPECIFIED., .F., .F., .F.,
 ( 3, 3 ),
 ( 4, 4 ),
 ( 0.0000000000000000000, 1.000000000000000000 ),
 ( -0.01517249999999999675, 0.0007224999999999999435 ),
 .UNSPECIFIED. ) ;
#2530 = CARTESIAN_POINT ( 'NONE',  ( 6.924999999999998934, -6.660000000000002807, -0.2437088524045548654 ) ) ;
#2531 = PRESENTATION_LAYER_ASSIGNMENT (  '', '', ( #485 ) ) ;
#2532 = CARTESIAN_POINT ( 'NONE',  ( -5.178907482225810099, 7.799999999999998046, -4.500000000000000000 ) ) ;
#2533 = CIRCLE ( 'NONE', #888, 0.3499999999999996447 ) ;
#2534 = ORIENTED_EDGE ( 'NONE', *, *, #2003, .T. ) ;
#2535 = EDGE_LOOP ( 'NONE', ( #1013, #354, #507, #2151 ) ) ;
#2536 = LINE ( 'NONE', #922, #3447 ) ;
#2537 = B_SPLINE_CURVE_WITH_KNOTS ( 'NONE', 3,
 ( #2645, #3536, #3280, #3478 ),
 .UNSPECIFIED., .F., .F.,
 ( 4, 4 ),
 ( 0.0000000000000000000, 1.000000000000000000 ),
 .UNSPECIFIED. ) ;
#2538 = CARTESIAN_POINT ( 'NONE',  ( -3.258120437188722462, -3.074999999999999734, -9.000000000000000000 ) ) ;
#2539 = CARTESIAN_POINT ( 'NONE',  ( -1.499999999999998668, 3.325000000000000622, -5.000000000000000000 ) ) ;
#2540 = CARTESIAN_POINT ( 'NONE',  ( 6.818750285228976082, 4.125000000000003553, -0.5896353226712020001 ) ) ;
#2541 = VERTEX_POINT ( 'NONE', #2696 ) ;
#2542 = SURFACE_STYLE_FILL_AREA ( #2259 ) ;
#2543 = CARTESIAN_POINT ( 'NONE',  ( 8.349999999999999645, 7.324999999999998401, -11.29999999999999893 ) ) ;
#2544 = AXIS2_PLACEMENT_3D ( 'NONE', #1484, #2916, #3423 ) ;
#2545 = PRESENTATION_LAYER_ASSIGNMENT (  '', '', ( #498 ) ) ;
#2546 = AXIS2_PLACEMENT_3D ( 'NONE', #67, #2192, #2812 ) ;
#2547 = VERTEX_POINT ( 'NONE', #180 ) ;
#2548 = CARTESIAN_POINT ( 'NONE',  ( 6.924999999999997158, -3.074999999999997957, -0.2437088524045562532 ) ) ;
#2549 =( GEOMETRIC_REPRESENTATION_CONTEXT ( 3 ) GLOBAL_UNCERTAINTY_ASSIGNED_CONTEXT ( ( #2683 ) ) GLOBAL_UNIT_ASSIGNED_CONTEXT ( ( #1617, #2503, #3611 ) ) REPRESENTATION_CONTEXT ( 'NONE', 'WORKASPACE' ) );
#2550 = CARTESIAN_POINT ( 'NONE',  ( -3.258120437188722462, -3.074999999999999734, -9.000000000000000000 ) ) ;
#2551 = AXIS2_PLACEMENT_3D ( 'NONE', #103, #1486, #3163 ) ;
#2552 = EDGE_LOOP ( 'NONE', ( #2857, #754, #2068, #2984 ) ) ;
#2553 = AXIS2_PLACEMENT_3D ( 'NONE', #857, #2804, #1408 ) ;
#2554 = ORIENTED_EDGE ( 'NONE', *, *, #682, .F. ) ;
#2555 = DIRECTION ( 'NONE',  ( 1.000000000000000000, -6.002503377082377626E-17, 0.0000000000000000000 ) ) ;
#2556 = VECTOR ( 'NONE', #898, 1000.000000000000000 ) ;
#2557 = EDGE_CURVE ( 'NONE', #3302, #2419, #2410, .T. ) ;
#2558 = CARTESIAN_POINT ( 'NONE',  ( 9.225000000000001421, 7.799999999999997158, -5.399999999999999467 ) ) ;
#2559 = ORIENTED_EDGE ( 'NONE', *, *, #528, .F. ) ;
#2560 = ORIENTED_EDGE ( 'NONE', *, *, #112, .F. ) ;
#2561 =( LENGTH_UNIT ( ) NAMED_UNIT ( * ) SI_UNIT ( .MILLI., .METRE. ) );
#2562 = DIRECTION ( 'NONE',  ( 0.0000000000000000000, 1.000000000000000000, -0.0000000000000000000 ) ) ;
#2563 = PRESENTATION_STYLE_ASSIGNMENT (( #3083 ) ) ;
#2564 = CARTESIAN_POINT ( 'NONE',  ( -2.925000000000000266, -6.650000000000000355, -4.500000000000000000 ) ) ;
#2565 = EDGE_CURVE ( 'NONE', #3419, #2133, #1683, .T. ) ;
#2566 = CARTESIAN_POINT ( 'NONE',  ( 2.574999999999999734, 2.425000000000000266, 3.700000000000000178 ) ) ;
#2567 = DIRECTION ( 'NONE',  ( 1.000000000000000000, 0.0000000000000000000, -0.0000000000000000000 ) ) ;
#2568 = PLANE ( 'NONE',  #23 ) ;
#2569 = EDGE_LOOP ( 'NONE', ( #2255, #1276, #741, #1085 ) ) ;
#2570 = DIRECTION ( 'NONE',  ( -4.336808689942006396E-16, 1.000000000000000000, 0.0000000000000000000 ) ) ;
#2571 = DIRECTION ( 'NONE',  ( -0.0000000000000000000, -0.0000000000000000000, 1.000000000000000000 ) ) ;
#2572 = SURFACE_STYLE_USAGE ( .BOTH. , #1981 ) ;
#2573 = VERTEX_POINT ( 'NONE', #2548 ) ;
#2574 = ORIENTED_EDGE ( 'NONE', *, *, #2073, .F. ) ;
#2575 = SURFACE_SIDE_STYLE ('',( #1444 ) ) ;
#2576 = FACE_OUTER_BOUND ( 'NONE', #572, .T. ) ;
#2577 = CARTESIAN_POINT ( 'NONE',  ( -1.499999999999998668, 3.325000000000000622, 0.0000000000000000000 ) ) ;
#2578 = EDGE_LOOP ( 'NONE', ( #2979, #3255, #720, #2840, #478 ) ) ;
#2579 = DIRECTION ( 'NONE',  ( 1.200500675416475772E-16, 1.000000000000000000, 0.0000000000000000000 ) ) ;
#2580 =( LENGTH_UNIT ( ) NAMED_UNIT ( * ) SI_UNIT ( .MILLI., .METRE. ) );
#2581 = EDGE_CURVE ( 'NONE', #2791, #3028, #3087, .T. ) ;
#2582 = FACE_OUTER_BOUND ( 'NONE', #462, .T. ) ;
#2583 = FILL_AREA_STYLE ('',( #402 ) ) ;
#2584 = EDGE_CURVE ( 'NONE', #278, #403, #1987, .T. ) ;
#2585 = ORIENTED_EDGE ( 'NONE', *, *, #2512, .T. ) ;
#2586 = CLOSED_SHELL ( 'NONE', ( #1959, #460, #575, #1129, #1270, #464, #119, #1990, #3217, #2464, #179, #1249, #1880, #31, #296, #409, #609, #750, #276, #1434, #1117, #2437, #3308, #3437, #2787, #3119, #2167, #2116, #3301, #1474 ) ) ;
#2587 = LINE ( 'NONE', #74, #597 ) ;
#2588 = VECTOR ( 'NONE', #1214, 1000.000000000000000 ) ;
#2589 = PRESENTATION_STYLE_ASSIGNMENT (( #3177 ) ) ;
#2590 = EDGE_CURVE ( 'NONE', #2573, #168, #3324, .T. ) ;
#2591 = ORIENTED_EDGE ( 'NONE', *, *, #1586, .T. ) ;
#2592 = DIRECTION ( 'NONE',  ( 1.000000000000000000, 0.0000000000000000000, -0.0000000000000000000 ) ) ;
#2593 = FILL_AREA_STYLE_COLOUR ( '', #902 ) ;
#2594 = CARTESIAN_POINT ( 'NONE',  ( 9.048843010350214655, -3.074999999999999734, -4.108540023000474051 ) ) ;
#2595 = FILL_AREA_STYLE_COLOUR ( '', #2427 ) ;
#2596 = B_SPLINE_CURVE_WITH_KNOTS ( 'NONE', 3,
 ( #961, #996, #2611, #3454 ),
 .UNSPECIFIED., .F., .F.,
 ( 4, 4 ),
 ( 0.0000000000000000000, 0.5454005475845105089 ),
 .UNSPECIFIED. ) ;
#2597 = CARTESIAN_POINT ( 'NONE',  ( 2.574999999999999734, 1.149999999999999911, 0.0000000000000000000 ) ) ;
#2598 = AXIS2_PLACEMENT_3D ( 'NONE', #3098, #411, #378 ) ;
#2599 = ORIENTED_EDGE ( 'NONE', *, *, #3107, .F. ) ;
#2600 = DIRECTION ( 'NONE',  ( 0.0000000000000000000, -0.0000000000000000000, -1.000000000000000000 ) ) ;
#2601 = COLOUR_RGB ( '',0.8588235294117646523, 0.8588235294117646523, 0.8588235294117646523 ) ;
#2602 = CARTESIAN_POINT ( 'NONE',  ( 6.424999999999998046, -3.074999999999998845, -0.05391956940585442698 ) ) ;
#2603 = SURFACE_STYLE_FILL_AREA ( #2852 ) ;
#2604 = B_SPLINE_CURVE_WITH_KNOTS ( 'NONE', 3,
 ( #531, #492, #475, #1334 ),
 .UNSPECIFIED., .F., .F.,
 ( 4, 4 ),
 ( 0.0000000000000000000, 1.000000000000000000 ),
 .UNSPECIFIED. ) ;
#2605 = STYLED_ITEM ( 'NONE', ( #2204 ), #2894 ) ;
#2606 = ORIENTED_EDGE ( 'NONE', *, *, #2740, .F. ) ;
#2607 = DIRECTION ( 'NONE',  ( -6.002503377082377626E-17, -1.000000000000000000, 0.0000000000000000000 ) ) ;
#2608 = CARTESIAN_POINT ( 'NONE',  ( 3.900000000000000799, 0.5749999999999991784, -11.29999999999999893 ) ) ;
#2609 =( GEOMETRIC_REPRESENTATION_CONTEXT ( 3 ) GLOBAL_UNCERTAINTY_ASSIGNED_CONTEXT ( ( #2357 ) ) GLOBAL_UNIT_ASSIGNED_CONTEXT ( ( #3204, #1350, #526 ) ) REPRESENTATION_CONTEXT ( 'NONE', 'WORKASPACE' ) );
#2610 = VERTEX_POINT ( 'NONE', #1700 ) ;
#2611 = CARTESIAN_POINT ( 'NONE',  ( 7.269162070220026806, -3.074999999999999734, -0.4386334772163968387 ) ) ;
#2612 = PLANE ( 'NONE',  #3351 ) ;
#2613 = CARTESIAN_POINT ( 'NONE',  ( 7.200000000000000178, 0.0000000000000000000, -4.500000000000000000 ) ) ;
#2614 =( GEOMETRIC_REPRESENTATION_CONTEXT ( 3 ) GLOBAL_UNCERTAINTY_ASSIGNED_CONTEXT ( ( #1339 ) ) GLOBAL_UNIT_ASSIGNED_CONTEXT ( ( #1874, #2702, #1572 ) ) REPRESENTATION_CONTEXT ( 'NONE', 'WORKASPACE' ) );
#2615 = DIRECTION ( 'NONE',  ( 0.0000000000000000000, 4.877114525526559977E-16, 1.000000000000000000 ) ) ;
#2616 = FILL_AREA_STYLE ('',( #121 ) ) ;
#2617 = LINE ( 'NONE', #1766, #2955 ) ;
#2618 = CARTESIAN_POINT ( 'NONE',  ( -2.425000000000000711, -5.650000000000000355, -4.500000000000000000 ) ) ;
#2619 = LINE ( 'NONE', #2333, #2166 ) ;
#2620 = ORIENTED_EDGE ( 'NONE', *, *, #1361, .F. ) ;
#2621 = DIRECTION ( 'NONE',  ( -1.000000000000000000, -2.940209281316621016E-16, 0.0000000000000000000 ) ) ;
#2622 = PLANE ( 'NONE',  #3237 ) ;
#2623 = ORIENTED_EDGE ( 'NONE', *, *, #2351, .T. ) ;
#2624 = EDGE_CURVE ( 'NONE', #630, #3497, #3290, .T. ) ;
#2625 = ADVANCED_FACE ( 'NONE', ( #311 ), #87, .F. ) ;
#2626 = PLANE ( 'NONE',  #2544 ) ;
#2627 =( LENGTH_UNIT ( ) NAMED_UNIT ( * ) SI_UNIT ( .MILLI., .METRE. ) );
#2628 = EDGE_CURVE ( 'NONE', #3347, #711, #1808, .T. ) ;
#2629 = ADVANCED_FACE ( 'NONE', ( #2848 ), #917, .F. ) ;
#2630 = PRESENTATION_STYLE_ASSIGNMENT (( #879 ) ) ;
#2631 = FACE_OUTER_BOUND ( 'NONE', #1549, .T. ) ;
#2632 = FACE_OUTER_BOUND ( 'NONE', #662, .T. ) ;
#2633 = DIRECTION ( 'NONE',  ( -0.0000000000000000000, -0.0000000000000000000, -1.000000000000000000 ) ) ;
#2634 = CARTESIAN_POINT ( 'NONE',  ( 6.424999999999999822, -5.650000000000000355, -9.000000000000000000 ) ) ;
#2635 = ORIENTED_EDGE ( 'NONE', *, *, #186, .F. ) ;
#2636 = AXIS2_PLACEMENT_3D ( 'NONE', #3431, #3444, #935 ) ;
#2637 = FILL_AREA_STYLE ('',( #3502 ) ) ;
#2638 = COLOUR_RGB ( '',0.8588235294117646523, 0.8588235294117646523, 0.8588235294117646523 ) ;
#2639 = ORIENTED_EDGE ( 'NONE', *, *, #3576, .T. ) ;
#2640 = VECTOR ( 'NONE', #230, 1000.000000000000000 ) ;
#2641 = SURFACE_SIDE_STYLE ('',( #2663 ) ) ;
#2642 = DIRECTION ( 'NONE',  ( 0.0000000000000000000, 0.0000000000000000000, 1.000000000000000000 ) ) ;
#2643 = ORIENTED_EDGE ( 'NONE', *, *, #3546, .F. ) ;
#2644 = PRESENTATION_LAYER_ASSIGNMENT (  '', '', ( #128 ) ) ;
#2645 = CARTESIAN_POINT ( 'NONE',  ( -5.224999999999998757, -6.650000000000000355, -4.929269377658068052 ) ) ;
#2646 = FACE_OUTER_BOUND ( 'NONE', #1011, .T. ) ;
#2647 = DIRECTION ( 'NONE',  ( 0.0000000000000000000, 0.0000000000000000000, 1.000000000000000000 ) ) ;
#2648 = CARTESIAN_POINT ( 'NONE',  ( 6.424999999999998046, -3.075000000000001066, -4.500000000000000000 ) ) ;
#2649 = VERTEX_POINT ( 'NONE', #1194 ) ;
#2650 = STYLED_ITEM ( 'NONE', ( #1515 ), #2104 ) ;
#2651 = LINE ( 'NONE', #2943, #1480 ) ;
#2652 = SURFACE_STYLE_USAGE ( .BOTH. , #1751 ) ;
#2653 =( GEOMETRIC_REPRESENTATION_CONTEXT ( 3 ) GLOBAL_UNCERTAINTY_ASSIGNED_CONTEXT ( ( #1567 ) ) GLOBAL_UNIT_ASSIGNED_CONTEXT ( ( #1202, #75, #2292 ) ) REPRESENTATION_CONTEXT ( 'NONE', 'WORKASPACE' ) );
#2654 = ORIENTED_EDGE ( 'NONE', *, *, #2517, .T. ) ;
#2655 = CARTESIAN_POINT ( 'NONE',  ( 6.424999999999776890, -3.074999999999999734, -0.05391956940580499430 ) ) ;
#2656 = CIRCLE ( 'NONE', #1076, 0.3500000000000000333 ) ;
#2657 = DIRECTION ( 'NONE',  ( 1.000000000000000000, -6.002503377082377626E-17, 0.0000000000000000000 ) ) ;
#2658 = LINE ( 'NONE', #3418, #3226 ) ;
#2659 = ORIENTED_EDGE ( 'NONE', *, *, #302, .T. ) ;
#2660 = MECHANICAL_DESIGN_GEOMETRIC_PRESENTATION_REPRESENTATION (  '', ( #2150 ), #3176 ) ;
#2661 = AXIS2_PLACEMENT_3D ( 'NONE', #1039, #270, #803 ) ;
#2662 = EDGE_CURVE ( 'NONE', #1628, #3038, #3139, .T. ) ;
#2663 = SURFACE_STYLE_FILL_AREA ( #960 ) ;
#2664 =( LENGTH_UNIT ( ) NAMED_UNIT ( * ) SI_UNIT ( .MILLI., .METRE. ) );
#2665 = VECTOR ( 'NONE', #1676, 1000.000000000000000 ) ;
#2666 = CARTESIAN_POINT ( 'NONE',  ( 9.225000000000001421, 7.799999999999997158, -5.399999999999999467 ) ) ;
#2667 = ORIENTED_EDGE ( 'NONE', *, *, #2071, .T. ) ;
#2668 =( NAMED_UNIT ( * ) PLANE_ANGLE_UNIT ( ) SI_UNIT ( $, .RADIAN. ) );
#2669 = MECHANICAL_DESIGN_GEOMETRIC_PRESENTATION_REPRESENTATION (  '', ( #3242 ), #863 ) ;
#2670 = CARTESIAN_POINT ( 'NONE',  ( -2.425000000351769991, -3.075000000000001510, -0.05391956948434514091 ) ) ;
#2671 = CARTESIAN_POINT ( 'NONE',  ( 7.200000000000000178, 7.317602538639276233, -0.4118715224631687155 ) ) ;
#2672 = AXIS2_PLACEMENT_3D ( 'NONE', #482, #1579, #177 ) ;
#2673 = CARTESIAN_POINT ( 'NONE',  ( -2.169999999999999485, 3.075000000000000622, -14.90000000000000036 ) ) ;
#2674 = EDGE_CURVE ( 'NONE', #1703, #2757, #555, .T. ) ;
#2675 = FACE_OUTER_BOUND ( 'NONE', #2569, .T. ) ;
#2676 = EDGE_CURVE ( 'NONE', #699, #2206, #2771, .T. ) ;
#2677 = ORIENTED_EDGE ( 'NONE', *, *, #170, .T. ) ;
#2678 = ORIENTED_EDGE ( 'NONE', *, *, #3037, .F. ) ;
#2679 = CARTESIAN_POINT ( 'NONE',  ( -5.149563577662592984, 4.199999999999998401, -4.366506111675532154 ) ) ;
#2680 =( NAMED_UNIT ( * ) PLANE_ANGLE_UNIT ( ) SI_UNIT ( $, .RADIAN. ) );
#2681 = ORIENTED_EDGE ( 'NONE', *, *, #1158, .T. ) ;
#2682 = B_SPLINE_CURVE_WITH_KNOTS ( 'NONE', 3,
 ( #2820, #2789, #1130, #281 ),
 .UNSPECIFIED., .F., .F.,
 ( 4, 4 ),
 ( 0.0000000000000000000, 1.000000000000000000 ),
 .UNSPECIFIED. ) ;
#2683 = UNCERTAINTY_MEASURE_WITH_UNIT (LENGTH_MEASURE( 1.000000000000000082E-05 ), #1617, 'distance_accuracy_value', 'NONE');
#2684 = FACE_OUTER_BOUND ( 'NONE', #643, .T. ) ;
#2685 = VERTEX_POINT ( 'NONE', #932 ) ;
#2686 = CARTESIAN_POINT ( 'NONE',  ( 9.106208753704059689, -3.074999999999999734, -4.236019452675687802 ) ) ;
#2687 = DIRECTION ( 'NONE',  ( -1.200500675416475772E-16, -1.000000000000000000, 0.0000000000000000000 ) ) ;
#2688 =( NAMED_UNIT ( * ) SI_UNIT ( $, .STERADIAN. ) SOLID_ANGLE_UNIT ( ) );
#2689 = FACE_OUTER_BOUND ( 'NONE', #3246, .T. ) ;
#2690 = PLANE ( 'NONE',  #1219 ) ;
#2691 = ORIENTED_EDGE ( 'NONE', *, *, #1012, .F. ) ;
#2692 = ORIENTED_EDGE ( 'NONE', *, *, #2381, .F. ) ;
#2693 = EDGE_LOOP ( 'NONE', ( #2898, #2438, #3312, #3225 ) ) ;
#2694 = EDGE_CURVE ( 'NONE', #2760, #2457, #2469, .T. ) ;
#2695 = PLANE ( 'NONE',  #2672 ) ;
#2696 = CARTESIAN_POINT ( 'NONE',  ( -2.425000000000001155, -4.174999999999999822, -4.500000000000000000 ) ) ;
#2697 = ORIENTED_EDGE ( 'NONE', *, *, #1687, .F. ) ;
#2698 = PRESENTATION_STYLE_ASSIGNMENT (( #761 ) ) ;
#2699 = VERTEX_POINT ( 'NONE', #171 ) ;
#2700 =( LENGTH_UNIT ( ) NAMED_UNIT ( * ) SI_UNIT ( .MILLI., .METRE. ) );
#2701 = PRESENTATION_STYLE_ASSIGNMENT (( #1857 ) ) ;
#2702 =( NAMED_UNIT ( * ) PLANE_ANGLE_UNIT ( ) SI_UNIT ( $, .RADIAN. ) );
#2703 = PRESENTATION_LAYER_ASSIGNMENT (  '', '', ( #2226 ) ) ;
#2704 = CARTESIAN_POINT ( 'NONE',  ( 6.924999999999998934, -3.074999999999998845, 0.0000000000000000000 ) ) ;
#2705 = ADVANCED_FACE ( 'NONE', ( #693 ), #3245, .F. ) ;
#2706 = VERTEX_POINT ( 'NONE', #456 ) ;
#2707 = VERTEX_POINT ( 'NONE', #2098 ) ;
#2708 = CARTESIAN_POINT ( 'NONE',  ( 1.425000000000000266, 0.0000000000000000000, 3.700000000000000178 ) ) ;
#2709 = DIRECTION ( 'NONE',  ( 0.0000000000000000000, 1.000000000000000000, 0.0000000000000000000 ) ) ;
#2710 = CARTESIAN_POINT ( 'NONE',  ( 5.500000000000000000, 3.324999999999999734, -5.000000000000000000 ) ) ;
#2711 = VERTEX_POINT ( 'NONE', #1263 ) ;
#2712 = AXIS2_PLACEMENT_3D ( 'NONE', #599, #1677, #1423 ) ;
#2713 = PRESENTATION_LAYER_ASSIGNMENT (  '', '', ( #1702 ) ) ;
#2714 = ORIENTED_EDGE ( 'NONE', *, *, #1541, .T. ) ;
#2715 = CARTESIAN_POINT ( 'NONE',  ( -4.349999999999999645, 7.324999999999999289, -11.29999999999999893 ) ) ;
#2716 = PRESENTATION_STYLE_ASSIGNMENT (( #1891 ) ) ;
#2717 = AXIS2_PLACEMENT_3D ( 'NONE', #719, #979, #2361 ) ;
#2718 = VERTEX_POINT ( 'NONE', #2343 ) ;
#2719 = CARTESIAN_POINT ( 'NONE',  ( -2.425000000000000711, -5.650000000000000355, -9.000000000000000000 ) ) ;
#2720 = STYLED_ITEM ( 'NONE', ( #2716 ), #3213 ) ;
#2721 = PLANE ( 'NONE',  #12 ) ;
#2722 = CARTESIAN_POINT ( 'NONE',  ( 1.425000000000000488, 2.425000000000000266, 0.0000000000000000000 ) ) ;
#2723 = CARTESIAN_POINT ( 'NONE',  ( 2.574999999999999734, 1.149999999999999911, 3.700000000000000178 ) ) ;
#2724 = CARTESIAN_POINT ( 'NONE',  ( 7.199999999999999289, 7.214999999999999858, 2.168404344971008868E-16 ) ) ;
#2725 = EDGE_LOOP ( 'NONE', ( #2732, #2303, #2983, #584 ) ) ;
#2726 = VECTOR ( 'NONE', #2442, 1000.000000000000000 ) ;
#2727 = PRODUCT_DEFINITION_SHAPE ( 'NONE', 'NONE',  #145 ) ;
#2728 = PRESENTATION_STYLE_ASSIGNMENT (( #2372 ) ) ;
#2729 = SURFACE_STYLE_FILL_AREA ( #501 ) ;
#2730 = COLOUR_RGB ( '',0.6196078431372549211, 0.4117647058823529216, 0.2000000000000000111 ) ;
#2731 = DIRECTION ( 'NONE',  ( -1.000000000000000000, 0.0000000000000000000, -0.0000000000000000000 ) ) ;
#2732 = ORIENTED_EDGE ( 'NONE', *, *, #2850, .T. ) ;
#2733 = CARTESIAN_POINT ( 'NONE',  ( -2.519999999999999574, 3.075000000000000622, -14.90000000000000036 ) ) ;
#2734 = CARTESIAN_POINT ( 'NONE',  ( -5.178907482225810099, -4.266666666666665719, -4.500000000000000000 ) ) ;
#2735 = ORIENTED_EDGE ( 'NONE', *, *, #36, .F. ) ;
#2736 = EDGE_CURVE ( 'NONE', #2547, #176, #1540, .T. ) ;
#2737 = LINE ( 'NONE', #1893, #1230 ) ;
#2738 = SURFACE_STYLE_FILL_AREA ( #782 ) ;
#2739 = ADVANCED_FACE ( 'NONE', ( #673 ), #1019, .F. ) ;
#2740 = EDGE_CURVE ( 'NONE', #921, #1578, #1817, .T. ) ;
#2741 = CARTESIAN_POINT ( 'NONE',  ( -3.199999999999998401, 7.214999999999998082, -2.168404344971008868E-16 ) ) ;
#2742 = ORIENTED_EDGE ( 'NONE', *, *, #864, .F. ) ;
#2743 = ORIENTED_EDGE ( 'NONE', *, *, #3244, .F. ) ;
#2744 = EDGE_CURVE ( 'NONE', #1269, #1625, #1078, .T. ) ;
#2745 = FILL_AREA_STYLE_COLOUR ( '', #2960 ) ;
#2746 = PRESENTATION_LAYER_ASSIGNMENT (  '', '', ( #2770 ) ) ;
#2747 = CARTESIAN_POINT ( 'NONE',  ( 6.924999999999998934, -3.074999999999998845, 0.0000000000000000000 ) ) ;
#2748 = ORIENTED_EDGE ( 'NONE', *, *, #1464, .F. ) ;
#2749 = CARTESIAN_POINT ( 'NONE',  ( -2.925000000000001599, -3.075000000000001510, -0.2437088524045597226 ) ) ;
#2750 = DIRECTION ( 'NONE',  ( 0.0000000000000000000, 0.0000000000000000000, -1.000000000000000000 ) ) ;
#2751 = LINE ( 'NONE', #245, #2891 ) ;
#2752 = ORIENTED_EDGE ( 'NONE', *, *, #2216, .F. ) ;
#2753 = AXIS2_PLACEMENT_3D ( 'NONE', #1368, #1887, #851 ) ;
#2754 = ORIENTED_EDGE ( 'NONE', *, *, #1727, .T. ) ;
#2755 = CARTESIAN_POINT ( 'NONE',  ( -2.263897466160754934, -3.074999999999999734, -0.01797318982812676907 ) ) ;
#2756 = STYLED_ITEM ( 'NONE', ( #2295 ), #460 ) ;
#2757 = VERTEX_POINT ( 'NONE', #434 ) ;
#2758 = CARTESIAN_POINT ( 'NONE',  ( -2.425000000351769991, -3.117836102361307482, -0.05391956948434512009 ) ) ;
#2759 = CARTESIAN_POINT ( 'NONE',  ( -2.925000000000001599, -3.075000000000001510, -0.2437088524045597226 ) ) ;
#2760 = VERTEX_POINT ( 'NONE', #2881 ) ;
#2761 = CARTESIAN_POINT ( 'NONE',  ( 2.000000000000000444, 0.5749999999999991784, -14.59999999999999787 ) ) ;
#2762 = VECTOR ( 'NONE', #188, 1000.000000000000000 ) ;
#2763 = LINE ( 'NONE', #938, #2181 ) ;
#2764 = DIRECTION ( 'NONE',  ( 1.200500675416475772E-16, 1.000000000000000000, 0.0000000000000000000 ) ) ;
#2765 = DIRECTION ( 'NONE',  ( 0.0000000000000000000, -1.000000000000000000, 0.0000000000000000000 ) ) ;
#2766 = VERTEX_POINT ( 'NONE', #3188 ) ;
#2767 = PRODUCT_DEFINITION_FORMATION_WITH_SPECIFIED_SOURCE ( 'ANY', '', #1951, .NOT_KNOWN. ) ;
#2768 = COLOUR_RGB ( '',0.8588235294117646523, 0.8588235294117646523, 0.8588235294117646523 ) ;
#2769 = ADVANCED_FACE ( 'NONE', ( #2646 ), #1215, .F. ) ;
#2770 = STYLED_ITEM ( 'NONE', ( #124 ), #1206 ) ;
#2771 = B_SPLINE_CURVE_WITH_KNOTS ( 'NONE', 3,
 ( #3151, #658, #808, #238 ),
 .UNSPECIFIED., .F., .F.,
 ( 4, 4 ),
 ( 0.4545994524620985966, 1.000000000000000000 ),
 .UNSPECIFIED. ) ;
#2772 = DIRECTION ( 'NONE',  ( -0.0000000000000000000, -0.0000000000000000000, 1.000000000000000000 ) ) ;
#2773 = FILL_AREA_STYLE ('',( #602 ) ) ;
#2774 = PRESENTATION_LAYER_ASSIGNMENT (  '', '', ( #2480 ) ) ;
#2775 = CARTESIAN_POINT ( 'NONE',  ( 0.0000000000000000000, 0.0000000000000000000, 0.0000000000000000000 ) ) ;
#2776 = VECTOR ( 'NONE', #3310, 1000.000000000000000 ) ;
#2777 = DIRECTION ( 'NONE',  ( -1.000000000000000000, -3.410973126920687487E-16, 0.0000000000000000000 ) ) ;
#2778 = UNCERTAINTY_MEASURE_WITH_UNIT (LENGTH_MEASURE( 1.000000000000000082E-05 ), #1235, 'distance_accuracy_value', 'NONE');
#2779 = PLANE ( 'NONE',  #2287 ) ;
#2780 = UNCERTAINTY_MEASURE_WITH_UNIT (LENGTH_MEASURE( 1.000000000000000082E-05 ), #2423, 'distance_accuracy_value', 'NONE');
#2781 = VECTOR ( 'NONE', #867, 1000.000000000000000 ) ;
#2782 = EDGE_CURVE ( 'NONE', #2610, #1558, #3283, .T. ) ;
#2783 = EDGE_CURVE ( 'NONE', #3617, #3482, #1296, .T. ) ;
#2784 = MECHANICAL_DESIGN_GEOMETRIC_PRESENTATION_REPRESENTATION (  '', ( #918 ), #1195 ) ;
#2785 = ORIENTED_EDGE ( 'NONE', *, *, #2285, .F. ) ;
#2786 = ORIENTED_EDGE ( 'NONE', *, *, #764, .F. ) ;
#2787 = ADVANCED_FACE ( 'NONE', ( #767 ), #1088, .F. ) ;
#2788 = AXIS2_PLACEMENT_3D ( 'NONE', #3045, #545, #2687 ) ;
#2789 = CARTESIAN_POINT ( 'NONE',  ( 9.048843010350212879, -0.6499999999999995781, -4.108540023000472274 ) ) ;
#2790 = CARTESIAN_POINT ( 'NONE',  ( -2.169999999999999485, 3.075000000000000622, -14.90000000000000036 ) ) ;
#2791 = VERTEX_POINT ( 'NONE', #231 ) ;
#2792 = CARTESIAN_POINT ( 'NONE',  ( 5.906828780053868577, 7.215000000000000746, 0.0000000000000000000 ) ) ;
#2793 = LINE ( 'NONE', #2234, #1638 ) ;
#2794 = CARTESIAN_POINT ( 'NONE',  ( -2.925000025903623513, -3.268613144007002980, -0.2437088672751774043 ) ) ;
#2795 = ORIENTED_EDGE ( 'NONE', *, *, #3374, .F. ) ;
#2796 = CARTESIAN_POINT ( 'NONE',  ( -5.224999999999996980, 7.799999999999998046, -4.782881900702103728 ) ) ;
#2797 = EDGE_CURVE ( 'NONE', #2020, #3491, #2604, .T. ) ;
#2798 = ORIENTED_EDGE ( 'NONE', *, *, #373, .T. ) ;
#2799 = DIRECTION ( 'NONE',  ( 1.000000000000000000, -1.700709290173340163E-16, 0.0000000000000000000 ) ) ;
#2800 = CARTESIAN_POINT ( 'NONE',  ( 5.500000000000000000, -2.174999999999999822, 0.0000000000000000000 ) ) ;
#2801 =( NAMED_UNIT ( * ) SI_UNIT ( $, .STERADIAN. ) SOLID_ANGLE_UNIT ( ) );
#2802 = DIRECTION ( 'NONE',  ( 0.0000000000000000000, -0.0000000000000000000, -1.000000000000000000 ) ) ;
#2803 = EDGE_LOOP ( 'NONE', ( #2257, #3278 ) ) ;
#2804 = DIRECTION ( 'NONE',  ( -6.829619984160658046E-17, -1.000000000000000000, 0.0000000000000000000 ) ) ;
#2805 = CARTESIAN_POINT ( 'NONE',  ( -2.424999999995458566, -3.075000000000000622, -0.05391956949626917905 ) ) ;
#2806 = DIRECTION ( 'NONE',  ( -1.000000000000000000, 0.0000000000000000000, 0.0000000000000000000 ) ) ;
#2807 = VECTOR ( 'NONE', #1939, 1000.000000000000000 ) ;
#2808 = CARTESIAN_POINT ( 'NONE',  ( -3.730671790404080479, 0.02833333333333463641, -1.179270645342404000 ) ) ;
#2809 = B_SPLINE_CURVE_WITH_KNOTS ( 'NONE', 3,
 ( #2602, #2281, #1178, #3140 ),
 .UNSPECIFIED., .F., .F.,
 ( 4, 4 ),
 ( 0.7861710695810044669, 1.000000000000000000 ),
 .UNSPECIFIED. ) ;
#2810 = ORIENTED_EDGE ( 'NONE', *, *, #2468, .F. ) ;
#2811 = AXIS2_PLACEMENT_3D ( 'NONE', #120, #672, #1501 ) ;
#2812 = DIRECTION ( 'NONE',  ( 0.0000000000000000000, 0.0000000000000000000, -1.000000000000000000 ) ) ;
#2813 = LINE ( 'NONE', #2189, #1082 ) ;
#2814 = MECHANICAL_DESIGN_GEOMETRIC_PRESENTATION_REPRESENTATION (  '', ( #127 ), #1064 ) ;
#2815 = EDGE_CURVE ( 'NONE', #2128, #240, #1538, .T. ) ;
#2816 =( NAMED_UNIT ( * ) SI_UNIT ( $, .STERADIAN. ) SOLID_ANGLE_UNIT ( ) );
#2817 = COLOUR_RGB ( '',0.8588235294117646523, 0.8588235294117646523, 0.8588235294117646523 ) ;
#2818 = ORIENTED_EDGE ( 'NONE', *, *, #2823, .F. ) ;
#2819 = FILL_AREA_STYLE ('',( #2870 ) ) ;
#2820 = CARTESIAN_POINT ( 'NONE',  ( 9.048843010350214655, -3.074999999999999734, -4.108540023000474051 ) ) ;
#2821 = FILL_AREA_STYLE_COLOUR ( '', #3520 ) ;
#2822 = ORIENTED_EDGE ( 'NONE', *, *, #1910, .T. ) ;
#2823 = EDGE_CURVE ( 'NONE', #3482, #2457, #2481, .T. ) ;
#2824 = FILL_AREA_STYLE_COLOUR ( '', #914 ) ;
#2825 = DIRECTION ( 'NONE',  ( 1.000000000000000000, -1.200500675416475772E-16, 0.0000000000000000000 ) ) ;
#2826 = LINE ( 'NONE', #1430, #3065 ) ;
#2827 = VECTOR ( 'NONE', #2200, 1000.000000000000000 ) ;
#2828 = VECTOR ( 'NONE', #1701, 1000.000000000000000 ) ;
#2829 = CARTESIAN_POINT ( 'NONE',  ( 0.0000000000000000000, 0.0000000000000000000, 0.0000000000000000000 ) ) ;
#2830 = VECTOR ( 'NONE', #1973, 1000.000000000000000 ) ;
#2831 = CARTESIAN_POINT ( 'NONE',  ( 6.425000000000000711, -6.650000000000003020, -4.500000000000000000 ) ) ;
#2832 = LINE ( 'NONE', #333, #2049 ) ;
#2833 = PRESENTATION_LAYER_ASSIGNMENT (  '', '', ( #1543 ) ) ;
#2834 = MECHANICAL_DESIGN_GEOMETRIC_PRESENTATION_REPRESENTATION (  '', ( #1488 ), #740 ) ;
#2835 = EDGE_LOOP ( 'NONE', ( #2176, #3000, #763, #1881 ) ) ;
#2836 = PRESENTATION_STYLE_ASSIGNMENT (( #3433 ) ) ;
#2837 = AXIS2_PLACEMENT_3D ( 'NONE', #2613, #1448, #640 ) ;
#2838 = CARTESIAN_POINT ( 'NONE',  ( 9.178907482225810099, -3.074999999999999734, -4.500000000000000000 ) ) ;
#2839 = DIRECTION ( 'NONE',  ( 0.0000000000000000000, 0.0000000000000000000, -1.000000000000000000 ) ) ;
#2840 = ORIENTED_EDGE ( 'NONE', *, *, #1056, .T. ) ;
#2841 = VECTOR ( 'NONE', #787, 1000.000000000000000 ) ;
#2842 = FILL_AREA_STYLE_COLOUR ( '', #624 ) ;
#2843 = CARTESIAN_POINT ( 'NONE',  ( -5.224999999999998757, -6.650000000000000355, -4.929269377658068052 ) ) ;
#2844 = LINE ( 'NONE', #307, #3584 ) ;
#2845 = EDGE_CURVE ( 'NONE', #176, #72, #3555, .T. ) ;
#2846 = EDGE_CURVE ( 'NONE', #1238, #1257, #1594, .T. ) ;
#2847 = PLANE ( 'NONE',  #3155 ) ;
#2848 = FACE_OUTER_BOUND ( 'NONE', #3582, .T. ) ;
#2849 = LINE ( 'NONE', #1157, #2250 ) ;
#2850 = EDGE_CURVE ( 'NONE', #1358, #1814, #1318, .T. ) ;
#2851 = PLANE ( 'NONE',  #84 ) ;
#2852 = FILL_AREA_STYLE ('',( #1220 ) ) ;
#2853 = ORIENTED_EDGE ( 'NONE', *, *, #1324, .T. ) ;
#2854 = SURFACE_STYLE_FILL_AREA ( #1163 ) ;
#2855 = CARTESIAN_POINT ( 'NONE',  ( 9.048843010350214655, 3.224166666666662628, -4.108540023000474939 ) ) ;
#2856 = FILL_AREA_STYLE_COLOUR ( '', #202 ) ;
#2857 = ORIENTED_EDGE ( 'NONE', *, *, #2782, .T. ) ;
#2858 = UNCERTAINTY_MEASURE_WITH_UNIT (LENGTH_MEASURE( 1.000000000000000082E-05 ), #61, 'distance_accuracy_value', 'NONE');
#2859 = CARTESIAN_POINT ( 'NONE',  ( 2.000000000000000444, 0.5749999999999991784, -14.59999999999999787 ) ) ;
#2860 = CARTESIAN_POINT ( 'NONE',  ( -1.906828780053867689, 4.125000000000000888, 0.0000000000000000000 ) ) ;
#2861 = PRESENTATION_STYLE_ASSIGNMENT (( #638 ) ) ;
#2862 = FILL_AREA_STYLE_COLOUR ( '', #971 ) ;
#2863 = PLANE ( 'NONE',  #897 ) ;
#2864 = DIRECTION ( 'NONE',  ( 1.000000000000000000, 0.0000000000000000000, 0.0000000000000000000 ) ) ;
#2865 = PLANE ( 'NONE',  #508 ) ;
#2866 = CARTESIAN_POINT ( 'NONE',  ( -5.149563577662416236, -3.074999999999999734, -4.366506111675001911 ) ) ;
#2867 =( NAMED_UNIT ( * ) PLANE_ANGLE_UNIT ( ) SI_UNIT ( $, .RADIAN. ) );
#2868 = ORIENTED_EDGE ( 'NONE', *, *, #1337, .F. ) ;
#2869 = VECTOR ( 'NONE', #2422, 1000.000000000000000 ) ;
#2870 = FILL_AREA_STYLE_COLOUR ( '', #2817 ) ;
#2871 =( GEOMETRIC_REPRESENTATION_CONTEXT ( 3 ) GLOBAL_UNCERTAINTY_ASSIGNED_CONTEXT ( ( #1459 ) ) GLOBAL_UNIT_ASSIGNED_CONTEXT ( ( #688, #3472, #2358 ) ) REPRESENTATION_CONTEXT ( 'NONE', 'WORKASPACE' ) );
#2872 = CARTESIAN_POINT ( 'NONE',  ( 0.0000000000000000000, -3.074999999999999734, -4.500000000000000000 ) ) ;
#2873 = DIRECTION ( 'NONE',  ( 1.239088197126290817E-16, 1.000000000000000000, -0.0000000000000000000 ) ) ;
#2874 = ORIENTED_EDGE ( 'NONE', *, *, #3534, .T. ) ;
#2875 = B_SPLINE_CURVE_WITH_KNOTS ( 'NONE', 3,
 ( #2080, #2366, #725, #2443 ),
 .UNSPECIFIED., .F., .F.,
 ( 4, 4 ),
 ( 0.0000000000000000000, 1.000000000000000000 ),
 .UNSPECIFIED. ) ;
#2876 = CARTESIAN_POINT ( 'NONE',  ( -5.224999999999998757, -6.650000000000000355, -6.299999999999998934 ) ) ;
#2877 = CARTESIAN_POINT ( 'NONE',  ( -3.730671790404080035, 4.125000000000000888, -1.179270645342404222 ) ) ;
#2878 = DIRECTION ( 'NONE',  ( 0.0000000000000000000, -0.0000000000000000000, -1.000000000000000000 ) ) ;
#2879 = SURFACE_STYLE_USAGE ( .BOTH. , #64 ) ;
#2880 = DIRECTION ( 'NONE',  ( -0.0000000000000000000, -0.0000000000000000000, 1.000000000000000000 ) ) ;
#2881 = CARTESIAN_POINT ( 'NONE',  ( 6.424999999999999822, -5.650000000000000355, -9.000000000000000000 ) ) ;
#2882 = STYLED_ITEM ( 'NONE', ( #150 ), #2523 ) ;
#2883 = CARTESIAN_POINT ( 'NONE',  ( -5.224999999999996980, 7.799999999999998046, -4.500000000000000000 ) ) ;
#2884 = LINE ( 'NONE', #2618, #1651 ) ;
#2885 = MECHANICAL_DESIGN_GEOMETRIC_PRESENTATION_REPRESENTATION (  '', ( #498 ), #3230 ) ;
#2886 = PRESENTATION_STYLE_ASSIGNMENT (( #2652 ) ) ;
#2887 = VECTOR ( 'NONE', #3475, 1000.000000000000000 ) ;
#2888 = EDGE_CURVE ( 'NONE', #489, #277, #1837, .T. ) ;
#2889 = ORIENTED_EDGE ( 'NONE', *, *, #1914, .T. ) ;
#2890 = EDGE_CURVE ( 'NONE', #3295, #2915, #2182, .T. ) ;
#2891 = VECTOR ( 'NONE', #1349, 1000.000000000000000 ) ;
#2892 = CARTESIAN_POINT ( 'NONE',  ( -3.730671790404080479, 1.725000000000001643, -1.179270645342404222 ) ) ;
#2893 = VECTOR ( 'NONE', #3615, 1000.000000000000000 ) ;
#2894 = ADVANCED_FACE ( 'NONE', ( #1054 ), #2160, .T. ) ;
#2895 = FILL_AREA_STYLE_COLOUR ( '', #1531 ) ;
#2896 = EDGE_CURVE ( 'NONE', #907, #3381, #1952, .T. ) ;
#2897 = FACE_OUTER_BOUND ( 'NONE', #3476, .T. ) ;
#2898 = ORIENTED_EDGE ( 'NONE', *, *, #449, .T. ) ;
#2899 = PRESENTATION_LAYER_ASSIGNMENT (  '', '', ( #860 ) ) ;
#2900 = LINE ( 'NONE', #101, #2164 ) ;
#2901 = CARTESIAN_POINT ( 'NONE',  ( 9.225000000000001421, 2.983333333333334281, -4.929269377658068940 ) ) ;
#2902 = MECHANICAL_DESIGN_GEOMETRIC_PRESENTATION_REPRESENTATION (  '', ( #3076 ), #2131 ) ;
#2903 = FACE_OUTER_BOUND ( 'NONE', #799, .T. ) ;
#2904 = LINE ( 'NONE', #1697, #2556 ) ;
#2905 =( GEOMETRIC_REPRESENTATION_CONTEXT ( 3 ) GLOBAL_UNCERTAINTY_ASSIGNED_CONTEXT ( ( #3318 ) ) GLOBAL_UNIT_ASSIGNED_CONTEXT ( ( #2086, #1271, #1865 ) ) REPRESENTATION_CONTEXT ( 'NONE', 'WORKASPACE' ) );
#2906 = DIRECTION ( 'NONE',  ( -0.0000000000000000000, 1.000000000000000000, -0.0000000000000000000 ) ) ;
#2907 = DIRECTION ( 'NONE',  ( 1.000000000000000000, 5.880418562633242031E-16, 0.0000000000000000000 ) ) ;
#2908 = CARTESIAN_POINT ( 'NONE',  ( -3.199999999999997957, 4.125000000000001776, 0.0000000000000000000 ) ) ;
#2909 = DIRECTION ( 'NONE',  ( -1.000000000000000000, -7.278560039063522195E-16, 2.805841993571146370E-31 ) ) ;
#2910 = LINE ( 'NONE', #3465, #940 ) ;
#2911 = ORIENTED_EDGE ( 'NONE', *, *, #2694, .T. ) ;
#2912 = CARTESIAN_POINT ( 'NONE',  ( 6.697101215340080849, -3.269774822717860019, -0.1146327892971127638 ) ) ;
#2913 = LINE ( 'NONE', #1996, #321 ) ;
#2914 = ORIENTED_EDGE ( 'NONE', *, *, #1840, .T. ) ;
#2915 = VERTEX_POINT ( 'NONE', #2522 ) ;
#2916 = DIRECTION ( 'NONE',  ( -1.000000000000000000, -4.336808689942006889E-16, 0.0000000000000000000 ) ) ;
#2917 = VERTEX_POINT ( 'NONE', #2276 ) ;
#2918 = CARTESIAN_POINT ( 'NONE',  ( 9.149563577662592095, -3.074999999999999734, -4.366506111675530377 ) ) ;
#2919 = DIRECTION ( 'NONE',  ( -1.000000000000000000, 0.0000000000000000000, 0.0000000000000000000 ) ) ;
#2920 = LINE ( 'NONE', #1522, #1591 ) ;
#2921 = CARTESIAN_POINT ( 'NONE',  ( -3.258120437188722462, -6.175000000000001599, -9.000000000000000000 ) ) ;
#2922 = LINE ( 'NONE', #987, #1809 ) ;
#2923 = DIRECTION ( 'NONE',  ( 1.000000000000000000, 0.0000000000000000000, -0.0000000000000000000 ) ) ;
#2924 = ORIENTED_EDGE ( 'NONE', *, *, #1014, .F. ) ;
#2925 = EDGE_CURVE ( 'NONE', #1338, #2949, #326, .T. ) ;
#2926 = PRESENTATION_STYLE_ASSIGNMENT (( #3253 ) ) ;
#2927 = COLOUR_RGB ( '',0.8588235294117646523, 0.8588235294117646523, 0.8588235294117646523 ) ;
#2928 = LINE ( 'NONE', #3274, #1357 ) ;
#2929 = APPLICATION_PROTOCOL_DEFINITION ( 'draft international standard', 'automotive_design', 1998, #1336 ) ;
#2930 = ORIENTED_EDGE ( 'NONE', *, *, #1431, .F. ) ;
#2931 = VECTOR ( 'NONE', #1175, 1000.000000000000000 ) ;
#2932 = SURFACE_STYLE_USAGE ( .BOTH. , #2641 ) ;
#2933 = CARTESIAN_POINT ( 'NONE',  ( 0.0000000000000000000, 0.0000000000000000000, 3.700000000000000178 ) ) ;
#2934 = PLANE ( 'NONE',  #2717 ) ;
#2935 = ORIENTED_EDGE ( 'NONE', *, *, #864, .T. ) ;
#2936 = EDGE_CURVE ( 'NONE', #3081, #832, #569, .T. ) ;
#2937 = ADVANCED_FACE ( 'NONE', ( #1712 ), #1189, .F. ) ;
#2938 = CARTESIAN_POINT ( 'NONE',  ( -5.224999999999997868, -2.074166666666664050, -4.929269377658068052 ) ) ;
#2939 = CARTESIAN_POINT ( 'NONE',  ( 9.225000000000001421, 7.799999999999997158, -6.299999999999998934 ) ) ;
#2940 = DIRECTION ( 'NONE',  ( 0.0000000000000000000, 0.0000000000000000000, -1.000000000000000000 ) ) ;
#2941 = PLANE ( 'NONE',  #2187 ) ;
#2942 = CARTESIAN_POINT ( 'NONE',  ( 2.575000000000000178, 0.0000000000000000000, 0.0000000000000000000 ) ) ;
#2943 = CARTESIAN_POINT ( 'NONE',  ( 7.238645917050990697, -3.074999999999999734, -9.000000000000000000 ) ) ;
#2944 = ORIENTED_EDGE ( 'NONE', *, *, #1091, .T. ) ;
#2945 = VECTOR ( 'NONE', #1773, 1000.000000000000114 ) ;
#2946 =( GEOMETRIC_REPRESENTATION_CONTEXT ( 3 ) GLOBAL_UNCERTAINTY_ASSIGNED_CONTEXT ( ( #450 ) ) GLOBAL_UNIT_ASSIGNED_CONTEXT ( ( #716, #2680, #3503 ) ) REPRESENTATION_CONTEXT ( 'NONE', 'WORKASPACE' ) );
#2947 = ORIENTED_EDGE ( 'NONE', *, *, #2736, .T. ) ;
#2948 = PRESENTATION_STYLE_ASSIGNMENT (( #1803 ) ) ;
#2949 = VERTEX_POINT ( 'NONE', #3084 ) ;
#2950 = UNCERTAINTY_MEASURE_WITH_UNIT (LENGTH_MEASURE( 1.000000000000000082E-05 ), #3, 'distance_accuracy_value', 'NONE');
#2951 = DIRECTION ( 'NONE',  ( -1.000000000000000000, 0.0000000000000000000, -0.0000000000000000000 ) ) ;
#2952 = AXIS2_PLACEMENT_3D ( 'NONE', #2540, #873, #2802 ) ;
#2953 = DIRECTION ( 'NONE',  ( -1.200500675416475772E-16, -1.000000000000000000, 0.0000000000000000000 ) ) ;
#2954 = ORIENTED_EDGE ( 'NONE', *, *, #383, .F. ) ;
#2955 = VECTOR ( 'NONE', #2633, 1000.000000000000000 ) ;
#2956 = CARTESIAN_POINT ( 'NONE',  ( 1.425000000000000488, 2.425000000000000266, 3.700000000000000178 ) ) ;
#2957 = PRESENTATION_STYLE_ASSIGNMENT (( #2044 ) ) ;
#2958 = EDGE_CURVE ( 'NONE', #2172, #430, #1745, .T. ) ;
#2959 = CARTESIAN_POINT ( 'NONE',  ( 9.178907482225813652, 7.799999999999997158, -4.500000000000000000 ) ) ;
#2960 = COLOUR_RGB ( '',0.8588235294117646523, 0.8588235294117646523, 0.8588235294117646523 ) ;
#2961 = FILL_AREA_STYLE_COLOUR ( '', #3469 ) ;
#2962 =( NAMED_UNIT ( * ) PLANE_ANGLE_UNIT ( ) SI_UNIT ( $, .RADIAN. ) );
#2963 = ORIENTED_EDGE ( 'NONE', *, *, #1841, .F. ) ;
#2964 = ORIENTED_EDGE ( 'NONE', *, *, #1320, .F. ) ;
#2965 = DIRECTION ( 'NONE',  ( 0.0000000000000000000, -1.000000000000000000, 0.0000000000000000000 ) ) ;
#2966 = DIRECTION ( 'NONE',  ( 0.4103646773287981109, 0.0000000000000000000, -0.9119215051751063950 ) ) ;
#2967 = CARTESIAN_POINT ( 'NONE',  ( 0.0000000000000000000, 0.0000000000000000000, -4.500000000000000000 ) ) ;
#2968 = ORIENTED_EDGE ( 'NONE', *, *, #2394, .T. ) ;
#2969 = ORIENTED_EDGE ( 'NONE', *, *, #1846, .T. ) ;
#2970 = UNCERTAINTY_MEASURE_WITH_UNIT (LENGTH_MEASURE( 1.000000000000000082E-05 ), #1331, 'distance_accuracy_value', 'NONE');
#2971 = FILL_AREA_STYLE ('',( #1610 ) ) ;
#2972 = ORIENTED_EDGE ( 'NONE', *, *, #1160, .T. ) ;
#2973 = CARTESIAN_POINT ( 'NONE',  ( 5.906828780053868577, 4.125000000000003553, 0.0000000000000000000 ) ) ;
#2974 = DIRECTION ( 'NONE',  ( 4.604286694053853565E-16, -0.7829862185851037548, 0.6220390514314998454 ) ) ;
#2975 = FILL_AREA_STYLE_COLOUR ( '', #571 ) ;
#2976 = ORIENTED_EDGE ( 'NONE', *, *, #73, .F. ) ;
#2977 = DIRECTION ( 'NONE',  ( -0.0000000000000000000, -0.0000000000000000000, 1.000000000000000000 ) ) ;
#2978 = EDGE_LOOP ( 'NONE', ( #697, #1133, #1266, #2818 ) ) ;
#2979 = ORIENTED_EDGE ( 'NONE', *, *, #36, .T. ) ;
#2980 = ORIENTED_EDGE ( 'NONE', *, *, #2815, .T. ) ;
#2981 = LINE ( 'NONE', #500, #1433 ) ;
#2982 = DIRECTION ( 'NONE',  ( 0.0000000000000000000, 1.000000000000000000, 0.0000000000000000000 ) ) ;
#2983 = ORIENTED_EDGE ( 'NONE', *, *, #2470, .F. ) ;
#2984 = ORIENTED_EDGE ( 'NONE', *, *, #954, .T. ) ;
#2985 = PRESENTATION_LAYER_ASSIGNMENT (  '', '', ( #2524 ) ) ;
#2986 = CARTESIAN_POINT ( 'NONE',  ( -5.224999999999998757, -6.650000000000000355, -6.299999999999998934 ) ) ;
#2987 = ORIENTED_EDGE ( 'NONE', *, *, #1315, .F. ) ;
#2988 = AXIS2_PLACEMENT_3D ( 'NONE', #1714, #3427, #3457 ) ;
#2989 = SURFACE_SIDE_STYLE ('',( #1791 ) ) ;
#2990 = AXIS2_PLACEMENT_3D ( 'NONE', #1962, #2799, #294 ) ;
#2991 = CARTESIAN_POINT ( 'NONE',  ( -1.906828780053867911, -3.074999999999999734, 0.0000000000000000000 ) ) ;
#2992 = SURFACE_STYLE_FILL_AREA ( #1860 ) ;
#2993 = VERTEX_POINT ( 'NONE', #1970 ) ;
#2994 = CARTESIAN_POINT ( 'NONE',  ( 7.199999999999999289, 0.02833333333332986592, 2.168404344971008868E-16 ) ) ;
#2995 = ORIENTED_EDGE ( 'NONE', *, *, #3546, .T. ) ;
#2996 = FACE_OUTER_BOUND ( 'NONE', #665, .T. ) ;
#2997 = DIRECTION ( 'NONE',  ( 0.0000000000000000000, -0.0000000000000000000, 1.000000000000000000 ) ) ;
#2998 = AXIS2_PLACEMENT_3D ( 'NONE', #2111, #3550, #2951 ) ;
#2999 = ADVANCED_FACE ( 'NONE', ( #877 ), #1120, .F. ) ;
#3000 = ORIENTED_EDGE ( 'NONE', *, *, #2122, .T. ) ;
#3001 =( GEOMETRIC_REPRESENTATION_CONTEXT ( 3 ) GLOBAL_UNCERTAINTY_ASSIGNED_CONTEXT ( ( #2110 ) ) GLOBAL_UNIT_ASSIGNED_CONTEXT ( ( #607, #1437, #1344 ) ) REPRESENTATION_CONTEXT ( 'NONE', 'WORKASPACE' ) );
#3002 = ORIENTED_EDGE ( 'NONE', *, *, #2344, .T. ) ;
#3003 = EDGE_CURVE ( 'NONE', #2309, #686, #2656, .T. ) ;
#3004 = EDGE_CURVE ( 'NONE', #2262, #2267, #2844, .T. ) ;
#3005 = FACE_OUTER_BOUND ( 'NONE', #533, .T. ) ;
#3006 = CYLINDRICAL_SURFACE ( 'NONE', #266, 0.5103018321630116150 ) ;
#3007 = VECTOR ( 'NONE', #250, 1000.000000000000000 ) ;
#3008 = ORIENTED_EDGE ( 'NONE', *, *, #2315, .T. ) ;
#3009 = ADVANCED_FACE ( 'NONE', ( #1927 ), #1139, .F. ) ;
#3010 = COLOUR_RGB ( '',0.8588235294117646523, 0.8588235294117646523, 0.8588235294117646523 ) ;
#3011 = CARTESIAN_POINT ( 'NONE',  ( 0.0000000000000000000, 0.0000000000000000000, 0.0000000000000000000 ) ) ;
#3012 = PLANE ( 'NONE',  #2435 ) ;
#3013 = VECTOR ( 'NONE', #731, 1000.000000000000000 ) ;
#3014 = CARTESIAN_POINT ( 'NONE',  ( -2.091173726061402061, -3.074999999999999734, 0.0000000000000000000 ) ) ;
#3015 = PRESENTATION_STYLE_ASSIGNMENT (( #1681 ) ) ;
#3016 =( GEOMETRIC_REPRESENTATION_CONTEXT ( 3 ) GLOBAL_UNCERTAINTY_ASSIGNED_CONTEXT ( ( #1635 ) ) GLOBAL_UNIT_ASSIGNED_CONTEXT ( ( #1173, #2024, #1971 ) ) REPRESENTATION_CONTEXT ( 'NONE', 'WORKASPACE' ) );
#3017 = CARTESIAN_POINT ( 'NONE',  ( -5.224999999999996980, 7.799999999999998046, -5.399999999999999467 ) ) ;
#3018 = VERTEX_POINT ( 'NONE', #3099 ) ;
#3019 = AXIS2_PLACEMENT_3D ( 'NONE', #567, #835, #859 ) ;
#3020 = FILL_AREA_STYLE_COLOUR ( '', #1828 ) ;
#3021 = LINE ( 'NONE', #519, #3062 ) ;
#3022 = SURFACE_STYLE_FILL_AREA ( #1884 ) ;
#3023 = VERTEX_POINT ( 'NONE', #2594 ) ;
#3024 = SURFACE_STYLE_USAGE ( .BOTH. , #1081 ) ;
#3025 = PLANE ( 'NONE',  #2998 ) ;
#3026 = FACE_BOUND ( 'NONE', #18, .T. ) ;
#3027 = CARTESIAN_POINT ( 'NONE',  ( 0.0000000000000000000, 0.0000000000000000000, -5.000000000000000000 ) ) ;
#3028 = VERTEX_POINT ( 'NONE', #3066 ) ;
#3029 = PLANE ( 'NONE',  #3019 ) ;
#3030 = CARTESIAN_POINT ( 'NONE',  ( -1.499999999999999778, 4.731064025391290462E-16, -4.500000000000000000 ) ) ;
#3031 = DIRECTION ( 'NONE',  ( 3.706482248929964337E-16, -1.000000000000000000, 0.0000000000000000000 ) ) ;
#3032 = APPLICATION_CONTEXT ( 'automotive_design' ) ;
#3033 = ORIENTED_EDGE ( 'NONE', *, *, #338, .F. ) ;
#3034 = UNCERTAINTY_MEASURE_WITH_UNIT (LENGTH_MEASURE( 1.000000000000000082E-05 ), #1666, 'distance_accuracy_value', 'NONE');
#3035 = CARTESIAN_POINT ( 'NONE',  ( -2.425000000000001155, -4.174999999999999822, -9.000000000000000000 ) ) ;
#3036 = LINE ( 'NONE', #1750, #906 ) ;
#3037 = EDGE_CURVE ( 'NONE', #2547, #3028, #2826, .T. ) ;
#3038 = VERTEX_POINT ( 'NONE', #2564 ) ;
#3039 = PRESENTATION_STYLE_ASSIGNMENT (( #3024 ) ) ;
#3040 = CARTESIAN_POINT ( 'NONE',  ( 6.424999999999998934, -4.174999999999999822, -5.400024999999999409 ) ) ;
#3041 = PLANE ( 'NONE',  #734 ) ;
#3042 = DIRECTION ( 'NONE',  ( 1.000000000000000000, 0.0000000000000000000, 0.0000000000000000000 ) ) ;
#3043 = ORIENTED_EDGE ( 'NONE', *, *, #2850, .F. ) ;
#3044 = PRESENTATION_STYLE_ASSIGNMENT (( #1615 ) ) ;
#3045 = CARTESIAN_POINT ( 'NONE',  ( 9.225000000000001421, 7.799999999999997158, -5.399999999999999467 ) ) ;
#3046 = CARTESIAN_POINT ( 'NONE',  ( -5.224999999999996980, 7.799999999999998046, -6.299999999999998934 ) ) ;
#3047 = EDGE_CURVE ( 'NONE', #1299, #3360, #3384, .T. ) ;
#3048 = EDGE_CURVE ( 'NONE', #1607, #1329, #943, .T. ) ;
#3049 = EDGE_LOOP ( 'NONE', ( #310, #1561, #1960, #2659 ) ) ;
#3050 = ADVANCED_FACE ( 'NONE', ( #452 ), #2934, .F. ) ;
#3051 = FILL_AREA_STYLE ('',( #1917 ) ) ;
#3052 = CARTESIAN_POINT ( 'NONE',  ( 6.557434778960693045, -3.145145307439925819, -0.08829479258172909240 ) ) ;
#3053 = ORIENTED_EDGE ( 'NONE', *, *, #1764, .F. ) ;
#3054 = ORIENTED_EDGE ( 'NONE', *, *, #2315, .F. ) ;
#3055 =( NAMED_UNIT ( * ) SI_UNIT ( $, .STERADIAN. ) SOLID_ANGLE_UNIT ( ) );
#3056 = VECTOR ( 'NONE', #80, 1000.000000000000000 ) ;
#3057 = DIRECTION ( 'NONE',  ( -0.0000000000000000000, -0.0000000000000000000, 1.000000000000000000 ) ) ;
#3058 = LINE ( 'NONE', #264, #1994 ) ;
#3059 = ORIENTED_EDGE ( 'NONE', *, *, #62, .T. ) ;
#3060 = STYLED_ITEM ( 'NONE', ( #265 ), #3533 ) ;
#3061 = VECTOR ( 'NONE', #1955, 1000.000000000000000 ) ;
#3062 = VECTOR ( 'NONE', #1077, 1000.000000000000000 ) ;
#3063 =( LENGTH_UNIT ( ) NAMED_UNIT ( * ) SI_UNIT ( .MILLI., .METRE. ) );
#3064 =( LENGTH_UNIT ( ) NAMED_UNIT ( * ) SI_UNIT ( .MILLI., .METRE. ) );
#3065 = VECTOR ( 'NONE', #1447, 1000.000000000000000 ) ;
#3066 = CARTESIAN_POINT ( 'NONE',  ( 4.000000000000000000, 1.149999999999999911, 0.0000000000000000000 ) ) ;
#3067 = VECTOR ( 'NONE', #132, 999.9999999999998863 ) ;
#3068 = UNCERTAINTY_MEASURE_WITH_UNIT (LENGTH_MEASURE( 1.000000000000000082E-05 ), #1414, 'distance_accuracy_value', 'NONE');
#3069 = ADVANCED_FACE ( 'NONE', ( #2903 ), #2612, .T. ) ;
#3070 = VERTEX_POINT ( 'NONE', #3147 ) ;
#3071 = PRESENTATION_LAYER_ASSIGNMENT (  '', '', ( #1369 ) ) ;
#3072 = PRESENTATION_STYLE_ASSIGNMENT (( #2222 ) ) ;
#3073 = CARTESIAN_POINT ( 'NONE',  ( 6.513960390360322705, -3.134869173044233737, -0.07535979823750121875 ) ) ;
#3074 = MECHANICAL_DESIGN_GEOMETRIC_PRESENTATION_REPRESENTATION (  '', ( #1825 ), #3016 ) ;
#3075 = VERTEX_POINT ( 'NONE', #2077 ) ;
#3076 = STYLED_ITEM ( 'NONE', ( #1295 ), #1956 ) ;
#3077 = CARTESIAN_POINT ( 'NONE',  ( 9.225000000000001421, 7.799999999999997158, -4.929269377658070717 ) ) ;
#3078 = CARTESIAN_POINT ( 'NONE',  ( 9.178907482225810099, -4.266666666666665719, -4.500000000000000000 ) ) ;
#3079 =( LENGTH_UNIT ( ) NAMED_UNIT ( * ) SI_UNIT ( .MILLI., .METRE. ) );
#3080 = ORIENTED_EDGE ( 'NONE', *, *, #1734, .F. ) ;
#3081 = VERTEX_POINT ( 'NONE', #3424 ) ;
#3082 = LINE ( 'NONE', #305, #2290 ) ;
#3083 = SURFACE_STYLE_USAGE ( .BOTH. , #1429 ) ;
#3084 = CARTESIAN_POINT ( 'NONE',  ( 2.575000000000000178, -1.275000000000000133, 0.0000000000000000000 ) ) ;
#3085 = EDGE_CURVE ( 'NONE', #1831, #1566, #1788, .T. ) ;
#3086 = ORIENTED_EDGE ( 'NONE', *, *, #909, .F. ) ;
#3087 = LINE ( 'NONE', #366, #2830 ) ;
#3088 = PLANE ( 'NONE',  #1426 ) ;
#3089 = DIRECTION ( 'NONE',  ( -0.0000000000000000000, -3.854941057726238097E-16, -1.000000000000000000 ) ) ;
#3090 = EDGE_CURVE ( 'NONE', #3347, #1578, #701, .T. ) ;
#3091 = ORIENTED_EDGE ( 'NONE', *, *, #3153, .T. ) ;
#3092 =( LENGTH_UNIT ( ) NAMED_UNIT ( * ) SI_UNIT ( .MILLI., .METRE. ) );
#3093 = DIRECTION ( 'NONE',  ( -1.000000000000000000, -1.548860246407863336E-16, 0.0000000000000000000 ) ) ;
#3094 = LINE ( 'NONE', #2539, #1485 ) ;
#3095 = DIRECTION ( 'NONE',  ( -0.0000000000000000000, -0.0000000000000000000, 1.000000000000000000 ) ) ;
#3096 = ORIENTED_EDGE ( 'NONE', *, *, #3275, .F. ) ;
#3097 = PLANE ( 'NONE',  #181 ) ;
#3098 = CARTESIAN_POINT ( 'NONE',  ( 9.225000000000001421, 7.799999999999997158, -6.299999999999998934 ) ) ;
#3099 = CARTESIAN_POINT ( 'NONE',  ( 7.200000000000000178, 4.199999999999997513, 3.152333262127603313E-21 ) ) ;
#3100 = MECHANICAL_DESIGN_GEOMETRIC_PRESENTATION_REPRESENTATION (  '', ( #536 ), #1340 ) ;
#3101 = CARTESIAN_POINT ( 'NONE',  ( 3.200000000000000622, 0.5749999999999992895, -14.59999999999999787 ) ) ;
#3102 = ORIENTED_EDGE ( 'NONE', *, *, #1721, .F. ) ;
#3103 = DIRECTION ( 'NONE',  ( 1.000000000000000000, 0.0000000000000000000, 0.0000000000000000000 ) ) ;
#3104 = VECTOR ( 'NONE', #1949, 1000.000000000000000 ) ;
#3105 =( LENGTH_UNIT ( ) NAMED_UNIT ( * ) SI_UNIT ( .MILLI., .METRE. ) );
#3106 = ORIENTED_EDGE ( 'NONE', *, *, #2445, .F. ) ;
#3107 = EDGE_CURVE ( 'NONE', #3018, #1135, #2094, .T. ) ;
#3108 = CARTESIAN_POINT ( 'NONE',  ( 9.225000000000001421, -6.650000000000001243, -5.399999999999999467 ) ) ;
#3109 = FILL_AREA_STYLE ('',( #488 ) ) ;
#3110 =( NAMED_UNIT ( * ) PLANE_ANGLE_UNIT ( ) SI_UNIT ( $, .RADIAN. ) );
#3111 = ORIENTED_EDGE ( 'NONE', *, *, #639, .F. ) ;
#3112 = B_SPLINE_CURVE_WITH_KNOTS ( 'NONE', 3,
 ( #1227, #2901, #942, #102 ),
 .UNSPECIFIED., .F., .F.,
 ( 4, 4 ),
 ( 0.0000000000000000000, 1.000000000000000000 ),
 .UNSPECIFIED. ) ;
#3113 = ADVANCED_FACE ( 'NONE', ( #2684 ), #2022, .F. ) ;
#3114 = VECTOR ( 'NONE', #2377, 1000.000000000000000 ) ;
#3115 = PRODUCT_RELATED_PRODUCT_CATEGORY ( 'part', '', ( #1951 ) ) ;
#3116 = CARTESIAN_POINT ( 'NONE',  ( 0.0000000000000000000, -3.074999999999999734, -4.500000000000000000 ) ) ;
#3117 = SURFACE_STYLE_FILL_AREA ( #2773 ) ;
#3118 = CARTESIAN_POINT ( 'NONE',  ( 1.425000000000000044, -1.275000000000000133, 0.0000000000000000000 ) ) ;
#3119 = ADVANCED_FACE ( 'NONE', ( #1516 ), #379, .F. ) ;
#3120 = VECTOR ( 'NONE', #2266, 1000.000000000000000 ) ;
#3121 = VECTOR ( 'NONE', #1858, 1000.000000000000000 ) ;
#3122 = DIRECTION ( 'NONE',  ( 0.0000000000000000000, -0.0000000000000000000, 1.000000000000000000 ) ) ;
#3123 = VERTEX_POINT ( 'NONE', #1759 ) ;
#3124 = SURFACE_STYLE_USAGE ( .BOTH. , #881 ) ;
#3125 = VECTOR ( 'NONE', #3293, 1000.000000000000000 ) ;
#3126 = DIRECTION ( 'NONE',  ( -1.000000000000000000, 6.002503377082377626E-17, -0.0000000000000000000 ) ) ;
#3127 = LINE ( 'NONE', #1685, #3167 ) ;
#3128 =( GEOMETRIC_REPRESENTATION_CONTEXT ( 3 ) GLOBAL_UNCERTAINTY_ASSIGNED_CONTEXT ( ( #743 ) ) GLOBAL_UNIT_ASSIGNED_CONTEXT ( ( #1870, #525, #470 ) ) REPRESENTATION_CONTEXT ( 'NONE', 'WORKASPACE' ) );
#3129 = VECTOR ( 'NONE', #2320, 1000.000000000000000 ) ;
#3130 = ORIENTED_EDGE ( 'NONE', *, *, #721, .F. ) ;
#3131 = FILL_AREA_STYLE ('',( #2895 ) ) ;
#3132 = DIRECTION ( 'NONE',  ( 1.000000000000000000, 0.0000000000000000000, -0.0000000000000000000 ) ) ;
#3133 = DIRECTION ( 'NONE',  ( -1.000000000000000000, -0.0000000000000000000, -0.0000000000000000000 ) ) ;
#3134 = EDGE_LOOP ( 'NONE', ( #2202, #687, #283, #196 ) ) ;
#3135 = COLOUR_RGB ( '',1.000000000000000000, 1.000000000000000000, 1.000000000000000000 ) ;
#3136 = DIRECTION ( 'NONE',  ( 1.000000000000000000, 0.0000000000000000000, 0.0000000000000000000 ) ) ;
#3137 = CARTESIAN_POINT ( 'NONE',  ( 5.906828780053868577, 4.125000000000003553, 0.0000000000000000000 ) ) ;
#3138 = DIRECTION ( 'NONE',  ( 1.000000000000000000, 0.0000000000000000000, 0.0000000000000000000 ) ) ;
#3139 = LINE ( 'NONE', #644, #83 ) ;
#3140 = CARTESIAN_POINT ( 'NONE',  ( 5.906828780053868577, -3.074999999999999734, 0.0000000000000000000 ) ) ;
#3141 = LINE ( 'NONE', #2550, #200 ) ;
#3142 = ORIENTED_EDGE ( 'NONE', *, *, #1583, .F. ) ;
#3143 = DIRECTION ( 'NONE',  ( -0.0000000000000000000, 1.000000000000000000, -0.0000000000000000000 ) ) ;
#3144 = ORIENTED_EDGE ( 'NONE', *, *, #1909, .T. ) ;
#3145 = DIRECTION ( 'NONE',  ( 1.824513618520192804E-17, -0.05342154997207537032, 0.9985720494779437573 ) ) ;
#3146 = PLANE ( 'NONE',  #1528 ) ;
#3147 = CARTESIAN_POINT ( 'NONE',  ( 5.500000000000000000, -2.174999999999999822, -5.000000000000000000 ) ) ;
#3148 = CARTESIAN_POINT ( 'NONE',  ( 0.0000000000000000000, 0.0000000000000000000, 3.700000000000000178 ) ) ;
#3149 = EDGE_CURVE ( 'NONE', #2915, #3519, #399, .T. ) ;
#3150 = CARTESIAN_POINT ( 'NONE',  ( 2.575000000000000178, 0.0000000000000000000, 3.700000000000000178 ) ) ;
#3151 = CARTESIAN_POINT ( 'NONE',  ( -2.925000000000001599, -3.075000000000001510, -0.2437088524045597226 ) ) ;
#3152 = EDGE_CURVE ( 'NONE', #3023, #1021, #1228, .T. ) ;
#3153 = EDGE_CURVE ( 'NONE', #1150, #2412, #505, .T. ) ;
#3154 = CARTESIAN_POINT ( 'NONE',  ( 6.424999999999998934, -4.174999999999999822, -5.399999999999999467 ) ) ;
#3155 = AXIS2_PLACEMENT_3D ( 'NONE', #2566, #2919, #382 ) ;
#3156 = EDGE_CURVE ( 'NONE', #199, #2431, #690, .T. ) ;
#3157 = FACE_OUTER_BOUND ( 'NONE', #3270, .T. ) ;
#3158 = ORIENTED_EDGE ( 'NONE', *, *, #1507, .F. ) ;
#3159 = VECTOR ( 'NONE', #1226, 1000.000000000000000 ) ;
#3160 = PLANE ( 'NONE',  #848 ) ;
#3161 = ORIENTED_EDGE ( 'NONE', *, *, #1653, .F. ) ;
#3162 = CARTESIAN_POINT ( 'NONE',  ( -1.499999999999998668, 3.325000000000000622, 0.0000000000000000000 ) ) ;
#3163 = DIRECTION ( 'NONE',  ( 0.0000000000000000000, 0.0000000000000000000, 1.000000000000000000 ) ) ;
#3164 = FILL_AREA_STYLE_COLOUR ( '', #1883 ) ;
#3165 = LINE ( 'NONE', #51, #1008 ) ;
#3166 = AXIS2_PLACEMENT_3D ( 'NONE', #829, #852, #3093 ) ;
#3167 = VECTOR ( 'NONE', #2321, 1000.000000000000000 ) ;
#3168 = VECTOR ( 'NONE', #1804, 1000.000000000000000 ) ;
#3169 = CARTESIAN_POINT ( 'NONE',  ( -1.906828780053867689, 4.125000000000000888, 0.0000000000000000000 ) ) ;
#3170 = FILL_AREA_STYLE_COLOUR ( '', #2301 ) ;
#3171 = FACE_OUTER_BOUND ( 'NONE', #3285, .T. ) ;
#3172 = MECHANICAL_DESIGN_GEOMETRIC_PRESENTATION_REPRESENTATION (  '', ( #1127 ), #1933 ) ;
#3173 = ORIENTED_EDGE ( 'NONE', *, *, #496, .T. ) ;
#3174 = VECTOR ( 'NONE', #2764, 1000.000000000000000 ) ;
#3175 = CARTESIAN_POINT ( 'NONE',  ( 7.238645917050990697, -6.175000000000001599, -9.000000000000000000 ) ) ;
#3176 =( GEOMETRIC_REPRESENTATION_CONTEXT ( 3 ) GLOBAL_UNCERTAINTY_ASSIGNED_CONTEXT ( ( #3316 ) ) GLOBAL_UNIT_ASSIGNED_CONTEXT ( ( #2561, #495, #304 ) ) REPRESENTATION_CONTEXT ( 'NONE', 'WORKASPACE' ) );
#3177 = SURFACE_STYLE_USAGE ( .BOTH. , #2325 ) ;
#3178 = EDGE_LOOP ( 'NONE', ( #1030, #2691, #2810, #178 ) ) ;
#3179 = SURFACE_STYLE_USAGE ( .BOTH. , #1256 ) ;
#3180 = ORIENTED_EDGE ( 'NONE', *, *, #3268, .T. ) ;
#3181 = MECHANICAL_DESIGN_GEOMETRIC_PRESENTATION_REPRESENTATION (  '', ( #1306 ), #679 ) ;
#3182 = SURFACE_STYLE_FILL_AREA ( #1758 ) ;
#3183 = STYLED_ITEM ( 'NONE', ( #747 ), #1736 ) ;
#3184 = CARTESIAN_POINT ( 'NONE',  ( -1.500000000000000444, -2.174999999999999822, -4.500000000000000000 ) ) ;
#3185 = AXIS2_PLACEMENT_3D ( 'NONE', #2006, #2260, #1646 ) ;
#3186 = CARTESIAN_POINT ( 'NONE',  ( -5.224999999999998757, -6.650000000000000355, -4.500000000000000000 ) ) ;
#3187 = EDGE_CURVE ( 'NONE', #3123, #2993, #779, .T. ) ;
#3188 = CARTESIAN_POINT ( 'NONE',  ( 2.574999999999999734, 2.425000000000000266, 3.700000000000000178 ) ) ;
#3189 = SURFACE_STYLE_USAGE ( .BOTH. , #2066 ) ;
#3190 =( NAMED_UNIT ( * ) SI_UNIT ( $, .STERADIAN. ) SOLID_ANGLE_UNIT ( ) );
#3191 = ORIENTED_EDGE ( 'NONE', *, *, #143, .T. ) ;
#3192 = CARTESIAN_POINT ( 'NONE',  ( 6.924999999999997158, -3.269774822717860019, -0.2437088524045561699 ) ) ;
#3193 = EDGE_CURVE ( 'NONE', #2350, #126, #1642, .T. ) ;
#3194 = CARTESIAN_POINT ( 'NONE',  ( -1.499999999999999778, 4.731064025391290462E-16, -4.500000000000000000 ) ) ;
#3195 =( NAMED_UNIT ( * ) SI_UNIT ( $, .STERADIAN. ) SOLID_ANGLE_UNIT ( ) );
#3196 = ORIENTED_EDGE ( 'NONE', *, *, #3047, .F. ) ;
#3197 = UNCERTAINTY_MEASURE_WITH_UNIT (LENGTH_MEASURE( 1.000000000000000082E-05 ), #2307, 'distance_accuracy_value', 'NONE');
#3198 = DIRECTION ( 'NONE',  ( 0.0000000000000000000, 0.05342154997207536338, -0.9985720494779437573 ) ) ;
#3199 = CARTESIAN_POINT ( 'NONE',  ( 0.0000000000000000000, -3.074999999999999734, -4.500000000000000000 ) ) ;
#3200 = DIRECTION ( 'NONE',  ( 7.278560039063522195E-16, -1.000000000000000000, -0.0000000000000000000 ) ) ;
#3201 = VERTEX_POINT ( 'NONE', #3587 ) ;
#3202 = CARTESIAN_POINT ( 'NONE',  ( -5.048843010350211991, -2.074166666666667602, -4.108540023000472274 ) ) ;
#3203 = DIRECTION ( 'NONE',  ( 0.0000000000000000000, -1.000000000000000000, -0.0000000000000000000 ) ) ;
#3204 =( LENGTH_UNIT ( ) NAMED_UNIT ( * ) SI_UNIT ( .MILLI., .METRE. ) );
#3205 =( LENGTH_UNIT ( ) NAMED_UNIT ( * ) SI_UNIT ( .MILLI., .METRE. ) );
#3206 = CARTESIAN_POINT ( 'NONE',  ( 6.425000000000000711, -6.650000000000003020, -4.500000000000000000 ) ) ;
#3207 = EDGE_LOOP ( 'NONE', ( #3608, #3059, #2221, #163 ) ) ;
#3208 = ORIENTED_EDGE ( 'NONE', *, *, #346, .F. ) ;
#3209 = CARTESIAN_POINT ( 'NONE',  ( -2.425000000351769991, -3.117836102361307482, -0.05391956948434512009 ) ) ;
#3210 = COLOUR_RGB ( '',0.8588235294117646523, 0.8588235294117646523, 0.8588235294117646523 ) ;
#3211 = DIRECTION ( 'NONE',  ( 1.000000000000000000, 0.0000000000000000000, 0.0000000000000000000 ) ) ;
#3212 = EDGE_LOOP ( 'NONE', ( #1425, #1161, #2559, #770 ) ) ;
#3213 = ADVANCED_FACE ( 'NONE', ( #2153 ), #3006, .T. ) ;
#3214 =( NAMED_UNIT ( * ) PLANE_ANGLE_UNIT ( ) SI_UNIT ( $, .RADIAN. ) );
#3215 = DIRECTION ( 'NONE',  ( -0.4103646773287979999, -0.0000000000000000000, 0.9119215051751062839 ) ) ;
#3216 = ORIENTED_EDGE ( 'NONE', *, *, #2285, .T. ) ;
#3217 = ADVANCED_FACE ( 'NONE', ( #3026, #212 ), #3041, .T. ) ;
#3218 = LINE ( 'NONE', #1519, #1663 ) ;
#3219 = FACE_BOUND ( 'NONE', #2803, .T. ) ;
#3220 =( LENGTH_UNIT ( ) NAMED_UNIT ( * ) SI_UNIT ( .MILLI., .METRE. ) );
#3221 = FACE_OUTER_BOUND ( 'NONE', #3337, .T. ) ;
#3222 = CARTESIAN_POINT ( 'NONE',  ( -3.199999999999999734, 7.799999999999998046, -4.500000000000000000 ) ) ;
#3223 = VECTOR ( 'NONE', #1922, 1000.000000000000000 ) ;
#3224 = EDGE_LOOP ( 'NONE', ( #183, #1049, #2954, #1041, #2178, #1686, #1110, #47 ) ) ;
#3225 = ORIENTED_EDGE ( 'NONE', *, *, #574, .T. ) ;
#3226 = VECTOR ( 'NONE', #151, 1000.000000000000000 ) ;
#3227 = VECTOR ( 'NONE', #1029, 1000.000000000000000 ) ;
#3228 = ORIENTED_EDGE ( 'NONE', *, *, #2348, .T. ) ;
#3229 = CARTESIAN_POINT ( 'NONE',  ( 9.225000000000001421, -6.650000000000001243, -4.929269377658066276 ) ) ;
#3230 =( GEOMETRIC_REPRESENTATION_CONTEXT ( 3 ) GLOBAL_UNCERTAINTY_ASSIGNED_CONTEXT ( ( #2220 ) ) GLOBAL_UNIT_ASSIGNED_CONTEXT ( ( #3105, #2282, #2816 ) ) REPRESENTATION_CONTEXT ( 'NONE', 'WORKASPACE' ) );
#3231 = MECHANICAL_DESIGN_GEOMETRIC_PRESENTATION_REPRESENTATION (  '', ( #2480 ), #85 ) ;
#3232 = CARTESIAN_POINT ( 'NONE',  ( -2.425000000000001155, -3.117836102361307482, -0.05391956940583942509 ) ) ;
#3233 = ORIENTED_EDGE ( 'NONE', *, *, #3085, .T. ) ;
#3234 = EDGE_LOOP ( 'NONE', ( #2379, #1328, #204, #453, #2508, #742, #235, #1007 ) ) ;
#3235 = AXIS2_PLACEMENT_3D ( 'NONE', #1259, #2042, #2878 ) ;
#3236 = CARTESIAN_POINT ( 'NONE',  ( 7.730671790404080923, 4.125000000000005329, -1.179270645342403334 ) ) ;
#3237 = AXIS2_PLACEMENT_3D ( 'NONE', #1237, #2873, #685 ) ;
#3238 = CARTESIAN_POINT ( 'NONE',  ( 7.200000000000000178, 4.199999999999997513, -4.500000000000000000 ) ) ;
#3239 = ORIENTED_EDGE ( 'NONE', *, *, #3463, .T. ) ;
#3240 = VECTOR ( 'NONE', #1362, 999.9999999999998863 ) ;
#3241 = CARTESIAN_POINT ( 'NONE',  ( 1.425000000000000266, 0.0000000000000000000, 0.0000000000000000000 ) ) ;
#3242 = STYLED_ITEM ( 'NONE', ( #2297 ), #1693 ) ;
#3243 = CARTESIAN_POINT ( 'NONE',  ( 1.425000000000000266, 1.149999999999999911, 3.700000000000000178 ) ) ;
#3244 = EDGE_CURVE ( 'NONE', #2915, #2699, #1627, .T. ) ;
#3245 = PLANE ( 'NONE',  #1476 ) ;
#3246 = EDGE_LOOP ( 'NONE', ( #2194, #1551, #1057, #5 ) ) ;
#3247 = STYLED_ITEM ( 'NONE', ( #2479 ), #1889 ) ;
#3248 =( NAMED_UNIT ( * ) SI_UNIT ( $, .STERADIAN. ) SOLID_ANGLE_UNIT ( ) );
#3249 = FILL_AREA_STYLE_COLOUR ( '', #291 ) ;
#3250 = ORIENTED_EDGE ( 'NONE', *, *, #1888, .T. ) ;
#3251 = ORIENTED_EDGE ( 'NONE', *, *, #232, .F. ) ;
#3252 = PLANE ( 'NONE',  #629 ) ;
#3253 = SURFACE_STYLE_USAGE ( .BOTH. , #2373 ) ;
#3254 = FACE_OUTER_BOUND ( 'NONE', #3357, .T. ) ;
#3255 = ORIENTED_EDGE ( 'NONE', *, *, #2676, .T. ) ;
#3256 = DIRECTION ( 'NONE',  ( 1.000000000000000000, 0.0000000000000000000, 0.0000000000000000000 ) ) ;
#3257 = VERTEX_POINT ( 'NONE', #1290 ) ;
#3258 = UNCERTAINTY_MEASURE_WITH_UNIT (LENGTH_MEASURE( 1.000000000000000082E-05 ), #2664, 'distance_accuracy_value', 'NONE');
#3259 = CARTESIAN_POINT ( 'NONE',  ( 6.424999999999998046, -3.117836102361304818, -0.05391956940583942509 ) ) ;
#3260 = FACE_OUTER_BOUND ( 'NONE', #395, .T. ) ;
#3261 = ORIENTED_EDGE ( 'NONE', *, *, #2199, .F. ) ;
#3262 = CARTESIAN_POINT ( 'NONE',  ( -5.224999999999998757, 3.224166666666658188, -4.499999999999995559 ) ) ;
#3263 = CARTESIAN_POINT ( 'NONE',  ( 3.900000000000000799, 0.5749999999999991784, -13.89999999999999858 ) ) ;
#3264 = DIRECTION ( 'NONE',  ( -1.200500675416475772E-16, -1.000000000000000000, 0.0000000000000000000 ) ) ;
#3265 = CARTESIAN_POINT ( 'NONE',  ( -2.425000000000000711, -5.650000000000000355, -14.59999999999999787 ) ) ;
#3266 = DIRECTION ( 'NONE',  ( 1.000000000000000000, -6.002503377082377626E-17, 0.0000000000000000000 ) ) ;
#3267 = ORIENTED_EDGE ( 'NONE', *, *, #1586, .F. ) ;
#3268 = EDGE_CURVE ( 'NONE', #3201, #2036, #2751, .T. ) ;
#3269 = EDGE_CURVE ( 'NONE', #2718, #489, #2417, .T. ) ;
#3270 = EDGE_LOOP ( 'NONE', ( #676, #2143, #3091, #24 ) ) ;
#3271 = EDGE_CURVE ( 'NONE', #1107, #314, #2474, .T. ) ;
#3272 = EDGE_CURVE ( 'NONE', #42, #3018, #2112, .T. ) ;
#3273 = CARTESIAN_POINT ( 'NONE',  ( 6.685568096298567298, -3.179501562564187367, -0.1315404284024748460 ) ) ;
#3274 = CARTESIAN_POINT ( 'NONE',  ( -4.349999999999999645, 7.324999999999999289, -6.299999999999998934 ) ) ;
#3275 = EDGE_CURVE ( 'NONE', #2419, #1715, #1568, .T. ) ;
#3276 = ORIENTED_EDGE ( 'NONE', *, *, #2797, .T. ) ;
#3277 = COLOUR_RGB ( '',0.8588235294117646523, 0.8588235294117646523, 0.8588235294117646523 ) ;
#3278 = ORIENTED_EDGE ( 'NONE', *, *, #1771, .F. ) ;
#3279 = DIRECTION ( 'NONE',  ( -1.000000000000000000, 0.0000000000000000000, 0.0000000000000000000 ) ) ;
#3280 = CARTESIAN_POINT ( 'NONE',  ( -5.224999999999997868, 2.983333333333333393, -4.929269377658065387 ) ) ;
#3281 = DIRECTION ( 'NONE',  ( 0.0000000000000000000, -0.0000000000000000000, -1.000000000000000000 ) ) ;
#3282 = AXIS2_PLACEMENT_3D ( 'NONE', #1453, #1180, #1768 ) ;
#3283 = LINE ( 'NONE', #2775, #1297 ) ;
#3284 = CARTESIAN_POINT ( 'NONE',  ( 7.730671790404080923, -3.564999999999999503, -1.179270645342404000 ) ) ;
#3285 = EDGE_LOOP ( 'NONE', ( #1920, #1978, #2643, #1682 ) ) ;
#3286 = CARTESIAN_POINT ( 'NONE',  ( -2.772604542558166685, -3.200042337711484386, -0.1573959495610874892 ) ) ;
#3287 = PLANE ( 'NONE',  #203 ) ;
#3288 = VECTOR ( 'NONE', #1641, 1000.000000000000000 ) ;
#3289 = ORIENTED_EDGE ( 'NONE', *, *, #1781, .F. ) ;
#3290 = CIRCLE ( 'NONE', #2546, 0.5103018321630116150 ) ;
#3291 = LINE ( 'NONE', #242, #1855 ) ;
#3292 = DIRECTION ( 'NONE',  ( -1.000000000000000000, 0.0000000000000000000, -0.0000000000000000000 ) ) ;
#3293 = DIRECTION ( 'NONE',  ( -3.410973126920687487E-16, 1.000000000000000000, 0.0000000000000000000 ) ) ;
#3294 = PRESENTATION_LAYER_ASSIGNMENT (  '', '', ( #1127 ) ) ;
#3295 = VERTEX_POINT ( 'NONE', #2136 ) ;
#3296 = VECTOR ( 'NONE', #2571, 1000.000000000000000 ) ;
#3297 = ORIENTED_EDGE ( 'NONE', *, *, #952, .T. ) ;
#3298 = DIRECTION ( 'NONE',  ( -0.0000000000000000000, 0.0000000000000000000, 1.000000000000000000 ) ) ;
#3299 = DIRECTION ( 'NONE',  ( 0.0000000000000000000, -1.000000000000000000, 0.0000000000000000000 ) ) ;
#3300 =( NAMED_UNIT ( * ) SI_UNIT ( $, .STERADIAN. ) SOLID_ANGLE_UNIT ( ) );
#3301 = ADVANCED_FACE ( 'NONE', ( #3260 ), #762, .T. ) ;
#3302 = VERTEX_POINT ( 'NONE', #2271 ) ;
#3303 = COLOUR_RGB ( '',0.8588235294117646523, 0.8588235294117646523, 0.8588235294117646523 ) ;
#3304 = DIRECTION ( 'NONE',  ( -5.880418562633243017E-16, 1.000000000000000000, -3.854941057726238590E-16 ) ) ;
#3305 = LINE ( 'NONE', #807, #729 ) ;
#3306 = ORIENTED_EDGE ( 'NONE', *, *, #2346, .T. ) ;
#3307 = EDGE_CURVE ( 'NONE', #2707, #2134, #830, .T. ) ;
#3308 = ADVANCED_FACE ( 'NONE', ( #1722, #1115 ), #1660, .F. ) ;
#3309 = CARTESIAN_POINT ( 'NONE',  ( 0.0000000000000000000, 0.0000000000000000000, 3.700000000000000178 ) ) ;
#3310 = DIRECTION ( 'NONE',  ( -3.410973126920687487E-16, 1.000000000000000000, 0.0000000000000000000 ) ) ;
#3311 = CARTESIAN_POINT ( 'NONE',  ( -3.199999999999998845, -1.091511400614619680E-15, 0.0000000000000000000 ) ) ;
#3312 = ORIENTED_EDGE ( 'NONE', *, *, #3376, .F. ) ;
#3313 =( NAMED_UNIT ( * ) SI_UNIT ( $, .STERADIAN. ) SOLID_ANGLE_UNIT ( ) );
#3314 =( NAMED_UNIT ( * ) SI_UNIT ( $, .STERADIAN. ) SOLID_ANGLE_UNIT ( ) );
#3315 = CARTESIAN_POINT ( 'NONE',  ( -2.425000000000001155, -4.174999999999999822, -5.400024999999999409 ) ) ;
#3316 = UNCERTAINTY_MEASURE_WITH_UNIT (LENGTH_MEASURE( 1.000000000000000082E-05 ), #2561, 'distance_accuracy_value', 'NONE');
#3317 = ORIENTED_EDGE ( 'NONE', *, *, #1649, .T. ) ;
#3318 = UNCERTAINTY_MEASURE_WITH_UNIT (LENGTH_MEASURE( 1.000000000000000082E-05 ), #2086, 'distance_accuracy_value', 'NONE');
#3319 = FACE_OUTER_BOUND ( 'NONE', #1719, .T. ) ;
#3320 = SURFACE_SIDE_STYLE ('',( #2729 ) ) ;
#3321 = ORIENTED_EDGE ( 'NONE', *, *, #32, .F. ) ;
#3322 = LINE ( 'NONE', #826, #63 ) ;
#3323 = LINE ( 'NONE', #1148, #20 ) ;
#3324 = B_SPLINE_CURVE_WITH_KNOTS ( 'NONE', 2,
 ( #330, #591, #1468 ),
 .UNSPECIFIED., .F., .F.,
 ( 3, 3 ),
 ( 0.0000000000000000000, 1.000000000000000000 ),
 .UNSPECIFIED. ) ;
#3325 = FILL_AREA_STYLE_COLOUR ( '', #327 ) ;
#3326 = CARTESIAN_POINT ( 'NONE',  ( -2.425000000000000711, -5.650000000000000355, -4.500000000000000000 ) ) ;
#3327 = ORIENTED_EDGE ( 'NONE', *, *, #1518, .T. ) ;
#3328 = EDGE_CURVE ( 'NONE', #2350, #2706, #1706, .T. ) ;
#3329 = FILL_AREA_STYLE_COLOUR ( '', #2223 ) ;
#3330 =( NAMED_UNIT ( * ) PLANE_ANGLE_UNIT ( ) SI_UNIT ( $, .RADIAN. ) );
#3331 = VECTOR ( 'NONE', #268, 1000.000000000000000 ) ;
#3332 =( NAMED_UNIT ( * ) SI_UNIT ( $, .STERADIAN. ) SOLID_ANGLE_UNIT ( ) );
#3333 = ORIENTED_EDGE ( 'NONE', *, *, #2264, .T. ) ;
#3334 = LINE ( 'NONE', #1898, #1937 ) ;
#3335 = CARTESIAN_POINT ( 'NONE',  ( 4.000000000000000000, 0.0000000000000000000, 3.700000000000000178 ) ) ;
#3336 = EDGE_LOOP ( 'NONE', ( #1562, #2752, #341, #3054, #3574, #1254, #1372, #56 ) ) ;
#3337 = EDGE_LOOP ( 'NONE', ( #1629, #2969, #3527, #3228, #3540, #155, #1046, #1203, #736, #702 ) ) ;
#3338 = LINE ( 'NONE', #523, #2807 ) ;
#3339 = VECTOR ( 'NONE', #1403, 1000.000000000000000 ) ;
#3340 = EDGE_CURVE ( 'NONE', #855, #1006, #3394, .T. ) ;
#3341 = CARTESIAN_POINT ( 'NONE',  ( 9.178907482225810099, -3.074999999999999734, -4.500000000000000000 ) ) ;
#3342 = SURFACE_STYLE_USAGE ( .BOTH. , #1386 ) ;
#3343 = FILL_AREA_STYLE ('',( #2821 ) ) ;
#3344 = ORIENTED_EDGE ( 'NONE', *, *, #3244, .T. ) ;
#3345 = AXIS2_PLACEMENT_3D ( 'NONE', #1167, #2272, #1387 ) ;
#3346 = PRESENTATION_LAYER_ASSIGNMENT (  '', '', ( #499 ) ) ;
#3347 = VERTEX_POINT ( 'NONE', #1689 ) ;
#3348 = COLOUR_RGB ( '',0.8588235294117646523, 0.8588235294117646523, 0.8588235294117646523 ) ;
#3349 = PLANE ( 'NONE',  #2553 ) ;
#3350 = CARTESIAN_POINT ( 'NONE',  ( -2.424999999995458566, -3.269774822871045039, -0.05391956949626908191 ) ) ;
#3351 = AXIS2_PLACEMENT_3D ( 'NONE', #1812, #1557, #1743 ) ;
#3352 = CARTESIAN_POINT ( 'NONE',  ( 7.730671790404080923, 4.125000000000005329, -1.179270645342403334 ) ) ;
#3353 = VECTOR ( 'NONE', #2230, 1000.000000000000000 ) ;
#3354 = VECTOR ( 'NONE', #3126, 1000.000000000000000 ) ;
#3355 = ORIENTED_EDGE ( 'NONE', *, *, #1477, .T. ) ;
#3356 = CARTESIAN_POINT ( 'NONE',  ( 2.575000000000000178, -1.275000000000000133, 3.700000000000000178 ) ) ;
#3357 = EDGE_LOOP ( 'NONE', ( #1096, #3196, #2692, #3445 ) ) ;
#3358 =( GEOMETRIC_REPRESENTATION_CONTEXT ( 3 ) GLOBAL_UNCERTAINTY_ASSIGNED_CONTEXT ( ( #805 ) ) GLOBAL_UNIT_ASSIGNED_CONTEXT ( ( #306, #1153, #1680 ) ) REPRESENTATION_CONTEXT ( 'NONE', 'WORKASPACE' ) );
#3359 = ORIENTED_EDGE ( 'NONE', *, *, #3003, .F. ) ;
#3360 = VERTEX_POINT ( 'NONE', #1422 ) ;
#3361 = CARTESIAN_POINT ( 'NONE',  ( 1.425000000000000044, -1.275000000000000133, 3.700000000000000178 ) ) ;
#3362 = CARTESIAN_POINT ( 'NONE',  ( -1.500000000000000444, -2.174999999999999822, 0.0000000000000000000 ) ) ;
#3363 = ORIENTED_EDGE ( 'NONE', *, *, #639, .T. ) ;
#3364 = ORIENTED_EDGE ( 'NONE', *, *, #3187, .F. ) ;
#3365 = FACE_OUTER_BOUND ( 'NONE', #3531, .T. ) ;
#3366 = CARTESIAN_POINT ( 'NONE',  ( 0.0000000000000000000, -3.074999999999999734, 0.0000000000000000000 ) ) ;
#3367 = FACE_OUTER_BOUND ( 'NONE', #1162, .T. ) ;
#3368 = DIRECTION ( 'NONE',  ( -0.0000000000000000000, -0.0000000000000000000, 1.000000000000000000 ) ) ;
#3369 = CARTESIAN_POINT ( 'NONE',  ( -3.199999999999998401, 0.02833333333333550377, -2.168404344971008868E-16 ) ) ;
#3370 = ORIENTED_EDGE ( 'NONE', *, *, #1909, .F. ) ;
#3371 = DIRECTION ( 'NONE',  ( 0.0000000000000000000, -0.0000000000000000000, -1.000000000000000000 ) ) ;
#3372 = EDGE_CURVE ( 'NONE', #2211, #2029, #3094, .T. ) ;
#3373 = CARTESIAN_POINT ( 'NONE',  ( -5.224999999999998757, -6.650000000000000355, -5.399999999999999467 ) ) ;
#3374 = EDGE_CURVE ( 'NONE', #17, #2452, #1131, .T. ) ;
#3375 = ORIENTED_EDGE ( 'NONE', *, *, #2470, .T. ) ;
#3376 = EDGE_CURVE ( 'NONE', #2699, #752, #3058, .T. ) ;
#3377 = CARTESIAN_POINT ( 'NONE',  ( 2.000000000000000444, 0.5749999999999991784, -13.89999999999999858 ) ) ;
#3378 = LINE ( 'NONE', #3361, #1647 ) ;
#3379 = FACE_OUTER_BOUND ( 'NONE', #1467, .T. ) ;
#3380 = CARTESIAN_POINT ( 'NONE',  ( -5.178907482225810099, 5.399999999999997691, -4.500000000000000000 ) ) ;
#3381 = VERTEX_POINT ( 'NONE', #1149 ) ;
#3382 = CARTESIAN_POINT ( 'NONE',  ( 5.500000000000000000, 0.0000000000000000000, -4.500000000000000000 ) ) ;
#3383 = FACE_OUTER_BOUND ( 'NONE', #1639, .T. ) ;
#3384 = LINE ( 'NONE', #2666, #207 ) ;
#3385 = MECHANICAL_DESIGN_GEOMETRIC_PRESENTATION_REPRESENTATION (  '', ( #2402 ), #1514 ) ;
#3386 =( LENGTH_UNIT ( ) NAMED_UNIT ( * ) SI_UNIT ( .MILLI., .METRE. ) );
#3387 = CARTESIAN_POINT ( 'NONE',  ( 7.200000000000000178, 4.199999999999997513, -4.500000000000000000 ) ) ;
#3388 = CARTESIAN_POINT ( 'NONE',  ( -5.224999999999998757, -6.650000000000000355, -5.399999999999999467 ) ) ;
#3389 = DIRECTION ( 'NONE',  ( 0.4103646773287981109, 0.0000000000000000000, 0.9119215051751063950 ) ) ;
#3390 = VECTOR ( 'NONE', #3554, 1000.000000000000000 ) ;
#3391 = LINE ( 'NONE', #3430, #2177 ) ;
#3392 = EDGE_LOOP ( 'NONE', ( #1481, #3250 ) ) ;
#3393 =( NAMED_UNIT ( * ) PLANE_ANGLE_UNIT ( ) SI_UNIT ( $, .RADIAN. ) );
#3394 = LINE ( 'NONE', #46, #3296 ) ;
#3395 = ADVANCED_FACE ( 'NONE', ( #3379 ), #889, .F. ) ;
#3396 = EDGE_LOOP ( 'NONE', ( #467, #1224, #924, #1454, #2210, #3158, #1770, #3364, #2408, #601 ) ) ;
#3397 = PRESENTATION_LAYER_ASSIGNMENT (  '', '', ( #2650 ) ) ;
#3398 = UNCERTAINTY_MEASURE_WITH_UNIT (LENGTH_MEASURE( 1.000000000000000082E-05 ), #1233, 'distance_accuracy_value', 'NONE');
#3399 = CARTESIAN_POINT ( 'NONE',  ( 1.425000000000000266, 0.0000000000000000000, 3.700000000000000178 ) ) ;
#3400 =( GEOMETRIC_REPRESENTATION_CONTEXT ( 3 ) GLOBAL_UNCERTAINTY_ASSIGNED_CONTEXT ( ( #3197 ) ) GLOBAL_UNIT_ASSIGNED_CONTEXT ( ( #2307, #651, #1204 ) ) REPRESENTATION_CONTEXT ( 'NONE', 'WORKASPACE' ) );
#3401 = AXIS2_PLACEMENT_3D ( 'NONE', #52, #2280, #900 ) ;
#3402 = AXIS2_PLACEMENT_3D ( 'NONE', #1985, #1392, #1462 ) ;
#3403 = FACE_OUTER_BOUND ( 'NONE', #1834, .T. ) ;
#3404 = ORIENTED_EDGE ( 'NONE', *, *, #1734, .T. ) ;
#3405 = DIRECTION ( 'NONE',  ( -1.000000000000000000, -0.0000000000000000000, -0.0000000000000000000 ) ) ;
#3406 = VECTOR ( 'NONE', #3215, 1000.000000000000114 ) ;
#3407 = LINE ( 'NONE', #2045, #1192 ) ;
#3408 = ADVANCED_FACE ( 'NONE', ( #3605 ), #2529, .T. ) ;
#3409 = CARTESIAN_POINT ( 'NONE',  ( -5.178907482225810099, -3.074999999999999734, -4.500000000000000000 ) ) ;
#3410 = DIRECTION ( 'NONE',  ( 0.0000000000000000000, 0.0000000000000000000, 1.000000000000000000 ) ) ;
#3411 = COLOUR_RGB ( '',0.8588235294117646523, 0.8588235294117646523, 0.8588235294117646523 ) ;
#3412 = MECHANICAL_DESIGN_GEOMETRIC_PRESENTATION_REPRESENTATION (  '', ( #1369 ), #1821 ) ;
#3413 = ORIENTED_EDGE ( 'NONE', *, *, #2445, .T. ) ;
#3414 = SURFACE_SIDE_STYLE ('',( #391 ) ) ;
#3415 = VECTOR ( 'NONE', #1500, 1000.000000000000000 ) ;
#3416 = SURFACE_STYLE_FILL_AREA ( #3131 ) ;
#3417 =( NAMED_UNIT ( * ) SI_UNIT ( $, .STERADIAN. ) SOLID_ANGLE_UNIT ( ) );
#3418 = CARTESIAN_POINT ( 'NONE',  ( -1.499999999999998668, 3.325000000000000622, -4.500000000000000000 ) ) ;
#3419 = VERTEX_POINT ( 'NONE', #2368 ) ;
#3420 = ORIENTED_EDGE ( 'NONE', *, *, #764, .T. ) ;
#3421 = ADVANCED_FACE ( 'NONE', ( #1264 ), #2941, .F. ) ;
#3422 = EDGE_CURVE ( 'NONE', #2993, #2917, #1818, .T. ) ;
#3423 = DIRECTION ( 'NONE',  ( 4.336808689942006889E-16, -1.000000000000000000, 0.0000000000000000000 ) ) ;
#3424 = CARTESIAN_POINT ( 'NONE',  ( 8.349999999999999645, 7.324999999999998401, -11.29999999999999893 ) ) ;
#3425 = ADVANCED_FACE ( 'NONE', ( #3221 ), #2201, .F. ) ;
#3426 = SURFACE_SIDE_STYLE ('',( #3438 ) ) ;
#3427 = DIRECTION ( 'NONE',  ( -1.000000000000000000, -3.415313893875990418E-16, -2.465190328815661892E-32 ) ) ;
#3428 = CARTESIAN_POINT ( 'NONE',  ( 0.0000000000000000000, 1.149999999999999911, 3.700000000000000178 ) ) ;
#3429 = LINE ( 'NONE', #2883, #3129 ) ;
#3430 = CARTESIAN_POINT ( 'NONE',  ( 5.500000000000000000, -2.174999999999999822, -5.000000000000000000 ) ) ;
#3431 = CARTESIAN_POINT ( 'NONE',  ( 2.000000000000000444, 0.5749999999999991784, -13.89999999999999858 ) ) ;
#3432 = ORIENTED_EDGE ( 'NONE', *, *, #1314, .F. ) ;
#3433 = SURFACE_STYLE_USAGE ( .BOTH. , #3414 ) ;
#3434 = DIRECTION ( 'NONE',  ( 0.0000000000000000000, 0.0000000000000000000, -1.000000000000000000 ) ) ;
#3435 = VERTEX_POINT ( 'NONE', #812 ) ;
#3436 = FACE_OUTER_BOUND ( 'NONE', #152, .T. ) ;
#3437 = ADVANCED_FACE ( 'NONE', ( #985 ), #1904, .F. ) ;
#3438 = SURFACE_STYLE_FILL_AREA ( #1191 ) ;
#3439 =( GEOMETRIC_REPRESENTATION_CONTEXT ( 3 ) GLOBAL_UNCERTAINTY_ASSIGNED_CONTEXT ( ( #1090 ) ) GLOBAL_UNIT_ASSIGNED_CONTEXT ( ( #534, #1343, #3600 ) ) REPRESENTATION_CONTEXT ( 'NONE', 'WORKASPACE' ) );
#3440 = LINE ( 'NONE', #1435, #3568 ) ;
#3441 = COLOUR_RGB ( '',0.8588235294117646523, 0.8588235294117646523, 0.8588235294117646523 ) ;
#3442 = SURFACE_STYLE_FILL_AREA ( #967 ) ;
#3443 = CARTESIAN_POINT ( 'NONE',  ( 11.83446580044896557, 7.419289525591100443, -2.312635970870159152 ) ) ;
#3444 = DIRECTION ( 'NONE',  ( 0.0000000000000000000, 0.0000000000000000000, -1.000000000000000000 ) ) ;
#3445 = ORIENTED_EDGE ( 'NONE', *, *, #2565, .F. ) ;
#3446 = CARTESIAN_POINT ( 'NONE',  ( -3.730671790404080479, -0.6749999999999993783, -1.179270645342404222 ) ) ;
#3447 = VECTOR ( 'NONE', #3143, 1000.000000000000000 ) ;
#3448 = DIRECTION ( 'NONE',  ( -1.000000000000000000, 3.154042683594194134E-16, 0.0000000000000000000 ) ) ;
#3449 = EDGE_LOOP ( 'NONE', ( #2294, #2735, #1547, #55 ) ) ;
#3450 = SURFACE_STYLE_FILL_AREA ( #664 ) ;
#3451 = ORIENTED_EDGE ( 'NONE', *, *, #1581, .T. ) ;
#3452 = ADVANCED_FACE ( 'NONE', ( #2632 ), #122, .F. ) ;
#3453 = LINE ( 'NONE', #2327, #3159 ) ;
#3454 = CARTESIAN_POINT ( 'NONE',  ( 6.924999999999997158, -3.074999999999997957, -0.2437088524045562532 ) ) ;
#3455 = CARTESIAN_POINT ( 'NONE',  ( 7.200000000000000178, -3.074999999999999734, 0.0000000000000000000 ) ) ;
#3456 = DIRECTION ( 'NONE',  ( -1.700709290173340163E-16, -1.000000000000000000, 0.0000000000000000000 ) ) ;
#3457 = DIRECTION ( 'NONE',  ( 3.243171967813718980E-16, -1.000000000000000000, 0.0000000000000000000 ) ) ;
#3458 = AXIS2_PLACEMENT_3D ( 'NONE', #581, #3057, #871 ) ;
#3459 = PRESENTATION_STYLE_ASSIGNMENT (( #2330 ) ) ;
#3460 = CARTESIAN_POINT ( 'NONE',  ( 9.225000000000001421, -7.372499999999999609, -4.929269377658066276 ) ) ;
#3461 = AXIS2_PLACEMENT_3D ( 'NONE', #3581, #2600, #2864 ) ;
#3462 = DIRECTION ( 'NONE',  ( 0.0000000000000000000, 0.0000000000000000000, 1.000000000000000000 ) ) ;
#3463 = EDGE_CURVE ( 'NONE', #752, #116, #2920, .T. ) ;
#3464 = SURFACE_STYLE_FILL_AREA ( #695 ) ;
#3465 = CARTESIAN_POINT ( 'NONE',  ( -5.224999999999998757, -6.650000000000000355, -5.399999999999999467 ) ) ;
#3466 = PRESENTATION_LAYER_ASSIGNMENT (  '', '', ( #2418 ) ) ;
#3467 = ORIENTED_EDGE ( 'NONE', *, *, #346, .T. ) ;
#3468 = COLOUR_RGB ( '',0.6196078431372549211, 0.4117647058823529216, 0.2000000000000000111 ) ;
#3469 = COLOUR_RGB ( '',0.8588235294117646523, 0.8588235294117646523, 0.8588235294117646523 ) ;
#3470 = ORIENTED_EDGE ( 'NONE', *, *, #1143, .T. ) ;
#3471 = AXIS2_PLACEMENT_3D ( 'NONE', #2829, #929, #2009 ) ;
#3472 =( NAMED_UNIT ( * ) PLANE_ANGLE_UNIT ( ) SI_UNIT ( $, .RADIAN. ) );
#3473 =( NAMED_UNIT ( * ) SI_UNIT ( $, .STERADIAN. ) SOLID_ANGLE_UNIT ( ) );
#3474 = STYLED_ITEM ( 'NONE', ( #2728 ), #1849 ) ;
#3475 = DIRECTION ( 'NONE',  ( -0.0000000000000000000, -1.000000000000000000, -0.0000000000000000000 ) ) ;
#3476 = EDGE_LOOP ( 'NONE', ( #3614, #272, #2987, #3239 ) ) ;
#3477 = CARTESIAN_POINT ( 'NONE',  ( 9.225000000000001421, 7.799999999999997158, -5.399999999999999467 ) ) ;
#3478 = CARTESIAN_POINT ( 'NONE',  ( -5.224999999999996980, 7.799999999999998046, -4.929269377658063611 ) ) ;
#3479 = FILL_AREA_STYLE_COLOUR ( '', #623 ) ;
#3480 = LINE ( 'NONE', #2369, #2127 ) ;
#3481 = DIRECTION ( 'NONE',  ( 0.4103646773287981109, 0.0000000000000000000, -0.9119215051751063950 ) ) ;
#3482 = VERTEX_POINT ( 'NONE', #140 ) ;
#3483 = ORIENTED_EDGE ( 'NONE', *, *, #1633, .F. ) ;
#3484 = CARTESIAN_POINT ( 'NONE',  ( 7.200000000000000178, 12.73463524487879361, 0.0000000000000000000 ) ) ;
#3485 = EDGE_CURVE ( 'NONE', #903, #2791, #1247, .T. ) ;
#3486 = DIRECTION ( 'NONE',  ( 0.0000000000000000000, 1.000000000000000000, 0.0000000000000000000 ) ) ;
#3487 =( NAMED_UNIT ( * ) PLANE_ANGLE_UNIT ( ) SI_UNIT ( $, .RADIAN. ) );
#3488 = ORIENTED_EDGE ( 'NONE', *, *, #2736, .F. ) ;
#3489 = LINE ( 'NONE', #153, #611 ) ;
#3490 = SURFACE_SIDE_STYLE ('',( #2314 ) ) ;
#3491 = VERTEX_POINT ( 'NONE', #2959 ) ;
#3492 =( NAMED_UNIT ( * ) SI_UNIT ( $, .STERADIAN. ) SOLID_ANGLE_UNIT ( ) );
#3493 = PLANE ( 'NONE',  #1794 ) ;
#3494 = DIRECTION ( 'NONE',  ( 1.700709290173340163E-16, 1.000000000000000000, 0.0000000000000000000 ) ) ;
#3495 = CARTESIAN_POINT ( 'NONE',  ( 7.238645917050990697, -6.175000000000001599, -9.000000000000000000 ) ) ;
#3496 = CARTESIAN_POINT ( 'NONE',  ( 6.925000000000000711, -6.650000000000003020, -4.500000000000000000 ) ) ;
#3497 = VERTEX_POINT ( 'NONE', #2671 ) ;
#3498 = EDGE_LOOP ( 'NONE', ( #190, #3467, #2516, #556 ) ) ;
#3499 =( GEOMETRIC_REPRESENTATION_CONTEXT ( 3 ) GLOBAL_UNCERTAINTY_ASSIGNED_CONTEXT ( ( #1378 ) ) GLOBAL_UNIT_ASSIGNED_CONTEXT ( ( #1827, #483, #758 ) ) REPRESENTATION_CONTEXT ( 'NONE', 'WORKASPACE' ) );
#3500 = ORIENTED_EDGE ( 'NONE', *, *, #1324, .F. ) ;
#3501 = LINE ( 'NONE', #1602, #1608 ) ;
#3502 = FILL_AREA_STYLE_COLOUR ( '', #2638 ) ;
#3503 =( NAMED_UNIT ( * ) SI_UNIT ( $, .STERADIAN. ) SOLID_ANGLE_UNIT ( ) );
#3504 = VECTOR ( 'NONE', #2880, 1000.000000000000000 ) ;
#3505 = ORIENTED_EDGE ( 'NONE', *, *, #2890, .T. ) ;
#3506 = ADVANCED_FACE ( 'NONE', ( #2689 ), #158, .T. ) ;
#3507 = VECTOR ( 'NONE', #1489, 1000.000000000000000 ) ;
#3508 = UNCERTAINTY_MEASURE_WITH_UNIT (LENGTH_MEASURE( 1.000000000000000082E-05 ), #2627, 'distance_accuracy_value', 'NONE');
#3509 = CARTESIAN_POINT ( 'NONE',  ( 4.500000000000000888, 5.724999999999998757, -14.90000000000000036 ) ) ;
#3510 = SURFACE_SIDE_STYLE ('',( #1084 ) ) ;
#3511 = ORIENTED_EDGE ( 'NONE', *, *, #3004, .F. ) ;
#3512 = LINE ( 'NONE', #1016, #1918 ) ;
#3513 = FACE_BOUND ( 'NONE', #3498, .T. ) ;
#3514 = CARTESIAN_POINT ( 'NONE',  ( -5.224999999999996980, 7.799999999999998046, -4.500000000000000000 ) ) ;
#3515 = CARTESIAN_POINT ( 'NONE',  ( 6.424999999999998934, -4.174999999999999822, -5.399999999999999467 ) ) ;
#3516 = ORIENTED_EDGE ( 'NONE', *, *, #2565, .T. ) ;
#3517 = AXIS2_PLACEMENT_3D ( 'NONE', #3199, #361, #2092 ) ;
#3518 = DIRECTION ( 'NONE',  ( 7.278560039063522195E-16, -1.000000000000000000, 0.0000000000000000000 ) ) ;
#3519 = VERTEX_POINT ( 'NONE', #3362 ) ;
#3520 = COLOUR_RGB ( '',0.8588235294117646523, 0.8588235294117646523, 0.8588235294117646523 ) ;
#3521 = VECTOR ( 'NONE', #2170, 1000.000000000000000 ) ;
#3522 = VERTEX_POINT ( 'NONE', #3326 ) ;
#3523 = FILL_AREA_STYLE ('',( #3020 ) ) ;
#3524 =( NAMED_UNIT ( * ) SI_UNIT ( $, .STERADIAN. ) SOLID_ANGLE_UNIT ( ) );
#3525 =( GEOMETRIC_REPRESENTATION_CONTEXT ( 3 ) GLOBAL_UNCERTAINTY_ASSIGNED_CONTEXT ( ( #1032 ) ) GLOBAL_UNIT_ASSIGNED_CONTEXT ( ( #1502, #1778, #984 ) ) REPRESENTATION_CONTEXT ( 'NONE', 'WORKASPACE' ) );
#3526 = CARTESIAN_POINT ( 'NONE',  ( 6.424999999999998934, -4.174999999999999822, -4.500000000000000000 ) ) ;
#3527 = ORIENTED_EDGE ( 'NONE', *, *, #1407, .T. ) ;
#3528 =( GEOMETRIC_REPRESENTATION_CONTEXT ( 3 ) GLOBAL_UNCERTAINTY_ASSIGNED_CONTEXT ( ( #3508 ) ) GLOBAL_UNIT_ASSIGNED_CONTEXT ( ( #2627, #997, #412 ) ) REPRESENTATION_CONTEXT ( 'NONE', 'WORKASPACE' ) );
#3529 = DIRECTION ( 'NONE',  ( -1.000000000000000000, 0.0000000000000000000, 0.0000000000000000000 ) ) ;
#3530 = CARTESIAN_POINT ( 'NONE',  ( -5.224999999999996980, 7.799999999999998046, -5.399999999999999467 ) ) ;
#3531 = EDGE_LOOP ( 'NONE', ( #2209, #3276, #2217, #1282 ) ) ;
#3532 = AXIS2_PLACEMENT_3D ( 'NONE', #275, #1637, #15 ) ;
#3533 = ADVANCED_FACE ( 'NONE', ( #1707 ), #1661, .T. ) ;
#3534 = EDGE_CURVE ( 'NONE', #686, #2309, #904, .T. ) ;
#3535 = AXIS2_PLACEMENT_3D ( 'NONE', #862, #570, #1377 ) ;
#3536 = CARTESIAN_POINT ( 'NONE',  ( -5.224999999999997868, -1.833333333333334370, -4.929269377658066276 ) ) ;
#3537 = CARTESIAN_POINT ( 'NONE',  ( 7.730671790404080923, 4.125000000000005329, -1.179270645342403334 ) ) ;
#3538 = DIRECTION ( 'NONE',  ( -0.0000000000000000000, -1.000000000000000000, -0.0000000000000000000 ) ) ;
#3539 = EDGE_CURVE ( 'NONE', #1205, #2036, #91, .T. ) ;
#3540 = ORIENTED_EDGE ( 'NONE', *, *, #2288, .T. ) ;
#3541 = EDGE_CURVE ( 'NONE', #921, #314, #819, .T. ) ;
#3542 =( GEOMETRIC_REPRESENTATION_CONTEXT ( 3 ) GLOBAL_UNCERTAINTY_ASSIGNED_CONTEXT ( ( #2186 ) ) GLOBAL_UNIT_ASSIGNED_CONTEXT ( ( #2700, #999, #2364 ) ) REPRESENTATION_CONTEXT ( 'NONE', 'WORKASPACE' ) );
#3543 = CARTESIAN_POINT ( 'NONE',  ( 0.1000000000000004774, 0.5749999999999994005, -11.29999999999999893 ) ) ;
#3544 = FILL_AREA_STYLE ('',( #2824 ) ) ;
#3545 = ORIENTED_EDGE ( 'NONE', *, *, #1158, .F. ) ;
#3546 = EDGE_CURVE ( 'NONE', #3070, #593, #2293, .T. ) ;
#3547 = FILL_AREA_STYLE ('',( #2745 ) ) ;
#3548 = LINE ( 'NONE', #1045, #26 ) ;
#3549 = ORIENTED_EDGE ( 'NONE', *, *, #3569, .T. ) ;
#3550 = DIRECTION ( 'NONE',  ( 0.0000000000000000000, 0.0000000000000000000, -1.000000000000000000 ) ) ;
#3551 = CARTESIAN_POINT ( 'NONE',  ( 3.900000000000000799, 0.5749999999999991784, -14.59999999999999787 ) ) ;
#3552 = EDGE_LOOP ( 'NONE', ( #1789, #2681, #2911, #735 ) ) ;
#3553 = CARTESIAN_POINT ( 'NONE',  ( 2.000000000000000444, 0.5749999999999991784, -11.29999999999999893 ) ) ;
#3554 = DIRECTION ( 'NONE',  ( -3.154042683594194134E-16, -1.000000000000000000, 0.0000000000000000000 ) ) ;
#3555 = LINE ( 'NONE', #2723, #1482 ) ;
#3556 = LINE ( 'NONE', #3017, #2363 ) ;
#3557 = EDGE_LOOP ( 'NONE', ( #1954, #413, #2635, #129 ) ) ;
#3558 = DIRECTION ( 'NONE',  ( 0.0000000000000000000, 0.0000000000000000000, -1.000000000000000000 ) ) ;
#3559 = CARTESIAN_POINT ( 'NONE',  ( -5.209635827408600761, 7.799999999999998046, -4.639792108149413785 ) ) ;
#3560 = FACE_OUTER_BOUND ( 'NONE', #2371, .T. ) ;
#3561 = ORIENTED_EDGE ( 'NONE', *, *, #619, .F. ) ;
#3562 = TOROIDAL_SURFACE ( 'NONE', #2636, 1.200000000000000178, 0.6999999999999999556 ) ;
#3563 = CARTESIAN_POINT ( 'NONE',  ( 9.225000000000001421, 7.799999999999997158, -4.782881900702101952 ) ) ;
#3564 = LINE ( 'NONE', #469, #78 ) ;
#3565 = CARTESIAN_POINT ( 'NONE',  ( 0.0000000000000000000, 0.0000000000000000000, -6.299999999999998934 ) ) ;
#3566 = CARTESIAN_POINT ( 'NONE',  ( -5.224999999999998757, -6.650000000000000355, -5.399999999999999467 ) ) ;
#3567 = ORIENTED_EDGE ( 'NONE', *, *, #905, .T. ) ;
#3568 = VECTOR ( 'NONE', #946, 1000.000000000000000 ) ;
#3569 = EDGE_CURVE ( 'NONE', #832, #1257, #1965, .T. ) ;
#3570 = ORIENTED_EDGE ( 'NONE', *, *, #1840, .F. ) ;
#3571 = CARTESIAN_POINT ( 'NONE',  ( 0.0000000000000000000, 0.0000000000000000000, -11.29999999999999893 ) ) ;
#3572 = DIRECTION ( 'NONE',  ( -0.0000000000000000000, -0.0000000000000000000, -1.000000000000000000 ) ) ;
#3573 = CARTESIAN_POINT ( 'NONE',  ( -0.0000000000000000000, 4.125000000000003553, 0.0000000000000000000 ) ) ;
#3574 = ORIENTED_EDGE ( 'NONE', *, *, #1846, .F. ) ;
#3575 = UNCERTAINTY_MEASURE_WITH_UNIT (LENGTH_MEASURE( 1.000000000000000082E-05 ), #3064, 'distance_accuracy_value', 'NONE');
#3576 = EDGE_CURVE ( 'NONE', #2309, #1703, #2515, .T. ) ;
#3577 = LINE ( 'NONE', #2530, #2188 ) ;
#3578 = EDGE_CURVE ( 'NONE', #2206, #130, #3606, .T. ) ;
#3579 = DIRECTION ( 'NONE',  ( -0.0000000000000000000, -0.0000000000000000000, 1.000000000000000000 ) ) ;
#3580 = STYLED_ITEM ( 'NONE', ( #357 ), #1983 ) ;
#3581 = CARTESIAN_POINT ( 'NONE',  ( -2.169999999999999485, 3.075000000000000622, -11.29999999999999893 ) ) ;
#3582 = EDGE_LOOP ( 'NONE', ( #2889, #1458, #337, #1913 ) ) ;
#3583 = VECTOR ( 'NONE', #1548, 1000.000000000000000 ) ;
#3584 = VECTOR ( 'NONE', #1725, 1000.000000000000000 ) ;
#3585 = DIRECTION ( 'NONE',  ( 0.0000000000000000000, 0.0000000000000000000, -1.000000000000000000 ) ) ;
#3586 =( LENGTH_UNIT ( ) NAMED_UNIT ( * ) SI_UNIT ( .MILLI., .METRE. ) );
#3587 = CARTESIAN_POINT ( 'NONE',  ( 4.850000000000000533, 5.724999999999998757, -14.90000000000000036 ) ) ;
#3588 = CARTESIAN_POINT ( 'NONE',  ( 9.225000000000001421, 3.224166666666662628, -4.500000000000002665 ) ) ;
#3589 = VECTOR ( 'NONE', #1312, 1000.000000000000000 ) ;
#3590 = ORIENTED_EDGE ( 'NONE', *, *, #1098, .T. ) ;
#3591 = STYLED_ITEM ( 'NONE', ( #2231 ), #3506 ) ;
#3592 = CARTESIAN_POINT ( 'NONE',  ( 5.906828780053868577, -3.074999999999999734, 0.0000000000000000000 ) ) ;
#3593 = SURFACE_SIDE_STYLE ('',( #2738 ) ) ;
#3594 = AXIS2_PLACEMENT_3D ( 'NONE', #3382, #1118, #198 ) ;
#3595 = LINE ( 'NONE', #1911, #3415 ) ;
#3596 = MECHANICAL_DESIGN_GEOMETRIC_PRESENTATION_REPRESENTATION (  '', ( #2313 ), #2060 ) ;
#3597 = CARTESIAN_POINT ( 'NONE',  ( 7.238645917050990697, -6.175000000000001599, -9.000000000000000000 ) ) ;
#3598 =( GEOMETRIC_REPRESENTATION_CONTEXT ( 3 ) GLOBAL_UNCERTAINTY_ASSIGNED_CONTEXT ( ( #254 ) ) GLOBAL_UNIT_ASSIGNED_CONTEXT ( ( #1537, #2668, #3492 ) ) REPRESENTATION_CONTEXT ( 'NONE', 'WORKASPACE' ) );
#3599 = CARTESIAN_POINT ( 'NONE',  ( 1.425000000000000044, -1.275000000000000133, 0.0000000000000000000 ) ) ;
#3600 =( NAMED_UNIT ( * ) SI_UNIT ( $, .STERADIAN. ) SOLID_ANGLE_UNIT ( ) );
#3601 = EDGE_CURVE ( 'NONE', #3295, #535, #2658, .T. ) ;
#3602 = EDGE_LOOP ( 'NONE', ( #809, #2534, #2795, #995 ) ) ;
#3603 = DIRECTION ( 'NONE',  ( 1.000000000000000000, 0.0000000000000000000, -0.0000000000000000000 ) ) ;
#3604 = CARTESIAN_POINT ( 'NONE',  ( -1.499999999999998668, 3.325000000000000622, -5.000000000000000000 ) ) ;
#3605 = FACE_OUTER_BOUND ( 'NONE', #3336, .T. ) ;
#3606 = LINE ( 'NONE', #583, #2945 ) ;
#3607 = ORIENTED_EDGE ( 'NONE', *, *, #279, .F. ) ;
#3608 = ORIENTED_EDGE ( 'NONE', *, *, #162, .F. ) ;
#3609 = ADVANCED_FACE ( 'NONE', ( #2897 ), #2622, .F. ) ;
#3610 = FACE_OUTER_BOUND ( 'NONE', #3178, .T. ) ;
#3611 =( NAMED_UNIT ( * ) SI_UNIT ( $, .STERADIAN. ) SOLID_ANGLE_UNIT ( ) );
#3612 = PRESENTATION_STYLE_ASSIGNMENT (( #2240 ) ) ;
#3613 = UNCERTAINTY_MEASURE_WITH_UNIT (LENGTH_MEASURE( 1.000000000000000082E-05 ), #3092, 'distance_accuracy_value', 'NONE');
#3614 = ORIENTED_EDGE ( 'NONE', *, *, #2115, .T. ) ;
#3615 = DIRECTION ( 'NONE',  ( -2.940209281316621016E-16, 1.000000000000000000, 0.0000000000000000000 ) ) ;
#3616 = DIRECTION ( 'NONE',  ( -4.527548582486291212E-16, 0.6220390514314998454, 0.7829862185851037548 ) ) ;
#3617 = VERTEX_POINT ( 'NONE', #2375 ) ;
#3618 = CARTESIAN_POINT ( 'NONE',  ( 9.209635827408604314, 7.799999999999997158, -4.639792108149411121 ) ) ;
ENDSEC;
END-ISO-10303-21;
