ISO-10303-21;
HEADER;
FILE_DESCRIPTION (( 'STEP AP214' ),
    '1' );
FILE_NAME ('Part21^LogicPad.STEP',
    '2026-08-20T12:46:45',
    ( '' ),
    ( '' ),
    'SwSTEP 2.0',
    'SolidWorks 2023',
    '' );
FILE_SCHEMA (( 'AUTOMOTIVE_DESIGN' ));
ENDSEC;

DATA;
#1 = VERTEX_POINT ( 'NONE', #269 ) ;
#2 = ORIENTED_EDGE ( 'NONE', *, *, #896, .T. ) ;
#3 =( GEOMETRIC_REPRESENTATION_CONTEXT ( 3 ) GLOBAL_UNCERTAINTY_ASSIGNED_CONTEXT ( ( #841 ) ) GLOBAL_UNIT_ASSIGNED_CONTEXT ( ( #129, #465, #1506 ) ) REPRESENTATION_CONTEXT ( 'NONE', 'WORKASPACE' ) );
#4 = FILL_AREA_STYLE ('',( #676 ) ) ;
#5 = MECHANICAL_DESIGN_GEOMETRIC_PRESENTATION_REPRESENTATION (  '', ( #2332 ), #1289 ) ;
#6 = ADVANCED_FACE ( 'NONE', ( #687 ), #3468, .F. ) ;
#7 = DIRECTION ( 'NONE',  ( -1.000000000000000000, 0.000000000000000000, 0.000000000000000000 ) ) ;
#8 = VERTEX_POINT ( 'NONE', #1869 ) ;
#9 = AXIS2_PLACEMENT_3D ( 'NONE', #654, #348, #300 ) ;
#10 = DIRECTION ( 'NONE',  ( -0.000000000000000000, 1.000000000000000000, -0.000000000000000000 ) ) ;
#11 = EDGE_CURVE ( 'NONE', #2966, #259, #4274, .T. ) ;
#12 = LINE ( 'NONE', #3832, #3752 ) ;
#13 = ORIENTED_EDGE ( 'NONE', *, *, #3666, .T. ) ;
#14 = ORIENTED_EDGE ( 'NONE', *, *, #3400, .T. ) ;
#15 = LINE ( 'NONE', #359, #1666 ) ;
#16 = DIRECTION ( 'NONE',  ( 0.7071067811865471286, 0.000000000000000000, -0.7071067811865479058 ) ) ;
#17 = UNCERTAINTY_MEASURE_WITH_UNIT (LENGTH_MEASURE( 1.000000000000000082E-05 ), #1164, 'distance_accuracy_value', 'NONE');
#18 = DIRECTION ( 'NONE',  ( 0.0007443882500148174585, 0.9999997229430281909, 0.000000000000000000 ) ) ;
#19 = EDGE_LOOP ( 'NONE', ( #787, #3641, #1539, #3268 ) ) ;
#20 =( NAMED_UNIT ( * ) PLANE_ANGLE_UNIT ( ) SI_UNIT ( $, .RADIAN. ) );
#21 = VERTEX_POINT ( 'NONE', #3883 ) ;
#22 = DIRECTION ( 'NONE',  ( 1.000000000000000000, 0.000000000000000000, 0.000000000000000000 ) ) ;
#23 = FILL_AREA_STYLE_COLOUR ( '', #861 ) ;
#24 = DIRECTION ( 'NONE',  ( 1.000000000000000000, 0.000000000000000000, -0.000000000000000000 ) ) ;
#25 = FILL_AREA_STYLE ('',( #3459 ) ) ;
#26 = VERTEX_POINT ( 'NONE', #1136 ) ;
#27 = EDGE_CURVE ( 'NONE', #1629, #773, #1453, .T. ) ;
#28 = CARTESIAN_POINT ( 'NONE',  ( 97.24000000000000909, -132.3399999999999750, -5.000000000000000000 ) ) ;
#29 = FACE_OUTER_BOUND ( 'NONE', #4020, .T. ) ;
#30 = DIRECTION ( 'NONE',  ( 0.000000000000000000, 0.000000000000000000, 1.000000000000000000 ) ) ;
#31 = UNCERTAINTY_MEASURE_WITH_UNIT (LENGTH_MEASURE( 1.000000000000000082E-05 ), #890, 'distance_accuracy_value', 'NONE');
#32 = ORIENTED_EDGE ( 'NONE', *, *, #998, .F. ) ;
#33 = AXIS2_PLACEMENT_3D ( 'NONE', #46, #2354, #134 ) ;
#34 = EDGE_CURVE ( 'NONE', #96, #1830, #1432, .T. ) ;
#35 = MECHANICAL_DESIGN_GEOMETRIC_PRESENTATION_REPRESENTATION (  '', ( #324 ), #2553 ) ;
#36 = EDGE_LOOP ( 'NONE', ( #397, #2264, #3121, #92 ) ) ;
#37 = MECHANICAL_DESIGN_GEOMETRIC_PRESENTATION_REPRESENTATION (  '', ( #2522 ), #1915 ) ;
#38 = SURFACE_STYLE_FILL_AREA ( #2850 ) ;
#40 =( LENGTH_UNIT ( ) NAMED_UNIT ( * ) SI_UNIT ( .MILLI., .METRE. ) );
#39 = CARTESIAN_POINT ( 'NONE',  ( 122.2399999999999949, -132.3399999999999750, -1.610000000000000320 ) ) ;
#41 = CARTESIAN_POINT ( 'NONE',  ( 98.74000000000000909, -96.52000000000001023, -5.000000000000000000 ) ) ;
#42 = STYLED_ITEM ( 'NONE', ( #4076 ), #3878 ) ;
#43 =( NAMED_UNIT ( * ) SI_UNIT ( $, .STERADIAN. ) SOLID_ANGLE_UNIT ( ) );
#44 = FACE_BOUND ( 'NONE', #1073, .T. ) ;
#45 = VERTEX_POINT ( 'NONE', #3577 ) ;
#46 = CARTESIAN_POINT ( 'NONE',  ( 139.2894893310265729, -23.90599999999999525, -7.500000000000000000 ) ) ;
#47 = ORIENTED_EDGE ( 'NONE', *, *, #3605, .T. ) ;
#48 = CARTESIAN_POINT ( 'NONE',  ( 97.24000000000000909, -96.52000000000001023, 107.1843411028349493 ) ) ;
#49 = CARTESIAN_POINT ( 'NONE',  ( 139.2894893310265729, -23.90599999999999525, -10.00000000000000000 ) ) ;
#51 = SURFACE_STYLE_USAGE ( .BOTH. , #1782 ) ;
#50 = CARTESIAN_POINT ( 'NONE',  ( 122.2399999999999949, -84.77000000000001023, -5.000000000000000000 ) ) ;
#52 = SURFACE_SIDE_STYLE ('',( #3172 ) ) ;
#53 = ORIENTED_EDGE ( 'NONE', *, *, #3485, .F. ) ;
#54 = VECTOR ( 'NONE', #3110, 1000.000000000000000 ) ;
#55 = CARTESIAN_POINT ( 'NONE',  ( 77.60000000000000853, -132.3399999999999750, 124.1774298937790064 ) ) ;
#56 = ADVANCED_FACE ( 'NONE', ( #1172 ), #2532, .F. ) ;
#57 = ORIENTED_EDGE ( 'NONE', *, *, #2667, .T. ) ;
#58 = SURFACE_STYLE_FILL_AREA ( #1791 ) ;
#59 = COLOUR_RGB ( '',0.007843137254901960675, 0.2392156862745097867, 0.8235294117647058432 ) ;
#60 = DIRECTION ( 'NONE',  ( 0.000000000000000000, 0.000000000000000000, -1.000000000000000000 ) ) ;
#61 = DIRECTION ( 'NONE',  ( 1.000000000000000000, 0.000000000000000000, 0.000000000000000000 ) ) ;
#62 = EDGE_CURVE ( 'NONE', #561, #4221, #84, .T. ) ;
#63 = CARTESIAN_POINT ( 'NONE',  ( 147.2894893310266013, -143.7400000000000091, -10.00000000000000000 ) ) ;
#64 =( GEOMETRIC_REPRESENTATION_CONTEXT ( 3 ) GLOBAL_UNCERTAINTY_ASSIGNED_CONTEXT ( ( #1764 ) ) GLOBAL_UNIT_ASSIGNED_CONTEXT ( ( #4188, #3496, #4165 ) ) REPRESENTATION_CONTEXT ( 'NONE', 'WORKASPACE' ) );
#65 = AXIS2_PLACEMENT_3D ( 'NONE', #2334, #3343, #592 ) ;
#66 = PRESENTATION_STYLE_ASSIGNMENT (( #2870 ) ) ;
#67 = EDGE_CURVE ( 'NONE', #1066, #3103, #2998, .T. ) ;
#69 = FILL_AREA_STYLE_COLOUR ( '', #1580 ) ;
#68 = FILL_AREA_STYLE_COLOUR ( '', #902 ) ;
#70 = UNCERTAINTY_MEASURE_WITH_UNIT (LENGTH_MEASURE( 1.000000000000000082E-05 ), #3166, 'distance_accuracy_value', 'NONE');
#71 = DIRECTION ( 'NONE',  ( 0.000000000000000000, -0.000000000000000000, 1.000000000000000000 ) ) ;
#72 =( NAMED_UNIT ( * ) SI_UNIT ( $, .STERADIAN. ) SOLID_ANGLE_UNIT ( ) );
#73 = ORIENTED_EDGE ( 'NONE', *, *, #3400, .F. ) ;
#74 = DIRECTION ( 'NONE',  ( 0.000000000000000000, 0.000000000000000000, 1.000000000000000000 ) ) ;
#75 = CARTESIAN_POINT ( 'NONE',  ( 119.7894893310265871, -143.7400000000000091, -6.500000000000000888 ) ) ;
#77 = DIRECTION ( 'NONE',  ( 0.000000000000000000, -1.000000000000000000, -0.000000000000000000 ) ) ;
#76 = FILL_AREA_STYLE ('',( #1858 ) ) ;
#78 = ORIENTED_EDGE ( 'NONE', *, *, #3870, .T. ) ;
#79 = COLOUR_RGB ( '',0.007843137254901960675, 0.2392156862745097867, 0.8235294117647058432 ) ;
#80 =( NAMED_UNIT ( * ) SI_UNIT ( $, .STERADIAN. ) SOLID_ANGLE_UNIT ( ) );
#81 = DIRECTION ( 'NONE',  ( 1.000000000000000000, 0.000000000000000000, 0.000000000000000000 ) ) ;
#82 = UNCERTAINTY_MEASURE_WITH_UNIT (LENGTH_MEASURE( 1.000000000000000082E-05 ), #317, 'distance_accuracy_value', 'NONE');
#83 = SURFACE_STYLE_USAGE ( .BOTH. , #2510 ) ;
#84 = LINE ( 'NONE', #3199, #285 ) ;
#85 = DIRECTION ( 'NONE',  ( 0.000000000000000000, -1.000000000000000000, 0.000000000000000000 ) ) ;
#87 = DIRECTION ( 'NONE',  ( -0.000000000000000000, -0.000000000000000000, 1.000000000000000000 ) ) ;
#86 = DIRECTION ( 'NONE',  ( 0.000000000000000000, 1.000000000000000000, 0.000000000000000000 ) ) ;
#88 = EDGE_CURVE ( 'NONE', #1583, #509, #3622, .T. ) ;
#89 = LINE ( 'NONE', #3266, #1196 ) ;
#90 = ORIENTED_EDGE ( 'NONE', *, *, #4025, .T. ) ;
#91 = PRESENTATION_STYLE_ASSIGNMENT (( #490 ) ) ;
#92 = ORIENTED_EDGE ( 'NONE', *, *, #88, .T. ) ;
#93 = ADVANCED_FACE ( 'NONE', ( #2976 ), #2609, .F. ) ;
#94 = SURFACE_STYLE_USAGE ( .BOTH. , #1779 ) ;
#95 = DIRECTION ( 'NONE',  ( -0.000000000000000000, -0.000000000000000000, 1.000000000000000000 ) ) ;
#96 = VERTEX_POINT ( 'NONE', #2244 ) ;
#97 = ORIENTED_EDGE ( 'NONE', *, *, #3758, .F. ) ;
#98 = FILL_AREA_STYLE_COLOUR ( '', #2111 ) ;
#99 = DIRECTION ( 'NONE',  ( 0.000000000000000000, 1.000000000000000000, 0.000000000000000000 ) ) ;
#100 = VECTOR ( 'NONE', #2352, 1000.000000000000000 ) ;
#101 = STYLED_ITEM ( 'NONE', ( #858 ), #3473 ) ;
#102 = CARTESIAN_POINT ( 'NONE',  ( 145.2661120018323402, -46.73999999999999488, -5.000000000000000000 ) ) ;
#103 = FILL_AREA_STYLE_COLOUR ( '', #1670 ) ;
#105 = CARTESIAN_POINT ( 'NONE',  ( 76.09999999999999432, -133.8399999999999750, -1.609999999999999876 ) ) ;
#104 = DIRECTION ( 'NONE',  ( -1.000000000000000000, 0.000000000000000000, 0.000000000000000000 ) ) ;
#106 =( GEOMETRIC_REPRESENTATION_CONTEXT ( 3 ) GLOBAL_UNCERTAINTY_ASSIGNED_CONTEXT ( ( #310 ) ) GLOBAL_UNIT_ASSIGNED_CONTEXT ( ( #2133, #327, #4269 ) ) REPRESENTATION_CONTEXT ( 'NONE', 'WORKASPACE' ) );
#107 = EDGE_LOOP ( 'NONE', ( #2686, #449 ) ) ;
#108 = PRESENTATION_STYLE_ASSIGNMENT (( #1901 ) ) ;
#109 = EDGE_LOOP ( 'NONE', ( #1807, #1034, #1836, #3916 ) ) ;
#110 = DIRECTION ( 'NONE',  ( -1.000000000000000000, 0.000000000000000000, 0.000000000000000000 ) ) ;
#111 = SURFACE_STYLE_USAGE ( .BOTH. , #3897 ) ;
#113 = SURFACE_STYLE_USAGE ( .BOTH. , #3921 ) ;
#112 = PLANE ( 'NONE',  #4192 ) ;
#114 = EDGE_CURVE ( 'NONE', #3370, #2322, #1592, .T. ) ;
#115 =( NAMED_UNIT ( * ) SI_UNIT ( $, .STERADIAN. ) SOLID_ANGLE_UNIT ( ) );
#116 = ORIENTED_EDGE ( 'NONE', *, *, #4422, .F. ) ;
#117 = STYLED_ITEM ( 'NONE', ( #3588 ), #2203 ) ;
#118 = CARTESIAN_POINT ( 'NONE',  ( 80.59999999999999432, -138.7899999999999920, -10.00000000000000178 ) ) ;
#119 = LINE ( 'NONE', #1149, #1862 ) ;
#120 = VECTOR ( 'NONE', #1698, 1000.000000000000000 ) ;
#121 = ADVANCED_FACE ( 'NONE', ( #1938 ), #4010, .F. ) ;
#122 = AXIS2_PLACEMENT_3D ( 'NONE', #2266, #569, #2285 ) ;
#123 = ORIENTED_EDGE ( 'NONE', *, *, #4122, .F. ) ;
#124 = DIRECTION ( 'NONE',  ( -0.000000000000000000, -0.000000000000000000, 1.000000000000000000 ) ) ;
#125 = CIRCLE ( 'NONE', #3238, 1.600000000000004086 ) ;
#126 = SURFACE_SIDE_STYLE ('',( #1475 ) ) ;
#127 = SURFACE_STYLE_FILL_AREA ( #4390 ) ;
#128 =( GEOMETRIC_REPRESENTATION_CONTEXT ( 3 ) GLOBAL_UNCERTAINTY_ASSIGNED_CONTEXT ( ( #3489 ) ) GLOBAL_UNIT_ASSIGNED_CONTEXT ( ( #3776, #679, #3524 ) ) REPRESENTATION_CONTEXT ( 'NONE', 'WORKASPACE' ) );
#129 =( LENGTH_UNIT ( ) NAMED_UNIT ( * ) SI_UNIT ( .MILLI., .METRE. ) );
#131 = FILL_AREA_STYLE ('',( #1224 ) ) ;
#130 = DIRECTION ( 'NONE',  ( 0.7071067811865479058, 0.000000000000000000, -0.7071067811865472397 ) ) ;
#132 = FACE_OUTER_BOUND ( 'NONE', #1253, .T. ) ;
#133 = EDGE_LOOP ( 'NONE', ( #1093, #994, #812, #1534 ) ) ;
#134 = DIRECTION ( 'NONE',  ( -1.000000000000000000, 0.000000000000000000, 0.000000000000000000 ) ) ;
#135 = CLOSED_SHELL ( 'NONE', ( #121, #254, #1405, #818, #666, #4395, #2738, #4089, #3505, #2773, #1029, #2230, #519, #3580, #3934, #1043, #425, #3065, #2283, #3178, #612, #3985, #641, #2932, #3225, #2238, #1917, #2203, #1287, #2649, #1971, #2574, #56, #2879, #1826, #3231, #1630, #3790, #3204, #3696, #4246, #1372, #1468, #2623, #1433, #2038, #3533, #3734, #2575, #2183, #2521, #3147, #3878, #4268, #2015, #2046, #3637, #716, #1233, #4276, #3329, #1637, #3958, #229, #3473, #554, #901, #525, #3901, #3383, #694, #2854, #400, #4482, #992, #3335, #688, #3015, #3304, #929, #3727, #1575, #2277, #2955, #93, #1135, #4144, #1358, #3360, #1525, #1529, #3007, #3281, #4059, #872, #3849, #4159, #2614, #1241, #6, #2252 ) ) ;
#136 = COLOUR_RGB ( '',0.007843137254901960675, 0.2392156862745097867, 0.8235294117647058432 ) ;
#137 = LINE ( 'NONE', #512, #3654 ) ;
#139 = DIRECTION ( 'NONE',  ( -0.000000000000000000, -0.000000000000000000, -1.000000000000000000 ) ) ;
#138 = SURFACE_SIDE_STYLE ('',( #4325 ) ) ;
#140 = ORIENTED_EDGE ( 'NONE', *, *, #3126, .T. ) ;
#141 = ORIENTED_EDGE ( 'NONE', *, *, #2862, .T. ) ;
#142 = CARTESIAN_POINT ( 'NONE',  ( 77.60000000000000853, -108.2700000000000102, 124.1774298937790064 ) ) ;
#143 = ORIENTED_EDGE ( 'NONE', *, *, #2952, .T. ) ;
#144 = SURFACE_STYLE_USAGE ( .BOTH. , #2607 ) ;
#145 = STYLED_ITEM ( 'NONE', ( #2340 ), #1043 ) ;
#146 = STYLED_ITEM ( 'NONE', ( #3791 ), #716 ) ;
#147 = EDGE_CURVE ( 'NONE', #2495, #579, #2305, .T. ) ;
#148 = DIRECTION ( 'NONE',  ( -0.000000000000000000, -0.000000000000000000, -1.000000000000000000 ) ) ;
#149 = CARTESIAN_POINT ( 'NONE',  ( 143.8110417559589109, -132.3399999999999750, -1.610000000000000320 ) ) ;
#150 = FILL_AREA_STYLE ('',( #2224 ) ) ;
#151 = VECTOR ( 'NONE', #2138, 1000.000000000000000 ) ;
#152 = LINE ( 'NONE', #1828, #2533 ) ;
#153 = SURFACE_SIDE_STYLE ('',( #2858 ) ) ;
#154 = EDGE_LOOP ( 'NONE', ( #3013, #4290 ) ) ;
#155 = DIRECTION ( 'NONE',  ( -0.000000000000000000, -0.000000000000000000, -1.000000000000000000 ) ) ;
#156 = CARTESIAN_POINT ( 'NONE',  ( 74.20000000000000284, -143.7400000000000091, 0.000000000000000000 ) ) ;
#157 = CARTESIAN_POINT ( 'NONE',  ( 139.2894893310265729, -23.90599999999999525, -7.500000000000000000 ) ) ;
#158 = ORIENTED_EDGE ( 'NONE', *, *, #147, .F. ) ;
#159 = EDGE_LOOP ( 'NONE', ( #4425, #13 ) ) ;
#160 = LINE ( 'NONE', #1909, #4342 ) ;
#161 = EDGE_CURVE ( 'NONE', #3034, #3259, #2083, .T. ) ;
#162 = LINE ( 'NONE', #4009, #1174 ) ;
#163 = SURFACE_SIDE_STYLE ('',( #4315 ) ) ;
#164 = EDGE_CURVE ( 'NONE', #1668, #2036, #4173, .T. ) ;
#165 = CIRCLE ( 'NONE', #2724, 3.000000000000002665 ) ;
#166 = FILL_AREA_STYLE ('',( #2933 ) ) ;
#168 = CARTESIAN_POINT ( 'NONE',  ( 146.2894893310266013, -19.95600000000000307, 0.000000000000000000 ) ) ;
#167 =( LENGTH_UNIT ( ) NAMED_UNIT ( * ) SI_UNIT ( .MILLI., .METRE. ) );
#169 = SURFACE_STYLE_FILL_AREA ( #1996 ) ;
#170 = ORIENTED_EDGE ( 'NONE', *, *, #1177, .T. ) ;
#171 = VECTOR ( 'NONE', #2519, 1000.000000000000000 ) ;
#172 = DIRECTION ( 'NONE',  ( 0.000000000000000000, -1.000000000000000000, 0.000000000000000000 ) ) ;
#173 = COLOUR_RGB ( '',0.007843137254901960675, 0.2392156862745097867, 0.8235294117647058432 ) ;
#174 =( NAMED_UNIT ( * ) SI_UNIT ( $, .STERADIAN. ) SOLID_ANGLE_UNIT ( ) );
#175 = SURFACE_STYLE_FILL_AREA ( #3630 ) ;
#176 = STYLED_ITEM ( 'NONE', ( #634 ), #3985 ) ;
#178 = CARTESIAN_POINT ( 'NONE',  ( 97.24000000000000909, -96.52000000000001023, -5.000000000000000000 ) ) ;
#177 = FILL_AREA_STYLE ('',( #2273 ) ) ;
#179 = DIRECTION ( 'NONE',  ( -1.000000000000000000, 0.000000000000000000, -0.000000000000000000 ) ) ;
#180 = ORIENTED_EDGE ( 'NONE', *, *, #1727, .F. ) ;
#181 = ORIENTED_EDGE ( 'NONE', *, *, #1345, .T. ) ;
#182 = PRESENTATION_LAYER_ASSIGNMENT (  '', '', ( #1244 ) ) ;
#183 = VECTOR ( 'NONE', #4346, 1000.000000000000000 ) ;
#184 = DIRECTION ( 'NONE',  ( 0.000000000000000000, 0.000000000000000000, -1.000000000000000000 ) ) ;
#185 = CYLINDRICAL_SURFACE ( 'NONE', #2240, 1.600000000000004086 ) ;
#186 = VECTOR ( 'NONE', #4077, 1000.000000000000000 ) ;
#187 = ORIENTED_EDGE ( 'NONE', *, *, #800, .F. ) ;
#188 =( NAMED_UNIT ( * ) SI_UNIT ( $, .STERADIAN. ) SOLID_ANGLE_UNIT ( ) );
#189 = EDGE_CURVE ( 'NONE', #910, #1304, #3487, .T. ) ;
#190 = STYLED_ITEM ( 'NONE', ( #1513 ), #2238 ) ;
#191 = VECTOR ( 'NONE', #3447, 1000.000000000000000 ) ;
#192 = EDGE_CURVE ( 'NONE', #2458, #2717, #4101, .T. ) ;
#193 = STYLED_ITEM ( 'NONE', ( #1571 ), #2614 ) ;
#194 = CARTESIAN_POINT ( 'NONE',  ( 0.000000000000000000, -132.3399999999999750, -1.610000000000000320 ) ) ;
#195 = LINE ( 'NONE', #844, #1720 ) ;
#196 = COLOUR_RGB ( '',0.007843137254901960675, 0.2392156862745097867, 0.8235294117647058432 ) ;
#197 = FILL_AREA_STYLE ('',( #3306 ) ) ;
#198 = VECTOR ( 'NONE', #1025, 1000.000000000000000 ) ;
#199 = EDGE_CURVE ( 'NONE', #3342, #1668, #2453, .T. ) ;
#200 = FILL_AREA_STYLE_COLOUR ( '', #895 ) ;
#201 = SURFACE_STYLE_USAGE ( .BOTH. , #1600 ) ;
#202 = PRESENTATION_LAYER_ASSIGNMENT (  '', '', ( #1944 ) ) ;
#203 = SURFACE_SIDE_STYLE ('',( #2003 ) ) ;
#204 = ORIENTED_EDGE ( 'NONE', *, *, #1076, .F. ) ;
#205 = AXIS2_PLACEMENT_3D ( 'NONE', #628, #3818, #1678 ) ;
#206 = CARTESIAN_POINT ( 'NONE',  ( 146.2894893310266013, -142.7400000000000091, 0.000000000000000000 ) ) ;
#207 = CARTESIAN_POINT ( 'NONE',  ( 98.74000000000000909, -109.7700000000000102, -5.000000000000000000 ) ) ;
#208 = STYLED_ITEM ( 'NONE', ( #859 ), #93 ) ;
#209 = FACE_OUTER_BOUND ( 'NONE', #282, .T. ) ;
#210 = DIRECTION ( 'NONE',  ( 0.000000000000000000, 0.000000000000000000, -1.000000000000000000 ) ) ;
#211 = ORIENTED_EDGE ( 'NONE', *, *, #2927, .T. ) ;
#212 = ORIENTED_EDGE ( 'NONE', *, *, #2556, .F. ) ;
#213 = SURFACE_STYLE_FILL_AREA ( #2696 ) ;
#214 = LINE ( 'NONE', #2931, #1121 ) ;
#215 = UNCERTAINTY_MEASURE_WITH_UNIT (LENGTH_MEASURE( 1.000000000000000082E-05 ), #2571, 'distance_accuracy_value', 'NONE');
#216 = AXIS2_PLACEMENT_3D ( 'NONE', #3273, #3309, #2656 ) ;
#217 =( LENGTH_UNIT ( ) NAMED_UNIT ( * ) SI_UNIT ( .MILLI., .METRE. ) );
#218 =( NAMED_UNIT ( * ) PLANE_ANGLE_UNIT ( ) SI_UNIT ( $, .RADIAN. ) );
#219 = VECTOR ( 'NONE', #4288, 1000.000000000000000 ) ;
#220 = SURFACE_SIDE_STYLE ('',( #2023 ) ) ;
#221 = EDGE_CURVE ( 'NONE', #436, #1636, #4153, .T. ) ;
#222 =( GEOMETRIC_REPRESENTATION_CONTEXT ( 3 ) GLOBAL_UNCERTAINTY_ASSIGNED_CONTEXT ( ( #527 ) ) GLOBAL_UNIT_ASSIGNED_CONTEXT ( ( #2100, #2801, #43 ) ) REPRESENTATION_CONTEXT ( 'NONE', 'WORKASPACE' ) );
#223 = ORIENTED_EDGE ( 'NONE', *, *, #1083, .F. ) ;
#224 = PRESENTATION_LAYER_ASSIGNMENT (  '', '', ( #3067 ) ) ;
#226 = DIRECTION ( 'NONE',  ( -0.000000000000000000, -0.000000000000000000, -1.000000000000000000 ) ) ;
#225 = FACE_BOUND ( 'NONE', #568, .T. ) ;
#227 = ORIENTED_EDGE ( 'NONE', *, *, #3785, .F. ) ;
#228 = EDGE_LOOP ( 'NONE', ( #3222, #2461, #3845, #296 ) ) ;
#229 = ADVANCED_FACE ( 'NONE', ( #3130 ), #2793, .F. ) ;
#230 = CARTESIAN_POINT ( 'NONE',  ( 145.2661120018323402, -58.26999307357377234, -1.610000000000000320 ) ) ;
#231 = LINE ( 'NONE', #1889, #1669 ) ;
#233 = SURFACE_STYLE_USAGE ( .BOTH. , #3338 ) ;
#232 = CARTESIAN_POINT ( 'NONE',  ( 122.9900000000000091, -58.26999307357377234, 107.1843411028349493 ) ) ;
#234 = DIRECTION ( 'NONE',  ( 0.000000000000000000, 0.000000000000000000, -1.000000000000000000 ) ) ;
#235 = ORIENTED_EDGE ( 'NONE', *, *, #1832, .F. ) ;
#236 = DIRECTION ( 'NONE',  ( -0.000000000000000000, -0.000000000000000000, 1.000000000000000000 ) ) ;
#237 = VERTEX_POINT ( 'NONE', #28 ) ;
#238 = SURFACE_STYLE_USAGE ( .BOTH. , #2335 ) ;
#239 =( LENGTH_UNIT ( ) NAMED_UNIT ( * ) SI_UNIT ( .MILLI., .METRE. ) );
#240 = SURFACE_SIDE_STYLE ('',( #169 ) ) ;
#241 = SURFACE_STYLE_USAGE ( .BOTH. , #220 ) ;
#242 = ORIENTED_EDGE ( 'NONE', *, *, #986, .F. ) ;
#243 = LINE ( 'NONE', #2071, #3129 ) ;
#245 = FACE_OUTER_BOUND ( 'NONE', #2474, .T. ) ;
#244 = PRESENTATION_STYLE_ASSIGNMENT (( #3352 ) ) ;
#246 = STYLED_ITEM ( 'NONE', ( #4307 ), #4395 ) ;
#247 = COLOUR_RGB ( '',0.007843137254901960675, 0.2392156862745097867, 0.8235294117647058432 ) ;
#248 = LINE ( 'NONE', #4000, #1725 ) ;
#249 = VERTEX_POINT ( 'NONE', #3801 ) ;
#250 = VERTEX_POINT ( 'NONE', #2694 ) ;
#251 = MECHANICAL_DESIGN_GEOMETRIC_PRESENTATION_REPRESENTATION (  '', ( #2150 ), #4022 ) ;
#252 = SURFACE_SIDE_STYLE ('',( #3712 ) ) ;
#253 = SURFACE_SIDE_STYLE ('',( #2449 ) ) ;
#254 = ADVANCED_FACE ( 'NONE', ( #2406 ), #2744, .F. ) ;
#255 = CARTESIAN_POINT ( 'NONE',  ( 136.2894893310265729, -138.7899999999999636, -10.00000000000000000 ) ) ;
#256 = MECHANICAL_DESIGN_GEOMETRIC_PRESENTATION_REPRESENTATION (  '', ( #176 ), #2447 ) ;
#257 =( LENGTH_UNIT ( ) NAMED_UNIT ( * ) SI_UNIT ( .MILLI., .METRE. ) );
#258 = AXIS2_PLACEMENT_3D ( 'NONE', #1251, #1228, #2658 ) ;
#259 = VERTEX_POINT ( 'NONE', #2132 ) ;
#260 =( NAMED_UNIT ( * ) PLANE_ANGLE_UNIT ( ) SI_UNIT ( $, .RADIAN. ) );
#261 = EDGE_CURVE ( 'NONE', #4448, #2960, #1840, .T. ) ;
#262 = FILL_AREA_STYLE_COLOUR ( '', #468 ) ;
#263 = CARTESIAN_POINT ( 'NONE',  ( 77.60000000000000853, -109.7700000000000102, 124.1774298937790064 ) ) ;
#264 = UNCERTAINTY_MEASURE_WITH_UNIT (LENGTH_MEASURE( 1.000000000000000082E-05 ), #4447, 'distance_accuracy_value', 'NONE');
#265 = ORIENTED_EDGE ( 'NONE', *, *, #528, .F. ) ;
#267 = PLANE ( 'NONE',  #770 ) ;
#266 = CARTESIAN_POINT ( 'NONE',  ( 143.8464523148228409, -84.77000000000001023, 124.1774298937790064 ) ) ;
#268 =( LENGTH_UNIT ( ) NAMED_UNIT ( * ) SI_UNIT ( .MILLI., .METRE. ) );
#269 = CARTESIAN_POINT ( 'NONE',  ( 140.8894893310265672, -138.7899999999999636, 0.000000000000000000 ) ) ;
#270 = LINE ( 'NONE', #1653, #2040 ) ;
#271 = COLOUR_RGB ( '',0.007843137254901960675, 0.2392156862745097867, 0.8235294117647058432 ) ;
#272 = CARTESIAN_POINT ( 'NONE',  ( 122.2399999999999949, -59.76999307357377234, -1.610000000000000320 ) ) ;
#273 = PRESENTATION_STYLE_ASSIGNMENT (( #1926 ) ) ;
#274 = VERTEX_POINT ( 'NONE', #4267 ) ;
#275 = ORIENTED_EDGE ( 'NONE', *, *, #3500, .F. ) ;
#276 = VECTOR ( 'NONE', #473, 1000.000000000000114 ) ;
#277 = LINE ( 'NONE', #3796, #4250 ) ;
#278 = DIRECTION ( 'NONE',  ( 0.000000000000000000, 1.000000000000000000, 0.000000000000000000 ) ) ;
#280 = CARTESIAN_POINT ( 'NONE',  ( 90.20000000000000284, -135.7400000000000091, -10.00000000000000000 ) ) ;
#279 = SURFACE_SIDE_STYLE ('',( #2008 ) ) ;
#281 = CARTESIAN_POINT ( 'NONE',  ( 74.20000000000000284, -18.95599999999999952, -10.00000000000000000 ) ) ;
#282 = EDGE_LOOP ( 'NONE', ( #187, #2237, #3251, #1765 ) ) ;
#283 = VECTOR ( 'NONE', #4237, 1000.000000000000000 ) ;
#284 = VERTEX_POINT ( 'NONE', #2175 ) ;
#285 = VECTOR ( 'NONE', #1567, 1000.000000000000000 ) ;
#286 = LINE ( 'NONE', #4438, #2455 ) ;
#287 = EDGE_LOOP ( 'NONE', ( #1886, #4149, #2671, #4440 ) ) ;
#288 = EDGE_CURVE ( 'NONE', #971, #96, #2867, .T. ) ;
#290 = DIRECTION ( 'NONE',  ( -1.000000000000000000, 0.000000000000000000, 0.000000000000000000 ) ) ;
#289 = SURFACE_STYLE_USAGE ( .BOTH. , #1692 ) ;
#291 = AXIS2_PLACEMENT_3D ( 'NONE', #1925, #1578, #1625 ) ;
#293 = FACE_BOUND ( 'NONE', #2256, .T. ) ;
#292 = CARTESIAN_POINT ( 'NONE',  ( 139.2894893310265729, -23.90599999999999525, -7.500000000000000000 ) ) ;
#294 = FACE_OUTER_BOUND ( 'NONE', #2709, .T. ) ;
#295 = ORIENTED_EDGE ( 'NONE', *, *, #3895, .F. ) ;
#296 = ORIENTED_EDGE ( 'NONE', *, *, #2462, .F. ) ;
#297 = STYLED_ITEM ( 'NONE', ( #3150 ), #1358 ) ;
#298 =( GEOMETRIC_REPRESENTATION_CONTEXT ( 3 ) GLOBAL_UNCERTAINTY_ASSIGNED_CONTEXT ( ( #3515 ) ) GLOBAL_UNIT_ASSIGNED_CONTEXT ( ( #1834, #4194, #791 ) ) REPRESENTATION_CONTEXT ( 'NONE', 'WORKASPACE' ) );
#299 = FILL_AREA_STYLE ('',( #3413 ) ) ;
#300 = DIRECTION ( 'NONE',  ( 0.000000000000000000, 0.000000000000000000, 1.000000000000000000 ) ) ;
#301 = UNCERTAINTY_MEASURE_WITH_UNIT (LENGTH_MEASURE( 1.000000000000000082E-05 ), #1818, 'distance_accuracy_value', 'NONE');
#303 =( NAMED_UNIT ( * ) SI_UNIT ( $, .STERADIAN. ) SOLID_ANGLE_UNIT ( ) );
#302 = CARTESIAN_POINT ( 'NONE',  ( 82.19999999999998863, -138.7899999999999920, -7.500000000000000000 ) ) ;
#304 =( GEOMETRIC_REPRESENTATION_CONTEXT ( 3 ) GLOBAL_UNCERTAINTY_ASSIGNED_CONTEXT ( ( #3398 ) ) GLOBAL_UNIT_ASSIGNED_CONTEXT ( ( #2573, #2992, #1632 ) ) REPRESENTATION_CONTEXT ( 'NONE', 'WORKASPACE' ) );
#305 = LINE ( 'NONE', #2741, #1568 ) ;
#306 = ORIENTED_EDGE ( 'NONE', *, *, #800, .T. ) ;
#307 = CARTESIAN_POINT ( 'NONE',  ( 80.59999999999999432, -23.90600000000000236, -10.00000000000000178 ) ) ;
#308 = SURFACE_STYLE_FILL_AREA ( #976 ) ;
#309 = EDGE_CURVE ( 'NONE', #517, #1540, #811, .T. ) ;
#310 = UNCERTAINTY_MEASURE_WITH_UNIT (LENGTH_MEASURE( 1.000000000000000082E-05 ), #2133, 'distance_accuracy_value', 'NONE');
#311 = EDGE_LOOP ( 'NONE', ( #3567, #2304 ) ) ;
#312 = CARTESIAN_POINT ( 'NONE',  ( 110.4900000000000091, -83.27000000000001023, -1.610000000000000320 ) ) ;
#313 = EDGE_CURVE ( 'NONE', #1023, #26, #1526, .T. ) ;
#314 = DIRECTION ( 'NONE',  ( -1.000000000000000000, 0.000000000000000000, -0.000000000000000000 ) ) ;
#315 =( LENGTH_UNIT ( ) NAMED_UNIT ( * ) SI_UNIT ( .MILLI., .METRE. ) );
#316 = LINE ( 'NONE', #3407, #120 ) ;
#317 =( LENGTH_UNIT ( ) NAMED_UNIT ( * ) SI_UNIT ( .MILLI., .METRE. ) );
#318 = ORIENTED_EDGE ( 'NONE', *, *, #2098, .T. ) ;
#319 = ORIENTED_EDGE ( 'NONE', *, *, #344, .T. ) ;
#320 =( GEOMETRIC_REPRESENTATION_CONTEXT ( 3 ) GLOBAL_UNCERTAINTY_ASSIGNED_CONTEXT ( ( #3133 ) ) GLOBAL_UNIT_ASSIGNED_CONTEXT ( ( #1781, #1062, #2060 ) ) REPRESENTATION_CONTEXT ( 'NONE', 'WORKASPACE' ) );
#321 = LINE ( 'NONE', #4432, #1221 ) ;
#322 = AXIS2_PLACEMENT_3D ( 'NONE', #3243, #788, #1123 ) ;
#323 = CARTESIAN_POINT ( 'NONE',  ( 143.8747614078141339, -46.74000000000000199, -1.610000000000000098 ) ) ;
#324 = STYLED_ITEM ( 'NONE', ( #2368 ), #1525 ) ;
#325 = ORIENTED_EDGE ( 'NONE', *, *, #3620, .T. ) ;
#326 = STYLED_ITEM ( 'NONE', ( #4233 ), #1917 ) ;
#327 =( NAMED_UNIT ( * ) PLANE_ANGLE_UNIT ( ) SI_UNIT ( $, .RADIAN. ) );
#328 = AXIS2_PLACEMENT_3D ( 'NONE', #2084, #3506, #2156 ) ;
#329 = ORIENTED_EDGE ( 'NONE', *, *, #1378, .F. ) ;
#330 =( NAMED_UNIT ( * ) PLANE_ANGLE_UNIT ( ) SI_UNIT ( $, .RADIAN. ) );
#332 = CARTESIAN_POINT ( 'NONE',  ( 143.8869574682813663, -30.35600000000000165, 124.1774298937790064 ) ) ;
#331 = FACE_OUTER_BOUND ( 'NONE', #4171, .T. ) ;
#333 = STYLED_ITEM ( 'NONE', ( #1305 ), #2183 ) ;
#334 = CARTESIAN_POINT ( 'NONE',  ( 0.000000000000000000, -28.85599999999999810, -5.000000000000000000 ) ) ;
#335 = EDGE_CURVE ( 'NONE', #947, #2036, #797, .T. ) ;
#336 = DIRECTION ( 'NONE',  ( 0.000000000000000000, -0.000000000000000000, 1.000000000000000000 ) ) ;
#337 = MECHANICAL_DESIGN_GEOMETRIC_PRESENTATION_REPRESENTATION (  '', ( #898 ), #1796 ) ;
#338 = LINE ( 'NONE', #1697, #435 ) ;
#339 = CARTESIAN_POINT ( 'NONE',  ( 97.24000000000000909, -58.26999307357377234, 107.1843411028349493 ) ) ;
#340 = CARTESIAN_POINT ( 'NONE',  ( 76.09999999999999432, 0.000000000000000000, -5.000000000000000000 ) ) ;
#341 = ORIENTED_EDGE ( 'NONE', *, *, #147, .T. ) ;
#342 = ORIENTED_EDGE ( 'NONE', *, *, #2313, .F. ) ;
#343 = AXIS2_PLACEMENT_3D ( 'NONE', #2957, #3644, #4362 ) ;
#344 = EDGE_CURVE ( 'NONE', #3314, #3399, #2969, .T. ) ;
#345 = MECHANICAL_DESIGN_GEOMETRIC_PRESENTATION_REPRESENTATION (  '', ( #481 ), #1939 ) ;
#346 = CARTESIAN_POINT ( 'NONE',  ( 77.60000000000000853, -59.76999307357377234, -5.000000000000000000 ) ) ;
#347 = AXIS2_PLACEMENT_3D ( 'NONE', #665, #2049, #2069 ) ;
#348 = DIRECTION ( 'NONE',  ( -1.000000000000000000, 0.000000000000000000, 0.000000000000000000 ) ) ;
#349 = SURFACE_SIDE_STYLE ('',( #4433 ) ) ;
#350 = VECTOR ( 'NONE', #210, 1000.000000000000000 ) ;
#351 = CARTESIAN_POINT ( 'NONE',  ( 0.000000000000000000, -132.3399999999999750, -1.610000000000000320 ) ) ;
#352 = ORIENTED_EDGE ( 'NONE', *, *, #471, .F. ) ;
#353 = VECTOR ( 'NONE', #4019, 1000.000000000000000 ) ;
#354 = CARTESIAN_POINT ( 'NONE',  ( 0.000000000000000000, -83.27000000000001023, -5.000000000000000000 ) ) ;
#355 = CARTESIAN_POINT ( 'NONE',  ( 123.7400000000000091, 0.000000000000000000, -5.000000000000000000 ) ) ;
#356 = UNCERTAINTY_MEASURE_WITH_UNIT (LENGTH_MEASURE( 1.000000000000000082E-05 ), #3478, 'distance_accuracy_value', 'NONE');
#357 = ORIENTED_EDGE ( 'NONE', *, *, #2404, .F. ) ;
#358 = ORIENTED_EDGE ( 'NONE', *, *, #88, .F. ) ;
#359 = CARTESIAN_POINT ( 'NONE',  ( 98.74000000000000909, -96.52000000000001023, -1.610000000000000320 ) ) ;
#360 = SURFACE_STYLE_FILL_AREA ( #3472 ) ;
#361 = SURFACE_SIDE_STYLE ('',( #446 ) ) ;
#362 = DIRECTION ( 'NONE',  ( 0.000000000000000000, 0.000000000000000000, 1.000000000000000000 ) ) ;
#363 = EDGE_CURVE ( 'NONE', #432, #470, #119, .T. ) ;
#364 = CARTESIAN_POINT ( 'NONE',  ( 97.24000000000000909, -84.77000000000001023, 107.1843411028349493 ) ) ;
#365 = VERTEX_POINT ( 'NONE', #2200 ) ;
#366 = ORIENTED_EDGE ( 'NONE', *, *, #335, .F. ) ;
#367 = AXIS2_PLACEMENT_3D ( 'NONE', #49, #1819, #2500 ) ;
#368 = LINE ( 'NONE', #1101, #171 ) ;
#369 = AXIS2_PLACEMENT_3D ( 'NONE', #4235, #403, #785 ) ;
#370 = CARTESIAN_POINT ( 'NONE',  ( 139.2894893310265729, -138.7899999999999636, -10.00000000000000000 ) ) ;
#371 = EDGE_CURVE ( 'NONE', #432, #3882, #4224, .T. ) ;
#372 = LINE ( 'NONE', #2478, #484 ) ;
#373 = ORIENTED_EDGE ( 'NONE', *, *, #855, .F. ) ;
#374 = STYLED_ITEM ( 'NONE', ( #3523 ), #1405 ) ;
#375 = DIRECTION ( 'NONE',  ( 0.000000000000000000, 0.000000000000000000, -1.000000000000000000 ) ) ;
#376 =( LENGTH_UNIT ( ) NAMED_UNIT ( * ) SI_UNIT ( .MILLI., .METRE. ) );
#377 = LINE ( 'NONE', #1070, #2739 ) ;
#378 = ORIENTED_EDGE ( 'NONE', *, *, #720, .F. ) ;
#379 = ORIENTED_EDGE ( 'NONE', *, *, #937, .T. ) ;
#380 = LINE ( 'NONE', #3535, #1220 ) ;
#382 = CARTESIAN_POINT ( 'NONE',  ( 145.2661120018323402, -46.73999999999999488, -1.609999999999999876 ) ) ;
#381 = SURFACE_STYLE_USAGE ( .BOTH. , #715 ) ;
#383 = COLOUR_RGB ( '',0.007843137254901960675, 0.2392156862745097867, 0.8235294117647058432 ) ;
#384 = UNCERTAINTY_MEASURE_WITH_UNIT (LENGTH_MEASURE( 1.000000000000000082E-05 ), #531, 'distance_accuracy_value', 'NONE');
#385 = SURFACE_SIDE_STYLE ('',( #2417 ) ) ;
#386 = FILL_AREA_STYLE_COLOUR ( '', #1321 ) ;
#387 = ORIENTED_EDGE ( 'NONE', *, *, #3092, .F. ) ;
#388 = EDGE_CURVE ( 'NONE', #1425, #3135, #4203, .T. ) ;
#389 = CARTESIAN_POINT ( 'NONE',  ( 97.24000000000000909, -109.7700000000000102, -5.000000000000000000 ) ) ;
#390 = FACE_OUTER_BOUND ( 'NONE', #3635, .T. ) ;
#391 =( LENGTH_UNIT ( ) NAMED_UNIT ( * ) SI_UNIT ( .MILLI., .METRE. ) );
#392 = ORIENTED_EDGE ( 'NONE', *, *, #3086, .T. ) ;
#393 = COLOUR_RGB ( '',0.007843137254901960675, 0.2392156862745097867, 0.8235294117647058432 ) ;
#394 =( GEOMETRIC_REPRESENTATION_CONTEXT ( 3 ) GLOBAL_UNCERTAINTY_ASSIGNED_CONTEXT ( ( #1020 ) ) GLOBAL_UNIT_ASSIGNED_CONTEXT ( ( #1511, #1161, #4305 ) ) REPRESENTATION_CONTEXT ( 'NONE', 'WORKASPACE' ) );
#395 = FILL_AREA_STYLE_COLOUR ( '', #3596 ) ;
#396 = COLOUR_RGB ( '',0.007843137254901960675, 0.2392156862745097867, 0.8235294117647058432 ) ;
#397 = ORIENTED_EDGE ( 'NONE', *, *, #1352, .T. ) ;
#398 = AXIS2_PLACEMENT_3D ( 'NONE', #334, #3114, #3812 ) ;
#399 = SURFACE_STYLE_USAGE ( .BOTH. , #2136 ) ;
#400 = ADVANCED_FACE ( 'NONE', ( #1470 ), #1500, .F. ) ;
#401 = CARTESIAN_POINT ( 'NONE',  ( 79.19999999999998863, -23.90600000000000236, -10.00000000000000000 ) ) ;
#402 = VECTOR ( 'NONE', #2454, 1000.000000000000114 ) ;
#403 = DIRECTION ( 'NONE',  ( 0.000000000000000000, 0.000000000000000000, -1.000000000000000000 ) ) ;
#405 = CARTESIAN_POINT ( 'NONE',  ( 0.000000000000000000, -132.3399999999999750, -5.000000000000000000 ) ) ;
#404 = PLANE ( 'NONE',  #343 ) ;
#406 = CARTESIAN_POINT ( 'NONE',  ( 0.000000000000000000, -28.85599999999999810, -1.610000000000000320 ) ) ;
#407 = ORIENTED_EDGE ( 'NONE', *, *, #164, .F. ) ;
#408 = ORIENTED_EDGE ( 'NONE', *, *, #1022, .F. ) ;
#409 = VECTOR ( 'NONE', #3949, 1000.000000000000000 ) ;
#410 = FILL_AREA_STYLE ('',( #3876 ) ) ;
#411 = FACE_OUTER_BOUND ( 'NONE', #1965, .T. ) ;
#412 = PRESENTATION_LAYER_ASSIGNMENT (  '', '', ( #898 ) ) ;
#413 = VERTEX_POINT ( 'NONE', #2505 ) ;
#414 = DIRECTION ( 'NONE',  ( 0.000000000000000000, 0.000000000000000000, -1.000000000000000000 ) ) ;
#415 = FILL_AREA_STYLE ('',( #395 ) ) ;
#416 = VECTOR ( 'NONE', #2155, 1000.000000000000000 ) ;
#417 = EDGE_CURVE ( 'NONE', #455, #3399, #1788, .T. ) ;
#418 = ORIENTED_EDGE ( 'NONE', *, *, #4215, .F. ) ;
#419 = SURFACE_STYLE_FILL_AREA ( #3947 ) ;
#420 = VECTOR ( 'NONE', #3910, 1000.000000000000000 ) ;
#421 = SURFACE_STYLE_USAGE ( .BOTH. , #4296 ) ;
#422 = CARTESIAN_POINT ( 'NONE',  ( 97.24000000000000909, -83.27000000000001023, -1.610000000000000320 ) ) ;
#424 = DIRECTION ( 'NONE',  ( -1.000000000000000000, 0.000000000000000000, -0.000000000000000000 ) ) ;
#423 =( NAMED_UNIT ( * ) PLANE_ANGLE_UNIT ( ) SI_UNIT ( $, .RADIAN. ) );
#425 = ADVANCED_FACE ( 'NONE', ( #772 ), #3554, .T. ) ;
#426 = STYLED_ITEM ( 'NONE', ( #1509 ), #3225 ) ;
#427 = CARTESIAN_POINT ( 'NONE',  ( 75.20000000000000284, -19.95600000000000307, 0.000000000000000000 ) ) ;
#428 = CARTESIAN_POINT ( 'NONE',  ( 122.2399999999999949, -96.51999999999999602, -1.610000000000000320 ) ) ;
#429 = LINE ( 'NONE', #1441, #489 ) ;
#430 = ORIENTED_EDGE ( 'NONE', *, *, #1910, .F. ) ;
#431 = FILL_AREA_STYLE ('',( #3269 ) ) ;
#432 = VERTEX_POINT ( 'NONE', #3337 ) ;
#433 = LINE ( 'NONE', #790, #463 ) ;
#434 = FILL_AREA_STYLE_COLOUR ( '', #4209 ) ;
#435 = VECTOR ( 'NONE', #4112, 1000.000000000000000 ) ;
#436 = VERTEX_POINT ( 'NONE', #3316 ) ;
#437 = AXIS2_PLACEMENT_3D ( 'NONE', #1439, #2470, #1458 ) ;
#438 =( NAMED_UNIT ( * ) PLANE_ANGLE_UNIT ( ) SI_UNIT ( $, .RADIAN. ) );
#439 = PRESENTATION_STYLE_ASSIGNMENT (( #3295 ) ) ;
#440 = UNCERTAINTY_MEASURE_WITH_UNIT (LENGTH_MEASURE( 1.000000000000000082E-05 ), #4248, 'distance_accuracy_value', 'NONE');
#441 = PLANE ( 'NONE',  #712 ) ;
#442 = PRODUCT_DEFINITION ( 'UNKNOWN', '', #4455, #2127 ) ;
#443 = DIRECTION ( 'NONE',  ( 0.000000000000000000, 1.000000000000000000, 0.000000000000000000 ) ) ;
#444 = CARTESIAN_POINT ( 'NONE',  ( 145.3880744665513305, -28.85599999999999099, -1.610000000000000320 ) ) ;
#445 = EDGE_CURVE ( 'NONE', #21, #3078, #2629, .T. ) ;
#446 = SURFACE_STYLE_FILL_AREA ( #3890 ) ;
#448 = CARTESIAN_POINT ( 'NONE',  ( 0.000000000000000000, 0.000000000000000000, -10.00000000000000000 ) ) ;
#447 = CARTESIAN_POINT ( 'NONE',  ( 123.7400000000000091, -108.2700000000000102, -5.000000000000000000 ) ) ;
#449 = ORIENTED_EDGE ( 'NONE', *, *, #344, .F. ) ;
#450 = DIRECTION ( 'NONE',  ( -0.000000000000000000, 0.000000000000000000, 1.000000000000000000 ) ) ;
#451 = EDGE_CURVE ( 'NONE', #1462, #2838, #3778, .T. ) ;
#452 = DIRECTION ( 'NONE',  ( -0.000000000000000000, 1.000000000000000000, -0.000000000000000000 ) ) ;
#453 = FACE_OUTER_BOUND ( 'NONE', #2295, .T. ) ;
#454 =( NAMED_UNIT ( * ) PLANE_ANGLE_UNIT ( ) SI_UNIT ( $, .RADIAN. ) );
#455 = VERTEX_POINT ( 'NONE', #4352 ) ;
#456 = DIRECTION ( 'NONE',  ( -0.000000000000000000, 0.000000000000000000, 1.000000000000000000 ) ) ;
#457 = EDGE_LOOP ( 'NONE', ( #1384, #3826, #1448, #3461 ) ) ;
#458 = CARTESIAN_POINT ( 'NONE',  ( 77.60000000000000853, -84.77000000000001023, -1.610000000000000320 ) ) ;
#459 =( NAMED_UNIT ( * ) PLANE_ANGLE_UNIT ( ) SI_UNIT ( $, .RADIAN. ) );
#460 = VECTOR ( 'NONE', #2480, 1000.000000000000000 ) ;
#461 = COLOUR_RGB ( '',0.007843137254901960675, 0.2392156862745097867, 0.8235294117647058432 ) ;
#462 = CARTESIAN_POINT ( 'NONE',  ( 97.24000000000000909, -96.52000000000001023, 107.1843411028349493 ) ) ;
#463 = VECTOR ( 'NONE', #2125, 1000.000000000000000 ) ;
#464 = VECTOR ( 'NONE', #1412, 1000.000000000000000 ) ;
#465 =( NAMED_UNIT ( * ) PLANE_ANGLE_UNIT ( ) SI_UNIT ( $, .RADIAN. ) );
#467 = DIRECTION ( 'NONE',  ( -1.000000000000000000, 0.000000000000000000, 0.000000000000000000 ) ) ;
#466 = FACE_OUTER_BOUND ( 'NONE', #2135, .T. ) ;
#468 = COLOUR_RGB ( '',0.007843137254901960675, 0.2392156862745097867, 0.8235294117647058432 ) ;
#469 = PRESENTATION_STYLE_ASSIGNMENT (( #1875 ) ) ;
#470 = VERTEX_POINT ( 'NONE', #207 ) ;
#471 = EDGE_CURVE ( 'NONE', #1540, #1790, #1585, .T. ) ;
#472 = SURFACE_STYLE_USAGE ( .BOTH. , #3649 ) ;
#473 = DIRECTION ( 'NONE',  ( 0.0007443882500148174585, 0.9999997229430281909, 0.000000000000000000 ) ) ;
#474 = ORIENTED_EDGE ( 'NONE', *, *, #877, .F. ) ;
#475 = EDGE_CURVE ( 'NONE', #852, #1391, #231, .T. ) ;
#476 = APPLICATION_CONTEXT ( 'automotive_design' ) ;
#477 = CARTESIAN_POINT ( 'NONE',  ( 86.70000000000000284, -135.7400000000000091, -6.500000000000000888 ) ) ;
#478 = DIRECTION ( 'NONE',  ( 0.000000000000000000, -1.000000000000000000, 0.000000000000000000 ) ) ;
#479 = ORIENTED_EDGE ( 'NONE', *, *, #1015, .F. ) ;
#480 = PLANE ( 'NONE',  #491 ) ;
#481 = STYLED_ITEM ( 'NONE', ( #3395 ), #254 ) ;
#482 = FILL_AREA_STYLE ('',( #3623 ) ) ;
#483 = COLOUR_RGB ( '',0.007843137254901960675, 0.2392156862745097867, 0.8235294117647058432 ) ;
#484 = VECTOR ( 'NONE', #724, 1000.000000000000000 ) ;
#485 =( NAMED_UNIT ( * ) SI_UNIT ( $, .STERADIAN. ) SOLID_ANGLE_UNIT ( ) );
#486 = DIRECTION ( 'NONE',  ( -1.000000000000000000, 0.000000000000000000, -0.000000000000000000 ) ) ;
#487 = FILL_AREA_STYLE_COLOUR ( '', #1137 ) ;
#488 = ORIENTED_EDGE ( 'NONE', *, *, #1378, .T. ) ;
#489 = VECTOR ( 'NONE', #1829, 1000.000000000000000 ) ;
#490 = SURFACE_STYLE_USAGE ( .BOTH. , #1816 ) ;
#491 = AXIS2_PLACEMENT_3D ( 'NONE', #3905, #3556, #2552 ) ;
#492 = LINE ( 'NONE', #2919, #3806 ) ;
#493 = EDGE_CURVE ( 'NONE', #2625, #3794, #1232, .T. ) ;
#495 = CARTESIAN_POINT ( 'NONE',  ( 146.2894893310266013, -19.95600000000000307, -3.000000000000000000 ) ) ;
#494 = PRESENTATION_STYLE_ASSIGNMENT (( #2233 ) ) ;
#496 = CARTESIAN_POINT ( 'NONE',  ( 143.9094743819798907, -0.1071245514753580708, -1.610000000000000320 ) ) ;
#497 = ORIENTED_EDGE ( 'NONE', *, *, #986, .T. ) ;
#498 = LINE ( 'NONE', #1231, #745 ) ;
#499 = EDGE_CURVE ( 'NONE', #2458, #3077, #1522, .T. ) ;
#500 = SURFACE_STYLE_FILL_AREA ( #3619 ) ;
#501 =( GEOMETRIC_REPRESENTATION_CONTEXT ( 3 ) GLOBAL_UNCERTAINTY_ASSIGNED_CONTEXT ( ( #2223 ) ) GLOBAL_UNIT_ASSIGNED_CONTEXT ( ( #2587, #1168, #3966 ) ) REPRESENTATION_CONTEXT ( 'NONE', 'WORKASPACE' ) );
#502 = SURFACE_STYLE_USAGE ( .BOTH. , #163 ) ;
#503 =( GEOMETRIC_REPRESENTATION_CONTEXT ( 3 ) GLOBAL_UNCERTAINTY_ASSIGNED_CONTEXT ( ( #3043 ) ) GLOBAL_UNIT_ASSIGNED_CONTEXT ( ( #1376, #611, #1684 ) ) REPRESENTATION_CONTEXT ( 'NONE', 'WORKASPACE' ) );
#504 = SURFACE_STYLE_FILL_AREA ( #150 ) ;
#505 = COLOUR_RGB ( '',0.007843137254901960675, 0.2392156862745097867, 0.8235294117647058432 ) ;
#507 = DIRECTION ( 'NONE',  ( 0.000000000000000000, 0.000000000000000000, -1.000000000000000000 ) ) ;
#506 = CARTESIAN_POINT ( 'NONE',  ( 83.79999999999999716, -23.90600000000000236, 0.000000000000000000 ) ) ;
#508 = DIRECTION ( 'NONE',  ( -1.000000000000000000, 0.000000000000000000, -0.000000000000000000 ) ) ;
#509 = VERTEX_POINT ( 'NONE', #3278 ) ;
#510 = LINE ( 'NONE', #3224, #1914 ) ;
#511 = CARTESIAN_POINT ( 'NONE',  ( 98.74000000000000909, -84.77000000000001023, 107.1843411028349493 ) ) ;
#512 = CARTESIAN_POINT ( 'NONE',  ( 77.60000000000000853, -83.27000000000001023, 124.1774298937790064 ) ) ;
#513 =( LENGTH_UNIT ( ) NAMED_UNIT ( * ) SI_UNIT ( .MILLI., .METRE. ) );
#515 = FACE_OUTER_BOUND ( 'NONE', #2588, .T. ) ;
#514 = DIRECTION ( 'NONE',  ( 0.000000000000000000, 0.000000000000000000, -1.000000000000000000 ) ) ;
#516 = FILL_AREA_STYLE ('',( #1538 ) ) ;
#517 = VERTEX_POINT ( 'NONE', #3656 ) ;
#518 = VECTOR ( 'NONE', #424, 1000.000000000000000 ) ;
#519 = ADVANCED_FACE ( 'NONE', ( #4023 ), #2926, .T. ) ;
#520 = DIRECTION ( 'NONE',  ( 0.000000000000000000, 0.000000000000000000, -1.000000000000000000 ) ) ;
#521 = CARTESIAN_POINT ( 'NONE',  ( 147.2894893310266013, 0.000000000000000000, 108.7840301393739395 ) ) ;
#522 = CARTESIAN_POINT ( 'NONE',  ( 101.7000000000000171, -18.95599999999999952, -6.500000000000002665 ) ) ;
#523 = EDGE_LOOP ( 'NONE', ( #2737, #1686, #3189, #2472 ) ) ;
#524 = DIRECTION ( 'NONE',  ( 0.000000000000000000, 1.000000000000000000, 0.000000000000000000 ) ) ;
#525 = ADVANCED_FACE ( 'NONE', ( #1012 ), #3414, .F. ) ;
#526 =( NAMED_UNIT ( * ) SI_UNIT ( $, .STERADIAN. ) SOLID_ANGLE_UNIT ( ) );
#527 = UNCERTAINTY_MEASURE_WITH_UNIT (LENGTH_MEASURE( 1.000000000000000082E-05 ), #2100, 'distance_accuracy_value', 'NONE');
#528 = EDGE_CURVE ( 'NONE', #4449, #3552, #610, .T. ) ;
#529 =( GEOMETRIC_REPRESENTATION_CONTEXT ( 3 ) GLOBAL_UNCERTAINTY_ASSIGNED_CONTEXT ( ( #356 ) ) GLOBAL_UNIT_ASSIGNED_CONTEXT ( ( #3478, #973, #2379 ) ) REPRESENTATION_CONTEXT ( 'NONE', 'WORKASPACE' ) );
#530 = LINE ( 'NONE', #1918, #862 ) ;
#532 = CARTESIAN_POINT ( 'NONE',  ( 139.2894893310265729, -23.90599999999999525, -7.500000000000000000 ) ) ;
#531 =( LENGTH_UNIT ( ) NAMED_UNIT ( * ) SI_UNIT ( .MILLI., .METRE. ) );
#533 = DIRECTION ( 'NONE',  ( 0.000000000000000000, -0.000000000000000000, 1.000000000000000000 ) ) ;
#534 = SURFACE_STYLE_USAGE ( .BOTH. , #3647 ) ;
#535 = AXIS2_PLACEMENT_3D ( 'NONE', #2270, #1674, #4444 ) ;
#536 = PLANE ( 'NONE',  #291 ) ;
#537 = FILL_AREA_STYLE ('',( #3999 ) ) ;
#538 = ORIENTED_EDGE ( 'NONE', *, *, #4055, .T. ) ;
#539 = VECTOR ( 'NONE', #4040, 1000.000000000000000 ) ;
#540 = CARTESIAN_POINT ( 'NONE',  ( 143.8110417559589109, -132.3399999999999750, -5.000000000000000000 ) ) ;
#541 = PRESENTATION_STYLE_ASSIGNMENT (( #3988 ) ) ;
#542 = FACE_OUTER_BOUND ( 'NONE', #1113, .T. ) ;
#543 =( NAMED_UNIT ( * ) PLANE_ANGLE_UNIT ( ) SI_UNIT ( $, .RADIAN. ) );
#544 = AXIS2_PLACEMENT_3D ( 'NONE', #924, #1313, #900 ) ;
#545 = VERTEX_POINT ( 'NONE', #4069 ) ;
#546 = CARTESIAN_POINT ( 'NONE',  ( 143.8475688975072160, -83.27000000000001023, -1.610000000000000320 ) ) ;
#547 = VECTOR ( 'NONE', #2186, 1000.000000000000000 ) ;
#548 = EDGE_CURVE ( 'NONE', #3628, #1347, #3757, .T. ) ;
#549 =( NAMED_UNIT ( * ) PLANE_ANGLE_UNIT ( ) SI_UNIT ( $, .RADIAN. ) );
#550 = CIRCLE ( 'NONE', #2536, 3.000000000000002665 ) ;
#551 = VECTOR ( 'NONE', #2062, 1000.000000000000000 ) ;
#552 = MECHANICAL_DESIGN_GEOMETRIC_PRESENTATION_REPRESENTATION (  '', ( #2181 ), #3973 ) ;
#553 = LINE ( 'NONE', #1873, #1151 ) ;
#554 = ADVANCED_FACE ( 'NONE', ( #1350 ), #2059, .T. ) ;
#556 =( NAMED_UNIT ( * ) SI_UNIT ( $, .STERADIAN. ) SOLID_ANGLE_UNIT ( ) );
#555 = FACE_OUTER_BOUND ( 'NONE', #949, .T. ) ;
#557 = PLANE ( 'NONE',  #535 ) ;
#558 = MECHANICAL_DESIGN_GEOMETRIC_PRESENTATION_REPRESENTATION (  '', ( #1944 ), #2755 ) ;
#559 =( NAMED_UNIT ( * ) SI_UNIT ( $, .STERADIAN. ) SOLID_ANGLE_UNIT ( ) );
#560 =( NAMED_UNIT ( * ) PLANE_ANGLE_UNIT ( ) SI_UNIT ( $, .RADIAN. ) );
#561 = VERTEX_POINT ( 'NONE', #4147 ) ;
#562 = VECTOR ( 'NONE', #4401, 1000.000000000000000 ) ;
#563 = CIRCLE ( 'NONE', #3693, 3.000000000000002665 ) ;
#564 =( NAMED_UNIT ( * ) PLANE_ANGLE_UNIT ( ) SI_UNIT ( $, .RADIAN. ) );
#565 = FILL_AREA_STYLE_COLOUR ( '', #505 ) ;
#566 = CARTESIAN_POINT ( 'NONE',  ( 82.19999999999998863, -138.7899999999999920, -7.500000000000000000 ) ) ;
#567 = AXIS2_PLACEMENT_3D ( 'NONE', #4014, #2636, #486 ) ;
#568 = EDGE_LOOP ( 'NONE', ( #73, #1461 ) ) ;
#569 = DIRECTION ( 'NONE',  ( -0.000000000000000000, -0.000000000000000000, -1.000000000000000000 ) ) ;
#570 = PRESENTATION_STYLE_ASSIGNMENT (( #238 ) ) ;
#571 = UNCERTAINTY_MEASURE_WITH_UNIT (LENGTH_MEASURE( 1.000000000000000082E-05 ), #1557, 'distance_accuracy_value', 'NONE');
#572 = CIRCLE ( 'NONE', #3700, 3.000000000000002665 ) ;
#573 = MECHANICAL_DESIGN_GEOMETRIC_PRESENTATION_REPRESENTATION (  '', ( #146 ), #3412 ) ;
#574 = EDGE_CURVE ( 'NONE', #3134, #830, #321, .T. ) ;
#576 = SURFACE_STYLE_FILL_AREA ( #4162 ) ;
#575 =( NAMED_UNIT ( * ) PLANE_ANGLE_UNIT ( ) SI_UNIT ( $, .RADIAN. ) );
#577 = DIRECTION ( 'NONE',  ( 0.000000000000000000, 1.000000000000000000, 0.000000000000000000 ) ) ;
#578 = EDGE_CURVE ( 'NONE', #1724, #1712, #2711, .T. ) ;
#579 = VERTEX_POINT ( 'NONE', #3100 ) ;
#580 = SURFACE_STYLE_FILL_AREA ( #3704 ) ;
#582 = DIRECTION ( 'NONE',  ( -1.000000000000000000, 0.000000000000000000, 0.000000000000000000 ) ) ;
#581 = SURFACE_STYLE_FILL_AREA ( #3998 ) ;
#583 = EDGE_LOOP ( 'NONE', ( #158, #329, #846, #2004 ) ) ;
#584 = ORIENTED_EDGE ( 'NONE', *, *, #3753, .F. ) ;
#585 = EDGE_CURVE ( 'NONE', #4292, #561, #4476, .T. ) ;
#586 = FILL_AREA_STYLE_COLOUR ( '', #2282 ) ;
#587 = CARTESIAN_POINT ( 'NONE',  ( 77.60000000000000853, -30.35600000000000165, 124.1774298937790064 ) ) ;
#588 =( NAMED_UNIT ( * ) SI_UNIT ( $, .STERADIAN. ) SOLID_ANGLE_UNIT ( ) );
#589 = ORIENTED_EDGE ( 'NONE', *, *, #1054, .F. ) ;
#590 = DIRECTION ( 'NONE',  ( 0.000000000000000000, 0.000000000000000000, -1.000000000000000000 ) ) ;
#591 = ORIENTED_EDGE ( 'NONE', *, *, #471, .T. ) ;
#592 = DIRECTION ( 'NONE',  ( -0.7071067811865479058, 0.000000000000000000, 0.7071067811865471286 ) ) ;
#593 = FACE_OUTER_BOUND ( 'NONE', #2123, .T. ) ;
#594 = ORIENTED_EDGE ( 'NONE', *, *, #1183, .T. ) ;
#596 = CARTESIAN_POINT ( 'NONE',  ( 85.20000000000000284, -23.90600000000000236, -7.500000000000000000 ) ) ;
#595 =( NAMED_UNIT ( * ) SI_UNIT ( $, .STERADIAN. ) SOLID_ANGLE_UNIT ( ) );
#597 = PRESENTATION_STYLE_ASSIGNMENT (( #534 ) ) ;
#598 = MECHANICAL_DESIGN_GEOMETRIC_PRESENTATION_REPRESENTATION (  '', ( #1244 ), #320 ) ;
#599 = EDGE_LOOP ( 'NONE', ( #1900, #2039, #2835, #2968 ) ) ;
#600 = DIRECTION ( 'NONE',  ( 0.000000000000000000, 1.000000000000000000, 0.000000000000000000 ) ) ;
#602 = PLANE ( 'NONE',  #1355 ) ;
#601 = DIRECTION ( 'NONE',  ( 0.000000000000000000, 0.000000000000000000, 1.000000000000000000 ) ) ;
#603 = EDGE_CURVE ( 'NONE', #1347, #1962, #1754, .T. ) ;
#604 = CIRCLE ( 'NONE', #1617, 1.600000000000004086 ) ;
#605 = FILL_AREA_STYLE_COLOUR ( '', #4485 ) ;
#606 = VERTEX_POINT ( 'NONE', #1126 ) ;
#607 = ORIENTED_EDGE ( 'NONE', *, *, #3526, .T. ) ;
#608 = PRESENTATION_LAYER_ASSIGNMENT (  '', '', ( #2218 ) ) ;
#609 =( NAMED_UNIT ( * ) SI_UNIT ( $, .STERADIAN. ) SOLID_ANGLE_UNIT ( ) );
#610 = LINE ( 'NONE', #1730, #2566 ) ;
#611 =( NAMED_UNIT ( * ) PLANE_ANGLE_UNIT ( ) SI_UNIT ( $, .RADIAN. ) );
#612 = ADVANCED_FACE ( 'NONE', ( #3149 ), #4222, .F. ) ;
#613 = DIRECTION ( 'NONE',  ( 0.000000000000000000, 0.000000000000000000, -1.000000000000000000 ) ) ;
#614 = ORIENTED_EDGE ( 'NONE', *, *, #2436, .F. ) ;
#615 = SURFACE_STYLE_USAGE ( .BOTH. , #3873 ) ;
#616 = VERTEX_POINT ( 'NONE', #75 ) ;
#617 = FILL_AREA_STYLE ('',( #262 ) ) ;
#618 = UNCERTAINTY_MEASURE_WITH_UNIT (LENGTH_MEASURE( 1.000000000000000082E-05 ), #3560, 'distance_accuracy_value', 'NONE');
#619 = ORIENTED_EDGE ( 'NONE', *, *, #4234, .F. ) ;
#620 = STYLED_ITEM ( 'NONE', ( #1916 ), #2015 ) ;
#621 = CARTESIAN_POINT ( 'NONE',  ( 122.9900000000000091, -59.76999307357377234, 107.1843411028349493 ) ) ;
#622 = DIRECTION ( 'NONE',  ( -1.000000000000000000, 0.000000000000000000, -0.000000000000000000 ) ) ;
#623 = STYLED_ITEM ( 'NONE', ( #244 ), #2277 ) ;
#624 = DIRECTION ( 'NONE',  ( -1.000000000000000000, 0.000000000000000000, 0.000000000000000000 ) ) ;
#625 = VECTOR ( 'NONE', #2772, 1000.000000000000000 ) ;
#626 = DIRECTION ( 'NONE',  ( -0.000000000000000000, -0.000000000000000000, 1.000000000000000000 ) ) ;
#628 = CARTESIAN_POINT ( 'NONE',  ( 146.2894893310266013, -142.7400000000000091, -3.000000000000000000 ) ) ;
#627 = CARTESIAN_POINT ( 'NONE',  ( 97.24000000000000909, 0.000000000000000000, -5.000000000000000000 ) ) ;
#629 = VECTOR ( 'NONE', #4479, 1000.000000000000000 ) ;
#630 = ORIENTED_EDGE ( 'NONE', *, *, #4337, .F. ) ;
#631 = EDGE_CURVE ( 'NONE', #3077, #3051, #2193, .T. ) ;
#632 = DIRECTION ( 'NONE',  ( 0.000000000000000000, -0.000000000000000000, 1.000000000000000000 ) ) ;
#633 = CARTESIAN_POINT ( 'NONE',  ( 146.2894893310266013, -19.95600000000000307, -3.000000000000000000 ) ) ;
#635 = CARTESIAN_POINT ( 'NONE',  ( 77.60000000000000853, -109.7700000000000102, -5.000000000000000000 ) ) ;
#634 = PRESENTATION_STYLE_ASSIGNMENT (( #4070 ) ) ;
#636 = CARTESIAN_POINT ( 'NONE',  ( 110.4900000000000091, -83.27000000000001023, -1.610000000000000320 ) ) ;
#637 = EDGE_LOOP ( 'NONE', ( #1958, #4116, #1014, #2102, #4105, #4435, #1229, #1517, #3479, #3893, #2426, #607 ) ) ;
#638 = DIRECTION ( 'NONE',  ( 1.000000000000000000, 0.000000000000000000, 0.000000000000000000 ) ) ;
#639 = PRESENTATION_LAYER_ASSIGNMENT (  '', '', ( #2105 ) ) ;
#640 = ORIENTED_EDGE ( 'NONE', *, *, #1211, .T. ) ;
#641 = ADVANCED_FACE ( 'NONE', ( #2863 ), #1422, .F. ) ;
#642 = DIRECTION ( 'NONE',  ( 0.000000000000000000, 0.000000000000000000, 1.000000000000000000 ) ) ;
#643 = CARTESIAN_POINT ( 'NONE',  ( 123.7400000000000091, -96.51999999999999602, -5.000000000000000000 ) ) ;
#644 = ORIENTED_EDGE ( 'NONE', *, *, #1755, .T. ) ;
#645 = DIRECTION ( 'NONE',  ( 1.000000000000000000, 0.000000000000000000, 0.000000000000000000 ) ) ;
#646 = COLOUR_RGB ( '',0.007843137254901960675, 0.2392156862745097867, 0.8235294117647058432 ) ;
#647 = COLOUR_RGB ( '',0.007843137254901960675, 0.2392156862745097867, 0.8235294117647058432 ) ;
#648 = CARTESIAN_POINT ( 'NONE',  ( 79.19999999999998863, -138.7899999999999920, -10.00000000000000000 ) ) ;
#649 =( NAMED_UNIT ( * ) SI_UNIT ( $, .STERADIAN. ) SOLID_ANGLE_UNIT ( ) );
#650 =( NAMED_UNIT ( * ) PLANE_ANGLE_UNIT ( ) SI_UNIT ( $, .RADIAN. ) );
#651 = VERTEX_POINT ( 'NONE', #1780 ) ;
#652 = ORIENTED_EDGE ( 'NONE', *, *, #1887, .F. ) ;
#653 = MECHANICAL_DESIGN_GEOMETRIC_PRESENTATION_REPRESENTATION (  '', ( #2263 ), #3064 ) ;
#654 = CARTESIAN_POINT ( 'NONE',  ( 123.7400000000000091, -96.51999999999999602, 107.1843411028349493 ) ) ;
#655 = SURFACE_SIDE_STYLE ('',( #1104 ) ) ;
#656 = PRODUCT_RELATED_PRODUCT_CATEGORY ( 'part', '', ( #1964 ) ) ;
#657 = ORIENTED_EDGE ( 'NONE', *, *, #585, .F. ) ;
#658 = CARTESIAN_POINT ( 'NONE',  ( 136.2894893310265729, -138.7899999999999636, -7.500000000000000000 ) ) ;
#659 = FILL_AREA_STYLE_COLOUR ( '', #1051 ) ;
#660 = UNCERTAINTY_MEASURE_WITH_UNIT (LENGTH_MEASURE( 1.000000000000000082E-05 ), #2306, 'distance_accuracy_value', 'NONE');
#661 = EDGE_CURVE ( 'NONE', #3455, #798, #4295, .T. ) ;
#662 = ORIENTED_EDGE ( 'NONE', *, *, #1103, .F. ) ;
#663 = CARTESIAN_POINT ( 'NONE',  ( 77.60000000000000853, -132.3399999999999750, -1.610000000000000320 ) ) ;
#665 = CARTESIAN_POINT ( 'NONE',  ( 82.19999999999998863, -23.90600000000000236, -10.00000000000000000 ) ) ;
#664 = CARTESIAN_POINT ( 'NONE',  ( 110.4900000000000091, -84.77000000000001023, -1.610000000000000320 ) ) ;
#666 = ADVANCED_FACE ( 'NONE', ( #2878 ), #2841, .F. ) ;
#667 =( NAMED_UNIT ( * ) PLANE_ANGLE_UNIT ( ) SI_UNIT ( $, .RADIAN. ) );
#668 = PLANE ( 'NONE',  #1362 ) ;
#670 =( LENGTH_UNIT ( ) NAMED_UNIT ( * ) SI_UNIT ( .MILLI., .METRE. ) );
#669 = LINE ( 'NONE', #1344, #2090 ) ;
#671 = FILL_AREA_STYLE ('',( #3118 ) ) ;
#672 = ORIENTED_EDGE ( 'NONE', *, *, #27, .F. ) ;
#673 = ORIENTED_EDGE ( 'NONE', *, *, #1177, .F. ) ;
#674 = FILL_AREA_STYLE_COLOUR ( '', #393 ) ;
#675 = MECHANICAL_DESIGN_GEOMETRIC_PRESENTATION_REPRESENTATION (  '', ( #2647 ), #3735 ) ;
#676 = FILL_AREA_STYLE_COLOUR ( '', #2920 ) ;
#678 = DIRECTION ( 'NONE',  ( 0.000000000000000000, 0.000000000000000000, -1.000000000000000000 ) ) ;
#677 = CARTESIAN_POINT ( 'NONE',  ( 137.6894893310266070, -23.90599999999999525, -7.500000000000000000 ) ) ;
#679 =( NAMED_UNIT ( * ) PLANE_ANGLE_UNIT ( ) SI_UNIT ( $, .RADIAN. ) );
#680 = ORIENTED_EDGE ( 'NONE', *, *, #3907, .T. ) ;
#681 =( GEOMETRIC_REPRESENTATION_CONTEXT ( 3 ) GLOBAL_UNCERTAINTY_ASSIGNED_CONTEXT ( ( #3759 ) ) GLOBAL_UNIT_ASSIGNED_CONTEXT ( ( #3099, #4475, #4146 ) ) REPRESENTATION_CONTEXT ( 'NONE', 'WORKASPACE' ) );
#682 = COLOUR_RGB ( '',0.007843137254901960675, 0.2392156862745097867, 0.8235294117647058432 ) ;
#683 = SURFACE_SIDE_STYLE ('',( #2427 ) ) ;
#684 = PRESENTATION_STYLE_ASSIGNMENT (( #1738 ) ) ;
#685 = DIRECTION ( 'NONE',  ( -0.000000000000000000, 1.000000000000000000, -0.000000000000000000 ) ) ;
#686 = EDGE_LOOP ( 'NONE', ( #3722, #2371, #3777, #657 ) ) ;
#687 = FACE_OUTER_BOUND ( 'NONE', #2866, .T. ) ;
#688 = ADVANCED_FACE ( 'NONE', ( #2938 ), #1206, .T. ) ;
#689 = LINE ( 'NONE', #2092, #3867 ) ;
#691 = FACE_OUTER_BOUND ( 'NONE', #2483, .T. ) ;
#690 = DIRECTION ( 'NONE',  ( -0.000000000000000000, -0.000000000000000000, -1.000000000000000000 ) ) ;
#692 = COLOUR_RGB ( '',0.007843137254901960675, 0.2392156862745097867, 0.8235294117647058432 ) ;
#693 = DIRECTION ( 'NONE',  ( 0.000000000000000000, 0.000000000000000000, -1.000000000000000000 ) ) ;
#694 = ADVANCED_FACE ( 'NONE', ( #1163 ), #536, .F. ) ;
#695 = MECHANICAL_DESIGN_GEOMETRIC_PRESENTATION_REPRESENTATION (  '', ( #3971 ), #2598 ) ;
#696 = CARTESIAN_POINT ( 'NONE',  ( 134.7894893310266013, -135.7400000000000091, -6.500000000000000888 ) ) ;
#697 = DIRECTION ( 'NONE',  ( 1.000000000000000000, 0.000000000000000000, 0.000000000000000000 ) ) ;
#698 = ORIENTED_EDGE ( 'NONE', *, *, #2339, .F. ) ;
#699 = ORIENTED_EDGE ( 'NONE', *, *, #3157, .T. ) ;
#700 = AXIS2_PLACEMENT_3D ( 'NONE', #2246, #4398, #3374 ) ;
#701 = EDGE_CURVE ( 'NONE', #1100, #3531, #338, .T. ) ;
#702 = CARTESIAN_POINT ( 'NONE',  ( 147.2894893310266013, -18.95599999999999952, -3.000000000000000000 ) ) ;
#703 = DIRECTION ( 'NONE',  ( -0.000000000000000000, 0.000000000000000000, 1.000000000000000000 ) ) ;
#704 = ORIENTED_EDGE ( 'NONE', *, *, #783, .T. ) ;
#705 =( GEOMETRIC_REPRESENTATION_CONTEXT ( 3 ) GLOBAL_UNCERTAINTY_ASSIGNED_CONTEXT ( ( #2134 ) ) GLOBAL_UNIT_ASSIGNED_CONTEXT ( ( #1581, #3332, #4384 ) ) REPRESENTATION_CONTEXT ( 'NONE', 'WORKASPACE' ) );
#706 =( LENGTH_UNIT ( ) NAMED_UNIT ( * ) SI_UNIT ( .MILLI., .METRE. ) );
#707 = CARTESIAN_POINT ( 'NONE',  ( 82.19999999999998863, -23.90600000000000236, 0.000000000000000000 ) ) ;
#708 = AXIS2_PLACEMENT_3D ( 'NONE', #340, #2471, #1723 ) ;
#709 = ORIENTED_EDGE ( 'NONE', *, *, #2430, .T. ) ;
#710 = SURFACE_STYLE_FILL_AREA ( #2089 ) ;
#711 = PRESENTATION_LAYER_ASSIGNMENT (  '', '', ( #2677 ) ) ;
#712 = AXIS2_PLACEMENT_3D ( 'NONE', #4228, #1115, #2219 ) ;
#713 = ORIENTED_EDGE ( 'NONE', *, *, #445, .T. ) ;
#714 = DIRECTION ( 'NONE',  ( 0.7071067811865471286, 0.000000000000000000, -0.7071067811865479058 ) ) ;
#715 = SURFACE_SIDE_STYLE ('',( #952 ) ) ;
#716 = ADVANCED_FACE ( 'NONE', ( #2682 ), #668, .T. ) ;
#717 = LINE ( 'NONE', #2834, #4051 ) ;
#718 = FILL_AREA_STYLE_COLOUR ( '', #1395 ) ;
#719 = ORIENTED_EDGE ( 'NONE', *, *, #161, .F. ) ;
#720 = EDGE_CURVE ( 'NONE', #1467, #8, #243, .T. ) ;
#721 = PRESENTATION_LAYER_ASSIGNMENT (  '', '', ( #3774 ) ) ;
#722 = CARTESIAN_POINT ( 'NONE',  ( 0.000000000000000000, -132.3399999999999750, 124.1774298937790064 ) ) ;
#723 = FILL_AREA_STYLE_COLOUR ( '', #3371 ) ;
#724 = DIRECTION ( 'NONE',  ( -0.000000000000000000, -0.000000000000000000, 1.000000000000000000 ) ) ;
#725 = ORIENTED_EDGE ( 'NONE', *, *, #2178, .T. ) ;
#726 = EDGE_CURVE ( 'NONE', #4073, #3135, #3378, .T. ) ;
#727 = AXIS2_PLACEMENT_3D ( 'NONE', #2061, #2450, #1332 ) ;
#728 = PLANE ( 'NONE',  #4317 ) ;
#729 = DIRECTION ( 'NONE',  ( 0.000000000000000000, 0.000000000000000000, 1.000000000000000000 ) ) ;
#730 = MECHANICAL_DESIGN_GEOMETRIC_PRESENTATION_REPRESENTATION (  '', ( #4301 ), #3277 ) ;
#731 = PRESENTATION_STYLE_ASSIGNMENT (( #2482 ) ) ;
#732 = EDGE_LOOP ( 'NONE', ( #1181, #1021, #1338, #223 ) ) ;
#733 = LINE ( 'NONE', #3509, #151 ) ;
#734 = LINE ( 'NONE', #782, #3642 ) ;
#735 =( NAMED_UNIT ( * ) SI_UNIT ( $, .STERADIAN. ) SOLID_ANGLE_UNIT ( ) );
#736 = LINE ( 'NONE', #1798, #4468 ) ;
#737 = UNCERTAINTY_MEASURE_WITH_UNIT (LENGTH_MEASURE( 1.000000000000000082E-05 ), #1608, 'distance_accuracy_value', 'NONE');
#738 = SURFACE_STYLE_FILL_AREA ( #3819 ) ;
#739 = VERTEX_POINT ( 'NONE', #2756 ) ;
#740 = PRESENTATION_STYLE_ASSIGNMENT (( #615 ) ) ;
#741 = ORIENTED_EDGE ( 'NONE', *, *, #3427, .T. ) ;
#742 = DIRECTION ( 'NONE',  ( -0.7071067811865479058, 0.000000000000000000, 0.7071067811865472397 ) ) ;
#743 = EDGE_CURVE ( 'NONE', #3794, #947, #2730, .T. ) ;
#744 = EDGE_LOOP ( 'NONE', ( #2861, #2350, #4086, #4027 ) ) ;
#745 = VECTOR ( 'NONE', #2945, 1000.000000000000000 ) ;
#746 = AXIS2_PLACEMENT_3D ( 'NONE', #948, #3145, #3519 ) ;
#747 = UNCERTAINTY_MEASURE_WITH_UNIT (LENGTH_MEASURE( 1.000000000000000082E-05 ), #3234, 'distance_accuracy_value', 'NONE');
#748 = ORIENTED_EDGE ( 'NONE', *, *, #1735, .F. ) ;
#749 = CIRCLE ( 'NONE', #1324, 3.000000000000002665 ) ;
#750 =( NAMED_UNIT ( * ) PLANE_ANGLE_UNIT ( ) SI_UNIT ( $, .RADIAN. ) );
#751 = CARTESIAN_POINT ( 'NONE',  ( -0.000000000000000000, -28.85599999999999810, 0.000000000000000000 ) ) ;
#752 = MECHANICAL_DESIGN_GEOMETRIC_PRESENTATION_REPRESENTATION (  '', ( #42 ), #3019 ) ;
#753 = LINE ( 'NONE', #4490, #4154 ) ;
#754 = DIRECTION ( 'NONE',  ( -0.000000000000000000, -0.000000000000000000, 1.000000000000000000 ) ) ;
#755 = AXIS2_PLACEMENT_3D ( 'NONE', #2768, #3101, #4148 ) ;
#757 = DIRECTION ( 'NONE',  ( -1.000000000000000000, 0.000000000000000000, 0.000000000000000000 ) ) ;
#756 =( NAMED_UNIT ( * ) PLANE_ANGLE_UNIT ( ) SI_UNIT ( $, .RADIAN. ) );
#758 = VECTOR ( 'NONE', #860, 1000.000000000000000 ) ;
#759 = ORIENTED_EDGE ( 'NONE', *, *, #3816, .T. ) ;
#760 = PLANE ( 'NONE',  #3369 ) ;
#761 = ORIENTED_EDGE ( 'NONE', *, *, #199, .F. ) ;
#762 = COLOUR_RGB ( '',0.007843137254901960675, 0.2392156862745097867, 0.8235294117647058432 ) ;
#763 = PRESENTATION_STYLE_ASSIGNMENT (( #3499 ) ) ;
#765 =( LENGTH_UNIT ( ) NAMED_UNIT ( * ) SI_UNIT ( .MILLI., .METRE. ) );
#764 = DIRECTION ( 'NONE',  ( -1.000000000000000000, 0.000000000000000000, 0.000000000000000000 ) ) ;
#766 = DIRECTION ( 'NONE',  ( 0.000000000000000000, -1.000000000000000000, 0.000000000000000000 ) ) ;
#767 = STYLED_ITEM ( 'NONE', ( #4465 ), #2623 ) ;
#768 = ORIENTED_EDGE ( 'NONE', *, *, #2597, .F. ) ;
#769 = STYLED_ITEM ( 'NONE', ( #3071 ), #1826 ) ;
#770 = AXIS2_PLACEMENT_3D ( 'NONE', #1620, #4421, #622 ) ;
#771 =( LENGTH_UNIT ( ) NAMED_UNIT ( * ) SI_UNIT ( .MILLI., .METRE. ) );
#772 = FACE_OUTER_BOUND ( 'NONE', #1377, .T. ) ;
#773 = VERTEX_POINT ( 'NONE', #4404 ) ;
#774 = CARTESIAN_POINT ( 'NONE',  ( 143.8869574682813663, -30.35600000000000165, -5.000000000000000000 ) ) ;
#775 = PRESENTATION_LAYER_ASSIGNMENT (  '', '', ( #2602 ) ) ;
#776 = EDGE_CURVE ( 'NONE', #4461, #1047, #2025, .T. ) ;
#777 = COLOUR_RGB ( '',0.007843137254901960675, 0.2392156862745097867, 0.8235294117647058432 ) ;
#778 = CARTESIAN_POINT ( 'NONE',  ( 76.09999999999999432, -133.8399999999999750, -5.000000000000000000 ) ) ;
#779 = VECTOR ( 'NONE', #3634, 1000.000000000000114 ) ;
#780 = LINE ( 'NONE', #1768, #2570 ) ;
#782 = CARTESIAN_POINT ( 'NONE',  ( 137.6894893310266070, -138.7899999999999636, -10.00000000000000178 ) ) ;
#781 = CARTESIAN_POINT ( 'NONE',  ( 97.24000000000000909, -30.35600000000000875, -5.000000000000000000 ) ) ;
#783 = EDGE_CURVE ( 'NONE', #3882, #1264, #1007, .T. ) ;
#784 = COLOUR_RGB ( '',0.007843137254901960675, 0.2392156862745097867, 0.8235294117647058432 ) ;
#785 = DIRECTION ( 'NONE',  ( -1.000000000000000000, 0.000000000000000000, -0.000000000000000000 ) ) ;
#786 = CARTESIAN_POINT ( 'NONE',  ( 0.000000000000000000, -30.35600000000000165, 124.1774298937790064 ) ) ;
#787 = ORIENTED_EDGE ( 'NONE', *, *, #1546, .F. ) ;
#788 = DIRECTION ( 'NONE',  ( -0.000000000000000000, 0.000000000000000000, 1.000000000000000000 ) ) ;
#789 = EDGE_LOOP ( 'NONE', ( #4083, #1485, #1273, #227 ) ) ;
#790 = CARTESIAN_POINT ( 'NONE',  ( 0.000000000000000000, -133.8399999999999750, -1.610000000000000320 ) ) ;
#791 =( NAMED_UNIT ( * ) SI_UNIT ( $, .STERADIAN. ) SOLID_ANGLE_UNIT ( ) );
#792 = LINE ( 'NONE', #2894, #4150 ) ;
#793 = CARTESIAN_POINT ( 'NONE',  ( 75.20000000000000284, -19.95600000000000307, -3.000000000000000000 ) ) ;
#794 = EDGE_LOOP ( 'NONE', ( #2819, #2891, #2770, #3119 ) ) ;
#795 = VECTOR ( 'NONE', #2117, 1000.000000000000000 ) ;
#796 = CARTESIAN_POINT ( 'NONE',  ( 82.19999999999998863, -138.7899999999999920, -10.00000000000000178 ) ) ;
#797 = LINE ( 'NONE', #2216, #416 ) ;
#798 = VERTEX_POINT ( 'NONE', #3115 ) ;
#799 = LINE ( 'NONE', #2180, #2782 ) ;
#800 = EDGE_CURVE ( 'NONE', #545, #798, #270, .T. ) ;
#801 = CARTESIAN_POINT ( 'NONE',  ( 145.3099255888600680, -133.8399999999999750, -1.609999999999999876 ) ) ;
#802 = SURFACE_STYLE_USAGE ( .BOTH. , #3994 ) ;
#803 =( NAMED_UNIT ( * ) SI_UNIT ( $, .STERADIAN. ) SOLID_ANGLE_UNIT ( ) );
#804 =( NAMED_UNIT ( * ) PLANE_ANGLE_UNIT ( ) SI_UNIT ( $, .RADIAN. ) );
#805 = ORIENTED_EDGE ( 'NONE', *, *, #4294, .T. ) ;
#806 =( NAMED_UNIT ( * ) SI_UNIT ( $, .STERADIAN. ) SOLID_ANGLE_UNIT ( ) );
#807 = FILL_AREA_STYLE_COLOUR ( '', #1586 ) ;
#809 = CARTESIAN_POINT ( 'NONE',  ( 98.74000000000000909, -59.76999307357377234, -5.000000000000000000 ) ) ;
#808 =( LENGTH_UNIT ( ) NAMED_UNIT ( * ) SI_UNIT ( .MILLI., .METRE. ) );
#810 = ORIENTED_EDGE ( 'NONE', *, *, #3779, .F. ) ;
#811 = LINE ( 'NONE', #2814, #904 ) ;
#812 = ORIENTED_EDGE ( 'NONE', *, *, #4183, .T. ) ;
#813 = CARTESIAN_POINT ( 'NONE',  ( 97.24000000000000909, -30.35600000000000875, -1.610000000000000320 ) ) ;
#814 = CARTESIAN_POINT ( 'NONE',  ( 82.19999999999998863, -138.7899999999999920, -7.500000000000000000 ) ) ;
#815 = VECTOR ( 'NONE', #2619, 1000.000000000000000 ) ;
#816 = CIRCLE ( 'NONE', #2518, 1.600000000000004086 ) ;
#817 = DIRECTION ( 'NONE',  ( -1.000000000000000000, 0.000000000000000000, 0.000000000000000000 ) ) ;
#818 = ADVANCED_FACE ( 'NONE', ( #4426 ), #1367, .F. ) ;
#819 = AXIS2_PLACEMENT_3D ( 'NONE', #3406, #3995, #2314 ) ;
#820 =( NAMED_UNIT ( * ) PLANE_ANGLE_UNIT ( ) SI_UNIT ( $, .RADIAN. ) );
#822 = CARTESIAN_POINT ( 'NONE',  ( 98.74000000000000909, -96.52000000000001023, 107.1843411028349493 ) ) ;
#821 = CARTESIAN_POINT ( 'NONE',  ( 143.9094743819798907, -0.1071245514753580708, -5.000000000000000000 ) ) ;
#823 = FACE_OUTER_BOUND ( 'NONE', #2063, .T. ) ;
#824 = ORIENTED_EDGE ( 'NONE', *, *, #1076, .T. ) ;
#825 = STYLED_ITEM ( 'NONE', ( #1127 ), #1433 ) ;
#826 = EDGE_CURVE ( 'NONE', #3894, #1381, #2491, .T. ) ;
#827 = CARTESIAN_POINT ( 'NONE',  ( 147.2894893310266013, -18.95599999999999952, -10.00000000000000000 ) ) ;
#828 = DIRECTION ( 'NONE',  ( -0.000000000000000000, 0.000000000000000000, 1.000000000000000000 ) ) ;
#829 = EDGE_LOOP ( 'NONE', ( #1749, #211, #3617, #3107 ) ) ;
#830 = VERTEX_POINT ( 'NONE', #1827 ) ;
#831 = DIRECTION ( 'NONE',  ( -0.000000000000000000, 0.000000000000000000, 1.000000000000000000 ) ) ;
#832 = CARTESIAN_POINT ( 'NONE',  ( 123.7400000000000091, -96.51999999999999602, -1.610000000000000320 ) ) ;
#833 =( GEOMETRIC_REPRESENTATION_CONTEXT ( 3 ) GLOBAL_UNCERTAINTY_ASSIGNED_CONTEXT ( ( #3167 ) ) GLOBAL_UNIT_ASSIGNED_CONTEXT ( ( #3322, #2951, #188 ) ) REPRESENTATION_CONTEXT ( 'NONE', 'WORKASPACE' ) );
#834 = VERTEX_POINT ( 'NONE', #4186 ) ;
#835 = PRESENTATION_LAYER_ASSIGNMENT (  '', '', ( #769 ) ) ;
#836 = MECHANICAL_DESIGN_GEOMETRIC_PRESENTATION_REPRESENTATION (  '', ( #2095 ), #4273 ) ;
#837 = PRESENTATION_STYLE_ASSIGNMENT (( #3038 ) ) ;
#838 = STYLED_ITEM ( 'NONE', ( #1016 ), #229 ) ;
#839 = FACE_BOUND ( 'NONE', #2418, .T. ) ;
#840 =( GEOMETRIC_REPRESENTATION_CONTEXT ( 3 ) GLOBAL_UNCERTAINTY_ASSIGNED_CONTEXT ( ( #737 ) ) GLOBAL_UNIT_ASSIGNED_CONTEXT ( ( #1608, #543, #588 ) ) REPRESENTATION_CONTEXT ( 'NONE', 'WORKASPACE' ) );
#841 = UNCERTAINTY_MEASURE_WITH_UNIT (LENGTH_MEASURE( 1.000000000000000082E-05 ), #129, 'distance_accuracy_value', 'NONE');
#842 = PRESENTATION_LAYER_ASSIGNMENT (  '', '', ( #2753 ) ) ;
#843 = PLANE ( 'NONE',  #1450 ) ;
#844 = CARTESIAN_POINT ( 'NONE',  ( 123.7400000000000091, -84.77000000000001023, 107.1843411028349493 ) ) ;
#845 = SURFACE_STYLE_FILL_AREA ( #4303 ) ;
#846 = ORIENTED_EDGE ( 'NONE', *, *, #114, .T. ) ;
#847 = PLANE ( 'NONE',  #2213 ) ;
#848 =( NAMED_UNIT ( * ) PLANE_ANGLE_UNIT ( ) SI_UNIT ( $, .RADIAN. ) );
#850 = CARTESIAN_POINT ( 'NONE',  ( 86.70000000000000284, -135.7400000000000091, -6.500000000000000888 ) ) ;
#849 =( NAMED_UNIT ( * ) PLANE_ANGLE_UNIT ( ) SI_UNIT ( $, .RADIAN. ) );
#851 =( NAMED_UNIT ( * ) SI_UNIT ( $, .STERADIAN. ) SOLID_ANGLE_UNIT ( ) );
#852 = VERTEX_POINT ( 'NONE', #427 ) ;
#853 = EDGE_LOOP ( 'NONE', ( #2168, #1927, #2660, #3763 ) ) ;
#854 = SURFACE_SIDE_STYLE ('',( #2628 ) ) ;
#855 = EDGE_CURVE ( 'NONE', #259, #773, #3142, .T. ) ;
#856 = SURFACE_STYLE_USAGE ( .BOTH. , #2487 ) ;
#857 = ORIENTED_EDGE ( 'NONE', *, *, #2146, .F. ) ;
#858 = PRESENTATION_STYLE_ASSIGNMENT (( #144 ) ) ;
#859 = PRESENTATION_STYLE_ASSIGNMENT (( #4028 ) ) ;
#860 = DIRECTION ( 'NONE',  ( 0.000000000000000000, 0.000000000000000000, -1.000000000000000000 ) ) ;
#861 = COLOUR_RGB ( '',0.007843137254901960675, 0.2392156862745097867, 0.8235294117647058432 ) ;
#862 = VECTOR ( 'NONE', #3604, 1000.000000000000000 ) ;
#863 = DIRECTION ( 'NONE',  ( 1.000000000000000000, 0.000000000000000000, 0.000000000000000000 ) ) ;
#864 = AXIS2_PLACEMENT_3D ( 'NONE', #894, #1138, #3317 ) ;
#865 = CYLINDRICAL_SURFACE ( 'NONE', #1059, 3.000000000000002665 ) ;
#866 = FILL_AREA_STYLE ('',( #3072 ) ) ;
#867 = CARTESIAN_POINT ( 'NONE',  ( 139.2894893310265729, -138.7899999999999636, -10.00000000000000178 ) ) ;
#869 = SURFACE_STYLE_USAGE ( .BOTH. , #4326 ) ;
#868 = DIRECTION ( 'NONE',  ( -1.000000000000000000, 0.000000000000000000, -0.000000000000000000 ) ) ;
#870 = CARTESIAN_POINT ( 'NONE',  ( 137.6894893310266070, -23.90599999999999525, 0.000000000000000000 ) ) ;
#871 = ORIENTED_EDGE ( 'NONE', *, *, #2153, .F. ) ;
#872 = ADVANCED_FACE ( 'NONE', ( #3474, #2141 ), #1119, .T. ) ;
#873 = PLANE ( 'NONE',  #1035 ) ;
#874 = CARTESIAN_POINT ( 'NONE',  ( 101.7000000000000171, -143.7400000000000091, -6.500000000000002665 ) ) ;
#875 = LINE ( 'NONE', #2279, #100 ) ;
#876 =( NAMED_UNIT ( * ) SI_UNIT ( $, .STERADIAN. ) SOLID_ANGLE_UNIT ( ) );
#877 = EDGE_CURVE ( 'NONE', #3894, #4320, #4163, .T. ) ;
#878 = UNCERTAINTY_MEASURE_WITH_UNIT (LENGTH_MEASURE( 1.000000000000000082E-05 ), #3540, 'distance_accuracy_value', 'NONE');
#879 = STYLED_ITEM ( 'NONE', ( #4090 ), #4268 ) ;
#880 = MECHANICAL_DESIGN_GEOMETRIC_PRESENTATION_REPRESENTATION (  '', ( #1993 ), #529 ) ;
#881 = CARTESIAN_POINT ( 'NONE',  ( 0.000000000000000000, 0.000000000000000000, -5.000000000000000000 ) ) ;
#882 = PRESENTATION_LAYER_ASSIGNMENT (  '', '', ( #324 ) ) ;
#883 =( NAMED_UNIT ( * ) SI_UNIT ( $, .STERADIAN. ) SOLID_ANGLE_UNIT ( ) );
#884 = DIRECTION ( 'NONE',  ( 1.000000000000000000, 0.000000000000000000, 0.000000000000000000 ) ) ;
#885 = VECTOR ( 'NONE', #3148, 1000.000000000000000 ) ;
#886 = PLANE ( 'NONE',  #2805 ) ;
#887 =( GEOMETRIC_REPRESENTATION_CONTEXT ( 3 ) GLOBAL_UNCERTAINTY_ASSIGNED_CONTEXT ( ( #1842 ) ) GLOBAL_UNIT_ASSIGNED_CONTEXT ( ( #2286, #1312, #3368 ) ) REPRESENTATION_CONTEXT ( 'NONE', 'WORKASPACE' ) );
#888 = MECHANICAL_DESIGN_GEOMETRIC_PRESENTATION_REPRESENTATION (  '', ( #4459 ), #3449 ) ;
#889 = SURFACE_STYLE_USAGE ( .BOTH. , #4367 ) ;
#890 =( LENGTH_UNIT ( ) NAMED_UNIT ( * ) SI_UNIT ( .MILLI., .METRE. ) );
#891 = ORIENTED_EDGE ( 'NONE', *, *, #2729, .F. ) ;
#892 = EDGE_LOOP ( 'NONE', ( #3128, #4180, #408, #3169 ) ) ;
#893 = SURFACE_SIDE_STYLE ('',( #2946 ) ) ;
#894 = CARTESIAN_POINT ( 'NONE',  ( 82.19999999999998863, -23.90600000000000236, -7.500000000000000000 ) ) ;
#895 = COLOUR_RGB ( '',0.007843137254901960675, 0.2392156862745097867, 0.8235294117647058432 ) ;
#896 = EDGE_CURVE ( 'NONE', #3894, #1566, #3218, .T. ) ;
#897 = EDGE_LOOP ( 'NONE', ( #3006, #2198, #3066, #373 ) ) ;
#898 = STYLED_ITEM ( 'NONE', ( #1276 ), #2252 ) ;
#899 = SURFACE_STYLE_FILL_AREA ( #1895 ) ;
#900 = DIRECTION ( 'NONE',  ( 0.000000000000000000, -0.000000000000000000, 1.000000000000000000 ) ) ;
#901 = ADVANCED_FACE ( 'NONE', ( #3563 ), #2831, .F. ) ;
#902 = COLOUR_RGB ( '',0.007843137254901960675, 0.2392156862745097867, 0.8235294117647058432 ) ;
#903 = COLOUR_RGB ( '',0.007843137254901960675, 0.2392156862745097867, 0.8235294117647058432 ) ;
#904 = VECTOR ( 'NONE', #4201, 1000.000000000000000 ) ;
#906 =( LENGTH_UNIT ( ) NAMED_UNIT ( * ) SI_UNIT ( .MILLI., .METRE. ) );
#905 = DIRECTION ( 'NONE',  ( 0.000000000000000000, 0.000000000000000000, -1.000000000000000000 ) ) ;
#907 = DIRECTION ( 'NONE',  ( 0.000000000000000000, -1.000000000000000000, 0.000000000000000000 ) ) ;
#908 = STYLED_ITEM ( 'NONE', ( #273 ), #3065 ) ;
#909 = MECHANICAL_DESIGN_GEOMETRIC_PRESENTATION_REPRESENTATION (  '', ( #2753 ), #3112 ) ;
#910 = VERTEX_POINT ( 'NONE', #1223 ) ;
#911 = FILL_AREA_STYLE_COLOUR ( '', #2981 ) ;
#912 = CARTESIAN_POINT ( 'NONE',  ( 137.6894893310266070, -138.7899999999999636, -7.500000000000000000 ) ) ;
#913 =( GEOMETRIC_REPRESENTATION_CONTEXT ( 3 ) GLOBAL_UNCERTAINTY_ASSIGNED_CONTEXT ( ( #1471 ) ) GLOBAL_UNIT_ASSIGNED_CONTEXT ( ( #4158, #1382, #2459 ) ) REPRESENTATION_CONTEXT ( 'NONE', 'WORKASPACE' ) );
#914 = ORIENTED_EDGE ( 'NONE', *, *, #3353, .F. ) ;
#915 =( GEOMETRIC_REPRESENTATION_CONTEXT ( 3 ) GLOBAL_UNCERTAINTY_ASSIGNED_CONTEXT ( ( #440 ) ) GLOBAL_UNIT_ASSIGNED_CONTEXT ( ( #4248, #2202, #3507 ) ) REPRESENTATION_CONTEXT ( 'NONE', 'WORKASPACE' ) );
#916 = CARTESIAN_POINT ( 'NONE',  ( 97.24000000000000909, -59.76999307357377234, -5.000000000000000000 ) ) ;
#917 = COLOUR_RGB ( '',0.007843137254901960675, 0.2392156862745097867, 0.8235294117647058432 ) ;
#918 = DIRECTION ( 'NONE',  ( 1.000000000000000000, -0.000000000000000000, 0.000000000000000000 ) ) ;
#919 = ORIENTED_EDGE ( 'NONE', *, *, #1383, .T. ) ;
#920 = LINE ( 'NONE', #1238, #3510 ) ;
#921 = ORIENTED_EDGE ( 'NONE', *, *, #2504, .T. ) ;
#922 = CARTESIAN_POINT ( 'NONE',  ( 147.2894893310266013, -143.7400000000000091, -3.000000000000000000 ) ) ;
#923 = LINE ( 'NONE', #3016, #1547 ) ;
#924 = CARTESIAN_POINT ( 'NONE',  ( 110.4900000000000091, -108.2700000000000102, 107.1843411028349493 ) ) ;
#925 = UNCERTAINTY_MEASURE_WITH_UNIT (LENGTH_MEASURE( 1.000000000000000082E-05 ), #2610, 'distance_accuracy_value', 'NONE');
#926 = VECTOR ( 'NONE', #2387, 1000.000000000000000 ) ;
#927 = ORIENTED_EDGE ( 'NONE', *, *, #3839, .F. ) ;
#928 =( GEOMETRIC_REPRESENTATION_CONTEXT ( 3 ) GLOBAL_UNCERTAINTY_ASSIGNED_CONTEXT ( ( #1897 ) ) GLOBAL_UNIT_ASSIGNED_CONTEXT ( ( #1880, #2963, #2293 ) ) REPRESENTATION_CONTEXT ( 'NONE', 'WORKASPACE' ) );
#929 = ADVANCED_FACE ( 'NONE', ( #1550 ), #843, .F. ) ;
#930 = VECTOR ( 'NONE', #3164, 1000.000000000000000 ) ;
#931 = LINE ( 'NONE', #4464, #1744 ) ;
#932 = FILL_AREA_STYLE ('',( #2291 ) ) ;
#933 = CARTESIAN_POINT ( 'NONE',  ( 82.19999999999998863, -23.90600000000000236, 0.000000000000000000 ) ) ;
#934 =( NAMED_UNIT ( * ) SI_UNIT ( $, .STERADIAN. ) SOLID_ANGLE_UNIT ( ) );
#935 =( GEOMETRIC_REPRESENTATION_CONTEXT ( 3 ) GLOBAL_UNCERTAINTY_ASSIGNED_CONTEXT ( ( #3346 ) ) GLOBAL_UNIT_ASSIGNED_CONTEXT ( ( #3797, #2766, #943 ) ) REPRESENTATION_CONTEXT ( 'NONE', 'WORKASPACE' ) );
#936 = VECTOR ( 'NONE', #2956, 1000.000000000000000 ) ;
#937 = EDGE_CURVE ( 'NONE', #1892, #2966, #3668, .T. ) ;
#938 = ORIENTED_EDGE ( 'NONE', *, *, #3952, .F. ) ;
#939 =( NAMED_UNIT ( * ) SI_UNIT ( $, .STERADIAN. ) SOLID_ANGLE_UNIT ( ) );
#940 = SURFACE_STYLE_USAGE ( .BOTH. , #3075 ) ;
#941 = LINE ( 'NONE', #4429, #3613 ) ;
#942 = ORIENTED_EDGE ( 'NONE', *, *, #2791, .T. ) ;
#943 =( NAMED_UNIT ( * ) SI_UNIT ( $, .STERADIAN. ) SOLID_ANGLE_UNIT ( ) );
#945 = DIRECTION ( 'NONE',  ( -0.000000000000000000, -0.000000000000000000, -1.000000000000000000 ) ) ;
#944 = DIRECTION ( 'NONE',  ( -1.000000000000000000, 0.000000000000000000, 0.000000000000000000 ) ) ;
#946 = CARTESIAN_POINT ( 'NONE',  ( 77.60000000000000853, -109.7700000000000102, -1.610000000000000320 ) ) ;
#947 = VERTEX_POINT ( 'NONE', #2889 ) ;
#948 = CARTESIAN_POINT ( 'NONE',  ( 122.9900000000000091, -59.76999307357377234, 107.1843411028349493 ) ) ;
#949 = EDGE_LOOP ( 'NONE', ( #2916, #1758, #1369, #4096 ) ) ;
#950 = ORIENTED_EDGE ( 'NONE', *, *, #1837, .F. ) ;
#951 =( NAMED_UNIT ( * ) SI_UNIT ( $, .STERADIAN. ) SOLID_ANGLE_UNIT ( ) );
#953 = LINE ( 'NONE', #2389, #1497 ) ;
#952 = SURFACE_STYLE_FILL_AREA ( #3836 ) ;
#954 = EDGE_CURVE ( 'NONE', #3594, #3028, #553, .T. ) ;
#955 = AXIS2_PLACEMENT_3D ( 'NONE', #2190, #450, #2206 ) ;
#956 = SURFACE_STYLE_USAGE ( .BOTH. , #2024 ) ;
#957 = SURFACE_SIDE_STYLE ('',( #1275 ) ) ;
#958 = DIRECTION ( 'NONE',  ( -1.000000000000000000, 0.000000000000000000, 0.000000000000000000 ) ) ;
#959 = COLOUR_RGB ( '',0.007843137254901960675, 0.2392156862745097867, 0.8235294117647058432 ) ;
#960 = VECTOR ( 'NONE', #1771, 1000.000000000000114 ) ;
#961 = CARTESIAN_POINT ( 'NONE',  ( 77.60000000000000853, 0.000000000000000000, -5.000000000000000000 ) ) ;
#962 = EDGE_LOOP ( 'NONE', ( #90, #1957 ) ) ;
#963 = EDGE_CURVE ( 'NONE', #4178, #1425, #530, .T. ) ;
#964 = COLOUR_RGB ( '',0.007843137254901960675, 0.2392156862745097867, 0.8235294117647058432 ) ;
#965 = AXIS2_PLACEMENT_3D ( 'NONE', #232, #3738, #2973 ) ;
#966 = FACE_OUTER_BOUND ( 'NONE', #732, .T. ) ;
#967 = PRESENTATION_STYLE_ASSIGNMENT (( #2422 ) ) ;
#968 = UNCERTAINTY_MEASURE_WITH_UNIT (LENGTH_MEASURE( 1.000000000000000082E-05 ), #771, 'distance_accuracy_value', 'NONE');
#969 = CARTESIAN_POINT ( 'NONE',  ( 122.2399999999999949, -109.7700000000000102, -1.610000000000000320 ) ) ;
#970 = DIRECTION ( 'NONE',  ( 0.000000000000000000, 0.000000000000000000, -1.000000000000000000 ) ) ;
#971 = VERTEX_POINT ( 'NONE', #4280 ) ;
#972 = EDGE_CURVE ( 'NONE', #1023, #2236, #1157, .T. ) ;
#973 =( NAMED_UNIT ( * ) PLANE_ANGLE_UNIT ( ) SI_UNIT ( $, .RADIAN. ) );
#974 = ORIENTED_EDGE ( 'NONE', *, *, #363, .F. ) ;
#975 = FILL_AREA_STYLE ('',( #3082 ) ) ;
#976 = FILL_AREA_STYLE ('',( #3344 ) ) ;
#977 = UNCERTAINTY_MEASURE_WITH_UNIT (LENGTH_MEASURE( 1.000000000000000082E-05 ), #1097, 'distance_accuracy_value', 'NONE');
#978 = ORIENTED_EDGE ( 'NONE', *, *, #3907, .F. ) ;
#979 = CARTESIAN_POINT ( 'NONE',  ( 77.60000000000000853, 0.000000000000000000, -1.610000000000000320 ) ) ;
#981 = LINE ( 'NONE', #2341, #4038 ) ;
#980 = DIRECTION ( 'NONE',  ( -0.000000000000000000, 0.000000000000000000, 1.000000000000000000 ) ) ;
#982 = MECHANICAL_DESIGN_GEOMETRIC_PRESENTATION_REPRESENTATION (  '', ( #623 ), #4270 ) ;
#983 = SURFACE_STYLE_FILL_AREA ( #4111 ) ;
#984 = PRESENTATION_LAYER_ASSIGNMENT (  '', '', ( #1125 ) ) ;
#985 = PRESENTATION_STYLE_ASSIGNMENT (( #1300 ) ) ;
#986 = EDGE_CURVE ( 'NONE', #250, #2606, #2978, .T. ) ;
#987 = DIRECTION ( 'NONE',  ( 0.000000000000000000, 0.000000000000000000, -1.000000000000000000 ) ) ;
#988 = FILL_AREA_STYLE_COLOUR ( '', #3250 ) ;
#989 = VECTOR ( 'NONE', #2300, 1000.000000000000000 ) ;
#990 = ORIENTED_EDGE ( 'NONE', *, *, #1602, .F. ) ;
#991 = VECTOR ( 'NONE', #766, 1000.000000000000000 ) ;
#992 = ADVANCED_FACE ( 'NONE', ( #1946 ), #2558, .T. ) ;
#993 = DIRECTION ( 'NONE',  ( 0.000000000000000000, 0.000000000000000000, -1.000000000000000000 ) ) ;
#994 = ORIENTED_EDGE ( 'NONE', *, *, #4441, .F. ) ;
#995 = MECHANICAL_DESIGN_GEOMETRIC_PRESENTATION_REPRESENTATION (  '', ( #426 ), #1949 ) ;
#996 = FILL_AREA_STYLE ('',( #4168 ) ) ;
#997 =( LENGTH_UNIT ( ) NAMED_UNIT ( * ) SI_UNIT ( .MILLI., .METRE. ) );
#998 = EDGE_CURVE ( 'NONE', #413, #3595, #572, .T. ) ;
#999 = PLANE ( 'NONE',  #2289 ) ;
#1000 = PLANE ( 'NONE',  #4334 ) ;
#1001 = PRESENTATION_LAYER_ASSIGNMENT (  '', '', ( #3851 ) ) ;
#1002 = ORIENTED_EDGE ( 'NONE', *, *, #161, .T. ) ;
#1003 = DIRECTION ( 'NONE',  ( -0.000000000000000000, -0.000000000000000000, 1.000000000000000000 ) ) ;
#1004 = PRESENTATION_LAYER_ASSIGNMENT (  '', '', ( #3198 ) ) ;
#1005 =( LENGTH_UNIT ( ) NAMED_UNIT ( * ) SI_UNIT ( .MILLI., .METRE. ) );
#1006 = PRESENTATION_STYLE_ASSIGNMENT (( #956 ) ) ;
#1007 = LINE ( 'NONE', #2414, #3992 ) ;
#1008 =( GEOMETRIC_REPRESENTATION_CONTEXT ( 3 ) GLOBAL_UNCERTAINTY_ASSIGNED_CONTEXT ( ( #2635 ) ) GLOBAL_UNIT_ASSIGNED_CONTEXT ( ( #2107, #4477, #303 ) ) REPRESENTATION_CONTEXT ( 'NONE', 'WORKASPACE' ) );
#1009 =( NAMED_UNIT ( * ) PLANE_ANGLE_UNIT ( ) SI_UNIT ( $, .RADIAN. ) );
#1010 = EDGE_LOOP ( 'NONE', ( #614, #4129, #652, #4142 ) ) ;
#1011 = COLOUR_RGB ( '',0.007843137254901960675, 0.2392156862745097867, 0.8235294117647058432 ) ;
#1012 = FACE_OUTER_BOUND ( 'NONE', #287, .T. ) ;
#1013 = CARTESIAN_POINT ( 'NONE',  ( 142.2894893310265729, -138.7899999999999636, -10.00000000000000000 ) ) ;
#1014 = ORIENTED_EDGE ( 'NONE', *, *, #2881, .T. ) ;
#1015 = EDGE_CURVE ( 'NONE', #1057, #284, #3020, .T. ) ;
#1016 = PRESENTATION_STYLE_ASSIGNMENT (( #2041 ) ) ;
#1017 = VECTOR ( 'NONE', #3217, 1000.000000000000000 ) ;
#1018 = SURFACE_STYLE_FILL_AREA ( #415 ) ;
#1019 = DIRECTION ( 'NONE',  ( -0.000000000000000000, 0.000000000000000000, 1.000000000000000000 ) ) ;
#1020 = UNCERTAINTY_MEASURE_WITH_UNIT (LENGTH_MEASURE( 1.000000000000000082E-05 ), #1511, 'distance_accuracy_value', 'NONE');
#1021 = ORIENTED_EDGE ( 'NONE', *, *, #1463, .F. ) ;
#1022 = EDGE_CURVE ( 'NONE', #1830, #1381, #931, .T. ) ;
#1023 = VERTEX_POINT ( 'NONE', #663 ) ;
#1024 = PRESENTATION_STYLE_ASSIGNMENT (( #1116 ) ) ;
#1026 = CARTESIAN_POINT ( 'NONE',  ( 77.60000000000000853, 0.000000000000000000, 124.1774298937790064 ) ) ;
#1025 = DIRECTION ( 'NONE',  ( 1.000000000000000000, 0.000000000000000000, 6.914144218278624747E-17 ) ) ;
#1027 = CARTESIAN_POINT ( 'NONE',  ( 0.000000000000000000, 0.000000000000000000, -5.000000000000000000 ) ) ;
#1028 = ORIENTED_EDGE ( 'NONE', *, *, #309, .T. ) ;
#1029 = ADVANCED_FACE ( 'NONE', ( #1691 ), #4442, .F. ) ;
#1030 = SURFACE_STYLE_FILL_AREA ( #1096 ) ;
#1031 = FILL_AREA_STYLE_COLOUR ( '', #3181 ) ;
#1032 = FACE_OUTER_BOUND ( 'NONE', #1605, .T. ) ;
#1033 = ORIENTED_EDGE ( 'NONE', *, *, #62, .T. ) ;
#1034 = ORIENTED_EDGE ( 'NONE', *, *, #726, .T. ) ;
#1035 = AXIS2_PLACEMENT_3D ( 'NONE', #2278, #1930, #3315 ) ;
#1036 = FILL_AREA_STYLE ('',( #1374 ) ) ;
#1037 = PRESENTATION_LAYER_ASSIGNMENT (  '', '', ( #101 ) ) ;
#1038 = SURFACE_STYLE_FILL_AREA ( #1086 ) ;
#1039 = PLANE ( 'NONE',  #2975 ) ;
#1040 = ORIENTED_EDGE ( 'NONE', *, *, #1098, .T. ) ;
#1041 = VECTOR ( 'NONE', #2499, 1000.000000000000000 ) ;
#1042 =( NAMED_UNIT ( * ) SI_UNIT ( $, .STERADIAN. ) SOLID_ANGLE_UNIT ( ) );
#1043 = ADVANCED_FACE ( 'NONE', ( #2312 ), #4032, .T. ) ;
#1044 = FILL_AREA_STYLE ('',( #4175 ) ) ;
#1045 = ORIENTED_EDGE ( 'NONE', *, *, #4337, .T. ) ;
#1046 = VECTOR ( 'NONE', #2922, 1000.000000000000000 ) ;
#1047 = VERTEX_POINT ( 'NONE', #1671 ) ;
#1048 = SURFACE_SIDE_STYLE ('',( #38 ) ) ;
#1049 = EDGE_CURVE ( 'NONE', #2872, #1023, #2726, .T. ) ;
#1050 = DIRECTION ( 'NONE',  ( 0.000000000000000000, 0.000000000000000000, 1.000000000000000000 ) ) ;
#1051 = COLOUR_RGB ( '',0.007843137254901960675, 0.2392156862745097867, 0.8235294117647058432 ) ;
#1052 =( NAMED_UNIT ( * ) SI_UNIT ( $, .STERADIAN. ) SOLID_ANGLE_UNIT ( ) );
#1053 = CARTESIAN_POINT ( 'NONE',  ( 76.09999999999999432, 0.000000000000000000, 0.000000000000000000 ) ) ;
#1054 = EDGE_CURVE ( 'NONE', #3390, #1855, #15, .T. ) ;
#1055 = FACE_OUTER_BOUND ( 'NONE', #523, .T. ) ;
#1056 = UNCERTAINTY_MEASURE_WITH_UNIT (LENGTH_MEASURE( 1.000000000000000082E-05 ), #4470, 'distance_accuracy_value', 'NONE');
#1057 = VERTEX_POINT ( 'NONE', #422 ) ;
#1058 = ORIENTED_EDGE ( 'NONE', *, *, #4368, .F. ) ;
#1059 = AXIS2_PLACEMENT_3D ( 'NONE', #1294, #690, #4161 ) ;
#1060 = AXIS2_PLACEMENT_3D ( 'NONE', #1760, #3154, #642 ) ;
#1061 = UNCERTAINTY_MEASURE_WITH_UNIT (LENGTH_MEASURE( 1.000000000000000082E-05 ), #2687, 'distance_accuracy_value', 'NONE');
#1063 = DIRECTION ( 'NONE',  ( -1.000000000000000000, 0.000000000000000000, 0.000000000000000000 ) ) ;
#1062 =( NAMED_UNIT ( * ) PLANE_ANGLE_UNIT ( ) SI_UNIT ( $, .RADIAN. ) );
#1064 = VECTOR ( 'NONE', #86, 1000.000000000000000 ) ;
#1065 = PLANE ( 'NONE',  #1423 ) ;
#1066 = VERTEX_POINT ( 'NONE', #4160 ) ;
#1067 = VECTOR ( 'NONE', #697, 1000.000000000000000 ) ;
#1068 = CARTESIAN_POINT ( 'NONE',  ( 139.2894893310265729, -23.90599999999999525, 0.000000000000000000 ) ) ;
#1069 = SURFACE_STYLE_FILL_AREA ( #2815 ) ;
#1070 = CARTESIAN_POINT ( 'NONE',  ( 77.60000000000000853, -59.76999307357377234, 124.1774298937790064 ) ) ;
#1071 = AXIS2_PLACEMENT_3D ( 'NONE', #4015, #577, #2615 ) ;
#1072 = FILL_AREA_STYLE_COLOUR ( '', #136 ) ;
#1073 = EDGE_LOOP ( 'NONE', ( #1389, #768 ) ) ;
#1074 = DIRECTION ( 'NONE',  ( 0.7071067811865479058, 0.000000000000000000, 0.7071067811865472397 ) ) ;
#1075 = DIRECTION ( 'NONE',  ( 0.000000000000000000, 0.000000000000000000, -1.000000000000000000 ) ) ;
#1076 = EDGE_CURVE ( 'NONE', #3595, #4068, #3909, .T. ) ;
#1077 = PRODUCT_CONTEXT ( 'NONE', #2507, 'mechanical' ) ;
#1078 = PLANE ( 'NONE',  #3307 ) ;
#1079 = DIRECTION ( 'NONE',  ( 0.000000000000000000, 1.000000000000000000, 0.000000000000000000 ) ) ;
#1080 = VERTEX_POINT ( 'NONE', #401 ) ;
#1081 = DIRECTION ( 'NONE',  ( 0.000000000000000000, 0.000000000000000000, -1.000000000000000000 ) ) ;
#1082 = EDGE_LOOP ( 'NONE', ( #4332, #2479, #1334, #3571 ) ) ;
#1083 = EDGE_CURVE ( 'NONE', #3366, #834, #3470, .T. ) ;
#1084 = CARTESIAN_POINT ( 'NONE',  ( 140.2661120018323402, -46.73999999999999488, -5.000000000000000000 ) ) ;
#1085 = MECHANICAL_DESIGN_GEOMETRIC_PRESENTATION_REPRESENTATION (  '', ( #2137 ), #3005 ) ;
#1086 = FILL_AREA_STYLE ('',( #2991 ) ) ;
#1087 = ORIENTED_EDGE ( 'NONE', *, *, #1315, .F. ) ;
#1088 = STYLED_ITEM ( 'NONE', ( #1492 ), #1372 ) ;
#1089 = AXIS2_PLACEMENT_3D ( 'NONE', #3625, #3974, #4300 ) ;
#1090 =( NAMED_UNIT ( * ) SI_UNIT ( $, .STERADIAN. ) SOLID_ANGLE_UNIT ( ) );
#1091 = SURFACE_STYLE_FILL_AREA ( #3504 ) ;
#1092 = DIRECTION ( 'NONE',  ( 0.000000000000000000, 1.000000000000000000, 0.000000000000000000 ) ) ;
#1093 = ORIENTED_EDGE ( 'NONE', *, *, #1150, .F. ) ;
#1094 = FACE_OUTER_BOUND ( 'NONE', #3355, .T. ) ;
#1095 = FILL_AREA_STYLE ('',( #4251 ) ) ;
#1096 = FILL_AREA_STYLE ('',( #103 ) ) ;
#1097 =( LENGTH_UNIT ( ) NAMED_UNIT ( * ) SI_UNIT ( .MILLI., .METRE. ) );
#1098 = EDGE_CURVE ( 'NONE', #1784, #3290, #2798, .T. ) ;
#1099 = ORIENTED_EDGE ( 'NONE', *, *, #4318, .F. ) ;
#1100 = VERTEX_POINT ( 'NONE', #3444 ) ;
#1101 = CARTESIAN_POINT ( 'NONE',  ( 98.74000000000000909, -96.52000000000001023, -5.000000000000000000 ) ) ;
#1102 = CARTESIAN_POINT ( 'NONE',  ( 143.9094743819798907, -0.1071245514753580708, 124.1774298937790064 ) ) ;
#1103 = EDGE_CURVE ( 'NONE', #651, #2281, #2160, .T. ) ;
#1104 = SURFACE_STYLE_FILL_AREA ( #25 ) ;
#1105 = VERTEX_POINT ( 'NONE', #1810 ) ;
#1106 = MECHANICAL_DESIGN_GEOMETRIC_PRESENTATION_REPRESENTATION (  '', ( #1913 ), #1171 ) ;
#1107 =( GEOMETRIC_REPRESENTATION_CONTEXT ( 3 ) GLOBAL_UNCERTAINTY_ASSIGNED_CONTEXT ( ( #2177 ) ) GLOBAL_UNIT_ASSIGNED_CONTEXT ( ( #2996, #2929, #4313 ) ) REPRESENTATION_CONTEXT ( 'NONE', 'WORKASPACE' ) );
#1108 =( NAMED_UNIT ( * ) PLANE_ANGLE_UNIT ( ) SI_UNIT ( $, .RADIAN. ) );
#1109 = SURFACE_SIDE_STYLE ('',( #1091 ) ) ;
#1110 = DIRECTION ( 'NONE',  ( 1.000000000000000000, 0.000000000000000000, 0.000000000000000000 ) ) ;
#1111 = UNCERTAINTY_MEASURE_WITH_UNIT (LENGTH_MEASURE( 1.000000000000000082E-05 ), #3140, 'distance_accuracy_value', 'NONE');
#1112 = VECTOR ( 'NONE', #1445, 1000.000000000000000 ) ;
#1113 = EDGE_LOOP ( 'NONE', ( #2723, #3211, #1285, #1045 ) ) ;
#1114 = VECTOR ( 'NONE', #2754, 1000.000000000000000 ) ;
#1115 = DIRECTION ( 'NONE',  ( 0.000000000000000000, 1.000000000000000000, 0.000000000000000000 ) ) ;
#1116 = SURFACE_STYLE_USAGE ( .BOTH. , #1048 ) ;
#1118 = SURFACE_STYLE_FILL_AREA ( #1095 ) ;
#1117 = FILL_AREA_STYLE ('',( #2824 ) ) ;
#1119 = PLANE ( 'NONE',  #369 ) ;
#1120 = CARTESIAN_POINT ( 'NONE',  ( 145.2661120018323402, 0.000000000000000000, -1.609999999999999876 ) ) ;
#1121 = VECTOR ( 'NONE', #3262, 1000.000000000000000 ) ;
#1122 = SURFACE_STYLE_FILL_AREA ( #4256 ) ;
#1123 = DIRECTION ( 'NONE',  ( 1.000000000000000000, 0.000000000000000000, 0.000000000000000000 ) ) ;
#1124 = ORIENTED_EDGE ( 'NONE', *, *, #3353, .T. ) ;
#1125 = STYLED_ITEM ( 'NONE', ( #3914 ), #2521 ) ;
#1126 = CARTESIAN_POINT ( 'NONE',  ( 143.8289591861009171, -108.2700000000000102, -5.000000000000000000 ) ) ;
#1127 = PRESENTATION_STYLE_ASSIGNMENT (( #51 ) ) ;
#1128 = SURFACE_STYLE_USAGE ( .BOTH. , #1146 ) ;
#1129 =( GEOMETRIC_REPRESENTATION_CONTEXT ( 3 ) GLOBAL_UNCERTAINTY_ASSIGNED_CONTEXT ( ( #4217 ) ) GLOBAL_UNIT_ASSIGNED_CONTEXT ( ( #3070, #4109, #1363 ) ) REPRESENTATION_CONTEXT ( 'NONE', 'WORKASPACE' ) );
#1130 = ORIENTED_EDGE ( 'NONE', *, *, #4082, .T. ) ;
#1131 = VECTOR ( 'NONE', #3047, 1000.000000000000000 ) ;
#1132 = COLOUR_RGB ( '',0.007843137254901960675, 0.2392156862745097867, 0.8235294117647058432 ) ;
#1133 = FILL_AREA_STYLE_COLOUR ( '', #777 ) ;
#1134 = ORIENTED_EDGE ( 'NONE', *, *, #1718, .F. ) ;
#1135 = ADVANCED_FACE ( 'NONE', ( #3137 ), #2779, .F. ) ;
#1136 = CARTESIAN_POINT ( 'NONE',  ( 77.60000000000000853, -132.3399999999999750, -5.000000000000000000 ) ) ;
#1137 = COLOUR_RGB ( '',0.007843137254901960675, 0.2392156862745097867, 0.8235294117647058432 ) ;
#1138 = DIRECTION ( 'NONE',  ( 0.000000000000000000, 0.000000000000000000, -1.000000000000000000 ) ) ;
#1139 =( NAMED_UNIT ( * ) SI_UNIT ( $, .STERADIAN. ) SOLID_ANGLE_UNIT ( ) );
#1140 = STYLED_ITEM ( 'NONE', ( #3453 ), #1529 ) ;
#1141 = DIRECTION ( 'NONE',  ( -1.000000000000000000, 0.000000000000000000, -0.000000000000000000 ) ) ;
#1142 = CARTESIAN_POINT ( 'NONE',  ( 143.9094743819798907, -0.1071245514753580708, -5.000000000000000000 ) ) ;
#1143 = ORIENTED_EDGE ( 'NONE', *, *, #3326, .F. ) ;
#1144 =( LENGTH_UNIT ( ) NAMED_UNIT ( * ) SI_UNIT ( .MILLI., .METRE. ) );
#1145 = SURFACE_SIDE_STYLE ('',( #2568 ) ) ;
#1146 = SURFACE_SIDE_STYLE ('',( #3899 ) ) ;
#1147 = MECHANICAL_DESIGN_GEOMETRIC_PRESENTATION_REPRESENTATION (  '', ( #3774 ), #3054 ) ;
#1148 = ORIENTED_EDGE ( 'NONE', *, *, #3152, .F. ) ;
#1149 = CARTESIAN_POINT ( 'NONE',  ( 98.74000000000000909, -109.7700000000000102, 107.1843411028349493 ) ) ;
#1150 = EDGE_CURVE ( 'NONE', #3342, #2625, #733, .T. ) ;
#1151 = VECTOR ( 'NONE', #3265, 1000.000000000000000 ) ;
#1152 = CIRCLE ( 'NONE', #4071, 3.000000000000002665 ) ;
#1153 = FILL_AREA_STYLE_COLOUR ( '', #917 ) ;
#1154 = CARTESIAN_POINT ( 'NONE',  ( 98.74000000000000909, -132.3399999999999750, -5.000000000000000000 ) ) ;
#1155 = UNCERTAINTY_MEASURE_WITH_UNIT (LENGTH_MEASURE( 1.000000000000000082E-05 ), #40, 'distance_accuracy_value', 'NONE');
#1156 = EDGE_CURVE ( 'NONE', #4021, #4068, #1152, .T. ) ;
#1157 = LINE ( 'NONE', #194, #1446 ) ;
#1159 = SURFACE_STYLE_USAGE ( .BOTH. , #4379 ) ;
#1158 = LINE ( 'NONE', #3581, #2600 ) ;
#1160 = ORIENTED_EDGE ( 'NONE', *, *, #1156, .T. ) ;
#1161 =( NAMED_UNIT ( * ) PLANE_ANGLE_UNIT ( ) SI_UNIT ( $, .RADIAN. ) );
#1162 = CARTESIAN_POINT ( 'NONE',  ( 110.4900000000000091, -84.77000000000001023, -1.610000000000000320 ) ) ;
#1163 = FACE_OUTER_BOUND ( 'NONE', #2191, .T. ) ;
#1164 =( LENGTH_UNIT ( ) NAMED_UNIT ( * ) SI_UNIT ( .MILLI., .METRE. ) );
#1165 = PLANE ( 'NONE',  #3917 ) ;
#1166 = ORIENTED_EDGE ( 'NONE', *, *, #3045, .F. ) ;
#1167 = ORIENTED_EDGE ( 'NONE', *, *, #701, .F. ) ;
#1168 =( NAMED_UNIT ( * ) PLANE_ANGLE_UNIT ( ) SI_UNIT ( $, .RADIAN. ) );
#1169 = LINE ( 'NONE', #1841, #1789 ) ;
#1170 = CARTESIAN_POINT ( 'NONE',  ( 74.20000000000000284, -143.7400000000000091, -3.000000000000000000 ) ) ;
#1171 =( GEOMETRIC_REPRESENTATION_CONTEXT ( 3 ) GLOBAL_UNCERTAINTY_ASSIGNED_CONTEXT ( ( #1331 ) ) GLOBAL_UNIT_ASSIGNED_CONTEXT ( ( #3925, #3944, #1090 ) ) REPRESENTATION_CONTEXT ( 'NONE', 'WORKASPACE' ) );
#1172 = FACE_OUTER_BOUND ( 'NONE', #4340, .T. ) ;
#1173 = EDGE_CURVE ( 'NONE', #436, #2960, #380, .T. ) ;
#1174 = VECTOR ( 'NONE', #3341, 1000.000000000000000 ) ;
#1175 = FACE_BOUND ( 'NONE', #1742, .T. ) ;
#1176 = PRESENTATION_LAYER_ASSIGNMENT (  '', '', ( #326 ) ) ;
#1177 = EDGE_CURVE ( 'NONE', #2838, #1, #753, .T. ) ;
#1178 = DIRECTION ( 'NONE',  ( -0.000000000000000000, 0.000000000000000000, 1.000000000000000000 ) ) ;
#1179 = VECTOR ( 'NONE', #3858, 1000.000000000000000 ) ;
#1180 = SURFACE_STYLE_USAGE ( .BOTH. , #153 ) ;
#1181 = ORIENTED_EDGE ( 'NONE', *, *, #2307, .F. ) ;
#1182 = FACE_BOUND ( 'NONE', #2708, .T. ) ;
#1183 = EDGE_CURVE ( 'NONE', #773, #2091, #780, .T. ) ;
#1184 =( LENGTH_UNIT ( ) NAMED_UNIT ( * ) SI_UNIT ( .MILLI., .METRE. ) );
#1185 = LINE ( 'NONE', #2599, #1843 ) ;
#1186 = SURFACE_SIDE_STYLE ('',( #1954 ) ) ;
#1187 = DIRECTION ( 'NONE',  ( 0.000000000000000000, 0.000000000000000000, 1.000000000000000000 ) ) ;
#1188 = PLANE ( 'NONE',  #1942 ) ;
#1189 = EDGE_LOOP ( 'NONE', ( #1290, #3660, #2848, #4376 ) ) ;
#1190 = VECTOR ( 'NONE', #4156, 1000.000000000000000 ) ;
#1191 = FILL_AREA_STYLE ('',( #1606 ) ) ;
#1192 = FILL_AREA_STYLE ('',( #4004 ) ) ;
#1193 = VECTOR ( 'NONE', #4216, 1000.000000000000000 ) ;
#1194 = CARTESIAN_POINT ( 'NONE',  ( 98.74000000000000909, -108.2700000000000102, -5.000000000000000000 ) ) ;
#1195 = MECHANICAL_DESIGN_GEOMETRIC_PRESENTATION_REPRESENTATION (  '', ( #769 ), #1931 ) ;
#1196 = VECTOR ( 'NONE', #2913, 1000.000000000000000 ) ;
#1197 = CIRCLE ( 'NONE', #1804, 1.599999999999990319 ) ;
#1198 = AXIS2_PLACEMENT_3D ( 'NONE', #3527, #3598, #1451 ) ;
#1199 = UNCERTAINTY_MEASURE_WITH_UNIT (LENGTH_MEASURE( 1.000000000000000082E-05 ), #2664, 'distance_accuracy_value', 'NONE');
#1200 =( NAMED_UNIT ( * ) SI_UNIT ( $, .STERADIAN. ) SOLID_ANGLE_UNIT ( ) );
#1201 = CARTESIAN_POINT ( 'NONE',  ( 110.4900000000000091, -109.7700000000000102, -5.000000000000000000 ) ) ;
#1202 = PRESENTATION_LAYER_ASSIGNMENT (  '', '', ( #1655 ) ) ;
#1203 = DIRECTION ( 'NONE',  ( 0.000000000000000000, 0.000000000000000000, -1.000000000000000000 ) ) ;
#1204 = EDGE_CURVE ( 'NONE', #2495, #2813, #1434, .T. ) ;
#1205 =( LENGTH_UNIT ( ) NAMED_UNIT ( * ) SI_UNIT ( .MILLI., .METRE. ) );
#1206 = PLANE ( 'NONE',  #216 ) ;
#1208 = PLANE ( 'NONE',  #205 ) ;
#1207 = SURFACE_SIDE_STYLE ('',( #581 ) ) ;
#1209 = DIRECTION ( 'NONE',  ( 0.000000000000000000, 0.000000000000000000, -1.000000000000000000 ) ) ;
#1210 = ORIENTED_EDGE ( 'NONE', *, *, #2104, .T. ) ;
#1211 = EDGE_CURVE ( 'NONE', #1309, #4328, #689, .T. ) ;
#1212 = COLOUR_RGB ( '',0.007843137254901960675, 0.2392156862745097867, 0.8235294117647058432 ) ;
#1213 = FILL_AREA_STYLE_COLOUR ( '', #1703 ) ;
#1214 = ORIENTED_EDGE ( 'NONE', *, *, #3003, .T. ) ;
#1215 = CARTESIAN_POINT ( 'NONE',  ( 97.24000000000000909, -83.27000000000001023, 107.1843411028349493 ) ) ;
#1216 = PRESENTATION_LAYER_ASSIGNMENT (  '', '', ( #3933 ) ) ;
#1217 = AXIS2_PLACEMENT_3D ( 'NONE', #2171, #77, #3193 ) ;
#1218 = MECHANICAL_DESIGN_GEOMETRIC_PRESENTATION_REPRESENTATION (  '', ( #3492 ), #501 ) ;
#1219 = DIRECTION ( 'NONE',  ( -0.000000000000000000, -0.000000000000000000, -1.000000000000000000 ) ) ;
#1220 = VECTOR ( 'NONE', #3182, 1000.000000000000000 ) ;
#1221 = VECTOR ( 'NONE', #1306, 1000.000000000000000 ) ;
#1222 = AXIS2_PLACEMENT_3D ( 'NONE', #2676, #1003, #645 ) ;
#1223 = CARTESIAN_POINT ( 'NONE',  ( 77.60000000000000853, -83.27000000000001023, -5.000000000000000000 ) ) ;
#1224 = FILL_AREA_STYLE_COLOUR ( '', #2401 ) ;
#1225 = FACE_OUTER_BOUND ( 'NONE', #1510, .T. ) ;
#1226 = FILL_AREA_STYLE ('',( #3699 ) ) ;
#1227 = SURFACE_STYLE_FILL_AREA ( #2251 ) ;
#1228 = DIRECTION ( 'NONE',  ( 0.9999997229430283019, -0.0007443882500148175669, 0.000000000000000000 ) ) ;
#1229 = ORIENTED_EDGE ( 'NONE', *, *, #2369, .T. ) ;
#1230 = ORIENTED_EDGE ( 'NONE', *, *, #4387, .T. ) ;
#1231 = CARTESIAN_POINT ( 'NONE',  ( 98.74000000000000909, -96.52000000000001023, -1.610000000000000320 ) ) ;
#1232 = LINE ( 'NONE', #142, #2336 ) ;
#1233 = ADVANCED_FACE ( 'NONE', ( #3237 ), #3559, .T. ) ;
#1235 = FACE_OUTER_BOUND ( 'NONE', #3491, .T. ) ;
#1234 = CYLINDRICAL_SURFACE ( 'NONE', #755, 3.000000000000002665 ) ;
#1236 = CARTESIAN_POINT ( 'NONE',  ( 123.7400000000000091, -109.7700000000000102, 107.1843411028349493 ) ) ;
#1237 = ORIENTED_EDGE ( 'NONE', *, *, #1893, .T. ) ;
#1238 = CARTESIAN_POINT ( 'NONE',  ( 77.60000000000000853, 0.000000000000000000, -5.000000000000000000 ) ) ;
#1239 = ORIENTED_EDGE ( 'NONE', *, *, #1761, .F. ) ;
#1240 = SURFACE_SIDE_STYLE ('',( #899 ) ) ;
#1241 = ADVANCED_FACE ( 'NONE', ( #2327, #1235 ), #4297, .T. ) ;
#1242 = SURFACE_STYLE_USAGE ( .BOTH. , #1594 ) ;
#1243 = UNCERTAINTY_MEASURE_WITH_UNIT (LENGTH_MEASURE( 1.000000000000000082E-05 ), #1269, 'distance_accuracy_value', 'NONE');
#1244 = STYLED_ITEM ( 'NONE', ( #2423 ), #4059 ) ;
#1245 =( NAMED_UNIT ( * ) SI_UNIT ( $, .STERADIAN. ) SOLID_ANGLE_UNIT ( ) );
#1246 = PRESENTATION_LAYER_ASSIGNMENT (  '', '', ( #246 ) ) ;
#1247 =( NAMED_UNIT ( * ) PLANE_ANGLE_UNIT ( ) SI_UNIT ( $, .RADIAN. ) );
#1248 = COLOUR_RGB ( '',0.007843137254901960675, 0.2392156862745097867, 0.8235294117647058432 ) ;
#1249 = VERTEX_POINT ( 'NONE', #3658 ) ;
#1250 = AXIS2_PLACEMENT_3D ( 'NONE', #521, #1110, #184 ) ;
#1251 = CARTESIAN_POINT ( 'NONE',  ( 143.9094743819798907, -0.1071245514753580708, 124.1774298937790064 ) ) ;
#1252 = LINE ( 'NONE', #1956, #3469 ) ;
#1253 = EDGE_LOOP ( 'NONE', ( #2217, #3679, #2626, #1937 ) ) ;
#1254 = PRODUCT_DEFINITION_SHAPE ( 'NONE', 'NONE',  #442 ) ;
#1255 = EDGE_LOOP ( 'NONE', ( #1591, #3862, #1635, #761 ) ) ;
#1256 = LINE ( 'NONE', #2663, #2438 ) ;
#1257 = PRESENTATION_STYLE_ASSIGNMENT (( #2241 ) ) ;
#1259 = PRESENTATION_STYLE_ASSIGNMENT (( #3031 ) ) ;
#1258 =( NAMED_UNIT ( * ) PLANE_ANGLE_UNIT ( ) SI_UNIT ( $, .RADIAN. ) );
#1260 = SURFACE_STYLE_USAGE ( .BOTH. , #3361 ) ;
#1261 =( LENGTH_UNIT ( ) NAMED_UNIT ( * ) SI_UNIT ( .MILLI., .METRE. ) );
#1262 = EDGE_CURVE ( 'NONE', #3103, #3173, #799, .T. ) ;
#1263 = ORIENTED_EDGE ( 'NONE', *, *, #3895, .T. ) ;
#1264 = VERTEX_POINT ( 'NONE', #1154 ) ;
#1265 = STYLED_ITEM ( 'NONE', ( #2363 ), #2649 ) ;
#1266 = EDGE_CURVE ( 'NONE', #3963, #1724, #3216, .T. ) ;
#1267 =( GEOMETRIC_REPRESENTATION_CONTEXT ( 3 ) GLOBAL_UNCERTAINTY_ASSIGNED_CONTEXT ( ( #3301 ) ) GLOBAL_UNIT_ASSIGNED_CONTEXT ( ( #706, #2382, #1042 ) ) REPRESENTATION_CONTEXT ( 'NONE', 'WORKASPACE' ) );
#1268 = AXIS2_PLACEMENT_3D ( 'NONE', #2280, #754, #2161 ) ;
#1269 =( LENGTH_UNIT ( ) NAMED_UNIT ( * ) SI_UNIT ( .MILLI., .METRE. ) );
#1270 = CARTESIAN_POINT ( 'NONE',  ( 139.2894893310265729, -23.90599999999999525, -10.00000000000000000 ) ) ;
#1271 = DIRECTION ( 'NONE',  ( 0.000000000000000000, 0.000000000000000000, 1.000000000000000000 ) ) ;
#1272 = STYLED_ITEM ( 'NONE', ( #4471 ), #3178 ) ;
#1273 = ORIENTED_EDGE ( 'NONE', *, *, #1022, .T. ) ;
#1274 = DIRECTION ( 'NONE',  ( 0.000000000000000000, 1.000000000000000000, 0.000000000000000000 ) ) ;
#1275 = SURFACE_STYLE_FILL_AREA ( #2706 ) ;
#1277 = PLANE ( 'NONE',  #1740 ) ;
#1276 = PRESENTATION_STYLE_ASSIGNMENT (( #1974 ) ) ;
#1278 = AXIS2_PLACEMENT_3D ( 'NONE', #786, #2227, #71 ) ;
#1279 = CARTESIAN_POINT ( 'NONE',  ( 0.000000000000000000, 0.000000000000000000, -10.00000000000000000 ) ) ;
#1280 = ORIENTED_EDGE ( 'NONE', *, *, #1837, .T. ) ;
#1281 = PRESENTATION_LAYER_ASSIGNMENT (  '', '', ( #1736 ) ) ;
#1282 = DIRECTION ( 'NONE',  ( 1.000000000000000000, 0.000000000000000000, 0.000000000000000000 ) ) ;
#1283 =( NAMED_UNIT ( * ) SI_UNIT ( $, .STERADIAN. ) SOLID_ANGLE_UNIT ( ) );
#1284 = FACE_OUTER_BOUND ( 'NONE', #3880, .T. ) ;
#1285 = ORIENTED_EDGE ( 'NONE', *, *, #1437, .T. ) ;
#1286 = ORIENTED_EDGE ( 'NONE', *, *, #388, .T. ) ;
#1287 = ADVANCED_FACE ( 'NONE', ( #542 ), #1477, .F. ) ;
#1288 = UNCERTAINTY_MEASURE_WITH_UNIT (LENGTH_MEASURE( 1.000000000000000082E-05 ), #4469, 'distance_accuracy_value', 'NONE');
#1289 =( GEOMETRIC_REPRESENTATION_CONTEXT ( 3 ) GLOBAL_UNCERTAINTY_ASSIGNED_CONTEXT ( ( #1569 ) ) GLOBAL_UNIT_ASSIGNED_CONTEXT ( ( #3884, #330, #1714 ) ) REPRESENTATION_CONTEXT ( 'NONE', 'WORKASPACE' ) );
#1290 = ORIENTED_EDGE ( 'NONE', *, *, #2064, .F. ) ;
#1291 = PRESENTATION_LAYER_ASSIGNMENT (  '', '', ( #4424 ) ) ;
#1292 =( NAMED_UNIT ( * ) SI_UNIT ( $, .STERADIAN. ) SOLID_ANGLE_UNIT ( ) );
#1293 = EDGE_CURVE ( 'NONE', #1822, #3455, #1351, .T. ) ;
#1295 =( NAMED_UNIT ( * ) SI_UNIT ( $, .STERADIAN. ) SOLID_ANGLE_UNIT ( ) );
#1294 = CARTESIAN_POINT ( 'NONE',  ( 82.19999999999998863, -23.90600000000000236, -7.500000000000000000 ) ) ;
#1296 = LINE ( 'NONE', #1621, #562 ) ;
#1297 = AXIS2_PLACEMENT_3D ( 'NONE', #370, #993, #2034 ) ;
#1298 = CARTESIAN_POINT ( 'NONE',  ( 82.19999999999998863, -138.7899999999999920, -10.00000000000000000 ) ) ;
#1299 = VERTEX_POINT ( 'NONE', #969 ) ;
#1300 = SURFACE_STYLE_USAGE ( .BOTH. , #1973 ) ;
#1301 = FILL_AREA_STYLE ('',( #2027 ) ) ;
#1302 = LINE ( 'NONE', #2983, #353 ) ;
#1303 = ORIENTED_EDGE ( 'NONE', *, *, #499, .T. ) ;
#1304 = VERTEX_POINT ( 'NONE', #4120 ) ;
#1305 = PRESENTATION_STYLE_ASSIGNMENT (( #4145 ) ) ;
#1306 = DIRECTION ( 'NONE',  ( -0.7071067811865479058, 0.000000000000000000, -0.7071067811865472397 ) ) ;
#1307 = FILL_AREA_STYLE_COLOUR ( '', #3062 ) ;
#1308 = PLANE ( 'NONE',  #1719 ) ;
#1309 = VERTEX_POINT ( 'NONE', #635 ) ;
#1310 = CARTESIAN_POINT ( 'NONE',  ( 85.20000000000000284, -138.7899999999999920, -10.00000000000000000 ) ) ;
#1311 = DIRECTION ( 'NONE',  ( 1.000000000000000000, -0.000000000000000000, 0.000000000000000000 ) ) ;
#1312 =( NAMED_UNIT ( * ) PLANE_ANGLE_UNIT ( ) SI_UNIT ( $, .RADIAN. ) );
#1313 = DIRECTION ( 'NONE',  ( 0.000000000000000000, 1.000000000000000000, 0.000000000000000000 ) ) ;
#1314 = EDGE_LOOP ( 'NONE', ( #4065, #591, #1518, #2124 ) ) ;
#1315 = EDGE_CURVE ( 'NONE', #561, #1057, #3125, .T. ) ;
#1316 = SURFACE_SIDE_STYLE ('',( #3001 ) ) ;
#1317 = CARTESIAN_POINT ( 'NONE',  ( 0.000000000000000000, 0.000000000000000000, -5.000000000000000000 ) ) ;
#1318 = CARTESIAN_POINT ( 'NONE',  ( 139.2894893310265729, -138.7899999999999636, -7.500000000000000000 ) ) ;
#1319 = COLOUR_RGB ( '',0.007843137254901960675, 0.2392156862745097867, 0.8235294117647058432 ) ;
#1320 = EDGE_CURVE ( 'NONE', #2838, #1462, #4364, .T. ) ;
#1321 = COLOUR_RGB ( '',0.007843137254901960675, 0.2392156862745097867, 0.8235294117647058432 ) ;
#1323 = SURFACE_STYLE_FILL_AREA ( #2684 ) ;
#1322 = LINE ( 'NONE', #339, #3460 ) ;
#1324 = AXIS2_PLACEMENT_3D ( 'NONE', #1318, #2342, #3328 ) ;
#1325 = PLANE ( 'NONE',  #3323 ) ;
#1326 = ORIENTED_EDGE ( 'NONE', *, *, #1015, .T. ) ;
#1327 = ORIENTED_EDGE ( 'NONE', *, *, #2469, .T. ) ;
#1328 = EDGE_CURVE ( 'NONE', #1855, #3448, #3739, .T. ) ;
#1329 = PRESENTATION_LAYER_ASSIGNMENT (  '', '', ( #1847 ) ) ;
#1330 =( NAMED_UNIT ( * ) PLANE_ANGLE_UNIT ( ) SI_UNIT ( $, .RADIAN. ) );
#1331 = UNCERTAINTY_MEASURE_WITH_UNIT (LENGTH_MEASURE( 1.000000000000000082E-05 ), #3925, 'distance_accuracy_value', 'NONE');
#1332 = DIRECTION ( 'NONE',  ( -1.000000000000000000, 0.000000000000000000, 0.000000000000000000 ) ) ;
#1333 = LINE ( 'NONE', #281, #3539 ) ;
#1334 = ORIENTED_EDGE ( 'NONE', *, *, #2767, .T. ) ;
#1335 = CARTESIAN_POINT ( 'NONE',  ( 82.19999999999998863, -23.90600000000000236, -7.500000000000000000 ) ) ;
#1336 = PRESENTATION_LAYER_ASSIGNMENT (  '', '', ( #333 ) ) ;
#1337 = DIRECTION ( 'NONE',  ( 0.000000000000000000, 0.000000000000000000, -1.000000000000000000 ) ) ;
#1338 = ORIENTED_EDGE ( 'NONE', *, *, #2344, .F. ) ;
#1339 =( GEOMETRIC_REPRESENTATION_CONTEXT ( 3 ) GLOBAL_UNCERTAINTY_ASSIGNED_CONTEXT ( ( #1056 ) ) GLOBAL_UNIT_ASSIGNED_CONTEXT ( ( #4470, #2392, #2415 ) ) REPRESENTATION_CONTEXT ( 'NONE', 'WORKASPACE' ) );
#1341 = CARTESIAN_POINT ( 'NONE',  ( 98.74000000000000909, -30.35600000000000875, -1.610000000000000320 ) ) ;
#1340 = CARTESIAN_POINT ( 'NONE',  ( 77.60000000000000853, -108.2700000000000102, -1.610000000000000320 ) ) ;
#1342 = PRESENTATION_LAYER_ASSIGNMENT (  '', '', ( #767 ) ) ;
#1343 =( NAMED_UNIT ( * ) SI_UNIT ( $, .STERADIAN. ) SOLID_ANGLE_UNIT ( ) );
#1344 = CARTESIAN_POINT ( 'NONE',  ( 97.24000000000000909, -132.3399999999999750, 124.1774298937790064 ) ) ;
#1345 = EDGE_CURVE ( 'NONE', #4068, #4021, #3271, .T. ) ;
#1346 = DIRECTION ( 'NONE',  ( 0.000000000000000000, -0.000000000000000000, 1.000000000000000000 ) ) ;
#1347 = VERTEX_POINT ( 'NONE', #323 ) ;
#1348 = COLOUR_RGB ( '',0.007843137254901960675, 0.2392156862745097867, 0.8235294117647058432 ) ;
#1349 = ORIENTED_EDGE ( 'NONE', *, *, #631, .T. ) ;
#1350 = FACE_OUTER_BOUND ( 'NONE', #2452, .T. ) ;
#1351 = LINE ( 'NONE', #4169, #2695 ) ;
#1352 = EDGE_CURVE ( 'NONE', #509, #3918, #2080, .T. ) ;
#1353 = ORIENTED_EDGE ( 'NONE', *, *, #4177, .F. ) ;
#1354 = MECHANICAL_DESIGN_GEOMETRIC_PRESENTATION_REPRESENTATION (  '', ( #2475 ), #1870 ) ;
#1355 = AXIS2_PLACEMENT_3D ( 'NONE', #2733, #1626, #3408 ) ;
#1356 = AXIS2_PLACEMENT_3D ( 'NONE', #814, #148, #3601 ) ;
#1357 = DIRECTION ( 'NONE',  ( 0.0007443882500148174585, 0.9999997229430281909, 0.000000000000000000 ) ) ;
#1358 = ADVANCED_FACE ( 'NONE', ( #1756 ), #3387, .F. ) ;
#1359 = CARTESIAN_POINT ( 'NONE',  ( 147.2894893310266013, -26.95599999999999952, -10.00000000000000000 ) ) ;
#1360 = EDGE_LOOP ( 'NONE', ( #3518, #2691, #2131, #938 ) ) ;
#1361 = DIRECTION ( 'NONE',  ( -0.000000000000000000, -0.000000000000000000, -1.000000000000000000 ) ) ;
#1362 = AXIS2_PLACEMENT_3D ( 'NONE', #1676, #600, #2053 ) ;
#1364 = CARTESIAN_POINT ( 'NONE',  ( 123.7400000000000091, -83.27000000000001023, -1.610000000000000320 ) ) ;
#1363 =( NAMED_UNIT ( * ) SI_UNIT ( $, .STERADIAN. ) SOLID_ANGLE_UNIT ( ) );
#1365 = SURFACE_SIDE_STYLE ('',( #983 ) ) ;
#1366 = SHAPE_DEFINITION_REPRESENTATION ( #1254, #4087 ) ;
#1367 = CYLINDRICAL_SURFACE ( 'NONE', #437, 3.000000000000002665 ) ;
#1368 =( NAMED_UNIT ( * ) PLANE_ANGLE_UNIT ( ) SI_UNIT ( $, .RADIAN. ) );
#1369 = ORIENTED_EDGE ( 'NONE', *, *, #3069, .T. ) ;
#1370 = ORIENTED_EDGE ( 'NONE', *, *, #3086, .F. ) ;
#1371 = MECHANICAL_DESIGN_GEOMETRIC_PRESENTATION_REPRESENTATION (  '', ( #4003 ), #1008 ) ;
#1372 = ADVANCED_FACE ( 'NONE', ( #3775 ), #3458, .F. ) ;
#1373 = PLANE ( 'NONE',  #3651 ) ;
#1374 = FILL_AREA_STYLE_COLOUR ( '', #2697 ) ;
#1376 =( LENGTH_UNIT ( ) NAMED_UNIT ( * ) SI_UNIT ( .MILLI., .METRE. ) );
#1375 = FACE_OUTER_BOUND ( 'NONE', #3939, .T. ) ;
#1377 = EDGE_LOOP ( 'NONE', ( #2275, #1977, #3689, #488, #1419, #3096, #1303, #3197, #1230, #4227, #3242, #4437 ) ) ;
#1378 = EDGE_CURVE ( 'NONE', #3370, #2495, #792, .T. ) ;
#1379 = DIRECTION ( 'NONE',  ( -1.000000000000000000, 0.000000000000000000, 0.000000000000000000 ) ) ;
#1380 = DIRECTION ( 'NONE',  ( -0.000000000000000000, 1.000000000000000000, 0.000000000000000000 ) ) ;
#1381 = VERTEX_POINT ( 'NONE', #809 ) ;
#1382 =( NAMED_UNIT ( * ) PLANE_ANGLE_UNIT ( ) SI_UNIT ( $, .RADIAN. ) );
#1383 = EDGE_CURVE ( 'NONE', #910, #4247, #2543, .T. ) ;
#1384 = ORIENTED_EDGE ( 'NONE', *, *, #192, .T. ) ;
#1385 = DIRECTION ( 'NONE',  ( 0.000000000000000000, -1.000000000000000000, 0.000000000000000000 ) ) ;
#1386 = SURFACE_STYLE_USAGE ( .BOTH. , #1794 ) ;
#1387 = LINE ( 'NONE', #405, #3261 ) ;
#1388 = PRESENTATION_STYLE_ASSIGNMENT (( #3793 ) ) ;
#1389 = ORIENTED_EDGE ( 'NONE', *, *, #661, .F. ) ;
#1390 = DIRECTION ( 'NONE',  ( 0.000000000000000000, 1.000000000000000000, 0.000000000000000000 ) ) ;
#1391 = VERTEX_POINT ( 'NONE', #3249 ) ;
#1392 = CARTESIAN_POINT ( 'NONE',  ( 77.60000000000000853, -58.26999307357377234, -5.000000000000000000 ) ) ;
#1393 = MECHANICAL_DESIGN_GEOMETRIC_PRESENTATION_REPRESENTATION (  '', ( #879 ), #681 ) ;
#1394 = DIRECTION ( 'NONE',  ( 0.000000000000000000, 0.000000000000000000, -1.000000000000000000 ) ) ;
#1395 = COLOUR_RGB ( '',0.007843137254901960675, 0.2392156862745097867, 0.8235294117647058432 ) ;
#1396 = CARTESIAN_POINT ( 'NONE',  ( 0.000000000000000000, -30.35600000000000165, -5.000000000000000000 ) ) ;
#1397 = PRESENTATION_STYLE_ASSIGNMENT (( #3435 ) ) ;
#1398 = ORIENTED_EDGE ( 'NONE', *, *, #2980, .F. ) ;
#1399 = COLOUR_RGB ( '',0.007843137254901960675, 0.2392156862745097867, 0.8235294117647058432 ) ;
#1400 = PRESENTATION_STYLE_ASSIGNMENT (( #3153 ) ) ;
#1401 = SURFACE_STYLE_USAGE ( .BOTH. , #1109 ) ;
#1402 = PLANE ( 'NONE',  #1250 ) ;
#1403 = STYLED_ITEM ( 'NONE', ( #684 ), #3901 ) ;
#1404 = LINE ( 'NONE', #355, #1709 ) ;
#1405 = ADVANCED_FACE ( 'NONE', ( #453 ), #3877, .F. ) ;
#1406 = ORIENTED_EDGE ( 'NONE', *, *, #2791, .F. ) ;
#1407 = PRESENTATION_LAYER_ASSIGNMENT (  '', '', ( #825 ) ) ;
#1408 = ORIENTED_EDGE ( 'NONE', *, *, #2796, .T. ) ;
#1410 = LINE ( 'NONE', #3512, #1017 ) ;
#1409 = LINE ( 'NONE', #3296, #2021 ) ;
#1411 = COLOUR_RGB ( '',0.007843137254901960675, 0.2392156862745097867, 0.8235294117647058432 ) ;
#1412 = DIRECTION ( 'NONE',  ( 0.000000000000000000, 1.000000000000000000, 0.000000000000000000 ) ) ;
#1413 = VECTOR ( 'NONE', #1479, 1000.000000000000000 ) ;
#1414 = CARTESIAN_POINT ( 'NONE',  ( 110.4900000000000091, -84.77000000000001023, -1.610000000000000320 ) ) ;
#1415 = UNCERTAINTY_MEASURE_WITH_UNIT (LENGTH_MEASURE( 1.000000000000000082E-05 ), #167, 'distance_accuracy_value', 'NONE');
#1416 = VECTOR ( 'NONE', #1966, 1000.000000000000000 ) ;
#1417 =( NAMED_UNIT ( * ) SI_UNIT ( $, .STERADIAN. ) SOLID_ANGLE_UNIT ( ) );
#1418 = ORIENTED_EDGE ( 'NONE', *, *, #2995, .F. ) ;
#1419 = ORIENTED_EDGE ( 'NONE', *, *, #1204, .T. ) ;
#1420 = PRESENTATION_LAYER_ASSIGNMENT (  '', '', ( #2967 ) ) ;
#1421 = SURFACE_STYLE_FILL_AREA ( #299 ) ;
#1422 = PLANE ( 'NONE',  #3264 ) ;
#1423 = AXIS2_PLACEMENT_3D ( 'NONE', #1806, #2451, #3799 ) ;
#1424 = CARTESIAN_POINT ( 'NONE',  ( 82.19999999999998863, -23.90600000000000236, -10.00000000000000000 ) ) ;
#1425 = VERTEX_POINT ( 'NONE', #2128 ) ;
#1426 = MECHANICAL_DESIGN_GEOMETRIC_PRESENTATION_REPRESENTATION (  '', ( #1570 ), #4483 ) ;
#1427 = DIRECTION ( 'NONE',  ( 0.000000000000000000, -1.000000000000000000, 0.000000000000000000 ) ) ;
#1428 = CARTESIAN_POINT ( 'NONE',  ( 98.74000000000000909, -59.76999307357377234, -1.610000000000000320 ) ) ;
#1429 = AXIS2_PLACEMENT_3D ( 'NONE', #3646, #3750, #533 ) ;
#1430 = UNCERTAINTY_MEASURE_WITH_UNIT (LENGTH_MEASURE( 1.000000000000000082E-05 ), #3267, 'distance_accuracy_value', 'NONE');
#1431 = VERTEX_POINT ( 'NONE', #2477 ) ;
#1432 = LINE ( 'NONE', #2930, #4133 ) ;
#1433 = ADVANCED_FACE ( 'NONE', ( #390 ), #3853, .F. ) ;
#1434 = LINE ( 'NONE', #2433, #1894 ) ;
#1436 = DIRECTION ( 'NONE',  ( -1.000000000000000000, 0.000000000000000000, 0.000000000000000000 ) ) ;
#1435 = PRESENTATION_STYLE_ASSIGNMENT (( #3160 ) ) ;
#1437 = EDGE_CURVE ( 'NONE', #1962, #1844, #2964, .T. ) ;
#1438 = VECTOR ( 'NONE', #626, 1000.000000000000000 ) ;
#1439 = CARTESIAN_POINT ( 'NONE',  ( 139.2894893310265729, -23.90599999999999525, -7.500000000000000000 ) ) ;
#1440 = LINE ( 'NONE', #2514, #2665 ) ;
#1441 = CARTESIAN_POINT ( 'NONE',  ( 123.7400000000000091, -83.27000000000001023, 107.1843411028349493 ) ) ;
#1442 = DIRECTION ( 'NONE',  ( 1.000000000000000000, 0.000000000000000000, 0.000000000000000000 ) ) ;
#1443 = EDGE_LOOP ( 'NONE', ( #709, #2994, #2057, #4240 ) ) ;
#1444 = MECHANICAL_DESIGN_GEOMETRIC_PRESENTATION_REPRESENTATION (  '', ( #145 ), #2688 ) ;
#1445 = DIRECTION ( 'NONE',  ( 1.000000000000000000, 0.000000000000000000, 0.000000000000000000 ) ) ;
#1446 = VECTOR ( 'NONE', #863, 1000.000000000000000 ) ;
#1447 = DIRECTION ( 'NONE',  ( 0.000000000000000000, 0.000000000000000000, -1.000000000000000000 ) ) ;
#1448 = ORIENTED_EDGE ( 'NONE', *, *, #631, .F. ) ;
#1449 = VECTOR ( 'NONE', #1705, 1000.000000000000000 ) ;
#1450 = AXIS2_PLACEMENT_3D ( 'NONE', #881, #2290, #1141 ) ;
#1451 = DIRECTION ( 'NONE',  ( -1.000000000000000000, 0.000000000000000000, 0.000000000000000000 ) ) ;
#1452 = COLOUR_RGB ( '',0.007843137254901960675, 0.2392156862745097867, 0.8235294117647058432 ) ;
#1453 = LINE ( 'NONE', #778, #3550 ) ;
#1454 = CARTESIAN_POINT ( 'NONE',  ( 142.2894893310265729, -138.7899999999999636, -7.500000000000000000 ) ) ;
#1456 = LINE ( 'NONE', #2869, #518 ) ;
#1455 = CARTESIAN_POINT ( 'NONE',  ( 82.19999999999998863, -23.90600000000000236, -10.00000000000000178 ) ) ;
#1457 = EDGE_CURVE ( 'NONE', #3173, #3333, #2637, .T. ) ;
#1458 = DIRECTION ( 'NONE',  ( -1.000000000000000000, 0.000000000000000000, 0.000000000000000000 ) ) ;
#1460 = SURFACE_SIDE_STYLE ('',( #2890 ) ) ;
#1459 = SURFACE_STYLE_FILL_AREA ( #4236 ) ;
#1461 = ORIENTED_EDGE ( 'NONE', *, *, #2260, .F. ) ;
#1462 = VERTEX_POINT ( 'NONE', #912 ) ;
#1463 = EDGE_CURVE ( 'NONE', #2082, #2746, #3311, .T. ) ;
#1464 =( NAMED_UNIT ( * ) SI_UNIT ( $, .STERADIAN. ) SOLID_ANGLE_UNIT ( ) );
#1466 =( NAMED_UNIT ( * ) SI_UNIT ( $, .STERADIAN. ) SOLID_ANGLE_UNIT ( ) );
#1465 = DIRECTION ( 'NONE',  ( 1.000000000000000000, 0.000000000000000000, 0.000000000000000000 ) ) ;
#1467 = VERTEX_POINT ( 'NONE', #2583 ) ;
#1468 = ADVANCED_FACE ( 'NONE', ( #245 ), #2234, .F. ) ;
#1469 = VECTOR ( 'NONE', #638, 1000.000000000000000 ) ;
#1470 = FACE_OUTER_BOUND ( 'NONE', #1082, .T. ) ;
#1471 = UNCERTAINTY_MEASURE_WITH_UNIT (LENGTH_MEASURE( 1.000000000000000082E-05 ), #4158, 'distance_accuracy_value', 'NONE');
#1472 = AXIS2_PLACEMENT_3D ( 'NONE', #2005, #1659, #632 ) ;
#1473 = EDGE_LOOP ( 'NONE', ( #1406, #3044, #143, #2797 ) ) ;
#1474 = FILL_AREA_STYLE_COLOUR ( '', #3691 ) ;
#1475 = SURFACE_STYLE_FILL_AREA ( #2159 ) ;
#1476 = AXIS2_PLACEMENT_3D ( 'NONE', #4396, #4054, #3040 ) ;
#1477 = PLANE ( 'NONE',  #3561 ) ;
#1478 = CARTESIAN_POINT ( 'NONE',  ( 122.2399999999999949, -96.51999999999999602, -5.000000000000000000 ) ) ;
#1480 = PLANE ( 'NONE',  #567 ) ;
#1479 = DIRECTION ( 'NONE',  ( 1.000000000000000000, 0.000000000000000000, 0.000000000000000000 ) ) ;
#1481 = VECTOR ( 'NONE', #1380, 1000.000000000000000 ) ;
#1482 =( LENGTH_UNIT ( ) NAMED_UNIT ( * ) SI_UNIT ( .MILLI., .METRE. ) );
#1483 = ORIENTED_EDGE ( 'NONE', *, *, #1808, .F. ) ;
#1484 = CARTESIAN_POINT ( 'NONE',  ( 142.2894893310265729, -138.7899999999999636, -7.500000000000000000 ) ) ;
#1485 = ORIENTED_EDGE ( 'NONE', *, *, #34, .T. ) ;
#1486 = CIRCLE ( 'NONE', #2231, 3.000000000000002665 ) ;
#1487 = LINE ( 'NONE', #511, #2884 ) ;
#1488 = CARTESIAN_POINT ( 'NONE',  ( 77.60000000000000853, -59.76999307357377234, -1.610000000000000320 ) ) ;
#1489 = PRESENTATION_STYLE_ASSIGNMENT (( #111 ) ) ;
#1490 = EDGE_CURVE ( 'NONE', #1724, #4449, #1579, .T. ) ;
#1491 = VECTOR ( 'NONE', #10, 1000.000000000000000 ) ;
#1492 = PRESENTATION_STYLE_ASSIGNMENT (( #113 ) ) ;
#1493 = LINE ( 'NONE', #2965, #991 ) ;
#1494 = ORIENTED_EDGE ( 'NONE', *, *, #1952, .F. ) ;
#1495 = MECHANICAL_DESIGN_GEOMETRIC_PRESENTATION_REPRESENTATION (  '', ( #193 ), #3388 ) ;
#1496 = ORIENTED_EDGE ( 'NONE', *, *, #1984, .F. ) ;
#1497 = VECTOR ( 'NONE', #4135, 1000.000000000000000 ) ;
#1498 = COLOUR_RGB ( '',0.007843137254901960675, 0.2392156862745097867, 0.8235294117647058432 ) ;
#1499 = CYLINDRICAL_SURFACE ( 'NONE', #1553, 1.600000000000004086 ) ;
#1500 = PLANE ( 'NONE',  #2832 ) ;
#1501 = EDGE_CURVE ( 'NONE', #2715, #1663, #3982, .T. ) ;
#1502 =( LENGTH_UNIT ( ) NAMED_UNIT ( * ) SI_UNIT ( .MILLI., .METRE. ) );
#1503 = EDGE_CURVE ( 'NONE', #3433, #3370, #3274, .T. ) ;
#1504 = AXIS2_PLACEMENT_3D ( 'NONE', #933, #3305, #884 ) ;
#1505 = STYLED_ITEM ( 'NONE', ( #2950 ), #3383 ) ;
#1506 =( NAMED_UNIT ( * ) SI_UNIT ( $, .STERADIAN. ) SOLID_ANGLE_UNIT ( ) );
#1508 = LINE ( 'NONE', #2914, #2096 ) ;
#1507 = FILL_AREA_STYLE_COLOUR ( '', #3102 ) ;
#1509 = PRESENTATION_STYLE_ASSIGNMENT (( #1180 ) ) ;
#1510 = EDGE_LOOP ( 'NONE', ( #1327, #3276, #3356, #1801 ) ) ;
#1511 =( LENGTH_UNIT ( ) NAMED_UNIT ( * ) SI_UNIT ( .MILLI., .METRE. ) );
#1512 = LINE ( 'NONE', #1879, #815 ) ;
#1514 = FILL_AREA_STYLE ('',( #2842 ) ) ;
#1513 = PRESENTATION_STYLE_ASSIGNMENT (( #4287 ) ) ;
#1515 = PRESENTATION_LAYER_ASSIGNMENT (  '', '', ( #2325 ) ) ;
#1516 = PRESENTATION_LAYER_ASSIGNMENT (  '', '', ( #2326 ) ) ;
#1517 = ORIENTED_EDGE ( 'NONE', *, *, #4234, .T. ) ;
#1518 = ORIENTED_EDGE ( 'NONE', *, *, #3247, .T. ) ;
#1519 = EDGE_CURVE ( 'NONE', #2813, #3436, #1537, .T. ) ;
#1520 = VECTOR ( 'NONE', #1772, 1000.000000000000000 ) ;
#1521 = CARTESIAN_POINT ( 'NONE',  ( 122.9900000000000091, -58.26999307357377234, -1.610000000000000320 ) ) ;
#1522 = LINE ( 'NONE', #874, #4428 ) ;
#1523 = VECTOR ( 'NONE', #2424, 1000.000000000000000 ) ;
#1524 = ORIENTED_EDGE ( 'NONE', *, *, #3620, .F. ) ;
#1525 = ADVANCED_FACE ( 'NONE', ( #515 ), #1208, .T. ) ;
#1526 = LINE ( 'NONE', #55, #4278 ) ;
#1527 = FACE_BOUND ( 'NONE', #1599, .T. ) ;
#1528 = UNCERTAINTY_MEASURE_WITH_UNIT (LENGTH_MEASURE( 1.000000000000000082E-05 ), #3246, 'distance_accuracy_value', 'NONE');
#1529 = ADVANCED_FACE ( 'NONE', ( #2784 ), #602, .T. ) ;
#1530 = DIRECTION ( 'NONE',  ( -0.000000000000000000, -0.000000000000000000, 1.000000000000000000 ) ) ;
#1531 = VECTOR ( 'NONE', #1075, 1000.000000000000000 ) ;
#1533 = CARTESIAN_POINT ( 'NONE',  ( 77.60000000000000853, -84.77000000000001023, -5.000000000000000000 ) ) ;
#1532 = LINE ( 'NONE', #1120, #547 ) ;
#1534 = ORIENTED_EDGE ( 'NONE', *, *, #2068, .T. ) ;
#1535 = CARTESIAN_POINT ( 'NONE',  ( 97.24000000000000909, -109.7700000000000102, 107.1843411028349493 ) ) ;
#1536 = CARTESIAN_POINT ( 'NONE',  ( 139.2894893310265729, -23.90599999999999525, -10.00000000000000178 ) ) ;
#1537 = LINE ( 'NONE', #850, #3957 ) ;
#1538 = FILL_AREA_STYLE_COLOUR ( '', #3983 ) ;
#1539 = ORIENTED_EDGE ( 'NONE', *, *, #1832, .T. ) ;
#1540 = VERTEX_POINT ( 'NONE', #3771 ) ;
#1541 = DIRECTION ( 'NONE',  ( 0.000000000000000000, -1.000000000000000000, 0.000000000000000000 ) ) ;
#1542 =( LENGTH_UNIT ( ) NAMED_UNIT ( * ) SI_UNIT ( .MILLI., .METRE. ) );
#1543 = FILL_AREA_STYLE_COLOUR ( '', #247 ) ;
#1544 = MECHANICAL_DESIGN_GEOMETRIC_PRESENTATION_REPRESENTATION (  '', ( #3583 ), #3084 ) ;
#1545 = MECHANICAL_DESIGN_GEOMETRIC_PRESENTATION_REPRESENTATION (  '', ( #3737 ), #394 ) ;
#1546 = EDGE_CURVE ( 'NONE', #1751, #2338, #563, .T. ) ;
#1547 = VECTOR ( 'NONE', #3692, 1000.000000000000000 ) ;
#1548 = CARTESIAN_POINT ( 'NONE',  ( 145.2661120018323402, -58.26999307357377234, 0.000000000000000000 ) ) ;
#1549 = VECTOR ( 'NONE', #4353, 1000.000000000000000 ) ;
#1550 = FACE_OUTER_BOUND ( 'NONE', #789, .T. ) ;
#1552 = CARTESIAN_POINT ( 'NONE',  ( 82.19999999999998863, -138.7899999999999920, -7.500000000000000000 ) ) ;
#1551 = SURFACE_SIDE_STYLE ('',( #2612 ) ) ;
#1553 = AXIS2_PLACEMENT_3D ( 'NONE', #796, #2154, #2199 ) ;
#1554 = CARTESIAN_POINT ( 'NONE',  ( 80.59999999999999432, -138.7899999999999920, 0.000000000000000000 ) ) ;
#1555 = ORIENTED_EDGE ( 'NONE', *, *, #3758, .T. ) ;
#1556 = LINE ( 'NONE', #2961, #4452 ) ;
#1557 =( LENGTH_UNIT ( ) NAMED_UNIT ( * ) SI_UNIT ( .MILLI., .METRE. ) );
#1558 =( NAMED_UNIT ( * ) PLANE_ANGLE_UNIT ( ) SI_UNIT ( $, .RADIAN. ) );
#1560 = CARTESIAN_POINT ( 'NONE',  ( 122.2399999999999949, -132.3399999999999750, 124.1774298937790064 ) ) ;
#1559 = FILL_AREA_STYLE_COLOUR ( '', #3382 ) ;
#1561 = ORIENTED_EDGE ( 'NONE', *, *, #1945, .T. ) ;
#1562 = EDGE_LOOP ( 'NONE', ( #2088, #2212, #2742, #1496 ) ) ;
#1563 = MECHANICAL_DESIGN_GEOMETRIC_PRESENTATION_REPRESENTATION (  '', ( #3529 ), #3176 ) ;
#1564 = LINE ( 'NONE', #4007, #420 ) ;
#1565 = VECTOR ( 'NONE', #375, 1000.000000000000000 ) ;
#1566 = VERTEX_POINT ( 'NONE', #272 ) ;
#1567 = DIRECTION ( 'NONE',  ( 0.000000000000000000, 0.000000000000000000, -1.000000000000000000 ) ) ;
#1568 = VECTOR ( 'NONE', #234, 1000.000000000000000 ) ;
#1569 = UNCERTAINTY_MEASURE_WITH_UNIT (LENGTH_MEASURE( 1.000000000000000082E-05 ), #3884, 'distance_accuracy_value', 'NONE');
#1570 = STYLED_ITEM ( 'NONE', ( #4327 ), #3015 ) ;
#1572 = DIRECTION ( 'NONE',  ( -1.000000000000000000, 0.000000000000000000, 0.000000000000000000 ) ) ;
#1571 = PRESENTATION_STYLE_ASSIGNMENT (( #1898 ) ) ;
#1573 = CARTESIAN_POINT ( 'NONE',  ( 143.8278426034165136, -109.7700000000000102, -5.000000000000000000 ) ) ;
#1574 =( GEOMETRIC_REPRESENTATION_CONTEXT ( 3 ) GLOBAL_UNCERTAINTY_ASSIGNED_CONTEXT ( ( #82 ) ) GLOBAL_UNIT_ASSIGNED_CONTEXT ( ( #317, #1800, #1417 ) ) REPRESENTATION_CONTEXT ( 'NONE', 'WORKASPACE' ) );
#1575 = ADVANCED_FACE ( 'NONE', ( #293, #4406, #4066 ), #1277, .T. ) ;
#1576 = SURFACE_STYLE_FILL_AREA ( #2580 ) ;
#1577 = SURFACE_STYLE_USAGE ( .BOTH. , #1857 ) ;
#1578 = DIRECTION ( 'NONE',  ( -1.000000000000000000, 0.000000000000000000, 0.000000000000000000 ) ) ;
#1579 = LINE ( 'NONE', #495, #4463 ) ;
#1580 = COLOUR_RGB ( '',0.007843137254901960675, 0.2392156862745097867, 0.8235294117647058432 ) ;
#1581 =( LENGTH_UNIT ( ) NAMED_UNIT ( * ) SI_UNIT ( .MILLI., .METRE. ) );
#1582 = ORIENTED_EDGE ( 'NONE', *, *, #972, .T. ) ;
#1583 = VERTEX_POINT ( 'NONE', #3220 ) ;
#1584 = DIRECTION ( 'NONE',  ( 0.000000000000000000, 1.000000000000000000, 0.000000000000000000 ) ) ;
#1585 = LINE ( 'NONE', #832, #3562 ) ;
#1586 = COLOUR_RGB ( '',0.007843137254901960675, 0.2392156862745097867, 0.8235294117647058432 ) ;
#1587 = SURFACE_STYLE_USAGE ( .BOTH. , #2714 ) ;
#1588 = EDGE_LOOP ( 'NONE', ( #1418, #1408, #352, #2076 ) ) ;
#1589 = CARTESIAN_POINT ( 'NONE',  ( 75.20000000000000284, -19.95600000000000307, -3.000000000000000000 ) ) ;
#1590 = VECTOR ( 'NONE', #3159, 1000.000000000000000 ) ;
#1591 = ORIENTED_EDGE ( 'NONE', *, *, #1150, .T. ) ;
#1592 = LINE ( 'NONE', #1987, #3847 ) ;
#1593 = AXIS2_PLACEMENT_3D ( 'NONE', #280, #1662, #3056 ) ;
#1594 = SURFACE_SIDE_STYLE ('',( #213 ) ) ;
#1595 =( NAMED_UNIT ( * ) PLANE_ANGLE_UNIT ( ) SI_UNIT ( $, .RADIAN. ) );
#1596 = MECHANICAL_DESIGN_GEOMETRIC_PRESENTATION_REPRESENTATION (  '', ( #2325 ), #4064 ) ;
#1597 = PLANE ( 'NONE',  #700 ) ;
#1598 =( NAMED_UNIT ( * ) SI_UNIT ( $, .STERADIAN. ) SOLID_ANGLE_UNIT ( ) );
#1599 = EDGE_LOOP ( 'NONE', ( #1741, #4041, #891, #3681 ) ) ;
#1600 = SURFACE_SIDE_STYLE ('',( #1227 ) ) ;
#1601 =( LENGTH_UNIT ( ) NAMED_UNIT ( * ) SI_UNIT ( .MILLI., .METRE. ) );
#1602 = EDGE_CURVE ( 'NONE', #4157, #1431, #1387, .T. ) ;
#1603 = CARTESIAN_POINT ( 'NONE',  ( 77.60000000000000853, -30.35600000000000165, -5.000000000000000000 ) ) ;
#1604 = ORIENTED_EDGE ( 'NONE', *, *, #2631, .T. ) ;
#1605 = EDGE_LOOP ( 'NONE', ( #1370, #2661, #1239, #759 ) ) ;
#1606 = FILL_AREA_STYLE_COLOUR ( '', #4382 ) ;
#1607 = DIRECTION ( 'NONE',  ( 0.000000000000000000, -0.000000000000000000, -1.000000000000000000 ) ) ;
#1608 =( LENGTH_UNIT ( ) NAMED_UNIT ( * ) SI_UNIT ( .MILLI., .METRE. ) );
#1609 = ORIENTED_EDGE ( 'NONE', *, *, #4441, .T. ) ;
#1610 = DIRECTION ( 'NONE',  ( -1.000000000000000000, 0.000000000000000000, 0.000000000000000000 ) ) ;
#1611 = ORIENTED_EDGE ( 'NONE', *, *, #2900, .T. ) ;
#1612 = DIRECTION ( 'NONE',  ( 0.000000000000000000, 1.000000000000000000, 0.000000000000000000 ) ) ;
#1613 = DIRECTION ( 'NONE',  ( 0.000000000000000000, 1.000000000000000000, 0.000000000000000000 ) ) ;
#1614 = FACE_BOUND ( 'NONE', #3800, .T. ) ;
#1615 = UNCERTAINTY_MEASURE_WITH_UNIT (LENGTH_MEASURE( 1.000000000000000082E-05 ), #3570, 'distance_accuracy_value', 'NONE');
#1616 = STYLED_ITEM ( 'NONE', ( #2541 ), #4276 ) ;
#1617 = AXIS2_PLACEMENT_3D ( 'NONE', #566, #3319, #3967 ) ;
#1618 = DIRECTION ( 'NONE',  ( 0.000000000000000000, -0.000000000000000000, -1.000000000000000000 ) ) ;
#1620 = CARTESIAN_POINT ( 'NONE',  ( 0.000000000000000000, 0.000000000000000000, -5.000000000000000000 ) ) ;
#1619 = FACE_OUTER_BOUND ( 'NONE', #2790, .T. ) ;
#1621 = CARTESIAN_POINT ( 'NONE',  ( 145.4094739663944438, -0.1082411338503887765, 0.000000000000000000 ) ) ;
#1622 = MECHANICAL_DESIGN_GEOMETRIC_PRESENTATION_REPRESENTATION (  '', ( #374 ), #4253 ) ;
#1623 = ORIENTED_EDGE ( 'NONE', *, *, #2556, .T. ) ;
#1624 =( LENGTH_UNIT ( ) NAMED_UNIT ( * ) SI_UNIT ( .MILLI., .METRE. ) );
#1625 = DIRECTION ( 'NONE',  ( 0.000000000000000000, 0.000000000000000000, 1.000000000000000000 ) ) ;
#1626 = DIRECTION ( 'NONE',  ( 0.000000000000000000, -1.000000000000000000, 0.000000000000000000 ) ) ;
#1627 = LINE ( 'NONE', #2029, #3764 ) ;
#1628 = VERTEX_POINT ( 'NONE', #3187 ) ;
#1629 = VERTEX_POINT ( 'NONE', #105 ) ;
#1630 = ADVANCED_FACE ( 'NONE', ( #3841 ), #1480, .F. ) ;
#1632 =( NAMED_UNIT ( * ) SI_UNIT ( $, .STERADIAN. ) SOLID_ANGLE_UNIT ( ) );
#1631 = DIRECTION ( 'NONE',  ( 0.0007443882500148174585, 0.9999997229430281909, 0.000000000000000000 ) ) ;
#1633 = SURFACE_STYLE_FILL_AREA ( #4072 ) ;
#1634 =( GEOMETRIC_REPRESENTATION_CONTEXT ( 3 ) GLOBAL_UNCERTAINTY_ASSIGNED_CONTEXT ( ( #571 ) ) GLOBAL_UNIT_ASSIGNED_CONTEXT ( ( #1557, #3609, #174 ) ) REPRESENTATION_CONTEXT ( 'NONE', 'WORKASPACE' ) );
#1635 = ORIENTED_EDGE ( 'NONE', *, *, #3098, .T. ) ;
#1636 = VERTEX_POINT ( 'NONE', #1919 ) ;
#1637 = ADVANCED_FACE ( 'NONE', ( #3669 ), #3327, .F. ) ;
#1638 = AXIS2_PLACEMENT_3D ( 'NONE', #3074, #2072, #3754 ) ;
#1639 = FILL_AREA_STYLE_COLOUR ( '', #3964 ) ;
#1640 = ORIENTED_EDGE ( 'NONE', *, *, #189, .F. ) ;
#1641 = VECTOR ( 'NONE', #467, 1000.000000000000000 ) ;
#1642 = VECTOR ( 'NONE', #1427, 1000.000000000000000 ) ;
#1643 = MECHANICAL_DESIGN_GEOMETRIC_PRESENTATION_REPRESENTATION (  '', ( #4042 ), #3912 ) ;
#1645 = LINE ( 'NONE', #4110, #3105 ) ;
#1644 = PRESENTATION_STYLE_ASSIGNMENT (( #4338 ) ) ;
#1646 = VECTOR ( 'NONE', #3902, 1000.000000000000000 ) ;
#1647 = FACE_OUTER_BOUND ( 'NONE', #853, .T. ) ;
#1648 =( NAMED_UNIT ( * ) PLANE_ANGLE_UNIT ( ) SI_UNIT ( $, .RADIAN. ) );
#1649 = AXIS2_PLACEMENT_3D ( 'NONE', #3871, #1079, #1346 ) ;
#1650 = ORIENTED_EDGE ( 'NONE', *, *, #3870, .F. ) ;
#1651 =( NAMED_UNIT ( * ) PLANE_ANGLE_UNIT ( ) SI_UNIT ( $, .RADIAN. ) );
#1652 = VECTOR ( 'NONE', #3911, 1000.000000000000000 ) ;
#1653 = CARTESIAN_POINT ( 'NONE',  ( 142.2894893310265729, -23.90599999999999525, -7.500000000000000000 ) ) ;
#1654 = SURFACE_STYLE_FILL_AREA ( #177 ) ;
#1655 = STYLED_ITEM ( 'NONE', ( #4062 ), #3304 ) ;
#1656 = ORIENTED_EDGE ( 'NONE', *, *, #701, .T. ) ;
#1657 = COLOUR_RGB ( '',0.007843137254901960675, 0.2392156862745097867, 0.8235294117647058432 ) ;
#1658 = EDGE_LOOP ( 'NONE', ( #2343, #2924, #2578, #673 ) ) ;
#1659 = DIRECTION ( 'NONE',  ( 0.000000000000000000, 1.000000000000000000, 0.000000000000000000 ) ) ;
#1660 = DIRECTION ( 'NONE',  ( 0.000000000000000000, -0.000000000000000000, 1.000000000000000000 ) ) ;
#1661 = UNCERTAINTY_MEASURE_WITH_UNIT (LENGTH_MEASURE( 1.000000000000000082E-05 ), #315, 'distance_accuracy_value', 'NONE');
#1662 = DIRECTION ( 'NONE',  ( -0.7071067811865471286, 0.000000000000000000, -0.7071067811865479058 ) ) ;
#1663 = VERTEX_POINT ( 'NONE', #1851 ) ;
#1664 = ORIENTED_EDGE ( 'NONE', *, *, #4473, .T. ) ;
#1665 = UNCERTAINTY_MEASURE_WITH_UNIT (LENGTH_MEASURE( 1.000000000000000082E-05 ), #1184, 'distance_accuracy_value', 'NONE');
#1666 = VECTOR ( 'NONE', #85, 1000.000000000000000 ) ;
#1667 = EDGE_CURVE ( 'NONE', #4073, #4178, #1197, .T. ) ;
#1668 = VERTEX_POINT ( 'NONE', #1533 ) ;
#1669 = VECTOR ( 'NONE', #1541, 1000.000000000000000 ) ;
#1670 = COLOUR_RGB ( '',0.007843137254901960675, 0.2392156862745097867, 0.8235294117647058432 ) ;
#1671 = CARTESIAN_POINT ( 'NONE',  ( 143.8475688975072160, -83.27000000000001023, -5.000000000000000000 ) ) ;
#1672 =( LENGTH_UNIT ( ) NAMED_UNIT ( * ) SI_UNIT ( .MILLI., .METRE. ) );
#1673 = EDGE_CURVE ( 'NONE', #3376, #1784, #2652, .T. ) ;
#1674 = DIRECTION ( 'NONE',  ( 0.000000000000000000, 0.000000000000000000, -1.000000000000000000 ) ) ;
#1675 = PRESENTATION_LAYER_ASSIGNMENT (  '', '', ( #3422 ) ) ;
#1676 = CARTESIAN_POINT ( 'NONE',  ( 110.4900000000000091, -83.27000000000001023, 107.1843411028349493 ) ) ;
#1678 = DIRECTION ( 'NONE',  ( 0.000000000000000000, 0.000000000000000000, -1.000000000000000000 ) ) ;
#1677 = DIRECTION ( 'NONE',  ( 0.000000000000000000, 0.000000000000000000, -1.000000000000000000 ) ) ;
#1679 =( NAMED_UNIT ( * ) SI_UNIT ( $, .STERADIAN. ) SOLID_ANGLE_UNIT ( ) );
#1680 = ORIENTED_EDGE ( 'NONE', *, *, #4215, .T. ) ;
#1681 = PRESENTATION_STYLE_ASSIGNMENT (( #4118 ) ) ;
#1682 = DIRECTION ( 'NONE',  ( 0.000000000000000000, -1.000000000000000000, 0.000000000000000000 ) ) ;
#1684 =( NAMED_UNIT ( * ) SI_UNIT ( $, .STERADIAN. ) SOLID_ANGLE_UNIT ( ) );
#1683 = SURFACE_SIDE_STYLE ('',( #1038 ) ) ;
#1685 = CARTESIAN_POINT ( 'NONE',  ( 122.2399999999999949, -96.51999999999999602, 107.1843411028349493 ) ) ;
#1686 = ORIENTED_EDGE ( 'NONE', *, *, #2207, .F. ) ;
#1687 = FILL_AREA_STYLE ('',( #3420 ) ) ;
#1688 = SURFACE_STYLE_FILL_AREA ( #617 ) ;
#1689 = ORIENTED_EDGE ( 'NONE', *, *, #1673, .F. ) ;
#1690 = EDGE_CURVE ( 'NONE', #4448, #1100, #195, .T. ) ;
#1691 = FACE_OUTER_BOUND ( 'NONE', #2113, .T. ) ;
#1693 = DIRECTION ( 'NONE',  ( -1.000000000000000000, 0.000000000000000000, 1.156482317317870492E-16 ) ) ;
#1692 = SURFACE_SIDE_STYLE ('',( #4420 ) ) ;
#1694 = VECTOR ( 'NONE', #1959, 1000.000000000000000 ) ;
#1695 = PRESENTATION_LAYER_ASSIGNMENT (  '', '', ( #3737 ) ) ;
#1696 = EDGE_CURVE ( 'NONE', #3051, #2717, #1508, .T. ) ;
#1697 = CARTESIAN_POINT ( 'NONE',  ( 110.4900000000000091, -84.77000000000001023, -5.000000000000000000 ) ) ;
#1699 =( LENGTH_UNIT ( ) NAMED_UNIT ( * ) SI_UNIT ( .MILLI., .METRE. ) );
#1698 = DIRECTION ( 'NONE',  ( 0.7071067811865479058, 0.000000000000000000, -0.7071067811865472397 ) ) ;
#1700 = MECHANICAL_DESIGN_GEOMETRIC_PRESENTATION_REPRESENTATION (  '', ( #4386 ), #4179 ) ;
#1701 = ORIENTED_EDGE ( 'NONE', *, *, #3614, .T. ) ;
#1702 = PRESENTATION_LAYER_ASSIGNMENT (  '', '', ( #374 ) ) ;
#1703 = COLOUR_RGB ( '',0.007843137254901960675, 0.2392156862745097867, 0.8235294117647058432 ) ;
#1704 = DIRECTION ( 'NONE',  ( 0.0007443882500148758970, 0.9999997229430281909, 0.000000000000000000 ) ) ;
#1705 = DIRECTION ( 'NONE',  ( -0.000000000000000000, -0.000000000000000000, 1.000000000000000000 ) ) ;
#1706 = CARTESIAN_POINT ( 'NONE',  ( 145.2661120018323402, -46.73999999999999488, 0.000000000000000000 ) ) ;
#1707 = ORIENTED_EDGE ( 'NONE', *, *, #4122, .T. ) ;
#1708 = SURFACE_SIDE_STYLE ('',( #2792 ) ) ;
#1709 = VECTOR ( 'NONE', #3466, 1000.000000000000000 ) ;
#1710 = CARTESIAN_POINT ( 'NONE',  ( 119.7894893310265871, -135.7400000000000091, -6.500000000000000888 ) ) ;
#1711 = UNCERTAINTY_MEASURE_WITH_UNIT (LENGTH_MEASURE( 1.000000000000000082E-05 ), #4035, 'distance_accuracy_value', 'NONE');
#1712 = VERTEX_POINT ( 'NONE', #168 ) ;
#1713 = MECHANICAL_DESIGN_GEOMETRIC_PRESENTATION_REPRESENTATION (  '', ( #190 ), #3534 ) ;
#1714 =( NAMED_UNIT ( * ) SI_UNIT ( $, .STERADIAN. ) SOLID_ANGLE_UNIT ( ) );
#1715 = CARTESIAN_POINT ( 'NONE',  ( 110.4900000000000091, -108.2700000000000102, -5.000000000000000000 ) ) ;
#1716 = VECTOR ( 'NONE', #3111, 1000.000000000000000 ) ;
#1717 = PLANE ( 'NONE',  #398 ) ;
#1718 = EDGE_CURVE ( 'NONE', #3490, #1777, #3675, .T. ) ;
#1719 = AXIS2_PLACEMENT_3D ( 'NONE', #1685, #2690, #3416 ) ;
#1720 = VECTOR ( 'NONE', #3240, 1000.000000000000000 ) ;
#1721 = DIRECTION ( 'NONE',  ( 0.000000000000000000, 0.000000000000000000, -1.000000000000000000 ) ) ;
#1722 = LINE ( 'NONE', #627, #1193 ) ;
#1723 = DIRECTION ( 'NONE',  ( 0.000000000000000000, 0.000000000000000000, 1.000000000000000000 ) ) ;
#1724 = VERTEX_POINT ( 'NONE', #1899 ) ;
#1725 = VECTOR ( 'NONE', #4085, 1000.000000000000000 ) ;
#1726 = EDGE_LOOP ( 'NONE', ( #3733, #3709, #2380, #2806 ) ) ;
#1727 = EDGE_CURVE ( 'NONE', #4304, #4088, #550, .T. ) ;
#1728 = COLOUR_RGB ( '',0.007843137254901960675, 0.2392156862745097867, 0.8235294117647058432 ) ;
#1729 = FILL_AREA_STYLE ('',( #586 ) ) ;
#1730 = CARTESIAN_POINT ( 'NONE',  ( 75.20000000000000284, -19.95600000000000307, -3.000000000000000000 ) ) ;
#1732 = SURFACE_STYLE_USAGE ( .BOTH. , #349 ) ;
#1731 = LINE ( 'NONE', #2812, #2070 ) ;
#1733 = FACE_OUTER_BOUND ( 'NONE', #228, .T. ) ;
#1734 = ORIENTED_EDGE ( 'NONE', *, *, #3671, .T. ) ;
#1735 = EDGE_CURVE ( 'NONE', #2717, #3436, #1645, .T. ) ;
#1736 = STYLED_ITEM ( 'NONE', ( #3215 ), #3360 ) ;
#1737 = CARTESIAN_POINT ( 'NONE',  ( 77.60000000000000853, -84.77000000000001023, 124.1774298937790064 ) ) ;
#1738 = SURFACE_STYLE_USAGE ( .BOTH. , #4174 ) ;
#1739 = LINE ( 'NONE', #3132, #1481 ) ;
#1740 = AXIS2_PLACEMENT_3D ( 'NONE', #448, #2803, #3892 ) ;
#1741 = ORIENTED_EDGE ( 'NONE', *, *, #3926, .F. ) ;
#1742 = EDGE_LOOP ( 'NONE', ( #3321, #2103, #1689, #1166 ) ) ;
#1743 = DIRECTION ( 'NONE',  ( 0.000000000000000000, -1.000000000000000000, 0.000000000000000000 ) ) ;
#1744 = VECTOR ( 'NONE', #2022, 1000.000000000000000 ) ;
#1745 = CARTESIAN_POINT ( 'NONE',  ( 77.60000000000000853, -108.2700000000000102, -5.000000000000000000 ) ) ;
#1746 = CARTESIAN_POINT ( 'NONE',  ( 122.9900000000000091, -59.76999307357377234, -1.610000000000000320 ) ) ;
#1747 = UNCERTAINTY_MEASURE_WITH_UNIT (LENGTH_MEASURE( 1.000000000000000082E-05 ), #4012, 'distance_accuracy_value', 'NONE');
#1748 = VECTOR ( 'NONE', #1530, 1000.000000000000000 ) ;
#1749 = ORIENTED_EDGE ( 'NONE', *, *, #3614, .F. ) ;
#1750 = SURFACE_STYLE_FILL_AREA ( #2807 ) ;
#1751 = VERTEX_POINT ( 'NONE', #596 ) ;
#1752 = AXIS2_PLACEMENT_3D ( 'NONE', #3932, #4048, #1607 ) ;
#1753 = LINE ( 'NONE', #1084, #3017 ) ;
#1754 = LINE ( 'NONE', #3568, #3997 ) ;
#1755 = EDGE_CURVE ( 'NONE', #3448, #3028, #3089, .T. ) ;
#1756 = FACE_OUTER_BOUND ( 'NONE', #3762, .T. ) ;
#1757 = LINE ( 'NONE', #2865, #3834 ) ;
#1758 = ORIENTED_EDGE ( 'NONE', *, *, #363, .T. ) ;
#1759 = SURFACE_SIDE_STYLE ('',( #3174 ) ) ;
#1760 = CARTESIAN_POINT ( 'NONE',  ( 123.7400000000000091, -96.51999999999999602, 107.1843411028349493 ) ) ;
#1761 = EDGE_CURVE ( 'NONE', #4281, #3333, #3698, .T. ) ;
#1762 =( NAMED_UNIT ( * ) PLANE_ANGLE_UNIT ( ) SI_UNIT ( $, .RADIAN. ) );
#1763 = LINE ( 'NONE', #2818, #3456 ) ;
#1764 = UNCERTAINTY_MEASURE_WITH_UNIT (LENGTH_MEASURE( 1.000000000000000082E-05 ), #4188, 'distance_accuracy_value', 'NONE');
#1765 = ORIENTED_EDGE ( 'NONE', *, *, #661, .T. ) ;
#1766 = CARTESIAN_POINT ( 'NONE',  ( 122.9900000000000091, -58.26999307357377234, 107.1843411028349493 ) ) ;
#1767 = VERTEX_POINT ( 'NONE', #1341 ) ;
#1768 = CARTESIAN_POINT ( 'NONE',  ( 0.000000000000000000, -133.8399999999999750, 0.000000000000000000 ) ) ;
#1770 = PLANE ( 'NONE',  #2226 ) ;
#1769 = FILL_AREA_STYLE ('',( #3659 ) ) ;
#1771 = DIRECTION ( 'NONE',  ( 0.0007443882500148174585, 0.9999997229430281909, 0.000000000000000000 ) ) ;
#1772 = DIRECTION ( 'NONE',  ( 1.000000000000000000, 0.000000000000000000, 0.000000000000000000 ) ) ;
#1773 = FILL_AREA_STYLE_COLOUR ( '', #2394 ) ;
#1774 = ORIENTED_EDGE ( 'NONE', *, *, #3450, .F. ) ;
#1775 = VECTOR ( 'NONE', #3457, 1000.000000000000000 ) ;
#1776 = DIRECTION ( 'NONE',  ( 0.000000000000000000, -0.000000000000000000, 1.000000000000000000 ) ) ;
#1777 = VERTEX_POINT ( 'NONE', #648 ) ;
#1778 = VECTOR ( 'NONE', #2669, 1000.000000000000000 ) ;
#1779 = SURFACE_SIDE_STYLE ('',( #1421 ) ) ;
#1780 = CARTESIAN_POINT ( 'NONE',  ( 131.2894893310266013, -18.95599999999999952, -10.00000000000000000 ) ) ;
#1782 = SURFACE_SIDE_STYLE ('',( #2524 ) ) ;
#1781 =( LENGTH_UNIT ( ) NAMED_UNIT ( * ) SI_UNIT ( .MILLI., .METRE. ) );
#1783 = FILL_AREA_STYLE ('',( #2844 ) ) ;
#1784 = VERTEX_POINT ( 'NONE', #3405 ) ;
#1785 = EDGE_CURVE ( 'NONE', #3134, #2281, #1995, .T. ) ;
#1786 = CIRCLE ( 'NONE', #819, 1.599999999999990319 ) ;
#1787 = FACE_OUTER_BOUND ( 'NONE', #3773, .T. ) ;
#1788 = LINE ( 'NONE', #2528, #1646 ) ;
#1789 = VECTOR ( 'NONE', #3279, 1000.000000000000000 ) ;
#1790 = VERTEX_POINT ( 'NONE', #1364 ) ;
#1791 = FILL_AREA_STYLE ('',( #2849 ) ) ;
#1792 = CARTESIAN_POINT ( 'NONE',  ( 139.2894893310265729, -138.7899999999999636, -10.00000000000000000 ) ) ;
#1794 = SURFACE_SIDE_STYLE ('',( #360 ) ) ;
#1793 =( NAMED_UNIT ( * ) PLANE_ANGLE_UNIT ( ) SI_UNIT ( $, .RADIAN. ) );
#1795 = AXIS2_PLACEMENT_3D ( 'NONE', #707, #2429, #2456 ) ;
#1796 =( GEOMETRIC_REPRESENTATION_CONTEXT ( 3 ) GLOBAL_UNCERTAINTY_ASSIGNED_CONTEXT ( ( #2804 ) ) GLOBAL_UNIT_ASSIGNED_CONTEXT ( ( #1601, #3676, #1955 ) ) REPRESENTATION_CONTEXT ( 'NONE', 'WORKASPACE' ) );
#1797 =( NAMED_UNIT ( * ) PLANE_ANGLE_UNIT ( ) SI_UNIT ( $, .RADIAN. ) );
#1798 = CARTESIAN_POINT ( 'NONE',  ( 122.9900000000000091, -58.26999307357377234, -5.000000000000000000 ) ) ;
#1799 = UNCERTAINTY_MEASURE_WITH_UNIT (LENGTH_MEASURE( 1.000000000000000082E-05 ), #2400, 'distance_accuracy_value', 'NONE');
#1800 =( NAMED_UNIT ( * ) PLANE_ANGLE_UNIT ( ) SI_UNIT ( $, .RADIAN. ) );
#1801 = ORIENTED_EDGE ( 'NONE', *, *, #2344, .T. ) ;
#1802 = FACE_OUTER_BOUND ( 'NONE', #744, .T. ) ;
#1803 = ORIENTED_EDGE ( 'NONE', *, *, #2313, .T. ) ;
#1804 = AXIS2_PLACEMENT_3D ( 'NONE', #532, #3627, #4363 ) ;
#1805 = CARTESIAN_POINT ( 'NONE',  ( 110.4900000000000091, -84.77000000000001023, -5.000000000000000000 ) ) ;
#1806 = CARTESIAN_POINT ( 'NONE',  ( 0.000000000000000000, -132.3399999999999750, 124.1774298937790064 ) ) ;
#1807 = ORIENTED_EDGE ( 'NONE', *, *, #3555, .T. ) ;
#1808 = EDGE_CURVE ( 'NONE', #3503, #3103, #981, .T. ) ;
#1809 = COLOUR_RGB ( '',0.007843137254901960675, 0.2392156862745097867, 0.8235294117647058432 ) ;
#1810 = CARTESIAN_POINT ( 'NONE',  ( 122.2399999999999949, -84.77000000000001023, -1.610000000000000320 ) ) ;
#1811 = MECHANICAL_DESIGN_GEOMETRIC_PRESENTATION_REPRESENTATION (  '', ( #2617 ), #3 ) ;
#1812 = DIRECTION ( 'NONE',  ( 0.000000000000000000, 0.000000000000000000, -1.000000000000000000 ) ) ;
#1813 = EDGE_CURVE ( 'NONE', #1983, #4157, #953, .T. ) ;
#1814 = DIRECTION ( 'NONE',  ( -0.000000000000000000, 1.000000000000000000, -0.000000000000000000 ) ) ;
#1815 = CARTESIAN_POINT ( 'NONE',  ( 0.000000000000000000, -132.3399999999999750, -5.000000000000000000 ) ) ;
#1816 = SURFACE_SIDE_STYLE ('',( #3584 ) ) ;
#1817 = ORIENTED_EDGE ( 'NONE', *, *, #4113, .T. ) ;
#1818 =( LENGTH_UNIT ( ) NAMED_UNIT ( * ) SI_UNIT ( .MILLI., .METRE. ) );
#1819 = DIRECTION ( 'NONE',  ( 0.000000000000000000, 0.000000000000000000, -1.000000000000000000 ) ) ;
#1820 =( NAMED_UNIT ( * ) SI_UNIT ( $, .STERADIAN. ) SOLID_ANGLE_UNIT ( ) );
#1821 =( LENGTH_UNIT ( ) NAMED_UNIT ( * ) SI_UNIT ( .MILLI., .METRE. ) );
#1822 = VERTEX_POINT ( 'NONE', #4466 ) ;
#1823 = FILL_AREA_STYLE_COLOUR ( '', #271 ) ;
#1824 = LINE ( 'NONE', #3532, #3842 ) ;
#1825 = DIRECTION ( 'NONE',  ( -1.000000000000000000, 0.000000000000000000, 0.000000000000000000 ) ) ;
#1826 = ADVANCED_FACE ( 'NONE', ( #3724 ), #267, .F. ) ;
#1827 = CARTESIAN_POINT ( 'NONE',  ( 131.2894893310266013, -143.7400000000000091, -10.00000000000000000 ) ) ;
#1828 = CARTESIAN_POINT ( 'NONE',  ( 86.70000000000000284, -18.95599999999999952, -6.500000000000000888 ) ) ;
#1829 = DIRECTION ( 'NONE',  ( 0.000000000000000000, 0.000000000000000000, -1.000000000000000000 ) ) ;
#1830 = VERTEX_POINT ( 'NONE', #3788 ) ;
#1831 = LINE ( 'NONE', #3978, #4093 ) ;
#1832 = EDGE_CURVE ( 'NONE', #45, #1080, #2463, .T. ) ;
#1833 = CARTESIAN_POINT ( 'NONE',  ( 143.8869574682813948, -30.35599999999999810, -1.610000000000000320 ) ) ;
#1834 =( LENGTH_UNIT ( ) NAMED_UNIT ( * ) SI_UNIT ( .MILLI., .METRE. ) );
#1835 = FACE_OUTER_BOUND ( 'NONE', #2075, .T. ) ;
#1836 = ORIENTED_EDGE ( 'NONE', *, *, #3702, .T. ) ;
#1837 = EDGE_CURVE ( 'NONE', #1299, #2715, #4399, .T. ) ;
#1838 =( GEOMETRIC_REPRESENTATION_CONTEXT ( 3 ) GLOBAL_UNCERTAINTY_ASSIGNED_CONTEXT ( ( #2501 ) ) GLOBAL_UNIT_ASSIGNED_CONTEXT ( ( #2971, #564, #3294 ) ) REPRESENTATION_CONTEXT ( 'NONE', 'WORKASPACE' ) );
#1839 = PRESENTATION_STYLE_ASSIGNMENT (( #4172 ) ) ;
#1840 = LINE ( 'NONE', #2846, #4480 ) ;
#1841 = CARTESIAN_POINT ( 'NONE',  ( 77.60000000000000853, 0.000000000000000000, -5.000000000000000000 ) ) ;
#1842 = UNCERTAINTY_MEASURE_WITH_UNIT (LENGTH_MEASURE( 1.000000000000000082E-05 ), #2286, 'distance_accuracy_value', 'NONE');
#1843 = VECTOR ( 'NONE', #1923, 1000.000000000000000 ) ;
#1844 = VERTEX_POINT ( 'NONE', #102 ) ;
#1845 = PRESENTATION_LAYER_ASSIGNMENT (  '', '', ( #2150 ) ) ;
#1846 = CARTESIAN_POINT ( 'NONE',  ( 143.8278426034165136, -109.7700000000000102, -1.610000000000000320 ) ) ;
#1847 = STYLED_ITEM ( 'NONE', ( #439 ), #3958 ) ;
#1848 = PRESENTATION_STYLE_ASSIGNMENT (( #3578 ) ) ;
#1849 = CARTESIAN_POINT ( 'NONE',  ( 122.9900000000000091, -59.76999307357377234, -5.000000000000000000 ) ) ;
#1851 = CARTESIAN_POINT ( 'NONE',  ( 122.2399999999999949, -132.3399999999999750, -5.000000000000000000 ) ) ;
#1850 = SURFACE_SIDE_STYLE ('',( #1459 ) ) ;
#1852 = AXIS2_PLACEMENT_3D ( 'NONE', #462, #817, #4298 ) ;
#1853 = EDGE_CURVE ( 'NONE', #1249, #259, #2825, .T. ) ;
#1854 = CARTESIAN_POINT ( 'NONE',  ( 0.000000000000000000, 0.000000000000000000, -5.000000000000000000 ) ) ;
#1855 = VERTEX_POINT ( 'NONE', #2465 ) ;
#1856 = MECHANICAL_DESIGN_GEOMETRIC_PRESENTATION_REPRESENTATION (  '', ( #4033 ), #1339 ) ;
#1857 = SURFACE_SIDE_STYLE ('',( #2565 ) ) ;
#1858 = FILL_AREA_STYLE_COLOUR ( '', #762 ) ;
#1859 = EDGE_CURVE ( 'NONE', #830, #2066, #1410, .T. ) ;
#1860 = SURFACE_STYLE_FILL_AREA ( #2172 ) ;
#1861 = EDGE_LOOP ( 'NONE', ( #2201, #2333, #3715, #1326 ) ) ;
#1862 = VECTOR ( 'NONE', #3255, 1000.000000000000000 ) ;
#1863 =( GEOMETRIC_REPRESENTATION_CONTEXT ( 3 ) GLOBAL_UNCERTAINTY_ASSIGNED_CONTEXT ( ( #2493 ) ) GLOBAL_UNIT_ASSIGNED_CONTEXT ( ( #1542, #423, #876 ) ) REPRESENTATION_CONTEXT ( 'NONE', 'WORKASPACE' ) );
#1864 = CARTESIAN_POINT ( 'NONE',  ( 98.74000000000000909, -96.52000000000001023, -1.610000000000000320 ) ) ;
#1865 = EDGE_CURVE ( 'NONE', #1105, #4075, #2182, .T. ) ;
#1866 = ORIENTED_EDGE ( 'NONE', *, *, #743, .F. ) ;
#1867 = SURFACE_SIDE_STYLE ('',( #58 ) ) ;
#1868 = PRESENTATION_LAYER_ASSIGNMENT (  '', '', ( #1272 ) ) ;
#1869 = CARTESIAN_POINT ( 'NONE',  ( 123.2894893310266013, -18.95599999999999952, -10.00000000000000000 ) ) ;
#1870 =( GEOMETRIC_REPRESENTATION_CONTEXT ( 3 ) GLOBAL_UNCERTAINTY_ASSIGNED_CONTEXT ( ( #1430 ) ) GLOBAL_UNIT_ASSIGNED_CONTEXT ( ( #3267, #804, #2934 ) ) REPRESENTATION_CONTEXT ( 'NONE', 'WORKASPACE' ) );
#1871 = FACE_BOUND ( 'NONE', #2144, .T. ) ;
#1872 = STYLED_ITEM ( 'NONE', ( #4272 ), #3335 ) ;
#1873 = CARTESIAN_POINT ( 'NONE',  ( 122.2399999999999949, -108.2700000000000102, 107.1843411028349493 ) ) ;
#1874 = CARTESIAN_POINT ( 'NONE',  ( 98.74000000000000909, -96.52000000000001023, 107.1843411028349493 ) ) ;
#1875 = SURFACE_STYLE_USAGE ( .BOTH. , #2165 ) ;
#1876 = ORIENTED_EDGE ( 'NONE', *, *, #11, .T. ) ;
#1877 = MECHANICAL_DESIGN_GEOMETRIC_PRESENTATION_REPRESENTATION (  '', ( #3851 ), #3553 ) ;
#1878 = DIRECTION ( 'NONE',  ( 0.000000000000000000, 0.000000000000000000, 1.000000000000000000 ) ) ;
#1879 = CARTESIAN_POINT ( 'NONE',  ( 77.60000000000000853, -58.26999307357377234, 124.1774298937790064 ) ) ;
#1880 =( LENGTH_UNIT ( ) NAMED_UNIT ( * ) SI_UNIT ( .MILLI., .METRE. ) );
#1882 = DIRECTION ( 'NONE',  ( -1.000000000000000000, 0.000000000000000000, 0.000000000000000000 ) ) ;
#1881 = CARTESIAN_POINT ( 'NONE',  ( 97.24000000000000909, -132.3399999999999750, -1.610000000000000320 ) ) ;
#1883 = AXIS2_PLACEMENT_3D ( 'NONE', #3865, #714, #2486 ) ;
#1884 = FACE_OUTER_BOUND ( 'NONE', #3746, .T. ) ;
#1885 = COLOUR_RGB ( '',0.007843137254901960675, 0.2392156862745097867, 0.8235294117647058432 ) ;
#1886 = ORIENTED_EDGE ( 'NONE', *, *, #1690, .F. ) ;
#1887 = EDGE_CURVE ( 'NONE', #3028, #4075, #3837, .T. ) ;
#1888 = FACE_OUTER_BOUND ( 'NONE', #159, .T. ) ;
#1889 = CARTESIAN_POINT ( 'NONE',  ( 75.20000000000000284, -19.95600000000000307, 0.000000000000000000 ) ) ;
#1890 = DIRECTION ( 'NONE',  ( 1.000000000000000000, 0.000000000000000000, 0.000000000000000000 ) ) ;
#1891 = MECHANICAL_DESIGN_GEOMETRIC_PRESENTATION_REPRESENTATION (  '', ( #3422 ), #298 ) ;
#1892 = VERTEX_POINT ( 'NONE', #444 ) ;
#1893 = EDGE_CURVE ( 'NONE', #4221, #4247, #1456, .T. ) ;
#1894 = VECTOR ( 'NONE', #3808, 1000.000000000000000 ) ;
#1895 = FILL_AREA_STYLE ('',( #3718 ) ) ;
#1896 = CARTESIAN_POINT ( 'NONE',  ( 79.19999999999998863, -138.7899999999999920, -7.500000000000000000 ) ) ;
#1897 = UNCERTAINTY_MEASURE_WITH_UNIT (LENGTH_MEASURE( 1.000000000000000082E-05 ), #1880, 'distance_accuracy_value', 'NONE');
#1899 = CARTESIAN_POINT ( 'NONE',  ( 146.2894893310266013, -19.95600000000000307, -3.000000000000000000 ) ) ;
#1898 = SURFACE_STYLE_USAGE ( .BOTH. , #3626 ) ;
#1900 = ORIENTED_EDGE ( 'NONE', *, *, #720, .T. ) ;
#1901 = SURFACE_STYLE_USAGE ( .BOTH. , #3544 ) ;
#1902 = FACE_OUTER_BOUND ( 'NONE', #1255, .T. ) ;
#1903 = CARTESIAN_POINT ( 'NONE',  ( 98.74000000000000909, -84.77000000000001023, -5.000000000000000000 ) ) ;
#1904 = DIRECTION ( 'NONE',  ( 1.000000000000000000, 0.000000000000000000, 0.000000000000000000 ) ) ;
#1905 = PLANE ( 'NONE',  #2460 ) ;
#1906 = ORIENTED_EDGE ( 'NONE', *, *, #288, .T. ) ;
#1907 = ORIENTED_EDGE ( 'NONE', *, *, #2158, .F. ) ;
#1908 = DIRECTION ( 'NONE',  ( 0.000000000000000000, -1.000000000000000000, 0.000000000000000000 ) ) ;
#1909 = CARTESIAN_POINT ( 'NONE',  ( 122.9900000000000091, -58.26999307357377234, -1.610000000000000320 ) ) ;
#1910 = EDGE_CURVE ( 'NONE', #1462, #4416, #734, .T. ) ;
#1911 = ORIENTED_EDGE ( 'NONE', *, *, #3045, .T. ) ;
#1912 = FILL_AREA_STYLE ('',( #1543 ) ) ;
#1913 = STYLED_ITEM ( 'NONE', ( #1839 ), #4089 ) ;
#1914 = VECTOR ( 'NONE', #172, 1000.000000000000000 ) ;
#1915 =( GEOMETRIC_REPRESENTATION_CONTEXT ( 3 ) GLOBAL_UNCERTAINTY_ASSIGNED_CONTEXT ( ( #1711 ) ) GLOBAL_UNIT_ASSIGNED_CONTEXT ( ( #4035, #1247, #934 ) ) REPRESENTATION_CONTEXT ( 'NONE', 'WORKASPACE' ) );
#1916 = PRESENTATION_STYLE_ASSIGNMENT (( #502 ) ) ;
#1917 = ADVANCED_FACE ( 'NONE', ( #2886 ), #3811, .F. ) ;
#1918 = CARTESIAN_POINT ( 'NONE',  ( 140.8894893310265672, -23.90599999999999525, -10.00000000000000178 ) ) ;
#1919 = CARTESIAN_POINT ( 'NONE',  ( 143.8464523148228409, -84.77000000000001023, -1.610000000000000320 ) ) ;
#1920 = DIRECTION ( 'NONE',  ( 1.000000000000000000, 0.000000000000000000, 0.000000000000000000 ) ) ;
#1921 = PLANE ( 'NONE',  #2366 ) ;
#1922 = CARTESIAN_POINT ( 'NONE',  ( 122.2399999999999949, -96.51999999999999602, 107.1843411028349493 ) ) ;
#1923 = DIRECTION ( 'NONE',  ( 0.000000000000000000, -1.000000000000000000, 0.000000000000000000 ) ) ;
#1924 = MECHANICAL_DESIGN_GEOMETRIC_PRESENTATION_REPRESENTATION (  '', ( #620 ), #2595 ) ;
#1925 = CARTESIAN_POINT ( 'NONE',  ( 123.7400000000000091, -96.51999999999999602, 107.1843411028349493 ) ) ;
#1926 = SURFACE_STYLE_USAGE ( .BOTH. , #3409 ) ;
#1927 = ORIENTED_EDGE ( 'NONE', *, *, #2908, .F. ) ;
#1928 = ORIENTED_EDGE ( 'NONE', *, *, #2307, .T. ) ;
#1929 = VECTOR ( 'NONE', #4187, 1000.000000000000000 ) ;
#1930 = DIRECTION ( 'NONE',  ( 0.000000000000000000, 0.000000000000000000, -1.000000000000000000 ) ) ;
#1931 =( GEOMETRIC_REPRESENTATION_CONTEXT ( 3 ) GLOBAL_UNCERTAINTY_ASSIGNED_CONTEXT ( ( #2954 ) ) GLOBAL_UNIT_ASSIGNED_CONTEXT ( ( #3348, #2752, #1295 ) ) REPRESENTATION_CONTEXT ( 'NONE', 'WORKASPACE' ) );
#1932 = CARTESIAN_POINT ( 'NONE',  ( 0.000000000000000000, -143.7400000000000091, 0.000000000000000000 ) ) ;
#1933 =( LENGTH_UNIT ( ) NAMED_UNIT ( * ) SI_UNIT ( .MILLI., .METRE. ) );
#1934 = AXIS2_PLACEMENT_3D ( 'NONE', #2577, #507, #1572 ) ;
#1935 = LINE ( 'NONE', #1589, #3956 ) ;
#1936 = VECTOR ( 'NONE', #970, 1000.000000000000000 ) ;
#1937 = ORIENTED_EDGE ( 'NONE', *, *, #3423, .T. ) ;
#1938 = FACE_OUTER_BOUND ( 'NONE', #3334, .T. ) ;
#1939 =( GEOMETRIC_REPRESENTATION_CONTEXT ( 3 ) GLOBAL_UNCERTAINTY_ASSIGNED_CONTEXT ( ( #4316 ) ) GLOBAL_UNIT_ASSIGNED_CONTEXT ( ( #997, #2356, #2014 ) ) REPRESENTATION_CONTEXT ( 'NONE', 'WORKASPACE' ) );
#1940 = DIRECTION ( 'NONE',  ( 0.000000000000000000, 0.000000000000000000, -1.000000000000000000 ) ) ;
#1941 =( NAMED_UNIT ( * ) SI_UNIT ( $, .STERADIAN. ) SOLID_ANGLE_UNIT ( ) );
#1942 = AXIS2_PLACEMENT_3D ( 'NONE', #793, #179, #828 ) ;
#1943 = UNCERTAINTY_MEASURE_WITH_UNIT (LENGTH_MEASURE( 1.000000000000000082E-05 ), #1672, 'distance_accuracy_value', 'NONE');
#1944 = STYLED_ITEM ( 'NONE', ( #1397 ), #2955 ) ;
#1945 = EDGE_CURVE ( 'NONE', #3333, #3628, #3203, .T. ) ;
#1946 = FACE_OUTER_BOUND ( 'NONE', #892, .T. ) ;
#1947 = SURFACE_STYLE_FILL_AREA ( #3975 ) ;
#1948 = FILL_AREA_STYLE_COLOUR ( '', #1728 ) ;
#1949 =( GEOMETRIC_REPRESENTATION_CONTEXT ( 3 ) GLOBAL_UNCERTAINTY_ASSIGNED_CONTEXT ( ( #3177 ) ) GLOBAL_UNIT_ASSIGNED_CONTEXT ( ( #2248, #3606, #3221 ) ) REPRESENTATION_CONTEXT ( 'NONE', 'WORKASPACE' ) );
#1950 = FACE_OUTER_BOUND ( 'NONE', #2205, .T. ) ;
#1951 = MECHANICAL_DESIGN_GEOMETRIC_PRESENTATION_REPRESENTATION (  '', ( #1140 ), #2763 ) ;
#1952 = EDGE_CURVE ( 'NONE', #2066, #1583, #3887, .T. ) ;
#1953 = EDGE_LOOP ( 'NONE', ( #2822, #950, #4198, #2586 ) ) ;
#1954 = SURFACE_STYLE_FILL_AREA ( #410 ) ;
#1955 =( NAMED_UNIT ( * ) SI_UNIT ( $, .STERADIAN. ) SOLID_ANGLE_UNIT ( ) );
#1956 = CARTESIAN_POINT ( 'NONE',  ( 110.4900000000000091, -109.7700000000000102, -1.610000000000000320 ) ) ;
#1957 = ORIENTED_EDGE ( 'NONE', *, *, #1727, .T. ) ;
#1958 = ORIENTED_EDGE ( 'NONE', *, *, #2817, .T. ) ;
#1959 = DIRECTION ( 'NONE',  ( 0.000000000000000000, -1.000000000000000000, 0.000000000000000000 ) ) ;
#1960 = DIRECTION ( 'NONE',  ( 0.000000000000000000, -0.000000000000000000, -1.000000000000000000 ) ) ;
#1961 = FILL_AREA_STYLE_COLOUR ( '', #1452 ) ;
#1962 = VERTEX_POINT ( 'NONE', #382 ) ;
#1963 = COLOUR_RGB ( '',0.007843137254901960675, 0.2392156862745097867, 0.8235294117647058432 ) ;
#1964 = PRODUCT ( 'Part21^LogicPad', 'Part21^LogicPad', '', ( #1077 ) ) ;
#1965 = EDGE_LOOP ( 'NONE', ( #116, #2859, #2705, #3432 ) ) ;
#1966 = DIRECTION ( 'NONE',  ( -0.000000000000000000, 1.000000000000000000, -0.000000000000000000 ) ) ;
#1967 = LINE ( 'NONE', #2357, #4099 ) ;
#1968 = SURFACE_STYLE_FILL_AREA ( #3373 ) ;
#1969 = PRESENTATION_STYLE_ASSIGNMENT (( #3564 ) ) ;
#1970 = DIRECTION ( 'NONE',  ( 0.000000000000000000, 0.000000000000000000, -1.000000000000000000 ) ) ;
#1971 = ADVANCED_FACE ( 'NONE', ( #691 ), #1770, .F. ) ;
#1972 = ORIENTED_EDGE ( 'NONE', *, *, #2667, .F. ) ;
#1973 = SURFACE_SIDE_STYLE ('',( #580 ) ) ;
#1975 = CARTESIAN_POINT ( 'NONE',  ( 77.60000000000000853, 0.000000000000000000, 124.1774298937790064 ) ) ;
#1974 = SURFACE_STYLE_USAGE ( .BOTH. , #4427 ) ;
#1976 = ORIENTED_EDGE ( 'NONE', *, *, #4177, .T. ) ;
#1977 = ORIENTED_EDGE ( 'NONE', *, *, #2704, .F. ) ;
#1978 = EDGE_CURVE ( 'NONE', #4088, #1777, #4358, .T. ) ;
#1979 = SURFACE_SIDE_STYLE ('',( #2990 ) ) ;
#1981 = SURFACE_SIDE_STYLE ('',( #127 ) ) ;
#1980 = LINE ( 'NONE', #3358, #1549 ) ;
#1982 = FILL_AREA_STYLE_COLOUR ( '', #1498 ) ;
#1983 = VERTEX_POINT ( 'NONE', #149 ) ;
#1984 = EDGE_CURVE ( 'NONE', #739, #4461, #3282, .T. ) ;
#1985 = DIRECTION ( 'NONE',  ( -1.000000000000000000, 0.000000000000000000, 0.000000000000000000 ) ) ;
#1986 = VERTEX_POINT ( 'NONE', #801 ) ;
#1987 = CARTESIAN_POINT ( 'NONE',  ( 74.20000000000000284, -135.7400000000000091, -10.00000000000000000 ) ) ;
#1988 =( LENGTH_UNIT ( ) NAMED_UNIT ( * ) SI_UNIT ( .MILLI., .METRE. ) );
#1989 = UNCERTAINTY_MEASURE_WITH_UNIT (LENGTH_MEASURE( 1.000000000000000082E-05 ), #3014, 'distance_accuracy_value', 'NONE');
#1990 = MECHANICAL_DESIGN_GEOMETRIC_PRESENTATION_REPRESENTATION (  '', ( #2873 ), #1838 ) ;
#1991 = ORIENTED_EDGE ( 'NONE', *, *, #1690, .T. ) ;
#1992 = AXIS2_PLACEMENT_3D ( 'NONE', #2140, #2163, #2830 ) ;
#1993 = STYLED_ITEM ( 'NONE', ( #4097 ), #3533 ) ;
#1994 = CARTESIAN_POINT ( 'NONE',  ( 0.000000000000000000, -18.95599999999999952, 0.000000000000000000 ) ) ;
#1995 = LINE ( 'NONE', #2701, #1716 ) ;
#1996 = FILL_AREA_STYLE ('',( #3349 ) ) ;
#1997 = SURFACE_STYLE_FILL_AREA ( #1226 ) ;
#1998 = MECHANICAL_DESIGN_GEOMETRIC_PRESENTATION_REPRESENTATION (  '', ( #2218 ), #2362 ) ;
#1999 = ORIENTED_EDGE ( 'NONE', *, *, #1501, .T. ) ;
#2000 = DIRECTION ( 'NONE',  ( -0.000000000000000000, 1.000000000000000000, -0.000000000000000000 ) ) ;
#2001 = EDGE_CURVE ( 'NONE', #4189, #3503, #2634, .T. ) ;
#2002 = CARTESIAN_POINT ( 'NONE',  ( 77.60000000000000853, 0.000000000000000000, 124.1774298937790064 ) ) ;
#2003 = SURFACE_STYLE_FILL_AREA ( #3731 ) ;
#2004 = ORIENTED_EDGE ( 'NONE', *, *, #3526, .F. ) ;
#2005 = CARTESIAN_POINT ( 'NONE',  ( 110.4900000000000091, -84.77000000000001023, 107.1843411028349493 ) ) ;
#2006 = PRESENTATION_STYLE_ASSIGNMENT (( #4451 ) ) ;
#2007 = EDGE_CURVE ( 'NONE', #2281, #2189, #214, .T. ) ;
#2008 = SURFACE_STYLE_FILL_AREA ( #3657 ) ;
#2009 = LINE ( 'NONE', #2328, #1936 ) ;
#2010 =( GEOMETRIC_REPRESENTATION_CONTEXT ( 3 ) GLOBAL_UNCERTAINTY_ASSIGNED_CONTEXT ( ( #3721 ) ) GLOBAL_UNIT_ASSIGNED_CONTEXT ( ( #1988, #4056, #3438 ) ) REPRESENTATION_CONTEXT ( 'NONE', 'WORKASPACE' ) );
#2011 = ORIENTED_EDGE ( 'NONE', *, *, #743, .T. ) ;
#2012 = ORIENTED_EDGE ( 'NONE', *, *, #2823, .T. ) ;
#2013 = PRESENTATION_LAYER_ASSIGNMENT (  '', '', ( #3971 ) ) ;
#2014 =( NAMED_UNIT ( * ) SI_UNIT ( $, .STERADIAN. ) SOLID_ANGLE_UNIT ( ) );
#2015 = ADVANCED_FACE ( 'NONE', ( #4335 ), #3579, .T. ) ;
#2016 = VECTOR ( 'NONE', #1311, 1000.000000000000000 ) ;
#2017 =( NAMED_UNIT ( * ) SI_UNIT ( $, .STERADIAN. ) SOLID_ANGLE_UNIT ( ) );
#2018 = ORIENTED_EDGE ( 'NONE', *, *, #34, .F. ) ;
#2019 = AXIS2_PLACEMENT_3D ( 'NONE', #1317, #2048, #314 ) ;
#2020 = PRESENTATION_LAYER_ASSIGNMENT (  '', '', ( #481 ) ) ;
#2021 = VECTOR ( 'NONE', #3989, 1000.000000000000000 ) ;
#2022 = DIRECTION ( 'NONE',  ( -1.000000000000000000, 0.000000000000000000, -0.000000000000000000 ) ) ;
#2023 = SURFACE_STYLE_FILL_AREA ( #866 ) ;
#2024 = SURFACE_SIDE_STYLE ('',( #175 ) ) ;
#2025 = LINE ( 'NONE', #4493, #2405 ) ;
#2027 = FILL_AREA_STYLE_COLOUR ( '', #3920 ) ;
#2026 = FACE_BOUND ( 'NONE', #3151, .T. ) ;
#2028 = STYLED_ITEM ( 'NONE', ( #2411 ), #3329 ) ;
#2029 = CARTESIAN_POINT ( 'NONE',  ( 122.2399999999999949, -59.76999307357377234, 107.1843411028349493 ) ) ;
#2030 = EDGE_LOOP ( 'NONE', ( #2, #3946, #4381, #474 ) ) ;
#2031 =( GEOMETRIC_REPRESENTATION_CONTEXT ( 3 ) GLOBAL_UNCERTAINTY_ASSIGNED_CONTEXT ( ( #1989 ) ) GLOBAL_UNIT_ASSIGNED_CONTEXT ( ( #3014, #260, #526 ) ) REPRESENTATION_CONTEXT ( 'NONE', 'WORKASPACE' ) );
#2032 = ORIENTED_EDGE ( 'NONE', *, *, #2122, .F. ) ;
#2033 = PLANE ( 'NONE',  #2148 ) ;
#2034 = DIRECTION ( 'NONE',  ( -1.000000000000000000, 0.000000000000000000, 0.000000000000000000 ) ) ;
#2035 = SURFACE_STYLE_FILL_AREA ( #2666 ) ;
#2036 = VERTEX_POINT ( 'NONE', #2222 ) ;
#2037 = CARTESIAN_POINT ( 'NONE',  ( 90.20000000000000284, -18.95599999999999952, -10.00000000000000000 ) ) ;
#2038 = ADVANCED_FACE ( 'NONE', ( #3602, #4011, #1871, #1175, #1527, #2592, #3970, #839, #3041, #1614, #4127, #2065 ), #1000, .F. ) ;
#2039 = ORIENTED_EDGE ( 'NONE', *, *, #2369, .F. ) ;
#2040 = VECTOR ( 'NONE', #4446, 1000.000000000000000 ) ;
#2041 = SURFACE_STYLE_USAGE ( .BOTH. , #4457 ) ;
#2042 = FILL_AREA_STYLE ('',( #4460 ) ) ;
#2043 = UNCERTAINTY_MEASURE_WITH_UNIT (LENGTH_MEASURE( 1.000000000000000082E-05 ), #376, 'distance_accuracy_value', 'NONE');
#2044 = PRESENTATION_LAYER_ASSIGNMENT (  '', '', ( #2332 ) ) ;
#2045 = EDGE_LOOP ( 'NONE', ( #3566, #306, #3742, #2353 ) ) ;
#2046 = ADVANCED_FACE ( 'NONE', ( #2745 ), #2698, .T. ) ;
#2047 =( NAMED_UNIT ( * ) PLANE_ANGLE_UNIT ( ) SI_UNIT ( $, .RADIAN. ) );
#2049 = DIRECTION ( 'NONE',  ( 0.000000000000000000, 0.000000000000000000, -1.000000000000000000 ) ) ;
#2048 = DIRECTION ( 'NONE',  ( 0.000000000000000000, 0.000000000000000000, -1.000000000000000000 ) ) ;
#2050 = PRESENTATION_LAYER_ASSIGNMENT (  '', '', ( #1088 ) ) ;
#2051 = LINE ( 'NONE', #3494, #960 ) ;
#2052 = PRESENTATION_LAYER_ASSIGNMENT (  '', '', ( #2263 ) ) ;
#2053 = DIRECTION ( 'NONE',  ( 0.000000000000000000, -0.000000000000000000, 1.000000000000000000 ) ) ;
#2054 = PRESENTATION_STYLE_ASSIGNMENT (( #4494 ) ) ;
#2055 = DIRECTION ( 'NONE',  ( 0.000000000000000000, 0.000000000000000000, -1.000000000000000000 ) ) ;
#2056 = ORIENTED_EDGE ( 'NONE', *, *, #475, .F. ) ;
#2057 = ORIENTED_EDGE ( 'NONE', *, *, #221, .T. ) ;
#2058 =( NAMED_UNIT ( * ) PLANE_ANGLE_UNIT ( ) SI_UNIT ( $, .RADIAN. ) );
#2059 = PLANE ( 'NONE',  #3863 ) ;
#2061 = CARTESIAN_POINT ( 'NONE',  ( 139.2894893310265729, -138.7899999999999636, -7.500000000000000000 ) ) ;
#2060 =( NAMED_UNIT ( * ) SI_UNIT ( $, .STERADIAN. ) SOLID_ANGLE_UNIT ( ) );
#2062 = DIRECTION ( 'NONE',  ( -1.000000000000000000, 0.000000000000000000, 0.000000000000000000 ) ) ;
#2063 = EDGE_LOOP ( 'NONE', ( #927, #1604, #3582, #1167 ) ) ;
#2064 = EDGE_CURVE ( 'NONE', #2872, #1309, #3396, .T. ) ;
#2065 = FACE_BOUND ( 'NONE', #2030, .T. ) ;
#2066 = VERTEX_POINT ( 'NONE', #2308 ) ;
#2067 = SURFACE_STYLE_USAGE ( .BOTH. , #1316 ) ;
#2068 = EDGE_CURVE ( 'NONE', #3710, #2625, #286, .T. ) ;
#2069 = DIRECTION ( 'NONE',  ( -1.000000000000000000, 0.000000000000000000, 0.000000000000000000 ) ) ;
#2070 = VECTOR ( 'NONE', #4195, 1000.000000000000000 ) ;
#2071 = CARTESIAN_POINT ( 'NONE',  ( 123.2894893310266013, -135.7400000000000091, -10.00000000000000000 ) ) ;
#2073 = SURFACE_STYLE_FILL_AREA ( #1301 ) ;
#2072 = DIRECTION ( 'NONE',  ( 0.000000000000000000, 0.000000000000000000, -1.000000000000000000 ) ) ;
#2074 = CIRCLE ( 'NONE', #3168, 3.000000000000002665 ) ;
#2075 = EDGE_LOOP ( 'NONE', ( #3732, #3575, #3252, #1286 ) ) ;
#2076 = ORIENTED_EDGE ( 'NONE', *, *, #309, .F. ) ;
#2077 = STYLED_ITEM ( 'NONE', ( #731 ), #3934 ) ;
#2078 = AXIS2_PLACEMENT_3D ( 'NONE', #1975, #582, #1187 ) ;
#2080 = LINE ( 'NONE', #702, #2987 ) ;
#2079 = LINE ( 'NONE', #1396, #1775 ) ;
#2081 = DIRECTION ( 'NONE',  ( 0.000000000000000000, 1.000000000000000000, 0.000000000000000000 ) ) ;
#2082 = VERTEX_POINT ( 'NONE', #4104 ) ;
#2083 = LINE ( 'NONE', #307, #3462 ) ;
#2084 = CARTESIAN_POINT ( 'NONE',  ( 97.24000000000000909, -96.52000000000001023, 107.1843411028349493 ) ) ;
#2085 = AXIS2_PLACEMENT_3D ( 'NONE', #1922, #110, #1878 ) ;
#2086 = SURFACE_STYLE_FILL_AREA ( #1044 ) ;
#2087 = UNCERTAINTY_MEASURE_WITH_UNIT (LENGTH_MEASURE( 1.000000000000000082E-05 ), #257, 'distance_accuracy_value', 'NONE');
#2088 = ORIENTED_EDGE ( 'NONE', *, *, #4445, .F. ) ;
#2089 = FILL_AREA_STYLE ('',( #1948 ) ) ;
#2090 = VECTOR ( 'NONE', #3452, 1000.000000000000000 ) ;
#2091 = VERTEX_POINT ( 'NONE', #2383 ) ;
#2092 = CARTESIAN_POINT ( 'NONE',  ( 0.000000000000000000, -109.7700000000000102, -5.000000000000000000 ) ) ;
#2094 = FILL_AREA_STYLE_COLOUR ( '', #383 ) ;
#2093 = FILL_AREA_STYLE_COLOUR ( '', #2826 ) ;
#2095 = STYLED_ITEM ( 'NONE', ( #1969 ), #2574 ) ;
#2096 = VECTOR ( 'NONE', #4302, 1000.000000000000000 ) ;
#2097 = PRESENTATION_STYLE_ASSIGNMENT (( #4136 ) ) ;
#2098 = EDGE_CURVE ( 'NONE', #1431, #3927, #1404, .T. ) ;
#2099 = AXIS2_PLACEMENT_3D ( 'NONE', #4049, #613, #4391 ) ;
#2100 =( LENGTH_UNIT ( ) NAMED_UNIT ( * ) SI_UNIT ( .MILLI., .METRE. ) );
#2101 =( NAMED_UNIT ( * ) SI_UNIT ( $, .STERADIAN. ) SOLID_ANGLE_UNIT ( ) );
#2102 = ORIENTED_EDGE ( 'NONE', *, *, #2207, .T. ) ;
#2103 = ORIENTED_EDGE ( 'NONE', *, *, #1098, .F. ) ;
#2104 = EDGE_CURVE ( 'NONE', #4247, #4292, #377, .T. ) ;
#2105 = STYLED_ITEM ( 'NONE', ( #2188 ), #3281 ) ;
#2106 = FILL_AREA_STYLE_COLOUR ( '', #1885 ) ;
#2107 =( LENGTH_UNIT ( ) NAMED_UNIT ( * ) SI_UNIT ( .MILLI., .METRE. ) );
#2108 = DIRECTION ( 'NONE',  ( 1.000000000000000000, 0.000000000000000000, 0.000000000000000000 ) ) ;
#2109 = EDGE_LOOP ( 'NONE', ( #3058, #2302, #3454, #141 ) ) ;
#2110 = PRESENTATION_LAYER_ASSIGNMENT (  '', '', ( #1505 ) ) ;
#2111 = COLOUR_RGB ( '',0.007843137254901960675, 0.2392156862745097867, 0.8235294117647058432 ) ;
#2112 = ORIENTED_EDGE ( 'NONE', *, *, #1519, .T. ) ;
#2113 = EDGE_LOOP ( 'NONE', ( #430, #3156, #170, #325 ) ) ;
#2114 = CARTESIAN_POINT ( 'NONE',  ( 131.2894893310266013, -18.95599999999999952, -10.00000000000000000 ) ) ;
#2115 =( NAMED_UNIT ( * ) PLANE_ANGLE_UNIT ( ) SI_UNIT ( $, .RADIAN. ) );
#2116 = VECTOR ( 'NONE', #1361, 1000.000000000000000 ) ;
#2117 = DIRECTION ( 'NONE',  ( 0.000000000000000000, -1.000000000000000000, 0.000000000000000000 ) ) ;
#2118 = COLOUR_RGB ( '',0.007843137254901960675, 0.2392156862745097867, 0.8235294117647058432 ) ;
#2119 = FILL_AREA_STYLE ('',( #69 ) ) ;
#2120 = UNCERTAINTY_MEASURE_WITH_UNIT (LENGTH_MEASURE( 1.000000000000000082E-05 ), #1699, 'distance_accuracy_value', 'NONE');
#2121 = STYLED_ITEM ( 'NONE', ( #967 ), #525 ) ;
#2122 = EDGE_CURVE ( 'NONE', #1047, #3393, #1763, .T. ) ;
#2123 = EDGE_LOOP ( 'NONE', ( #357, #2445, #2875, #2349 ) ) ;
#2124 = ORIENTED_EDGE ( 'NONE', *, *, #4445, .T. ) ;
#2125 = DIRECTION ( 'NONE',  ( -1.000000000000000000, 0.000000000000000000, 0.000000000000000000 ) ) ;
#2126 = DIRECTION ( 'NONE',  ( 0.000000000000000000, -1.000000000000000000, -0.000000000000000000 ) ) ;
#2127 = PRODUCT_DEFINITION_CONTEXT ( 'detailed design', #476, 'design' ) ;
#2128 = CARTESIAN_POINT ( 'NONE',  ( 140.8894893310265672, -23.90599999999999525, 0.000000000000000000 ) ) ;
#2129 = EDGE_CURVE ( 'NONE', #616, #2189, #4204, .T. ) ;
#2130 = CARTESIAN_POINT ( 'NONE',  ( 145.3880744665513305, -28.85599999999999454, 0.000000000000000000 ) ) ;
#2131 = ORIENTED_EDGE ( 'NONE', *, *, #1211, .F. ) ;
#2132 = CARTESIAN_POINT ( 'NONE',  ( 76.09999999999999432, -28.85599999999999810, 0.000000000000000000 ) ) ;
#2133 =( LENGTH_UNIT ( ) NAMED_UNIT ( * ) SI_UNIT ( .MILLI., .METRE. ) );
#2134 = UNCERTAINTY_MEASURE_WITH_UNIT (LENGTH_MEASURE( 1.000000000000000082E-05 ), #1581, 'distance_accuracy_value', 'NONE');
#2135 = EDGE_LOOP ( 'NONE', ( #2403, #704, #942, #974 ) ) ;
#2136 = SURFACE_SIDE_STYLE ('',( #3861 ) ) ;
#2137 = STYLED_ITEM ( 'NONE', ( #2800 ), #1971 ) ;
#2138 = DIRECTION ( 'NONE',  ( 0.000000000000000000, -1.000000000000000000, 0.000000000000000000 ) ) ;
#2139 =( NAMED_UNIT ( * ) SI_UNIT ( $, .STERADIAN. ) SOLID_ANGLE_UNIT ( ) );
#2140 = CARTESIAN_POINT ( 'NONE',  ( 0.000000000000000000, 0.000000000000000000, 0.000000000000000000 ) ) ;
#2141 = FACE_OUTER_BOUND ( 'NONE', #3440, .T. ) ;
#2142 = EDGE_LOOP ( 'NONE', ( #4100, #2384, #2228, #1972 ) ) ;
#2143 = FILL_AREA_STYLE ('',( #386 ) ) ;
#2144 = EDGE_LOOP ( 'NONE', ( #810, #3048, #387, #1280 ) ) ;
#2145 = STYLED_ITEM ( 'NONE', ( #740 ), #3505 ) ;
#2146 = EDGE_CURVE ( 'NONE', #2432, #2066, #4484, .T. ) ;
#2147 = CARTESIAN_POINT ( 'NONE',  ( 123.2894893310266013, -143.7400000000000091, -10.00000000000000000 ) ) ;
#2148 = AXIS2_PLACEMENT_3D ( 'NONE', #48, #4260, #74 ) ;
#2149 = CARTESIAN_POINT ( 'NONE',  ( 98.20000000000000284, -135.7400000000000091, -10.00000000000000178 ) ) ;
#2150 = STYLED_ITEM ( 'NONE', ( #597 ), #3727 ) ;
#2151 = ORIENTED_EDGE ( 'NONE', *, *, #67, .F. ) ;
#2152 = CIRCLE ( 'NONE', #3297, 3.000000000000002665 ) ;
#2153 = EDGE_CURVE ( 'NONE', #1629, #1249, #1739, .T. ) ;
#2154 = DIRECTION ( 'NONE',  ( -0.000000000000000000, -0.000000000000000000, 1.000000000000000000 ) ) ;
#2155 = DIRECTION ( 'NONE',  ( 0.000000000000000000, 1.000000000000000000, 0.000000000000000000 ) ) ;
#2156 = DIRECTION ( 'NONE',  ( 0.000000000000000000, 0.000000000000000000, 1.000000000000000000 ) ) ;
#2157 = VECTOR ( 'NONE', #226, 1000.000000000000000 ) ;
#2158 = EDGE_CURVE ( 'NONE', #3285, #3376, #12, .T. ) ;
#2159 = FILL_AREA_STYLE ('',( #1153 ) ) ;
#2160 = LINE ( 'NONE', #2114, #2192 ) ;
#2162 = DIRECTION ( 'NONE',  ( 0.000000000000000000, 0.000000000000000000, 1.000000000000000000 ) ) ;
#2161 = DIRECTION ( 'NONE',  ( 1.000000000000000000, 0.000000000000000000, 0.000000000000000000 ) ) ;
#2163 = DIRECTION ( 'NONE',  ( 0.000000000000000000, 0.000000000000000000, 1.000000000000000000 ) ) ;
#2164 = DIRECTION ( 'NONE',  ( 0.000000000000000000, -1.000000000000000000, 0.000000000000000000 ) ) ;
#2165 = SURFACE_SIDE_STYLE ('',( #845 ) ) ;
#2166 = ORIENTED_EDGE ( 'NONE', *, *, #2498, .F. ) ;
#2167 = FILL_AREA_STYLE_COLOUR ( '', #461 ) ;
#2168 = ORIENTED_EDGE ( 'NONE', *, *, #1328, .F. ) ;
#2169 = COLOUR_RGB ( '',0.007843137254901960675, 0.2392156862745097867, 0.8235294117647058432 ) ;
#2170 = SURFACE_SIDE_STYLE ('',( #2520 ) ) ;
#2171 = CARTESIAN_POINT ( 'NONE',  ( 0.000000000000000000, -132.3399999999999750, 124.1774298937790064 ) ) ;
#2172 = FILL_AREA_STYLE ('',( #434 ) ) ;
#2173 = EDGE_LOOP ( 'NONE', ( #4043, #3962, #1906, #3171 ) ) ;
#2174 = PRESENTATION_LAYER_ASSIGNMENT (  '', '', ( #4347 ) ) ;
#2175 = CARTESIAN_POINT ( 'NONE',  ( 77.60000000000000853, -83.27000000000001023, -1.610000000000000320 ) ) ;
#2176 = FACE_OUTER_BOUND ( 'NONE', #2546, .T. ) ;
#2177 = UNCERTAINTY_MEASURE_WITH_UNIT (LENGTH_MEASURE( 1.000000000000000082E-05 ), #2996, 'distance_accuracy_value', 'NONE');
#2178 = EDGE_CURVE ( 'NONE', #2606, #3259, #3968, .T. ) ;
#2179 = ORIENTED_EDGE ( 'NONE', *, *, #1266, .F. ) ;
#2180 = CARTESIAN_POINT ( 'NONE',  ( 98.74000000000000909, -96.52000000000001023, -5.000000000000000000 ) ) ;
#2181 = STYLED_ITEM ( 'NONE', ( #2613 ), #1637 ) ;
#2182 = LINE ( 'NONE', #4212, #1531 ) ;
#2183 = ADVANCED_FACE ( 'NONE', ( #3803 ), #2794, .T. ) ;
#2184 = PRESENTATION_LAYER_ASSIGNMENT (  '', '', ( #146 ) ) ;
#2185 = CARTESIAN_POINT ( 'NONE',  ( 98.74000000000000909, -96.52000000000001023, -1.610000000000000320 ) ) ;
#2186 = DIRECTION ( 'NONE',  ( 0.000000000000000000, -1.000000000000000000, 0.000000000000000000 ) ) ;
#2187 = EDGE_CURVE ( 'NONE', #3390, #4409, #1487, .T. ) ;
#2188 = PRESENTATION_STYLE_ASSIGNMENT (( #2538 ) ) ;
#2189 = VERTEX_POINT ( 'NONE', #4284 ) ;
#2190 = CARTESIAN_POINT ( 'NONE',  ( 0.000000000000000000, 0.000000000000000000, 0.000000000000000000 ) ) ;
#2191 = EDGE_LOOP ( 'NONE', ( #1040, #1701, #318, #2693 ) ) ;
#2192 = VECTOR ( 'NONE', #1074, 1000.000000000000000 ) ;
#2193 = LINE ( 'NONE', #2149, #3486 ) ;
#2194 = AXIS2_PLACEMENT_3D ( 'NONE', #3639, #4092, #3385 ) ;
#2196 = DIRECTION ( 'NONE',  ( 1.000000000000000000, 0.000000000000000000, 0.000000000000000000 ) ) ;
#2195 = SURFACE_STYLE_FILL_AREA ( #76 ) ;
#2197 =( NAMED_UNIT ( * ) PLANE_ANGLE_UNIT ( ) SI_UNIT ( $, .RADIAN. ) );
#2198 = ORIENTED_EDGE ( 'NONE', *, *, #3300, .F. ) ;
#2199 = DIRECTION ( 'NONE',  ( 1.000000000000000000, 0.000000000000000000, 0.000000000000000000 ) ) ;
#2200 = CARTESIAN_POINT ( 'NONE',  ( 146.2894893310266013, -142.7400000000000091, 0.000000000000000000 ) ) ;
#2201 = ORIENTED_EDGE ( 'NONE', *, *, #4473, .F. ) ;
#2202 =( NAMED_UNIT ( * ) PLANE_ANGLE_UNIT ( ) SI_UNIT ( $, .RADIAN. ) );
#2203 = ADVANCED_FACE ( 'NONE', ( #1902 ), #112, .F. ) ;
#2204 = DIRECTION ( 'NONE',  ( -1.000000000000000000, 0.000000000000000000, -0.000000000000000000 ) ) ;
#2205 = EDGE_LOOP ( 'NONE', ( #1680, #1237, #4350, #4141 ) ) ;
#2206 = DIRECTION ( 'NONE',  ( 1.000000000000000000, 0.000000000000000000, 0.000000000000000000 ) ) ;
#2207 = EDGE_CURVE ( 'NONE', #2432, #651, #4263, .T. ) ;
#2208 = DIRECTION ( 'NONE',  ( 1.000000000000000000, 0.000000000000000000, 0.000000000000000000 ) ) ;
#2209 = FILL_AREA_STYLE ('',( #807 ) ) ;
#2210 = SURFACE_STYLE_USAGE ( .BOTH. , #1145 ) ;
#2211 = ORIENTED_EDGE ( 'NONE', *, *, #3157, .F. ) ;
#2212 = ORIENTED_EDGE ( 'NONE', *, *, #3117, .T. ) ;
#2213 = AXIS2_PLACEMENT_3D ( 'NONE', #4137, #1274, #336 ) ;
#2214 =( GEOMETRIC_REPRESENTATION_CONTEXT ( 3 ) GLOBAL_UNCERTAINTY_ASSIGNED_CONTEXT ( ( #2087 ) ) GLOBAL_UNIT_ASSIGNED_CONTEXT ( ( #257, #20, #72 ) ) REPRESENTATION_CONTEXT ( 'NONE', 'WORKASPACE' ) );
#2215 = FILL_AREA_STYLE_COLOUR ( '', #1319 ) ;
#2216 = CARTESIAN_POINT ( 'NONE',  ( 97.24000000000000909, -96.52000000000001023, -5.000000000000000000 ) ) ;
#2217 = ORIENTED_EDGE ( 'NONE', *, *, #4055, .F. ) ;
#2218 = STYLED_ITEM ( 'NONE', ( #2097 ), #3790 ) ;
#2219 = DIRECTION ( 'NONE',  ( 0.000000000000000000, -0.000000000000000000, 1.000000000000000000 ) ) ;
#2220 =( NAMED_UNIT ( * ) SI_UNIT ( $, .STERADIAN. ) SOLID_ANGLE_UNIT ( ) );
#2221 = VECTOR ( 'NONE', #1379, 1000.000000000000000 ) ;
#2222 = CARTESIAN_POINT ( 'NONE',  ( 97.24000000000000909, -84.77000000000001023, -5.000000000000000000 ) ) ;
#2223 = UNCERTAINTY_MEASURE_WITH_UNIT (LENGTH_MEASURE( 1.000000000000000082E-05 ), #2587, 'distance_accuracy_value', 'NONE');
#2224 = FILL_AREA_STYLE_COLOUR ( '', #4231 ) ;
#2225 = FILL_AREA_STYLE ('',( #1507 ) ) ;
#2226 = AXIS2_PLACEMENT_3D ( 'NONE', #2288, #2910, #2953 ) ;
#2227 = DIRECTION ( 'NONE',  ( -0.000000000000000000, 1.000000000000000000, 0.000000000000000000 ) ) ;
#2228 = ORIENTED_EDGE ( 'NONE', *, *, #261, .F. ) ;
#2229 =( NAMED_UNIT ( * ) SI_UNIT ( $, .STERADIAN. ) SOLID_ANGLE_UNIT ( ) );
#2230 = ADVANCED_FACE ( 'NONE', ( #1835 ), #2253, .F. ) ;
#2231 = AXIS2_PLACEMENT_3D ( 'NONE', #292, #1677, #2732 ) ;
#2232 = SURFACE_STYLE_USAGE ( .BOTH. , #1186 ) ;
#2234 = PLANE ( 'NONE',  #258 ) ;
#2233 = SURFACE_STYLE_USAGE ( .BOTH. , #138 ) ;
#2235 = CARTESIAN_POINT ( 'NONE',  ( 98.20000000000000284, -18.95599999999999952, -10.00000000000000178 ) ) ;
#2236 = VERTEX_POINT ( 'NONE', #1881 ) ;
#2237 = ORIENTED_EDGE ( 'NONE', *, *, #3003, .F. ) ;
#2238 = ADVANCED_FACE ( 'NONE', ( #411 ), #3248, .F. ) ;
#2239 = AXIS2_PLACEMENT_3D ( 'NONE', #1068, #3175, #3232 ) ;
#2240 = AXIS2_PLACEMENT_3D ( 'NONE', #1455, #3640, #1890 ) ;
#2241 = SURFACE_STYLE_USAGE ( .BOTH. , #893 ) ;
#2242 = CARTESIAN_POINT ( 'NONE',  ( 82.19999999999998863, -23.90600000000000236, -7.500000000000000000 ) ) ;
#2243 =( GEOMETRIC_REPRESENTATION_CONTEXT ( 3 ) GLOBAL_UNCERTAINTY_ASSIGNED_CONTEXT ( ( #4128 ) ) GLOBAL_UNIT_ASSIGNED_CONTEXT ( ( #2545, #2197, #115 ) ) REPRESENTATION_CONTEXT ( 'NONE', 'WORKASPACE' ) );
#2244 = CARTESIAN_POINT ( 'NONE',  ( 122.2399999999999949, -83.27000000000001023, -5.000000000000000000 ) ) ;
#2245 = SURFACE_SIDE_STYLE ('',( #504 ) ) ;
#2247 = DIRECTION ( 'NONE',  ( 0.000000000000000000, 0.000000000000000000, 1.000000000000000000 ) ) ;
#2246 = CARTESIAN_POINT ( 'NONE',  ( 110.4900000000000091, -109.7700000000000102, 107.1843411028349493 ) ) ;
#2248 =( LENGTH_UNIT ( ) NAMED_UNIT ( * ) SI_UNIT ( .MILLI., .METRE. ) );
#2249 = ORIENTED_EDGE ( 'NONE', *, *, #288, .F. ) ;
#2250 = FILL_AREA_STYLE_COLOUR ( '', #3292 ) ;
#2251 = FILL_AREA_STYLE ('',( #2582 ) ) ;
#2252 = ADVANCED_FACE ( 'NONE', ( #225, #3379 ), #2657, .T. ) ;
#2254 = DIRECTION ( 'NONE',  ( -0.000000000000000000, 1.000000000000000000, -0.000000000000000000 ) ) ;
#2253 = CYLINDRICAL_SURFACE ( 'NONE', #3670, 1.599999999999990319 ) ;
#2255 = CARTESIAN_POINT ( 'NONE',  ( 75.20000000000000284, -142.7400000000000091, -3.000000000000000000 ) ) ;
#2256 = EDGE_LOOP ( 'NONE', ( #3233, #1134 ) ) ;
#2257 = VERTEX_POINT ( 'NONE', #3310 ) ;
#2258 = VECTOR ( 'NONE', #3080, 1000.000000000000000 ) ;
#2259 = DIRECTION ( 'NONE',  ( -1.000000000000000000, 0.000000000000000000, 0.000000000000000000 ) ) ;
#2260 = EDGE_CURVE ( 'NONE', #249, #455, #3825, .T. ) ;
#2261 = SURFACE_SIDE_STYLE ('',( #500 ) ) ;
#2262 = PRESENTATION_STYLE_ASSIGNMENT (( #856 ) ) ;
#2263 = STYLED_ITEM ( 'NONE', ( #2006 ), #554 ) ;
#2264 = ORIENTED_EDGE ( 'NONE', *, *, #3809, .T. ) ;
#2265 = CARTESIAN_POINT ( 'NONE',  ( 98.74000000000000909, -84.77000000000001023, -1.610000000000000320 ) ) ;
#2266 = CARTESIAN_POINT ( 'NONE',  ( 82.19999999999998863, -138.7899999999999920, -7.500000000000000000 ) ) ;
#2267 = UNCERTAINTY_MEASURE_WITH_UNIT (LENGTH_MEASURE( 1.000000000000000082E-05 ), #513, 'distance_accuracy_value', 'NONE');
#2268 = PRESENTATION_STYLE_ASSIGNMENT (( #802 ) ) ;
#2269 = DIRECTION ( 'NONE',  ( -1.000000000000000000, 0.000000000000000000, 0.000000000000000000 ) ) ;
#2270 = CARTESIAN_POINT ( 'NONE',  ( 0.000000000000000000, 0.000000000000000000, -5.000000000000000000 ) ) ;
#2271 = DIRECTION ( 'NONE',  ( 0.000000000000000000, 0.000000000000000000, -1.000000000000000000 ) ) ;
#2272 = DIRECTION ( 'NONE',  ( -1.000000000000000000, 0.000000000000000000, 0.000000000000000000 ) ) ;
#2273 = FILL_AREA_STYLE_COLOUR ( '', #4400 ) ;
#2274 = PRESENTATION_STYLE_ASSIGNMENT (( #3076 ) ) ;
#2275 = ORIENTED_EDGE ( 'NONE', *, *, #1952, .T. ) ;
#2276 = EDGE_LOOP ( 'NONE', ( #2316, #392, #2431, #2601 ) ) ;
#2277 = ADVANCED_FACE ( 'NONE', ( #3705 ), #1905, .F. ) ;
#2278 = CARTESIAN_POINT ( 'NONE',  ( 139.2894893310265729, -138.7899999999999636, -7.500000000000000000 ) ) ;
#2279 = CARTESIAN_POINT ( 'NONE',  ( 146.2894893310266013, -19.95600000000000307, 0.000000000000000000 ) ) ;
#2280 = CARTESIAN_POINT ( 'NONE',  ( 82.19999999999998863, -23.90600000000000236, -10.00000000000000178 ) ) ;
#2281 = VERTEX_POINT ( 'NONE', #3495 ) ;
#2282 = COLOUR_RGB ( '',0.007843137254901960675, 0.2392156862745097867, 0.8235294117647058432 ) ;
#2283 = ADVANCED_FACE ( 'NONE', ( #2026, #44, #1055 ), #3475, .T. ) ;
#2284 = CIRCLE ( 'NONE', #322, 1.599999999999990319 ) ;
#2285 = DIRECTION ( 'NONE',  ( -1.000000000000000000, 0.000000000000000000, 0.000000000000000000 ) ) ;
#2286 =( LENGTH_UNIT ( ) NAMED_UNIT ( * ) SI_UNIT ( .MILLI., .METRE. ) );
#2287 = MECHANICAL_DESIGN_GEOMETRIC_PRESENTATION_REPRESENTATION (  '', ( #1616 ), #3888 ) ;
#2288 = CARTESIAN_POINT ( 'NONE',  ( 0.000000000000000000, 0.000000000000000000, -5.000000000000000000 ) ) ;
#2289 = AXIS2_PLACEMENT_3D ( 'NONE', #3131, #1092, #2428 ) ;
#2290 = DIRECTION ( 'NONE',  ( 0.000000000000000000, 0.000000000000000000, -1.000000000000000000 ) ) ;
#2291 = FILL_AREA_STYLE_COLOUR ( '', #2385 ) ;
#2292 = MECHANICAL_DESIGN_GEOMETRIC_PRESENTATION_REPRESENTATION (  '', ( #3023 ), #2010 ) ;
#2293 =( NAMED_UNIT ( * ) SI_UNIT ( $, .STERADIAN. ) SOLID_ANGLE_UNIT ( ) );
#2294 = SURFACE_STYLE_FILL_AREA ( #3633 ) ;
#2295 = EDGE_LOOP ( 'NONE', ( #3756, #824, #181, #295 ) ) ;
#2296 = EDGE_LOOP ( 'NONE', ( #2361, #3872, #2997, #4419 ) ) ;
#2297 = VECTOR ( 'NONE', #2833, 1000.000000000000000 ) ;
#2298 = CARTESIAN_POINT ( 'NONE',  ( 146.2894893310266013, -142.7400000000000091, -3.000000000000000000 ) ) ;
#2299 = MECHANICAL_DESIGN_GEOMETRIC_PRESENTATION_REPRESENTATION (  '', ( #2967 ), #2748 ) ;
#2300 = DIRECTION ( 'NONE',  ( -1.000000000000000000, 0.000000000000000000, 0.000000000000000000 ) ) ;
#2301 = PRESENTATION_LAYER_ASSIGNMENT (  '', '', ( #3827 ) ) ;
#2302 = ORIENTED_EDGE ( 'NONE', *, *, #2158, .T. ) ;
#2303 =( NAMED_UNIT ( * ) PLANE_ANGLE_UNIT ( ) SI_UNIT ( $, .RADIAN. ) );
#2304 = ORIENTED_EDGE ( 'NONE', *, *, #3702, .F. ) ;
#2305 = LINE ( 'NONE', #3690, #1416 ) ;
#2306 =( LENGTH_UNIT ( ) NAMED_UNIT ( * ) SI_UNIT ( .MILLI., .METRE. ) );
#2307 = EDGE_CURVE ( 'NONE', #2746, #3366, #3429, .T. ) ;
#2308 = CARTESIAN_POINT ( 'NONE',  ( 147.2894893310266013, -143.7400000000000091, -10.00000000000000000 ) ) ;
#2309 = MECHANICAL_DESIGN_GEOMETRIC_PRESENTATION_REPRESENTATION (  '', ( #4044 ), #705 ) ;
#2310 = UNCERTAINTY_MEASURE_WITH_UNIT (LENGTH_MEASURE( 1.000000000000000082E-05 ), #239, 'distance_accuracy_value', 'NONE');
#2311 = MECHANICAL_DESIGN_GEOMETRIC_PRESENTATION_REPRESENTATION (  '', ( #2028 ), #913 ) ;
#2312 = FACE_OUTER_BOUND ( 'NONE', #637, .T. ) ;
#2313 = EDGE_CURVE ( 'NONE', #1986, #2091, #3165, .T. ) ;
#2314 = DIRECTION ( 'NONE',  ( 1.000000000000000000, 0.000000000000000000, 0.000000000000000000 ) ) ;
#2315 = MECHANICAL_DESIGN_GEOMETRIC_PRESENTATION_REPRESENTATION (  '', ( #2907 ), #3695 ) ;
#2316 = ORIENTED_EDGE ( 'NONE', *, *, #1262, .T. ) ;
#2317 = FILL_AREA_STYLE_COLOUR ( '', #647 ) ;
#2319 = CARTESIAN_POINT ( 'NONE',  ( 145.2661120018323402, -46.73999999999999488, 0.000000000000000000 ) ) ;
#2318 = CARTESIAN_POINT ( 'NONE',  ( 82.19999999999998863, -138.7899999999999920, -7.500000000000000000 ) ) ;
#2320 = FILL_AREA_STYLE ('',( #605 ) ) ;
#2321 = ORIENTED_EDGE ( 'NONE', *, *, #4418, .F. ) ;
#2322 = VERTEX_POINT ( 'NONE', #3792 ) ;
#2323 = CARTESIAN_POINT ( 'NONE',  ( 97.24000000000000909, -96.52000000000001023, -1.610000000000000320 ) ) ;
#2324 =( NAMED_UNIT ( * ) SI_UNIT ( $, .STERADIAN. ) SOLID_ANGLE_UNIT ( ) );
#2325 = STYLED_ITEM ( 'NONE', ( #3068 ), #1029 ) ;
#2326 = STYLED_ITEM ( 'NONE', ( #3980 ), #694 ) ;
#2327 = FACE_BOUND ( 'NONE', #2984, .T. ) ;
#2328 = CARTESIAN_POINT ( 'NONE',  ( 147.2894893310266013, -18.95599999999999952, 0.000000000000000000 ) ) ;
#2329 = ORIENTED_EDGE ( 'NONE', *, *, #2980, .T. ) ;
#2330 = DIRECTION ( 'NONE',  ( 0.000000000000000000, 1.000000000000000000, 0.000000000000000000 ) ) ;
#2331 = PRESENTATION_LAYER_ASSIGNMENT (  '', '', ( #2137 ) ) ;
#2332 = STYLED_ITEM ( 'NONE', ( #1024 ), #1135 ) ;
#2333 = ORIENTED_EDGE ( 'NONE', *, *, #585, .T. ) ;
#2334 = CARTESIAN_POINT ( 'NONE',  ( 123.2894893310266013, -135.7400000000000091, -10.00000000000000000 ) ) ;
#2335 = SURFACE_SIDE_STYLE ('',( #308 ) ) ;
#2336 = VECTOR ( 'NONE', #4372, 1000.000000000000000 ) ;
#2337 = SURFACE_SIDE_STYLE ('',( #3083 ) ) ;
#2338 = VERTEX_POINT ( 'NONE', #2802 ) ;
#2339 = EDGE_CURVE ( 'NONE', #1105, #3390, #3840, .T. ) ;
#2340 = PRESENTATION_STYLE_ASSIGNMENT (( #2067 ) ) ;
#2341 = CARTESIAN_POINT ( 'NONE',  ( 0.000000000000000000, -58.26999307357377234, -5.000000000000000000 ) ) ;
#2342 = DIRECTION ( 'NONE',  ( 0.000000000000000000, 0.000000000000000000, -1.000000000000000000 ) ) ;
#2343 = ORIENTED_EDGE ( 'NONE', *, *, #1320, .T. ) ;
#2344 = EDGE_CURVE ( 'NONE', #834, #2082, #1322, .T. ) ;
#2345 = ORIENTED_EDGE ( 'NONE', *, *, #1785, .T. ) ;
#2346 = APPLICATION_PROTOCOL_DEFINITION ( 'draft international standard', 'automotive_design', 1998, #2507 ) ;
#2347 = PRESENTATION_STYLE_ASSIGNMENT (( #940 ) ) ;
#2348 = PLANE ( 'NONE',  #1649 ) ;
#2349 = ORIENTED_EDGE ( 'NONE', *, *, #2351, .F. ) ;
#2350 = ORIENTED_EDGE ( 'NONE', *, *, #2260, .T. ) ;
#2351 = EDGE_CURVE ( 'NONE', #237, #4328, #1722, .T. ) ;
#2352 = DIRECTION ( 'NONE',  ( -1.000000000000000000, 0.000000000000000000, 0.000000000000000000 ) ) ;
#2353 = ORIENTED_EDGE ( 'NONE', *, *, #1293, .F. ) ;
#2354 = DIRECTION ( 'NONE',  ( 0.000000000000000000, 0.000000000000000000, -1.000000000000000000 ) ) ;
#2355 = ORIENTED_EDGE ( 'NONE', *, *, #2178, .F. ) ;
#2356 =( NAMED_UNIT ( * ) PLANE_ANGLE_UNIT ( ) SI_UNIT ( $, .RADIAN. ) );
#2357 = CARTESIAN_POINT ( 'NONE',  ( 74.20000000000000284, -18.95599999999999952, -3.000000000000000000 ) ) ;
#2358 = SURFACE_SIDE_STYLE ('',( #4029 ) ) ;
#2359 = UNCERTAINTY_MEASURE_WITH_UNIT (LENGTH_MEASURE( 1.000000000000000082E-05 ), #765, 'distance_accuracy_value', 'NONE');
#2360 = AXIS2_PLACEMENT_3D ( 'NONE', #3965, #831, #1282 ) ;
#2361 = ORIENTED_EDGE ( 'NONE', *, *, #4368, .T. ) ;
#2362 =( GEOMETRIC_REPRESENTATION_CONTEXT ( 3 ) GLOBAL_UNCERTAINTY_ASSIGNED_CONTEXT ( ( #3439 ) ) GLOBAL_UNIT_ASSIGNED_CONTEXT ( ( #1005, #667, #3428 ) ) REPRESENTATION_CONTEXT ( 'NONE', 'WORKASPACE' ) );
#2364 = SURFACE_SIDE_STYLE ('',( #576 ) ) ;
#2363 = PRESENTATION_STYLE_ASSIGNMENT (( #381 ) ) ;
#2365 = PLANE ( 'NONE',  #1429 ) ;
#2366 = AXIS2_PLACEMENT_3D ( 'NONE', #1027, #693, #4492 ) ;
#2367 = PRESENTATION_LAYER_ASSIGNMENT (  '', '', ( #176 ) ) ;
#2368 = PRESENTATION_STYLE_ASSIGNMENT (( #889 ) ) ;
#2369 = EDGE_CURVE ( 'NONE', #2189, #8, #316, .T. ) ;
#2370 = DIRECTION ( 'NONE',  ( 1.000000000000000000, 0.000000000000000000, 0.000000000000000000 ) ) ;
#2371 = ORIENTED_EDGE ( 'NONE', *, *, #1893, .F. ) ;
#2372 = ORIENTED_EDGE ( 'NONE', *, *, #199, .T. ) ;
#2373 = SURFACE_SIDE_STYLE ('',( #4431 ) ) ;
#2375 = FILL_AREA_STYLE ('',( #2713 ) ) ;
#2374 = FACE_OUTER_BOUND ( 'NONE', #3144, .T. ) ;
#2376 = EDGE_CURVE ( 'NONE', #545, #1822, #1486, .T. ) ;
#2377 = VECTOR ( 'NONE', #1219, 1000.000000000000000 ) ;
#2378 = ORIENTED_EDGE ( 'NONE', *, *, #2469, .F. ) ;
#2379 =( NAMED_UNIT ( * ) SI_UNIT ( $, .STERADIAN. ) SOLID_ANGLE_UNIT ( ) );
#2380 = ORIENTED_EDGE ( 'NONE', *, *, #1328, .T. ) ;
#2381 = PRESENTATION_LAYER_ASSIGNMENT (  '', '', ( #623 ) ) ;
#2382 =( NAMED_UNIT ( * ) PLANE_ANGLE_UNIT ( ) SI_UNIT ( $, .RADIAN. ) );
#2383 = CARTESIAN_POINT ( 'NONE',  ( 145.3099255888600680, -133.8399999999999750, 0.000000000000000000 ) ) ;
#2384 = ORIENTED_EDGE ( 'NONE', *, *, #1173, .T. ) ;
#2385 = COLOUR_RGB ( '',0.007843137254901960675, 0.2392156862745097867, 0.8235294117647058432 ) ;
#2386 = MECHANICAL_DESIGN_GEOMETRIC_PRESENTATION_REPRESENTATION (  '', ( #838 ), #1267 ) ;
#2387 = DIRECTION ( 'NONE',  ( -1.000000000000000000, 0.000000000000000000, 0.000000000000000000 ) ) ;
#2389 = CARTESIAN_POINT ( 'NONE',  ( 143.8110417559589109, -132.3399999999999750, 124.1774298937790064 ) ) ;
#2388 = CARTESIAN_POINT ( 'NONE',  ( 0.000000000000000000, -30.35600000000000165, 124.1774298937790064 ) ) ;
#2390 = MECHANICAL_DESIGN_GEOMETRIC_PRESENTATION_REPRESENTATION (  '', ( #4347 ), #2243 ) ;
#2391 = AXIS2_PLACEMENT_3D ( 'NONE', #1026, #1436, #1050 ) ;
#2393 = SURFACE_STYLE_USAGE ( .BOTH. , #3050 ) ;
#2392 =( NAMED_UNIT ( * ) PLANE_ANGLE_UNIT ( ) SI_UNIT ( $, .RADIAN. ) );
#2394 = COLOUR_RGB ( '',0.007843137254901960675, 0.2392156862745097867, 0.8235294117647058432 ) ;
#2395 = LINE ( 'NONE', #364, #4410 ) ;
#2396 = ORIENTED_EDGE ( 'NONE', *, *, #451, .F. ) ;
#2397 =( GEOMETRIC_REPRESENTATION_CONTEXT ( 3 ) GLOBAL_UNCERTAINTY_ASSIGNED_CONTEXT ( ( #264 ) ) GLOBAL_UNIT_ASSIGNED_CONTEXT ( ( #4447, #3430, #2759 ) ) REPRESENTATION_CONTEXT ( 'NONE', 'WORKASPACE' ) );
#2398 = PRESENTATION_LAYER_ASSIGNMENT (  '', '', ( #2907 ) ) ;
#2399 = VERTEX_POINT ( 'NONE', #3095 ) ;
#2400 =( LENGTH_UNIT ( ) NAMED_UNIT ( * ) SI_UNIT ( .MILLI., .METRE. ) );
#2401 = COLOUR_RGB ( '',0.007843137254901960675, 0.2392156862745097867, 0.8235294117647058432 ) ;
#2402 = LINE ( 'NONE', #1236, #350 ) ;
#2403 = ORIENTED_EDGE ( 'NONE', *, *, #371, .T. ) ;
#2404 = EDGE_CURVE ( 'NONE', #2236, #237, #669, .T. ) ;
#2405 = VECTOR ( 'NONE', #3451, 1000.000000000000000 ) ;
#2406 = FACE_OUTER_BOUND ( 'NONE', #19, .T. ) ;
#2407 = FILL_AREA_STYLE_COLOUR ( '', #3091 ) ;
#2408 = PRESENTATION_STYLE_ASSIGNMENT (( #2650 ) ) ;
#2409 = VECTOR ( 'NONE', #1385, 1000.000000000000000 ) ;
#2410 = ORIENTED_EDGE ( 'NONE', *, *, #4294, .F. ) ;
#2411 = PRESENTATION_STYLE_ASSIGNMENT (( #4130 ) ) ;
#2412 = CARTESIAN_POINT ( 'NONE',  ( 139.2894893310265729, -138.7899999999999636, -7.500000000000000000 ) ) ;
#2413 = LINE ( 'NONE', #2437, #3088 ) ;
#2414 = CARTESIAN_POINT ( 'NONE',  ( 98.74000000000000909, -132.3399999999999750, 124.1774298937790064 ) ) ;
#2416 = FILL_AREA_STYLE_COLOUR ( '', #784 ) ;
#2415 =( NAMED_UNIT ( * ) SI_UNIT ( $, .STERADIAN. ) SOLID_ANGLE_UNIT ( ) );
#2417 = SURFACE_STYLE_FILL_AREA ( #671 ) ;
#2418 = EDGE_LOOP ( 'NONE', ( #4008, #212, #47, #2681 ) ) ;
#2419 = EDGE_LOOP ( 'NONE', ( #3052, #3179, #4385, #672 ) ) ;
#2420 = VECTOR ( 'NONE', #4061, 1000.000000000000000 ) ;
#2421 = CARTESIAN_POINT ( 'NONE',  ( 145.4094739663944438, -0.1082411338503887765, -5.000000000000000000 ) ) ;
#2422 = SURFACE_STYLE_USAGE ( .BOTH. , #3357 ) ;
#2424 = DIRECTION ( 'NONE',  ( 0.000000000000000000, -1.000000000000000000, 0.000000000000000000 ) ) ;
#2423 = PRESENTATION_STYLE_ASSIGNMENT (( #3852 ) ) ;
#2425 = PRESENTATION_STYLE_ASSIGNMENT (( #3194 ) ) ;
#2426 = ORIENTED_EDGE ( 'NONE', *, *, #2498, .T. ) ;
#2427 = SURFACE_STYLE_FILL_AREA ( #1687 ) ;
#2428 = DIRECTION ( 'NONE',  ( 0.000000000000000000, -0.000000000000000000, 1.000000000000000000 ) ) ;
#2429 = DIRECTION ( 'NONE',  ( -0.000000000000000000, 0.000000000000000000, 1.000000000000000000 ) ) ;
#2430 = EDGE_CURVE ( 'NONE', #3531, #606, #3239, .T. ) ;
#2431 = ORIENTED_EDGE ( 'NONE', *, *, #4152, .T. ) ;
#2432 = VERTEX_POINT ( 'NONE', #3219 ) ;
#2433 = CARTESIAN_POINT ( 'NONE',  ( 90.20000000000000284, -143.7400000000000091, -10.00000000000000000 ) ) ;
#2435 = DIRECTION ( 'NONE',  ( 0.000000000000000000, 0.000000000000000000, 1.000000000000000000 ) ) ;
#2434 = FACE_OUTER_BOUND ( 'NONE', #3418, .T. ) ;
#2436 = EDGE_CURVE ( 'NONE', #1105, #3594, #2871, .T. ) ;
#2437 = CARTESIAN_POINT ( 'NONE',  ( 143.8289591861009171, -108.2700000000000102, 124.1774298937790064 ) ) ;
#2438 = VECTOR ( 'NONE', #4045, 1000.000000000000000 ) ;
#2439 = SURFACE_SIDE_STYLE ('',( #1030 ) ) ;
#2440 = FILL_AREA_STYLE ('',( #1031 ) ) ;
#2441 = AXIS2_PLACEMENT_3D ( 'NONE', #867, #3610, #2208 ) ;
#2442 =( GEOMETRIC_REPRESENTATION_CONTEXT ( 3 ) GLOBAL_UNCERTAINTY_ASSIGNED_CONTEXT ( ( #1111 ) ) GLOBAL_UNIT_ASSIGNED_CONTEXT ( ( #3140, #3838, #1052 ) ) REPRESENTATION_CONTEXT ( 'NONE', 'WORKASPACE' ) );
#2443 = PLANE ( 'NONE',  #1278 ) ;
#2444 = VERTEX_POINT ( 'NONE', #447 ) ;
#2445 = ORIENTED_EDGE ( 'NONE', *, *, #3605, .F. ) ;
#2446 = AXIS2_PLACEMENT_3D ( 'NONE', #3549, #139, #1063 ) ;
#2447 =( GEOMETRIC_REPRESENTATION_CONTEXT ( 3 ) GLOBAL_UNCERTAINTY_ASSIGNED_CONTEXT ( ( #3804 ) ) GLOBAL_UNIT_ASSIGNED_CONTEXT ( ( #3055, #1258, #3760 ) ) REPRESENTATION_CONTEXT ( 'NONE', 'WORKASPACE' ) );
#2448 = CARTESIAN_POINT ( 'NONE',  ( 98.74000000000000909, -83.27000000000001023, -1.610000000000000320 ) ) ;
#2449 = SURFACE_STYLE_FILL_AREA ( #1036 ) ;
#2450 = DIRECTION ( 'NONE',  ( 0.000000000000000000, 0.000000000000000000, -1.000000000000000000 ) ) ;
#2451 = DIRECTION ( 'NONE',  ( 0.000000000000000000, -1.000000000000000000, -0.000000000000000000 ) ) ;
#2452 = EDGE_LOOP ( 'NONE', ( #2032, #4257, #3318, #3874 ) ) ;
#2453 = LINE ( 'NONE', #1737, #1565 ) ;
#2454 = DIRECTION ( 'NONE',  ( -0.0007443882500148757886, -0.9999997229430281909, 0.000000000000000000 ) ) ;
#2455 = VECTOR ( 'NONE', #2720, 1000.000000000000000 ) ;
#2456 = DIRECTION ( 'NONE',  ( 1.000000000000000000, 0.000000000000000000, 0.000000000000000000 ) ) ;
#2457 = UNCERTAINTY_MEASURE_WITH_UNIT (LENGTH_MEASURE( 1.000000000000000082E-05 ), #391, 'distance_accuracy_value', 'NONE');
#2458 = VERTEX_POINT ( 'NONE', #4255 ) ;
#2459 =( NAMED_UNIT ( * ) SI_UNIT ( $, .STERADIAN. ) SOLID_ANGLE_UNIT ( ) );
#2460 = AXIS2_PLACEMENT_3D ( 'NONE', #696, #16, #3143 ) ;
#2461 = ORIENTED_EDGE ( 'NONE', *, *, #2007, .F. ) ;
#2462 = EDGE_CURVE ( 'NONE', #616, #3134, #3868, .T. ) ;
#2463 = CIRCLE ( 'NONE', #347, 3.000000000000002665 ) ;
#2465 = CARTESIAN_POINT ( 'NONE',  ( 98.74000000000000909, -108.2700000000000102, -1.610000000000000320 ) ) ;
#2464 = DIRECTION ( 'NONE',  ( 1.000000000000000000, 0.000000000000000000, 0.000000000000000000 ) ) ;
#2466 =( GEOMETRIC_REPRESENTATION_CONTEXT ( 3 ) GLOBAL_UNCERTAINTY_ASSIGNED_CONTEXT ( ( #977 ) ) GLOBAL_UNIT_ASSIGNED_CONTEXT ( ( #1097, #756, #803 ) ) REPRESENTATION_CONTEXT ( 'NONE', 'WORKASPACE' ) );
#2467 = SURFACE_SIDE_STYLE ('',( #2979 ) ) ;
#2468 = MECHANICAL_DESIGN_GEOMETRIC_PRESENTATION_REPRESENTATION (  '', ( #3913 ), #2970 ) ;
#2469 = EDGE_CURVE ( 'NONE', #2082, #4370, #736, .T. ) ;
#2470 = DIRECTION ( 'NONE',  ( -0.000000000000000000, -0.000000000000000000, -1.000000000000000000 ) ) ;
#2471 = DIRECTION ( 'NONE',  ( -1.000000000000000000, 0.000000000000000000, 0.000000000000000000 ) ) ;
#2472 = ORIENTED_EDGE ( 'NONE', *, *, #1859, .F. ) ;
#2473 = VECTOR ( 'NONE', #4264, 1000.000000000000000 ) ;
#2474 = EDGE_LOOP ( 'NONE', ( #1561, #2897, #1555, #2948 ) ) ;
#2475 = STYLED_ITEM ( 'NONE', ( #469 ), #3231 ) ;
#2476 = DIRECTION ( 'NONE',  ( 1.000000000000000000, 0.000000000000000000, 0.000000000000000000 ) ) ;
#2477 = CARTESIAN_POINT ( 'NONE',  ( 123.7400000000000091, -132.3399999999999750, -5.000000000000000000 ) ) ;
#2478 = CARTESIAN_POINT ( 'NONE',  ( 75.20000000000000284, -142.7400000000000091, -3.000000000000000000 ) ) ;
#2479 = ORIENTED_EDGE ( 'NONE', *, *, #877, .T. ) ;
#2480 = DIRECTION ( 'NONE',  ( -0.000000000000000000, -0.000000000000000000, 1.000000000000000000 ) ) ;
#2481 = PRESENTATION_STYLE_ASSIGNMENT (( #1401 ) ) ;
#2482 = SURFACE_STYLE_USAGE ( .BOTH. , #3781 ) ;
#2483 = EDGE_LOOP ( 'NONE', ( #2378, #3805, #3900, #1774 ) ) ;
#2484 = FILL_AREA_STYLE ('',( #1072 ) ) ;
#2485 = ORIENTED_EDGE ( 'NONE', *, *, #2962, .F. ) ;
#2486 = DIRECTION ( 'NONE',  ( -0.7071067811865479058, 0.000000000000000000, -0.7071067811865471286 ) ) ;
#2488 = SURFACE_SIDE_STYLE ('',( #1118 ) ) ;
#2487 = SURFACE_SIDE_STYLE ('',( #4211 ) ) ;
#2489 = AXIS2_PLACEMENT_3D ( 'NONE', #1932, #1908, #1960 ) ;
#2490 = STYLED_ITEM ( 'NONE', ( #3815 ), #901 ) ;
#2491 = LINE ( 'NONE', #2535, #2776 ) ;
#2492 = SURFACE_STYLE_FILL_AREA ( #2225 ) ;
#2493 = UNCERTAINTY_MEASURE_WITH_UNIT (LENGTH_MEASURE( 1.000000000000000082E-05 ), #1542, 'distance_accuracy_value', 'NONE');
#2494 = FACE_OUTER_BOUND ( 'NONE', #2639, .T. ) ;
#2495 = VERTEX_POINT ( 'NONE', #3953 ) ;
#2496 = CARTESIAN_POINT ( 'NONE',  ( 82.19999999999998863, -23.90600000000000236, -7.500000000000000000 ) ) ;
#2497 = ORIENTED_EDGE ( 'NONE', *, *, #1978, .F. ) ;
#2498 = EDGE_CURVE ( 'NONE', #3436, #579, #152, .T. ) ;
#2499 = DIRECTION ( 'NONE',  ( -1.000000000000000000, 0.000000000000000000, 0.000000000000000000 ) ) ;
#2500 = DIRECTION ( 'NONE',  ( -1.000000000000000000, 0.000000000000000000, 0.000000000000000000 ) ) ;
#2501 = UNCERTAINTY_MEASURE_WITH_UNIT (LENGTH_MEASURE( 1.000000000000000082E-05 ), #2971, 'distance_accuracy_value', 'NONE');
#2502 = DIRECTION ( 'NONE',  ( -1.000000000000000000, 0.000000000000000000, 0.000000000000000000 ) ) ;
#2503 = ORIENTED_EDGE ( 'NONE', *, *, #2436, .T. ) ;
#2504 = EDGE_CURVE ( 'NONE', #1962, #4189, #1532, .T. ) ;
#2505 = CARTESIAN_POINT ( 'NONE',  ( 136.2894893310265729, -138.7899999999999636, -7.500000000000000000 ) ) ;
#2506 = VECTOR ( 'NONE', #4182, 1000.000000000000000 ) ;
#2507 = APPLICATION_CONTEXT ( 'automotive_design' ) ;
#2508 =( NAMED_UNIT ( * ) PLANE_ANGLE_UNIT ( ) SI_UNIT ( $, .RADIAN. ) );
#2509 = UNCERTAINTY_MEASURE_WITH_UNIT (LENGTH_MEASURE( 1.000000000000000082E-05 ), #3725, 'distance_accuracy_value', 'NONE');
#2510 = SURFACE_SIDE_STYLE ('',( #419 ) ) ;
#2511 = DIRECTION ( 'NONE',  ( 0.000000000000000000, 1.000000000000000000, 0.000000000000000000 ) ) ;
#2512 = DIRECTION ( 'NONE',  ( 0.000000000000000000, 0.000000000000000000, -1.000000000000000000 ) ) ;
#2513 = SURFACE_STYLE_USAGE ( .BOTH. , #2439 ) ;
#2514 = CARTESIAN_POINT ( 'NONE',  ( 131.2894893310266013, -135.7400000000000091, -10.00000000000000000 ) ) ;
#2515 = CARTESIAN_POINT ( 'NONE',  ( 80.59999999999999432, -23.90600000000000236, 0.000000000000000000 ) ) ;
#2516 = ORIENTED_EDGE ( 'NONE', *, *, #3300, .T. ) ;
#2517 = SURFACE_STYLE_USAGE ( .BOTH. , #4239 ) ;
#2518 = AXIS2_PLACEMENT_3D ( 'NONE', #2496, #1081, #3391 ) ;
#2519 = DIRECTION ( 'NONE',  ( 0.000000000000000000, 1.000000000000000000, 0.000000000000000000 ) ) ;
#2520 = SURFACE_STYLE_FILL_AREA ( #3547 ) ;
#2521 = ADVANCED_FACE ( 'NONE', ( #466 ), #1078, .F. ) ;
#2522 = STYLED_ITEM ( 'NONE', ( #4380 ), #3696 ) ;
#2524 = SURFACE_STYLE_FILL_AREA ( #3501 ) ;
#2523 =( NAMED_UNIT ( * ) PLANE_ANGLE_UNIT ( ) SI_UNIT ( $, .RADIAN. ) );
#2525 = DIRECTION ( 'NONE',  ( -1.000000000000000000, 0.000000000000000000, 0.000000000000000000 ) ) ;
#2526 = EDGE_LOOP ( 'NONE', ( #698, #2503, #4167, #589 ) ) ;
#2527 = PRESENTATION_LAYER_ASSIGNMENT (  '', '', ( #1403 ) ) ;
#2528 = CARTESIAN_POINT ( 'NONE',  ( 83.79999999999999716, -138.7899999999999920, -10.00000000000000178 ) ) ;
#2529 = EDGE_CURVE ( 'NONE', #830, #651, #1440, .T. ) ;
#2530 = ORIENTED_EDGE ( 'NONE', *, *, #3417, .T. ) ;
#2531 =( GEOMETRIC_REPRESENTATION_CONTEXT ( 3 ) GLOBAL_UNCERTAINTY_ASSIGNED_CONTEXT ( ( #1665 ) ) GLOBAL_UNIT_ASSIGNED_CONTEXT ( ( #1184, #2918, #3959 ) ) REPRESENTATION_CONTEXT ( 'NONE', 'WORKASPACE' ) );
#2532 = PLANE ( 'NONE',  #3046 ) ;
#2533 = VECTOR ( 'NONE', #130, 1000.000000000000000 ) ;
#2534 = MECHANICAL_DESIGN_GEOMETRIC_PRESENTATION_REPRESENTATION (  '', ( #767 ), #1129 ) ;
#2535 = CARTESIAN_POINT ( 'NONE',  ( 98.74000000000000909, -59.76999307357377234, 107.1843411028349493 ) ) ;
#2536 = AXIS2_PLACEMENT_3D ( 'NONE', #1552, #3375, #2727 ) ;
#2537 = SURFACE_SIDE_STYLE ('',( #2492 ) ) ;
#2538 = SURFACE_STYLE_USAGE ( .BOTH. , #2915 ) ;
#2539 = ORIENTED_EDGE ( 'NONE', *, *, #578, .T. ) ;
#2540 = VECTOR ( 'NONE', #414, 1000.000000000000000 ) ;
#2541 = PRESENTATION_STYLE_ASSIGNMENT (( #94 ) ) ;
#2542 = CARTESIAN_POINT ( 'NONE',  ( 122.9900000000000091, -59.76999307357377234, -1.610000000000000320 ) ) ;
#2543 = LINE ( 'NONE', #4196, #219 ) ;
#2544 = MECHANICAL_DESIGN_GEOMETRIC_PRESENTATION_REPRESENTATION (  '', ( #908 ), #3682 ) ;
#2545 =( LENGTH_UNIT ( ) NAMED_UNIT ( * ) SI_UNIT ( .MILLI., .METRE. ) );
#2546 = EDGE_LOOP ( 'NONE', ( #4472, #4166, #2808, #2151 ) ) ;
#2547 = EDGE_CURVE ( 'NONE', #3285, #4157, #3206, .T. ) ;
#2548 = MECHANICAL_DESIGN_GEOMETRIC_PRESENTATION_REPRESENTATION (  '', ( #4351 ), #64 ) ;
#2549 = FILL_AREA_STYLE ('',( #1133 ) ) ;
#2550 = AXIS2_PLACEMENT_3D ( 'NONE', #1854, #3241, #508 ) ;
#2551 = ORIENTED_EDGE ( 'NONE', *, *, #335, .T. ) ;
#2552 = DIRECTION ( 'NONE',  ( 1.000000000000000000, 0.000000000000000000, -0.000000000000000000 ) ) ;
#2553 =( GEOMETRIC_REPRESENTATION_CONTEXT ( 3 ) GLOBAL_UNCERTAINTY_ASSIGNED_CONTEXT ( ( #2673 ) ) GLOBAL_UNIT_ASSIGNED_CONTEXT ( ( #670, #1009, #3730 ) ) REPRESENTATION_CONTEXT ( 'NONE', 'WORKASPACE' ) );
#2554 = EDGE_CURVE ( 'NONE', #2813, #2458, #89, .T. ) ;
#2555 = FILL_AREA_STYLE ('',( #1961 ) ) ;
#2556 = EDGE_CURVE ( 'NONE', #2257, #2872, #1158, .T. ) ;
#2557 =( GEOMETRIC_REPRESENTATION_CONTEXT ( 3 ) GLOBAL_UNCERTAINTY_ASSIGNED_CONTEXT ( ( #2267 ) ) GLOBAL_UNIT_ASSIGNED_CONTEXT ( ( #513, #1558, #559 ) ) REPRESENTATION_CONTEXT ( 'NONE', 'WORKASPACE' ) );
#2558 = PLANE ( 'NONE',  #3929 ) ;
#2560 = SURFACE_STYLE_USAGE ( .BOTH. , #1460 ) ;
#2559 = FACE_OUTER_BOUND ( 'NONE', #1473, .T. ) ;
#2561 =( NAMED_UNIT ( * ) PLANE_ANGLE_UNIT ( ) SI_UNIT ( $, .RADIAN. ) );
#2562 = ORIENTED_EDGE ( 'NONE', *, *, #1345, .F. ) ;
#2563 =( NAMED_UNIT ( * ) PLANE_ANGLE_UNIT ( ) SI_UNIT ( $, .RADIAN. ) );
#2564 = MECHANICAL_DESIGN_GEOMETRIC_PRESENTATION_REPRESENTATION (  '', ( #297 ), #503 ) ;
#2565 = SURFACE_STYLE_FILL_AREA ( #2581 ) ;
#2566 = VECTOR ( 'NONE', #1682, 1000.000000000000000 ) ;
#2568 = SURFACE_STYLE_FILL_AREA ( #1514 ) ;
#2567 =( NAMED_UNIT ( * ) SI_UNIT ( $, .STERADIAN. ) SOLID_ANGLE_UNIT ( ) );
#2569 = ORIENTED_EDGE ( 'NONE', *, *, #2674, .F. ) ;
#2570 = VECTOR ( 'NONE', #61, 1000.000000000000000 ) ;
#2571 =( LENGTH_UNIT ( ) NAMED_UNIT ( * ) SI_UNIT ( .MILLI., .METRE. ) );
#2572 = PRESENTATION_STYLE_ASSIGNMENT (( #4314 ) ) ;
#2573 =( LENGTH_UNIT ( ) NAMED_UNIT ( * ) SI_UNIT ( .MILLI., .METRE. ) );
#2574 = ADVANCED_FACE ( 'NONE', ( #2559 ), #404, .F. ) ;
#2575 = ADVANCED_FACE ( 'NONE', ( #555 ), #1597, .F. ) ;
#2577 = CARTESIAN_POINT ( 'NONE',  ( 82.19999999999998863, -138.7899999999999920, -10.00000000000000000 ) ) ;
#2576 = DIRECTION ( 'NONE',  ( -0.0007443882500148175669, -0.9999997229430281909, 0.000000000000000000 ) ) ;
#2578 = ORIENTED_EDGE ( 'NONE', *, *, #4241, .T. ) ;
#2579 = CARTESIAN_POINT ( 'NONE',  ( 143.8747614078141339, -46.74000000000000199, -5.000000000000002665 ) ) ;
#2580 = FILL_AREA_STYLE ('',( #200 ) ) ;
#2581 = FILL_AREA_STYLE ('',( #3546 ) ) ;
#2582 = FILL_AREA_STYLE_COLOUR ( '', #3855 ) ;
#2583 = CARTESIAN_POINT ( 'NONE',  ( 123.2894893310266013, -143.7400000000000091, -10.00000000000000000 ) ) ;
#2584 = CARTESIAN_POINT ( 'NONE',  ( 143.9094743819798907, -0.1071245514753580708, -1.610000000000000320 ) ) ;
#2585 = EDGE_LOOP ( 'NONE', ( #1656, #2762, #57, #1991 ) ) ;
#2586 = ORIENTED_EDGE ( 'NONE', *, *, #2952, .F. ) ;
#2587 =( LENGTH_UNIT ( ) NAMED_UNIT ( * ) SI_UNIT ( .MILLI., .METRE. ) );
#2588 = EDGE_LOOP ( 'NONE', ( #1353, #914, #3291, #2539 ) ) ;
#2589 = PRESENTATION_LAYER_ASSIGNMENT (  '', '', ( #4324 ) ) ;
#2590 = CARTESIAN_POINT ( 'NONE',  ( 0.000000000000000000, 0.000000000000000000, -5.000000000000000000 ) ) ;
#2591 = MECHANICAL_DESIGN_GEOMETRIC_PRESENTATION_REPRESENTATION (  '', ( #1403 ), #4184 ) ;
#2592 = FACE_BOUND ( 'NONE', #1861, .T. ) ;
#2593 = UNCERTAINTY_MEASURE_WITH_UNIT (LENGTH_MEASURE( 1.000000000000000082E-05 ), #1144, 'distance_accuracy_value', 'NONE');
#2594 = EDGE_CURVE ( 'NONE', #3531, #1636, #4013, .T. ) ;
#2595 =( GEOMETRIC_REPRESENTATION_CONTEXT ( 3 ) GLOBAL_UNCERTAINTY_ASSIGNED_CONTEXT ( ( #925 ) ) GLOBAL_UNIT_ASSIGNED_CONTEXT ( ( #2610, #1595, #1139 ) ) REPRESENTATION_CONTEXT ( 'NONE', 'WORKASPACE' ) );
#2596 = ORIENTED_EDGE ( 'NONE', *, *, #1978, .T. ) ;
#2597 = EDGE_CURVE ( 'NONE', #798, #3455, #2888, .T. ) ;
#2598 =( GEOMETRIC_REPRESENTATION_CONTEXT ( 3 ) GLOBAL_UNCERTAINTY_ASSIGNED_CONTEXT ( ( #17 ) ) GLOBAL_UNIT_ASSIGNED_CONTEXT ( ( #1164, #849, #2567 ) ) REPRESENTATION_CONTEXT ( 'NONE', 'WORKASPACE' ) );
#2599 = CARTESIAN_POINT ( 'NONE',  ( 77.60000000000000853, 0.000000000000000000, -1.610000000000000320 ) ) ;
#2600 = VECTOR ( 'NONE', #3514, 1000.000000000000000 ) ;
#2601 = ORIENTED_EDGE ( 'NONE', *, *, #67, .T. ) ;
#2602 = STYLED_ITEM ( 'NONE', ( #2262 ), #2738 ) ;
#2603 = SURFACE_STYLE_USAGE ( .BOTH. , #854 ) ;
#2604 = PLANE ( 'NONE',  #965 ) ;
#2605 = SURFACE_STYLE_FILL_AREA ( #1769 ) ;
#2606 = VERTEX_POINT ( 'NONE', #506 ) ;
#2607 = SURFACE_SIDE_STYLE ('',( #3990 ) ) ;
#2608 = CIRCLE ( 'NONE', #3320, 3.000000000000002665 ) ;
#2609 = PLANE ( 'NONE',  #65 ) ;
#2610 =( LENGTH_UNIT ( ) NAMED_UNIT ( * ) SI_UNIT ( .MILLI., .METRE. ) );
#2611 = SURFACE_STYLE_FILL_AREA ( #166 ) ;
#2613 = PRESENTATION_STYLE_ASSIGNMENT (( #1159 ) ) ;
#2612 = SURFACE_STYLE_FILL_AREA ( #932 ) ;
#2614 = ADVANCED_FACE ( 'NONE', ( #1619 ), #865, .F. ) ;
#2615 = DIRECTION ( 'NONE',  ( 0.000000000000000000, -0.000000000000000000, 1.000000000000000000 ) ) ;
#2616 = FACE_OUTER_BOUND ( 'NONE', #3158, .T. ) ;
#2617 = STYLED_ITEM ( 'NONE', ( #2268 ), #992 ) ;
#2618 = MECHANICAL_DESIGN_GEOMETRIC_PRESENTATION_REPRESENTATION (  '', ( #4424 ), #928 ) ;
#2619 = DIRECTION ( 'NONE',  ( 0.000000000000000000, 0.000000000000000000, 1.000000000000000000 ) ) ;
#2620 =( NAMED_UNIT ( * ) SI_UNIT ( $, .STERADIAN. ) SOLID_ANGLE_UNIT ( ) );
#2622 = FILL_AREA_STYLE_COLOUR ( '', #4462 ) ;
#2621 =( NAMED_UNIT ( * ) SI_UNIT ( $, .STERADIAN. ) SOLID_ANGLE_UNIT ( ) );
#2623 = ADVANCED_FACE ( 'NONE', ( #2434 ), #4081, .F. ) ;
#2624 = CARTESIAN_POINT ( 'NONE',  ( 98.20000000000000284, -143.7400000000000091, -10.00000000000000178 ) ) ;
#2625 = VERTEX_POINT ( 'NONE', #1340 ) ;
#2626 = ORIENTED_EDGE ( 'NONE', *, *, #1490, .T. ) ;
#2627 =( GEOMETRIC_REPRESENTATION_CONTEXT ( 3 ) GLOBAL_UNCERTAINTY_ASSIGNED_CONTEXT ( ( #1615 ) ) GLOBAL_UNIT_ASSIGNED_CONTEXT ( ( #3570, #3941, #1820 ) ) REPRESENTATION_CONTEXT ( 'NONE', 'WORKASPACE' ) );
#2628 = SURFACE_STYLE_FILL_AREA ( #1191 ) ;
#2629 = LINE ( 'NONE', #587, #3996 ) ;
#2630 = DIRECTION ( 'NONE',  ( 0.000000000000000000, 0.000000000000000000, -1.000000000000000000 ) ) ;
#2631 = EDGE_CURVE ( 'NONE', #2444, #606, #3767, .T. ) ;
#2632 = VECTOR ( 'NONE', #2476, 1000.000000000000000 ) ;
#2633 = DIRECTION ( 'NONE',  ( 0.000000000000000000, 0.000000000000000000, -1.000000000000000000 ) ) ;
#2634 = LINE ( 'NONE', #1548, #758 ) ;
#2635 = UNCERTAINTY_MEASURE_WITH_UNIT (LENGTH_MEASURE( 1.000000000000000082E-05 ), #2107, 'distance_accuracy_value', 'NONE');
#2636 = DIRECTION ( 'NONE',  ( 0.000000000000000000, 0.000000000000000000, -1.000000000000000000 ) ) ;
#2637 = LINE ( 'NONE', #3706, #1046 ) ;
#2638 = SURFACE_STYLE_FILL_AREA ( #2320 ) ;
#2639 = EDGE_LOOP ( 'NONE', ( #1907, #3208, #3820, #1911 ) ) ;
#2640 = ORIENTED_EDGE ( 'NONE', *, *, #2187, .T. ) ;
#2641 = EDGE_CURVE ( 'NONE', #3399, #3314, #125, .T. ) ;
#2642 = LINE ( 'NONE', #206, #2731 ) ;
#2643 = DIRECTION ( 'NONE',  ( -0.7071067811865479058, 0.000000000000000000, -0.7071067811865472397 ) ) ;
#2644 =( NAMED_UNIT ( * ) PLANE_ANGLE_UNIT ( ) SI_UNIT ( $, .RADIAN. ) );
#2645 = EDGE_LOOP ( 'NONE', ( #2905, #4079, #1999, #4002 ) ) ;
#2646 = PLANE ( 'NONE',  #746 ) ;
#2647 = STYLED_ITEM ( 'NONE', ( #1400 ), #4144 ) ;
#2648 = ORIENTED_EDGE ( 'NONE', *, *, #3586, .F. ) ;
#2649 = ADVANCED_FACE ( 'NONE', ( #331 ), #3404, .F. ) ;
#2650 = SURFACE_STYLE_USAGE ( .BOTH. , #2337 ) ;
#2652 = LINE ( 'NONE', #4319, #1641 ) ;
#2651 =( NAMED_UNIT ( * ) PLANE_ANGLE_UNIT ( ) SI_UNIT ( $, .RADIAN. ) );
#2653 = DIRECTION ( 'NONE',  ( -1.000000000000000000, 0.000000000000000000, 0.000000000000000000 ) ) ;
#2654 = ORIENTED_EDGE ( 'NONE', *, *, #2881, .F. ) ;
#2655 = PRESENTATION_LAYER_ASSIGNMENT (  '', '', ( #117 ) ) ;
#2656 = DIRECTION ( 'NONE',  ( 0.000000000000000000, 0.000000000000000000, 1.000000000000000000 ) ) ;
#2658 = DIRECTION ( 'NONE',  ( 0.0007443882500148174585, 0.9999997229430281909, 0.000000000000000000 ) ) ;
#2657 = PLANE ( 'NONE',  #4336 ) ;
#2659 = FILL_AREA_STYLE_COLOUR ( '', #4279 ) ;
#2660 = ORIENTED_EDGE ( 'NONE', *, *, #954, .T. ) ;
#2661 = ORIENTED_EDGE ( 'NONE', *, *, #1457, .T. ) ;
#2662 = VECTOR ( 'NONE', #2576, 1000.000000000000000 ) ;
#2663 = CARTESIAN_POINT ( 'NONE',  ( 97.24000000000000909, -96.52000000000001023, -5.000000000000000000 ) ) ;
#2664 =( LENGTH_UNIT ( ) NAMED_UNIT ( * ) SI_UNIT ( .MILLI., .METRE. ) );
#2665 = VECTOR ( 'NONE', #1814, 1000.000000000000000 ) ;
#2666 = FILL_AREA_STYLE ('',( #4434 ) ) ;
#2667 = EDGE_CURVE ( 'NONE', #1636, #4448, #3787, .T. ) ;
#2668 = AXIS2_PLACEMENT_3D ( 'NONE', #3212, #456, #81 ) ;
#2669 = DIRECTION ( 'NONE',  ( 0.000000000000000000, 0.000000000000000000, -1.000000000000000000 ) ) ;
#2670 = PRESENTATION_LAYER_ASSIGNMENT (  '', '', ( #3036 ) ) ;
#2671 = ORIENTED_EDGE ( 'NONE', *, *, #4299, .T. ) ;
#2672 =( NAMED_UNIT ( * ) PLANE_ANGLE_UNIT ( ) SI_UNIT ( $, .RADIAN. ) );
#2673 = UNCERTAINTY_MEASURE_WITH_UNIT (LENGTH_MEASURE( 1.000000000000000082E-05 ), #670, 'distance_accuracy_value', 'NONE');
#2674 = EDGE_CURVE ( 'NONE', #3077, #1467, #4491, .T. ) ;
#2675 = ORIENTED_EDGE ( 'NONE', *, *, #4208, .F. ) ;
#2676 = CARTESIAN_POINT ( 'NONE',  ( 139.2894893310265729, -138.7899999999999636, -10.00000000000000178 ) ) ;
#2677 = STYLED_ITEM ( 'NONE', ( #2885 ), #56 ) ;
#2679 = CARTESIAN_POINT ( 'NONE',  ( 122.2399999999999949, -96.51999999999999602, -1.610000000000000320 ) ) ;
#2678 = FILL_AREA_STYLE_COLOUR ( '', #2169 ) ;
#2680 = MECHANICAL_DESIGN_GEOMETRIC_PRESENTATION_REPRESENTATION (  '', ( #1505 ), #3652 ) ;
#2681 = ORIENTED_EDGE ( 'NONE', *, *, #972, .F. ) ;
#2682 = FACE_OUTER_BOUND ( 'NONE', #4271, .T. ) ;
#2684 = FILL_AREA_STYLE ('',( #2416 ) ) ;
#2683 = CARTESIAN_POINT ( 'NONE',  ( 82.19999999999998863, -138.7899999999999920, -7.500000000000000000 ) ) ;
#2685 = PLANE ( 'NONE',  #3397 ) ;
#2686 = ORIENTED_EDGE ( 'NONE', *, *, #2641, .F. ) ;
#2687 =( LENGTH_UNIT ( ) NAMED_UNIT ( * ) SI_UNIT ( .MILLI., .METRE. ) );
#2688 =( GEOMETRIC_REPRESENTATION_CONTEXT ( 3 ) GLOBAL_UNCERTAINTY_ASSIGNED_CONTEXT ( ( #3624 ) ) GLOBAL_UNIT_ASSIGNED_CONTEXT ( ( #217, #2047, #1292 ) ) REPRESENTATION_CONTEXT ( 'NONE', 'WORKASPACE' ) );
#2689 =( NAMED_UNIT ( * ) SI_UNIT ( $, .STERADIAN. ) SOLID_ANGLE_UNIT ( ) );
#2690 = DIRECTION ( 'NONE',  ( -1.000000000000000000, 0.000000000000000000, 0.000000000000000000 ) ) ;
#2691 = ORIENTED_EDGE ( 'NONE', *, *, #2351, .T. ) ;
#2692 = CARTESIAN_POINT ( 'NONE',  ( 145.2661120018323402, -58.26999307357377234, -5.000000000000000000 ) ) ;
#2693 = ORIENTED_EDGE ( 'NONE', *, *, #2862, .F. ) ;
#2694 = CARTESIAN_POINT ( 'NONE',  ( 83.79999999999999716, -23.90600000000000236, -7.500000000000000000 ) ) ;
#2695 = VECTOR ( 'NONE', #945, 1000.000000000000000 ) ;
#2696 = FILL_AREA_STYLE ('',( #1639 ) ) ;
#2697 = COLOUR_RGB ( '',0.007843137254901960675, 0.2392156862745097867, 0.8235294117647058432 ) ;
#2698 = PLANE ( 'NONE',  #544 ) ;
#2699 = ORIENTED_EDGE ( 'NONE', *, *, #1490, .F. ) ;
#2700 = FILL_AREA_STYLE_COLOUR ( '', #646 ) ;
#2701 = CARTESIAN_POINT ( 'NONE',  ( 134.7894893310266013, -135.7400000000000091, -6.500000000000000888 ) ) ;
#2702 =( NAMED_UNIT ( * ) SI_UNIT ( $, .STERADIAN. ) SOLID_ANGLE_UNIT ( ) );
#2703 = CARTESIAN_POINT ( 'NONE',  ( 97.24000000000000909, -108.2700000000000102, -1.610000000000000320 ) ) ;
#2704 = EDGE_CURVE ( 'NONE', #3433, #1583, #1409, .T. ) ;
#2705 = ORIENTED_EDGE ( 'NONE', *, *, #445, .F. ) ;
#2706 = FILL_AREA_STYLE ('',( #911 ) ) ;
#2707 = LINE ( 'NONE', #961, #3042 ) ;
#2708 = EDGE_LOOP ( 'NONE', ( #2355, #3085 ) ) ;
#2709 = EDGE_LOOP ( 'NONE', ( #1623, #4259, #640, #3230 ) ) ;
#2710 = DIRECTION ( 'NONE',  ( 0.9999997229430283019, -0.0007443882500148760054, 0.000000000000000000 ) ) ;
#2711 = LINE ( 'NONE', #633, #1449 ) ;
#2713 = FILL_AREA_STYLE_COLOUR ( '', #2118 ) ;
#2712 = CARTESIAN_POINT ( 'NONE',  ( 143.9094743819798907, -0.1071245514753580708, 124.1774298937790064 ) ) ;
#2714 = SURFACE_SIDE_STYLE ('',( #2035 ) ) ;
#2715 = VERTEX_POINT ( 'NONE', #39 ) ;
#2716 = SURFACE_STYLE_FILL_AREA ( #2143 ) ;
#2717 = VERTEX_POINT ( 'NONE', #522 ) ;
#2718 = SURFACE_STYLE_FILL_AREA ( #975 ) ;
#2719 = SURFACE_SIDE_STYLE ('',( #1688 ) ) ;
#2720 = DIRECTION ( 'NONE',  ( -1.000000000000000000, 0.000000000000000000, 0.000000000000000000 ) ) ;
#2721 = UNCERTAINTY_MEASURE_WITH_UNIT (LENGTH_MEASURE( 1.000000000000000082E-05 ), #3025, 'distance_accuracy_value', 'NONE');
#2722 = PRESENTATION_LAYER_ASSIGNMENT (  '', '', ( #1913 ) ) ;
#2723 = ORIENTED_EDGE ( 'NONE', *, *, #2001, .F. ) ;
#2724 = AXIS2_PLACEMENT_3D ( 'NONE', #2242, #2633, #1610 ) ;
#2725 = PRESENTATION_LAYER_ASSIGNMENT (  '', '', ( #4252 ) ) ;
#2726 = LINE ( 'NONE', #979, #1590 ) ;
#2727 = DIRECTION ( 'NONE',  ( -1.000000000000000000, 0.000000000000000000, 0.000000000000000000 ) ) ;
#2728 = FILL_AREA_STYLE_COLOUR ( '', #3018 ) ;
#2729 = EDGE_CURVE ( 'NONE', #274, #834, #160, .T. ) ;
#2730 = LINE ( 'NONE', #3073, #3930 ) ;
#2731 = VECTOR ( 'NONE', #1584, 1000.000000000000000 ) ;
#2733 = CARTESIAN_POINT ( 'NONE',  ( 75.20000000000000284, -142.7400000000000091, -3.000000000000000000 ) ) ;
#2732 = DIRECTION ( 'NONE',  ( -1.000000000000000000, 0.000000000000000000, 0.000000000000000000 ) ) ;
#2734 = CARTESIAN_POINT ( 'NONE',  ( 143.9094743819798907, -0.1071245514753580708, 124.1774298937790064 ) ) ;
#2735 = STYLED_ITEM ( 'NONE', ( #4309 ), #1468 ) ;
#2736 = ORIENTED_EDGE ( 'NONE', *, *, #4343, .F. ) ;
#2737 = ORIENTED_EDGE ( 'NONE', *, *, #2529, .T. ) ;
#2738 = ADVANCED_FACE ( 'NONE', ( #2868 ), #185, .F. ) ;
#2739 = VECTOR ( 'NONE', #30, 1000.000000000000000 ) ;
#2740 = SURFACE_STYLE_FILL_AREA ( #4 ) ;
#2741 = CARTESIAN_POINT ( 'NONE',  ( 97.24000000000000909, -108.2700000000000102, 107.1843411028349493 ) ) ;
#2742 = ORIENTED_EDGE ( 'NONE', *, *, #776, .F. ) ;
#2743 = AXIS2_PLACEMENT_3D ( 'NONE', #2002, #3729, #601 ) ;
#2744 = CYLINDRICAL_SURFACE ( 'NONE', #1198, 3.000000000000002665 ) ;
#2745 = FACE_OUTER_BOUND ( 'NONE', #3703, .T. ) ;
#2746 = VERTEX_POINT ( 'NONE', #781 ) ;
#2747 = SURFACE_SIDE_STYLE ('',( #710 ) ) ;
#2748 =( GEOMETRIC_REPRESENTATION_CONTEXT ( 3 ) GLOBAL_UNCERTAINTY_ASSIGNED_CONTEXT ( ( #384 ) ) GLOBAL_UNIT_ASSIGNED_CONTEXT ( ( #531, #2651, #883 ) ) REPRESENTATION_CONTEXT ( 'NONE', 'WORKASPACE' ) );
#2749 = STYLED_ITEM ( 'NONE', ( #4413 ), #2854 ) ;
#2750 = FILL_AREA_STYLE_COLOUR ( '', #3411 ) ;
#2752 =( NAMED_UNIT ( * ) PLANE_ANGLE_UNIT ( ) SI_UNIT ( $, .RADIAN. ) );
#2751 = FILL_AREA_STYLE_COLOUR ( '', #4199 ) ;
#2753 = STYLED_ITEM ( 'NONE', ( #541 ), #425 ) ;
#2754 = DIRECTION ( 'NONE',  ( 1.000000000000000000, 0.000000000000000000, 0.000000000000000000 ) ) ;
#2755 =( GEOMETRIC_REPRESENTATION_CONTEXT ( 3 ) GLOBAL_UNCERTAINTY_ASSIGNED_CONTEXT ( ( #2457 ) ) GLOBAL_UNIT_ASSIGNED_CONTEXT ( ( #391, #2769, #3127 ) ) REPRESENTATION_CONTEXT ( 'NONE', 'WORKASPACE' ) );
#2756 = CARTESIAN_POINT ( 'NONE',  ( 123.7400000000000091, -59.76999307357377234, -5.000000000000000000 ) ) ;
#2757 = EDGE_CURVE ( 'NONE', #1566, #971, #1564, .T. ) ;
#2759 =( NAMED_UNIT ( * ) SI_UNIT ( $, .STERADIAN. ) SOLID_ANGLE_UNIT ( ) );
#2758 = CARTESIAN_POINT ( 'NONE',  ( 145.3099255888600680, -133.8399999999999750, -5.000000000000000000 ) ) ;
#2760 = CIRCLE ( 'NONE', #1504, 1.600000000000004086 ) ;
#2761 = FACE_OUTER_BOUND ( 'NONE', #2419, .T. ) ;
#2762 = ORIENTED_EDGE ( 'NONE', *, *, #2594, .T. ) ;
#2763 =( GEOMETRIC_REPRESENTATION_CONTEXT ( 3 ) GLOBAL_UNCERTAINTY_ASSIGNED_CONTEXT ( ( #2120 ) ) GLOBAL_UNIT_ASSIGNED_CONTEXT ( ( #1699, #4164, #2101 ) ) REPRESENTATION_CONTEXT ( 'NONE', 'WORKASPACE' ) );
#2764 = VECTOR ( 'NONE', #1612, 1000.000000000000000 ) ;
#2765 = EDGE_LOOP ( 'NONE', ( #2211, #871, #1099, #978 ) ) ;
#2766 =( NAMED_UNIT ( * ) PLANE_ANGLE_UNIT ( ) SI_UNIT ( $, .RADIAN. ) );
#2767 = EDGE_CURVE ( 'NONE', #4320, #4037, #2974, .T. ) ;
#2768 = CARTESIAN_POINT ( 'NONE',  ( 139.2894893310265729, -23.90599999999999525, -7.500000000000000000 ) ) ;
#2769 =( NAMED_UNIT ( * ) PLANE_ANGLE_UNIT ( ) SI_UNIT ( $, .RADIAN. ) );
#2770 = ORIENTED_EDGE ( 'NONE', *, *, #2817, .F. ) ;
#2771 = STYLED_ITEM ( 'NONE', ( #3961 ), #666 ) ;
#2772 = DIRECTION ( 'NONE',  ( 1.000000000000000000, -0.000000000000000000, 0.000000000000000000 ) ) ;
#2773 = ADVANCED_FACE ( 'NONE', ( #2947 ), #3886, .F. ) ;
#2774 =( NAMED_UNIT ( * ) SI_UNIT ( $, .STERADIAN. ) SOLID_ANGLE_UNIT ( ) );
#2775 = EDGE_LOOP ( 'NONE', ( #1349, #619, #378, #2569 ) ) ;
#2776 = VECTOR ( 'NONE', #1812, 1000.000000000000000 ) ;
#2777 = VECTOR ( 'NONE', #678, 1000.000000000000000 ) ;
#2778 = MECHANICAL_DESIGN_GEOMETRIC_PRESENTATION_REPRESENTATION (  '', ( #2121 ), #935 ) ;
#2779 = PLANE ( 'NONE',  #1883 ) ;
#2781 = FILL_AREA_STYLE_COLOUR ( '', #903 ) ;
#2780 = CARTESIAN_POINT ( 'NONE',  ( 98.20000000000000284, -143.7400000000000091, -10.00000000000000178 ) ) ;
#2782 = VECTOR ( 'NONE', #443, 1000.000000000000000 ) ;
#2783 = PRESENTATION_STYLE_ASSIGNMENT (( #4213 ) ) ;
#2784 = FACE_OUTER_BOUND ( 'NONE', #4223, .T. ) ;
#2785 = PLANE ( 'NONE',  #708 ) ;
#2786 = ORIENTED_EDGE ( 'NONE', *, *, #1945, .F. ) ;
#2787 = CARTESIAN_POINT ( 'NONE',  ( 143.8747614078141339, -46.73999999999999488, 124.1774298937790064 ) ) ;
#2788 = CARTESIAN_POINT ( 'NONE',  ( 97.24000000000000909, -96.52000000000001023, -1.610000000000000320 ) ) ;
#2789 = LINE ( 'NONE', #4244, #551 ) ;
#2790 = EDGE_LOOP ( 'NONE', ( #2648, #3029, #1130, #1611 ) ) ;
#2791 = EDGE_CURVE ( 'NONE', #1264, #470, #3536, .T. ) ;
#2792 = SURFACE_STYLE_FILL_AREA ( #996 ) ;
#2793 = PLANE ( 'NONE',  #1060 ) ;
#2794 = PLANE ( 'NONE',  #2085 ) ;
#2795 = ORIENTED_EDGE ( 'NONE', *, *, #3485, .T. ) ;
#2796 = EDGE_CURVE ( 'NONE', #3393, #1790, #3389, .T. ) ;
#2797 = ORIENTED_EDGE ( 'NONE', *, *, #3069, .F. ) ;
#2798 = LINE ( 'NONE', #4210, #3993 ) ;
#2800 = PRESENTATION_STYLE_ASSIGNMENT (( #1386 ) ) ;
#2799 = FILL_AREA_STYLE ('',( #2093 ) ) ;
#2801 =( NAMED_UNIT ( * ) PLANE_ANGLE_UNIT ( ) SI_UNIT ( $, .RADIAN. ) );
#2803 = DIRECTION ( 'NONE',  ( 0.000000000000000000, 0.000000000000000000, -1.000000000000000000 ) ) ;
#2802 = CARTESIAN_POINT ( 'NONE',  ( 79.19999999999998863, -23.90600000000000236, -7.500000000000000000 ) ) ;
#2804 = UNCERTAINTY_MEASURE_WITH_UNIT (LENGTH_MEASURE( 1.000000000000000082E-05 ), #1601, 'distance_accuracy_value', 'NONE');
#2805 = AXIS2_PLACEMENT_3D ( 'NONE', #3673, #907, #3726 ) ;
#2806 = ORIENTED_EDGE ( 'NONE', *, *, #4343, .T. ) ;
#2807 = FILL_AREA_STYLE ('',( #718 ) ) ;
#2808 = ORIENTED_EDGE ( 'NONE', *, *, #1808, .T. ) ;
#2809 = PRESENTATION_LAYER_ASSIGNMENT (  '', '', ( #42 ) ) ;
#2810 = LINE ( 'NONE', #4193, #1041 ) ;
#2811 = DIRECTION ( 'NONE',  ( 0.9999997229430283019, -0.0007443882500148175669, 0.000000000000000000 ) ) ;
#2812 = CARTESIAN_POINT ( 'NONE',  ( 79.19999999999998863, -23.90600000000000236, -7.500000000000000000 ) ) ;
#2813 = VERTEX_POINT ( 'NONE', #4453 ) ;
#2814 = CARTESIAN_POINT ( 'NONE',  ( 122.9900000000000091, -59.76999307357377234, -1.610000000000000320 ) ) ;
#2815 = FILL_AREA_STYLE ('',( #2407 ) ) ;
#2816 = PRESENTATION_LAYER_ASSIGNMENT (  '', '', ( #3529 ) ) ;
#2817 = EDGE_CURVE ( 'NONE', #2322, #3918, #1333, .T. ) ;
#2818 = CARTESIAN_POINT ( 'NONE',  ( 143.8475688975072160, -83.27000000000001023, 124.1774298937790064 ) ) ;
#2819 = ORIENTED_EDGE ( 'NONE', *, *, #1503, .F. ) ;
#2820 = FACE_OUTER_BOUND ( 'NONE', #2109, .T. ) ;
#2821 = VECTOR ( 'NONE', #2164, 1000.000000000000000 ) ;
#2822 = ORIENTED_EDGE ( 'NONE', *, *, #1501, .F. ) ;
#2823 = EDGE_CURVE ( 'NONE', #3710, #947, #305, .T. ) ;
#2825 = LINE ( 'NONE', #3139, #3497 ) ;
#2824 = FILL_AREA_STYLE_COLOUR ( '', #1348 ) ;
#2826 = COLOUR_RGB ( '',0.007843137254901960675, 0.2392156862745097867, 0.8235294117647058432 ) ;
#2827 = FACE_OUTER_BOUND ( 'NONE', #3037, .T. ) ;
#2828 = STYLED_ITEM ( 'NONE', ( #2481 ), #400 ) ;
#2829 = VECTOR ( 'NONE', #3621, 1000.000000000000000 ) ;
#2830 = DIRECTION ( 'NONE',  ( 1.000000000000000000, 0.000000000000000000, 0.000000000000000000 ) ) ;
#2831 = PLANE ( 'NONE',  #1089 ) ;
#2832 = AXIS2_PLACEMENT_3D ( 'NONE', #2902, #3857, #729 ) ;
#2833 = DIRECTION ( 'NONE',  ( -1.000000000000000000, 0.000000000000000000, 0.000000000000000000 ) ) ;
#2834 = CARTESIAN_POINT ( 'NONE',  ( 122.2399999999999949, -109.7700000000000102, 107.1843411028349493 ) ) ;
#2835 = ORIENTED_EDGE ( 'NONE', *, *, #2129, .F. ) ;
#2836 = MECHANICAL_DESIGN_GEOMETRIC_PRESENTATION_REPRESENTATION (  '', ( #1272 ), #1574 ) ;
#2837 = DIRECTION ( 'NONE',  ( -0.000000000000000000, -0.000000000000000000, 1.000000000000000000 ) ) ;
#2838 = VERTEX_POINT ( 'NONE', #4123 ) ;
#2839 = MECHANICAL_DESIGN_GEOMETRIC_PRESENTATION_REPRESENTATION (  '', ( #1655 ), #3401 ) ;
#2840 = LINE ( 'NONE', #3498, #885 ) ;
#2841 = CYLINDRICAL_SURFACE ( 'NONE', #2912, 1.599999999999990319 ) ;
#2842 = FILL_AREA_STYLE_COLOUR ( '', #3935 ) ;
#2843 = VECTOR ( 'NONE', #3663, 1000.000000000000000 ) ;
#2844 = FILL_AREA_STYLE_COLOUR ( '', #3108 ) ;
#2845 = ORIENTED_EDGE ( 'NONE', *, *, #2995, .T. ) ;
#2846 = CARTESIAN_POINT ( 'NONE',  ( 123.7400000000000091, -96.51999999999999602, -1.610000000000000320 ) ) ;
#2847 = CARTESIAN_POINT ( 'NONE',  ( 145.4094739663944438, -0.1082411338503887765, -1.610000000000000320 ) ) ;
#2848 = ORIENTED_EDGE ( 'NONE', *, *, #313, .T. ) ;
#2849 = FILL_AREA_STYLE_COLOUR ( '', #3258 ) ;
#2850 = FILL_AREA_STYLE ('',( #4181 ) ) ;
#2851 =( GEOMETRIC_REPRESENTATION_CONTEXT ( 3 ) GLOBAL_UNCERTAINTY_ASSIGNED_CONTEXT ( ( #1528 ) ) GLOBAL_UNIT_ASSIGNED_CONTEXT ( ( #3246, #848, #2620 ) ) REPRESENTATION_CONTEXT ( 'NONE', 'WORKASPACE' ) );
#2853 = SURFACE_STYLE_USAGE ( .BOTH. , #2488 ) ;
#2852 =( NAMED_UNIT ( * ) SI_UNIT ( $, .STERADIAN. ) SOLID_ANGLE_UNIT ( ) );
#2854 = ADVANCED_FACE ( 'NONE', ( #1284 ), #1308, .T. ) ;
#2855 = PRESENTATION_LAYER_ASSIGNMENT (  '', '', ( #297 ) ) ;
#2856 = SURFACE_STYLE_USAGE ( .BOTH. , #2537 ) ;
#2857 = UNCERTAINTY_MEASURE_WITH_UNIT (LENGTH_MEASURE( 1.000000000000000082E-05 ), #906, 'distance_accuracy_value', 'NONE');
#2858 = SURFACE_STYLE_FILL_AREA ( #3844 ) ;
#2859 = ORIENTED_EDGE ( 'NONE', *, *, #3450, .T. ) ;
#2860 = FACE_OUTER_BOUND ( 'NONE', #2296, .T. ) ;
#2861 = ORIENTED_EDGE ( 'NONE', *, *, #4113, .F. ) ;
#2862 = EDGE_CURVE ( 'NONE', #1784, #3927, #2402, .T. ) ;
#2863 = FACE_OUTER_BOUND ( 'NONE', #2645, .T. ) ;
#2864 =( NAMED_UNIT ( * ) PLANE_ANGLE_UNIT ( ) SI_UNIT ( $, .RADIAN. ) );
#2865 = CARTESIAN_POINT ( 'NONE',  ( 122.2399999999999949, 0.000000000000000000, -5.000000000000000000 ) ) ;
#2866 = EDGE_LOOP ( 'NONE', ( #4124, #3351, #2596, #1734 ) ) ;
#2867 = LINE ( 'NONE', #3573, #2540 ) ;
#2869 = CARTESIAN_POINT ( 'NONE',  ( 122.9900000000000091, -59.76999307357377234, -5.000000000000000000 ) ) ;
#2868 = FACE_OUTER_BOUND ( 'NONE', #3766, .T. ) ;
#2870 = SURFACE_STYLE_USAGE ( .BOTH. , #361 ) ;
#2871 = LINE ( 'NONE', #428, #2821 ) ;
#2872 = VERTEX_POINT ( 'NONE', #946 ) ;
#2873 = STYLED_ITEM ( 'NONE', ( #3987 ), #4159 ) ;
#2874 = FACE_BOUND ( 'NONE', #3146, .T. ) ;
#2875 = ORIENTED_EDGE ( 'NONE', *, *, #4414, .T. ) ;
#2876 = COLOUR_RGB ( '',0.007843137254901960675, 0.2392156862745097867, 0.8235294117647058432 ) ;
#2877 = VECTOR ( 'NONE', #4366, 1000.000000000000000 ) ;
#2878 = FACE_OUTER_BOUND ( 'NONE', #109, .T. ) ;
#2879 = ADVANCED_FACE ( 'NONE', ( #3686 ), #3009, .F. ) ;
#2880 = EDGE_LOOP ( 'NONE', ( #3543, #235 ) ) ;
#2881 = EDGE_CURVE ( 'NONE', #509, #2432, #2009, .T. ) ;
#2882 = ORIENTED_EDGE ( 'NONE', *, *, #3442, .T. ) ;
#2883 = DIRECTION ( 'NONE',  ( 0.000000000000000000, -0.000000000000000000, -1.000000000000000000 ) ) ;
#2884 = VECTOR ( 'NONE', #2271, 1000.000000000000000 ) ;
#2885 = PRESENTATION_STYLE_ASSIGNMENT (( #421 ) ) ;
#2886 = FACE_OUTER_BOUND ( 'NONE', #1189, .T. ) ;
#2887 = MECHANICAL_DESIGN_GEOMETRIC_PRESENTATION_REPRESENTATION (  '', ( #3827 ), #833 ) ;
#2888 = CIRCLE ( 'NONE', #3906, 3.000000000000002665 ) ;
#2889 = CARTESIAN_POINT ( 'NONE',  ( 97.24000000000000909, -108.2700000000000102, -5.000000000000000000 ) ) ;
#2890 = SURFACE_STYLE_FILL_AREA ( #2119 ) ;
#2891 = ORIENTED_EDGE ( 'NONE', *, *, #3809, .F. ) ;
#2892 = ORIENTED_EDGE ( 'NONE', *, *, #192, .F. ) ;
#2893 = CARTESIAN_POINT ( 'NONE',  ( 85.20000000000000284, -138.7899999999999920, -7.500000000000000000 ) ) ;
#2894 = CARTESIAN_POINT ( 'NONE',  ( 74.20000000000000284, -143.7400000000000091, -10.00000000000000000 ) ) ;
#2895 = PRESENTATION_LAYER_ASSIGNMENT (  '', '', ( #4044 ) ) ;
#2896 = DIRECTION ( 'NONE',  ( 0.000000000000000000, 0.000000000000000000, 1.000000000000000000 ) ) ;
#2897 = ORIENTED_EDGE ( 'NONE', *, *, #548, .T. ) ;
#2898 = PRESENTATION_LAYER_ASSIGNMENT (  '', '', ( #2828 ) ) ;
#2899 = ORIENTED_EDGE ( 'NONE', *, *, #3926, .T. ) ;
#2900 = EDGE_CURVE ( 'NONE', #1080, #45, #4277, .T. ) ;
#2901 = CARTESIAN_POINT ( 'NONE',  ( 143.8650620313851221, -59.76999307357376523, 124.1774298937790064 ) ) ;
#2902 = CARTESIAN_POINT ( 'NONE',  ( 98.74000000000000909, -96.52000000000001023, 107.1843411028349493 ) ) ;
#2903 =( GEOMETRIC_REPRESENTATION_CONTEXT ( 3 ) GLOBAL_UNCERTAINTY_ASSIGNED_CONTEXT ( ( #618 ) ) GLOBAL_UNIT_ASSIGNED_CONTEXT ( ( #3560, #2115, #2139 ) ) REPRESENTATION_CONTEXT ( 'NONE', 'WORKASPACE' ) );
#2904 = PRESENTATION_LAYER_ASSIGNMENT (  '', '', ( #1872 ) ) ;
#2905 = ORIENTED_EDGE ( 'NONE', *, *, #783, .F. ) ;
#2906 = SURFACE_STYLE_USAGE ( .BOTH. , #1867 ) ;
#2907 = STYLED_ITEM ( 'NONE', ( #2572 ), #6 ) ;
#2908 = EDGE_CURVE ( 'NONE', #3594, #1855, #2789, .T. ) ;
#2909 = DIRECTION ( 'NONE',  ( 0.000000000000000000, 0.000000000000000000, 1.000000000000000000 ) ) ;
#2910 = DIRECTION ( 'NONE',  ( 0.000000000000000000, 0.000000000000000000, -1.000000000000000000 ) ) ;
#2911 = COLOUR_RGB ( '',0.007843137254901960675, 0.2392156862745097867, 0.8235294117647058432 ) ;
#2912 = AXIS2_PLACEMENT_3D ( 'NONE', #1536, #4308, #1904 ) ;
#2914 = CARTESIAN_POINT ( 'NONE',  ( 98.20000000000000284, -18.95599999999999952, -10.00000000000000178 ) ) ;
#2913 = DIRECTION ( 'NONE',  ( 1.000000000000000000, 0.000000000000000000, -1.156482317317870492E-16 ) ) ;
#2915 = SURFACE_SIDE_STYLE ('',( #1122 ) ) ;
#2916 = ORIENTED_EDGE ( 'NONE', *, *, #3092, .T. ) ;
#2917 = FACE_OUTER_BOUND ( 'NONE', #2928, .T. ) ;
#2918 =( NAMED_UNIT ( * ) PLANE_ANGLE_UNIT ( ) SI_UNIT ( $, .RADIAN. ) );
#2919 = CARTESIAN_POINT ( 'NONE',  ( 123.7400000000000091, -96.51999999999999602, -5.000000000000000000 ) ) ;
#2920 = COLOUR_RGB ( '',0.007843137254901960675, 0.2392156862745097867, 0.8235294117647058432 ) ;
#2921 = PRESENTATION_LAYER_ASSIGNMENT (  '', '', ( #2988 ) ) ;
#2922 = DIRECTION ( 'NONE',  ( 1.000000000000000000, 0.000000000000000000, 0.000000000000000000 ) ) ;
#2923 = CARTESIAN_POINT ( 'NONE',  ( 98.74000000000000909, -96.52000000000001023, 107.1843411028349493 ) ) ;
#2924 = ORIENTED_EDGE ( 'NONE', *, *, #1910, .T. ) ;
#2925 = CARTESIAN_POINT ( 'NONE',  ( 123.2894893310266013, -18.95599999999999952, -10.00000000000000000 ) ) ;
#2926 = PLANE ( 'NONE',  #2194 ) ;
#2927 = EDGE_CURVE ( 'NONE', #3290, #1983, #4170, .T. ) ;
#2928 = EDGE_LOOP ( 'NONE', ( #4349, #1976, #538, #3525 ) ) ;
#2929 =( NAMED_UNIT ( * ) PLANE_ANGLE_UNIT ( ) SI_UNIT ( $, .RADIAN. ) );
#2930 = CARTESIAN_POINT ( 'NONE',  ( 122.2399999999999949, -96.51999999999999602, -5.000000000000000000 ) ) ;
#2931 = CARTESIAN_POINT ( 'NONE',  ( 134.7894893310266013, -18.95599999999999952, -6.500000000000000888 ) ) ;
#2932 = ADVANCED_FACE ( 'NONE', ( #3879 ), #1065, .F. ) ;
#2933 = FILL_AREA_STYLE_COLOUR ( '', #2911 ) ;
#2934 =( NAMED_UNIT ( * ) SI_UNIT ( $, .STERADIAN. ) SOLID_ANGLE_UNIT ( ) );
#2935 = ORIENTED_EDGE ( 'NONE', *, *, #3423, .F. ) ;
#2936 = FACE_BOUND ( 'NONE', #107, .T. ) ;
#2937 = CARTESIAN_POINT ( 'NONE',  ( 75.20000000000000284, -19.95600000000000307, -3.000000000000000000 ) ) ;
#2938 = FACE_OUTER_BOUND ( 'NONE', #1010, .T. ) ;
#2939 = DIRECTION ( 'NONE',  ( 0.000000000000000000, 0.000000000000000000, 1.000000000000000000 ) ) ;
#2940 = VECTOR ( 'NONE', #4200, 1000.000000000000000 ) ;
#2941 = AXIS2_PLACEMENT_3D ( 'NONE', #3662, #524, #3687 ) ;
#2942 = DIRECTION ( 'NONE',  ( -1.000000000000000000, 0.000000000000000000, 0.000000000000000000 ) ) ;
#2943 = ORIENTED_EDGE ( 'NONE', *, *, #3394, .T. ) ;
#2944 = MECHANICAL_DESIGN_GEOMETRIC_PRESENTATION_REPRESENTATION (  '', ( #4324 ), #2442 ) ;
#2945 = DIRECTION ( 'NONE',  ( 0.000000000000000000, -1.000000000000000000, 0.000000000000000000 ) ) ;
#2946 = SURFACE_STYLE_FILL_AREA ( #1192 ) ;
#2947 = FACE_OUTER_BOUND ( 'NONE', #3520, .T. ) ;
#2948 = ORIENTED_EDGE ( 'NONE', *, *, #1761, .T. ) ;
#2949 = AXIS2_PLACEMENT_3D ( 'NONE', #1335, #1940, #3719 ) ;
#2950 = PRESENTATION_STYLE_ASSIGNMENT (( #399 ) ) ;
#2951 =( NAMED_UNIT ( * ) PLANE_ANGLE_UNIT ( ) SI_UNIT ( $, .RADIAN. ) );
#2952 = EDGE_CURVE ( 'NONE', #1663, #2399, #1757, .T. ) ;
#2953 = DIRECTION ( 'NONE',  ( -1.000000000000000000, 0.000000000000000000, -0.000000000000000000 ) ) ;
#2954 = UNCERTAINTY_MEASURE_WITH_UNIT (LENGTH_MEASURE( 1.000000000000000082E-05 ), #3348, 'distance_accuracy_value', 'NONE');
#2955 = ADVANCED_FACE ( 'NONE', ( #1733 ), #1039, .F. ) ;
#2956 = DIRECTION ( 'NONE',  ( 0.000000000000000000, 0.000000000000000000, 1.000000000000000000 ) ) ;
#2958 = SURFACE_STYLE_FILL_AREA ( #131 ) ;
#2957 = CARTESIAN_POINT ( 'NONE',  ( 0.000000000000000000, 0.000000000000000000, -5.000000000000000000 ) ) ;
#2959 = COLOUR_RGB ( '',0.007843137254901960675, 0.2392156862745097867, 0.8235294117647058432 ) ;
#2960 = VERTEX_POINT ( 'NONE', #3483 ) ;
#2961 = CARTESIAN_POINT ( 'NONE',  ( 123.7400000000000091, -132.3399999999999750, 124.1774298937790064 ) ) ;
#2962 = EDGE_CURVE ( 'NONE', #3552, #1391, #372, .T. ) ;
#2963 =( NAMED_UNIT ( * ) PLANE_ANGLE_UNIT ( ) SI_UNIT ( $, .RADIAN. ) );
#2964 = LINE ( 'NONE', #2319, #2157 ) ;
#2965 = CARTESIAN_POINT ( 'NONE',  ( 77.60000000000000853, 0.000000000000000000, -1.610000000000000320 ) ) ;
#2966 = VERTEX_POINT ( 'NONE', #2130 ) ;
#2967 = STYLED_ITEM ( 'NONE', ( #1644 ), #2575 ) ;
#2968 = ORIENTED_EDGE ( 'NONE', *, *, #4387, .F. ) ;
#2969 = CIRCLE ( 'NONE', #2668, 1.600000000000004086 ) ;
#2970 =( GEOMETRIC_REPRESENTATION_CONTEXT ( 3 ) GLOBAL_UNCERTAINTY_ASSIGNED_CONTEXT ( ( #3665 ) ) GLOBAL_UNIT_ASSIGNED_CONTEXT ( ( #3866, #1793, #2852 ) ) REPRESENTATION_CONTEXT ( 'NONE', 'WORKASPACE' ) );
#2971 =( LENGTH_UNIT ( ) NAMED_UNIT ( * ) SI_UNIT ( .MILLI., .METRE. ) );
#2972 = CARTESIAN_POINT ( 'NONE',  ( 139.2894893310265729, -138.7899999999999636, -7.500000000000000000 ) ) ;
#2973 = DIRECTION ( 'NONE',  ( 0.000000000000000000, -0.000000000000000000, -1.000000000000000000 ) ) ;
#2974 = LINE ( 'NONE', #4354, #2829 ) ;
#2975 = AXIS2_PLACEMENT_3D ( 'NONE', #3824, #703, #2108 ) ;
#2976 = FACE_OUTER_BOUND ( 'NONE', #599, .T. ) ;
#2977 = PRESENTATION_LAYER_ASSIGNMENT (  '', '', ( #3325 ) ) ;
#2978 = LINE ( 'NONE', #4361, #1748 ) ;
#2979 = SURFACE_STYLE_FILL_AREA ( #197 ) ;
#2980 = EDGE_CURVE ( 'NONE', #3552, #3963, #3502, .T. ) ;
#2981 = COLOUR_RGB ( '',0.007843137254901960675, 0.2392156862745097867, 0.8235294117647058432 ) ;
#2982 = SURFACE_STYLE_FILL_AREA ( #537 ) ;
#2983 = CARTESIAN_POINT ( 'NONE',  ( 98.74000000000000909, -30.35600000000000165, 124.1774298937790064 ) ) ;
#2984 = EDGE_LOOP ( 'NONE', ( #1650, #53 ) ) ;
#2985 = ORIENTED_EDGE ( 'NONE', *, *, #2547, .F. ) ;
#2986 = EDGE_CURVE ( 'NONE', #21, #274, #1493, .T. ) ;
#2987 = VECTOR ( 'NONE', #7, 1000.000000000000000 ) ;
#2988 = STYLED_ITEM ( 'NONE', ( #3303 ), #929 ) ;
#2989 = CARTESIAN_POINT ( 'NONE',  ( 140.8894893310265672, -23.90599999999999525, -7.500000000000000000 ) ) ;
#2990 = SURFACE_STYLE_FILL_AREA ( #2549 ) ;
#2992 =( NAMED_UNIT ( * ) PLANE_ANGLE_UNIT ( ) SI_UNIT ( $, .RADIAN. ) );
#2991 = FILL_AREA_STYLE_COLOUR ( '', #4017 ) ;
#2993 = VECTOR ( 'NONE', #99, 1000.000000000000000 ) ;
#2994 = ORIENTED_EDGE ( 'NONE', *, *, #3753, .T. ) ;
#2995 = EDGE_CURVE ( 'NONE', #3393, #517, #3923, .T. ) ;
#2996 =( LENGTH_UNIT ( ) NAMED_UNIT ( * ) SI_UNIT ( .MILLI., .METRE. ) );
#2997 = ORIENTED_EDGE ( 'NONE', *, *, #603, .F. ) ;
#2998 = LINE ( 'NONE', #4377, #2843 ) ;
#2999 = DIRECTION ( 'NONE',  ( 0.000000000000000000, -1.000000000000000000, 0.000000000000000000 ) ) ;
#3000 = UNCERTAINTY_MEASURE_WITH_UNIT (LENGTH_MEASURE( 1.000000000000000082E-05 ), #3508, 'distance_accuracy_value', 'NONE');
#3001 = SURFACE_STYLE_FILL_AREA ( #3786 ) ;
#3002 = ORIENTED_EDGE ( 'NONE', *, *, #493, .F. ) ;
#3003 = EDGE_CURVE ( 'NONE', #1822, #545, #2608, .T. ) ;
#3004 = ORIENTED_EDGE ( 'NONE', *, *, #4318, .T. ) ;
#3005 =( GEOMETRIC_REPRESENTATION_CONTEXT ( 3 ) GLOBAL_UNCERTAINTY_ASSIGNED_CONTEXT ( ( #1155 ) ) GLOBAL_UNIT_ASSIGNED_CONTEXT ( ( #40, #549, #1941 ) ) REPRESENTATION_CONTEXT ( 'NONE', 'WORKASPACE' ) );
#3006 = ORIENTED_EDGE ( 'NONE', *, *, #11, .F. ) ;
#3007 = ADVANCED_FACE ( 'NONE', ( #1884 ), #1188, .T. ) ;
#3008 = PRESENTATION_STYLE_ASSIGNMENT (( #233 ) ) ;
#3009 = PLANE ( 'NONE',  #2099 ) ;
#3010 = ORIENTED_EDGE ( 'NONE', *, *, #417, .F. ) ;
#3011 = VECTOR ( 'NONE', #4312, 1000.000000000000000 ) ;
#3012 = VECTOR ( 'NONE', #1985, 1000.000000000000000 ) ;
#3013 = ORIENTED_EDGE ( 'NONE', *, *, #3555, .F. ) ;
#3014 =( LENGTH_UNIT ( ) NAMED_UNIT ( * ) SI_UNIT ( .MILLI., .METRE. ) );
#3015 = ADVANCED_FACE ( 'NONE', ( #4348 ), #1165, .F. ) ;
#3016 = CARTESIAN_POINT ( 'NONE',  ( 0.000000000000000000, -30.35600000000000165, -1.610000000000000320 ) ) ;
#3017 = VECTOR ( 'NONE', #22, 1000.000000000000000 ) ;
#3018 = COLOUR_RGB ( '',0.007843137254901960675, 0.2392156862745097867, 0.8235294117647058432 ) ;
#3019 =( GEOMETRIC_REPRESENTATION_CONTEXT ( 3 ) GLOBAL_UNCERTAINTY_ASSIGNED_CONTEXT ( ( #3765 ) ) GLOBAL_UNIT_ASSIGNED_CONTEXT ( ( #3744, #1762, #2774 ) ) REPRESENTATION_CONTEXT ( 'NONE', 'WORKASPACE' ) );
#3020 = LINE ( 'NONE', #312, #926 ) ;
#3021 =( LENGTH_UNIT ( ) NAMED_UNIT ( * ) SI_UNIT ( .MILLI., .METRE. ) );
#3022 = ORIENTED_EDGE ( 'NONE', *, *, #1204, .F. ) ;
#3023 = STYLED_ITEM ( 'NONE', ( #3345 ), #2038 ) ;
#3024 = CARTESIAN_POINT ( 'NONE',  ( 137.6894893310266070, -23.90599999999999525, -10.00000000000000178 ) ) ;
#3026 = CARTESIAN_POINT ( 'NONE',  ( 82.19999999999998863, -23.90600000000000236, -7.500000000000000000 ) ) ;
#3025 =( LENGTH_UNIT ( ) NAMED_UNIT ( * ) SI_UNIT ( .MILLI., .METRE. ) );
#3027 = CARTESIAN_POINT ( 'NONE',  ( 134.7894893310266013, -143.7400000000000091, -6.500000000000000888 ) ) ;
#3028 = VERTEX_POINT ( 'NONE', #4289 ) ;
#3029 = ORIENTED_EDGE ( 'NONE', *, *, #3427, .F. ) ;
#3030 = PRESENTATION_LAYER_ASSIGNMENT (  '', '', ( #190 ) ) ;
#3031 = SURFACE_STYLE_USAGE ( .BOTH. , #1981 ) ;
#3032 =( NAMED_UNIT ( * ) SI_UNIT ( $, .STERADIAN. ) SOLID_ANGLE_UNIT ( ) );
#3033 = PRESENTATION_LAYER_ASSIGNMENT (  '', '', ( #838 ) ) ;
#3034 = VERTEX_POINT ( 'NONE', #3593 ) ;
#3035 = CARTESIAN_POINT ( 'NONE',  ( 143.8464523148228409, -84.77000000000001023, -5.000000000000000000 ) ) ;
#3036 = STYLED_ITEM ( 'NONE', ( #2425 ), #2932 ) ;
#3037 = EDGE_LOOP ( 'NONE', ( #699, #379, #1876, #3784 ) ) ;
#3038 = SURFACE_STYLE_USAGE ( .BOTH. , #3367 ) ;
#3039 =( GEOMETRIC_REPRESENTATION_CONTEXT ( 3 ) GLOBAL_UNCERTAINTY_ASSIGNED_CONTEXT ( ( #215 ) ) GLOBAL_UNIT_ASSIGNED_CONTEXT ( ( #2571, #438, #3196 ) ) REPRESENTATION_CONTEXT ( 'NONE', 'WORKASPACE' ) );
#3040 = DIRECTION ( 'NONE',  ( -1.000000000000000000, 0.000000000000000000, 0.000000000000000000 ) ) ;
#3041 = FACE_OUTER_BOUND ( 'NONE', #2765, .T. ) ;
#3042 = VECTOR ( 'NONE', #4369, 1000.000000000000000 ) ;
#3043 = UNCERTAINTY_MEASURE_WITH_UNIT (LENGTH_MEASURE( 1.000000000000000082E-05 ), #1376, 'distance_accuracy_value', 'NONE');
#3044 = ORIENTED_EDGE ( 'NONE', *, *, #3257, .F. ) ;
#3045 = EDGE_CURVE ( 'NONE', #1983, #3376, #4310, .T. ) ;
#3046 = AXIS2_PLACEMENT_3D ( 'NONE', #2590, #60, #4230 ) ;
#3047 = DIRECTION ( 'NONE',  ( 1.000000000000000000, 0.000000000000000000, 0.000000000000000000 ) ) ;
#3048 = ORIENTED_EDGE ( 'NONE', *, *, #371, .F. ) ;
#3049 =( NAMED_UNIT ( * ) PLANE_ANGLE_UNIT ( ) SI_UNIT ( $, .RADIAN. ) );
#3050 = SURFACE_SIDE_STYLE ('',( #2073 ) ) ;
#3051 = VERTEX_POINT ( 'NONE', #2235 ) ;
#3052 = ORIENTED_EDGE ( 'NONE', *, *, #2153, .T. ) ;
#3053 = FACE_OUTER_BOUND ( 'NONE', #3097, .T. ) ;
#3054 =( GEOMETRIC_REPRESENTATION_CONTEXT ( 3 ) GLOBAL_UNCERTAINTY_ASSIGNED_CONTEXT ( ( #2593 ) ) GLOBAL_UNIT_ASSIGNED_CONTEXT ( ( #1144, #3850, #3481 ) ) REPRESENTATION_CONTEXT ( 'NONE', 'WORKASPACE' ) );
#3056 = DIRECTION ( 'NONE',  ( -0.7071067811865479058, 0.000000000000000000, 0.7071067811865471286 ) ) ;
#3055 =( LENGTH_UNIT ( ) NAMED_UNIT ( * ) SI_UNIT ( .MILLI., .METRE. ) );
#3057 = DIRECTION ( 'NONE',  ( 0.000000000000000000, 0.000000000000000000, 1.000000000000000000 ) ) ;
#3058 = ORIENTED_EDGE ( 'NONE', *, *, #3326, .T. ) ;
#3059 = CYLINDRICAL_SURFACE ( 'NONE', #3365, 1.600000000000004086 ) ;
#3060 = PRESENTATION_LAYER_ASSIGNMENT (  '', '', ( #2121 ) ) ;
#3061 = ORIENTED_EDGE ( 'NONE', *, *, #4080, .T. ) ;
#3062 = COLOUR_RGB ( '',0.007843137254901960675, 0.2392156862745097867, 0.8235294117647058432 ) ;
#3063 = PRESENTATION_STYLE_ASSIGNMENT (( #3421 ) ) ;
#3064 =( GEOMETRIC_REPRESENTATION_CONTEXT ( 3 ) GLOBAL_UNCERTAINTY_ASSIGNED_CONTEXT ( ( #1799 ) ) GLOBAL_UNIT_ASSIGNED_CONTEXT ( ( #2400, #1330, #1283 ) ) REPRESENTATION_CONTEXT ( 'NONE', 'WORKASPACE' ) );
#3065 = ADVANCED_FACE ( 'NONE', ( #3615 ), #2685, .T. ) ;
#3066 = ORIENTED_EDGE ( 'NONE', *, *, #1183, .F. ) ;
#3067 = STYLED_ITEM ( 'NONE', ( #1259 ), #1233 ) ;
#3068 = PRESENTATION_STYLE_ASSIGNMENT (( #3697 ) ) ;
#3069 = EDGE_CURVE ( 'NONE', #470, #2399, #941, .T. ) ;
#3071 = PRESENTATION_STYLE_ASSIGNMENT (( #3749 ) ) ;
#3070 =( LENGTH_UNIT ( ) NAMED_UNIT ( * ) SI_UNIT ( .MILLI., .METRE. ) );
#3072 = FILL_AREA_STYLE_COLOUR ( '', #4456 ) ;
#3073 = CARTESIAN_POINT ( 'NONE',  ( 0.000000000000000000, -108.2700000000000102, -5.000000000000000000 ) ) ;
#3075 = SURFACE_SIDE_STYLE ('',( #1323 ) ) ;
#3074 = CARTESIAN_POINT ( 'NONE',  ( 0.000000000000000000, 0.000000000000000000, -10.00000000000000000 ) ) ;
#3076 = SURFACE_STYLE_USAGE ( .BOTH. , #203 ) ;
#3077 = VERTEX_POINT ( 'NONE', #2624 ) ;
#3078 = VERTEX_POINT ( 'NONE', #1603 ) ;
#3079 = FILL_AREA_STYLE ('',( #674 ) ) ;
#3080 = DIRECTION ( 'NONE',  ( -0.000000000000000000, 0.000000000000000000, 1.000000000000000000 ) ) ;
#3081 = ORIENTED_EDGE ( 'NONE', *, *, #603, .T. ) ;
#3082 = FILL_AREA_STYLE_COLOUR ( '', #196 ) ;
#3083 = SURFACE_STYLE_FILL_AREA ( #3694 ) ;
#3084 =( GEOMETRIC_REPRESENTATION_CONTEXT ( 3 ) GLOBAL_UNCERTAINTY_ASSIGNED_CONTEXT ( ( #1061 ) ) GLOBAL_UNIT_ASSIGNED_CONTEXT ( ( #2687, #2058, #609 ) ) REPRESENTATION_CONTEXT ( 'NONE', 'WORKASPACE' ) );
#3085 = ORIENTED_EDGE ( 'NONE', *, *, #3283, .F. ) ;
#3086 = EDGE_CURVE ( 'NONE', #3173, #1767, #1302, .T. ) ;
#3087 =( GEOMETRIC_REPRESENTATION_CONTEXT ( 3 ) GLOBAL_UNCERTAINTY_ASSIGNED_CONTEXT ( ( #4119 ) ) GLOBAL_UNIT_ASSIGNED_CONTEXT ( ( #1205, #3308, #806 ) ) REPRESENTATION_CONTEXT ( 'NONE', 'WORKASPACE' ) );
#3088 = VECTOR ( 'NONE', #4467, 1000.000000000000000 ) ;
#3089 = LINE ( 'NONE', #1715, #1131 ) ;
#3090 = CARTESIAN_POINT ( 'NONE',  ( 0.000000000000000000, -132.3399999999999750, -1.610000000000000320 ) ) ;
#3091 = COLOUR_RGB ( '',0.007843137254901960675, 0.2392156862745097867, 0.8235294117647058432 ) ;
#3092 = EDGE_CURVE ( 'NONE', #1299, #432, #1252, .T. ) ;
#3093 = PRESENTATION_LAYER_ASSIGNMENT (  '', '', ( #2735 ) ) ;
#3094 = SURFACE_STYLE_USAGE ( .BOTH. , #957 ) ;
#3095 = CARTESIAN_POINT ( 'NONE',  ( 122.2399999999999949, -109.7700000000000102, -5.000000000000000000 ) ) ;
#3096 = ORIENTED_EDGE ( 'NONE', *, *, #2554, .T. ) ;
#3097 = EDGE_LOOP ( 'NONE', ( #680, #1803, #2516, #3943 ) ) ;
#3098 = EDGE_CURVE ( 'NONE', #3794, #1668, #2707, .T. ) ;
#3099 =( LENGTH_UNIT ( ) NAMED_UNIT ( * ) SI_UNIT ( .MILLI., .METRE. ) );
#3100 = CARTESIAN_POINT ( 'NONE',  ( 90.20000000000000284, -18.95599999999999952, -10.00000000000000000 ) ) ;
#3101 = DIRECTION ( 'NONE',  ( -0.000000000000000000, -0.000000000000000000, -1.000000000000000000 ) ) ;
#3102 = COLOUR_RGB ( '',0.007843137254901960675, 0.2392156862745097867, 0.8235294117647058432 ) ;
#3103 = VERTEX_POINT ( 'NONE', #3312 ) ;
#3104 = CARTESIAN_POINT ( 'NONE',  ( 143.9094743819798907, -0.1071245514753580708, -1.610000000000000320 ) ) ;
#3105 = VECTOR ( 'NONE', #1693, 1000.000000000000000 ) ;
#3106 = CARTESIAN_POINT ( 'NONE',  ( 98.74000000000000909, -132.3399999999999750, -1.610000000000000320 ) ) ;
#3107 = ORIENTED_EDGE ( 'NONE', *, *, #1602, .T. ) ;
#3108 = COLOUR_RGB ( '',0.007843137254901960675, 0.2392156862745097867, 0.8235294117647058432 ) ;
#3109 = PRESENTATION_LAYER_ASSIGNMENT (  '', '', ( #908 ) ) ;
#3111 = DIRECTION ( 'NONE',  ( -0.000000000000000000, 1.000000000000000000, -0.000000000000000000 ) ) ;
#3110 = DIRECTION ( 'NONE',  ( -1.000000000000000000, 0.000000000000000000, 0.000000000000000000 ) ) ;
#3112 =( GEOMETRIC_REPRESENTATION_CONTEXT ( 3 ) GLOBAL_UNCERTAINTY_ASSIGNED_CONTEXT ( ( #1199 ) ) GLOBAL_UNIT_ASSIGNED_CONTEXT ( ( #2664, #4331, #2324 ) ) REPRESENTATION_CONTEXT ( 'NONE', 'WORKASPACE' ) );
#3113 = VECTOR ( 'NONE', #2435, 1000.000000000000000 ) ;
#3114 = DIRECTION ( 'NONE',  ( 0.000000000000000000, 1.000000000000000000, -0.000000000000000000 ) ) ;
#3115 = CARTESIAN_POINT ( 'NONE',  ( 142.2894893310265729, -23.90599999999999525, -10.00000000000000000 ) ) ;
#3116 = CARTESIAN_POINT ( 'NONE',  ( 97.24000000000000909, -30.35600000000000165, 124.1774298937790064 ) ) ;
#3117 = EDGE_CURVE ( 'NONE', #1628, #1047, #248, .T. ) ;
#3118 = FILL_AREA_STYLE_COLOUR ( '', #1809 ) ;
#3119 = ORIENTED_EDGE ( 'NONE', *, *, #114, .F. ) ;
#3120 = MECHANICAL_DESIGN_GEOMETRIC_PRESENTATION_REPRESENTATION (  '', ( #3325 ), #2397 ) ;
#3121 = ORIENTED_EDGE ( 'NONE', *, *, #2704, .T. ) ;
#3122 = SURFACE_STYLE_USAGE ( .BOTH. , #252 ) ;
#3123 = UNCERTAINTY_MEASURE_WITH_UNIT (LENGTH_MEASURE( 1.000000000000000082E-05 ), #1624, 'distance_accuracy_value', 'NONE');
#3125 = LINE ( 'NONE', #2788, #1523 ) ;
#3124 = CARTESIAN_POINT ( 'NONE',  ( 79.19999999999998863, -138.7899999999999920, -7.500000000000000000 ) ) ;
#3126 = EDGE_CURVE ( 'NONE', #1566, #1830, #1627, .T. ) ;
#3127 =( NAMED_UNIT ( * ) SI_UNIT ( $, .STERADIAN. ) SOLID_ANGLE_UNIT ( ) );
#3128 = ORIENTED_EDGE ( 'NONE', *, *, #896, .F. ) ;
#3129 = VECTOR ( 'NONE', #2000, 1000.000000000000000 ) ;
#3130 = FACE_OUTER_BOUND ( 'NONE', #1314, .T. ) ;
#3131 = CARTESIAN_POINT ( 'NONE',  ( 110.4900000000000091, -108.2700000000000102, 107.1843411028349493 ) ) ;
#3132 = CARTESIAN_POINT ( 'NONE',  ( 76.09999999999999432, 0.000000000000000000, -1.610000000000000320 ) ) ;
#3133 = UNCERTAINTY_MEASURE_WITH_UNIT (LENGTH_MEASURE( 1.000000000000000082E-05 ), #1781, 'distance_accuracy_value', 'NONE');
#3134 = VERTEX_POINT ( 'NONE', #3027 ) ;
#3135 = VERTEX_POINT ( 'NONE', #870 ) ;
#3136 =( GEOMETRIC_REPRESENTATION_CONTEXT ( 3 ) GLOBAL_UNCERTAINTY_ASSIGNED_CONTEXT ( ( #1747 ) ) GLOBAL_UNIT_ASSIGNED_CONTEXT ( ( #4012, #820, #485 ) ) REPRESENTATION_CONTEXT ( 'NONE', 'WORKASPACE' ) );
#3137 = FACE_OUTER_BOUND ( 'NONE', #457, .T. ) ;
#3139 = CARTESIAN_POINT ( 'NONE',  ( 76.09999999999999432, -28.85599999999999810, -5.000000000000000000 ) ) ;
#3138 =( NAMED_UNIT ( * ) PLANE_ANGLE_UNIT ( ) SI_UNIT ( $, .RADIAN. ) );
#3140 =( LENGTH_UNIT ( ) NAMED_UNIT ( * ) SI_UNIT ( .MILLI., .METRE. ) );
#3141 = APPLICATION_PROTOCOL_DEFINITION ( 'draft international standard', 'automotive_design', 1998, #476 ) ;
#3142 = LINE ( 'NONE', #1053, #795 ) ;
#3143 = DIRECTION ( 'NONE',  ( -0.7071067811865479058, 0.000000000000000000, -0.7071067811865471286 ) ) ;
#3144 = EDGE_LOOP ( 'NONE', ( #4394, #4207, #2845, #123 ) ) ;
#3145 = DIRECTION ( 'NONE',  ( -2.858379535683081757E-16, 1.000000000000000000, 0.000000000000000000 ) ) ;
#3146 = EDGE_LOOP ( 'NONE', ( #1524, #3728 ) ) ;
#3147 = ADVANCED_FACE ( 'NONE', ( #294 ), #2348, .F. ) ;
#3148 = DIRECTION ( 'NONE',  ( 0.000000000000000000, 0.000000000000000000, -1.000000000000000000 ) ) ;
#3149 = FACE_OUTER_BOUND ( 'NONE', #1443, .T. ) ;
#3150 = PRESENTATION_STYLE_ASSIGNMENT (( #1732 ) ) ;
#3151 = EDGE_LOOP ( 'NONE', ( #3807, #2562 ) ) ;
#3152 = EDGE_CURVE ( 'NONE', #3984, #2036, #2395, .T. ) ;
#3153 = SURFACE_STYLE_USAGE ( .BOTH. , #1759 ) ;
#3154 = DIRECTION ( 'NONE',  ( -1.000000000000000000, 0.000000000000000000, 0.000000000000000000 ) ) ;
#3155 = DIRECTION ( 'NONE',  ( -0.000000000000000000, 0.000000000000000000, 1.000000000000000000 ) ) ;
#3156 = ORIENTED_EDGE ( 'NONE', *, *, #451, .T. ) ;
#3157 = EDGE_CURVE ( 'NONE', #1249, #1892, #4140, .T. ) ;
#3158 = EDGE_LOOP ( 'NONE', ( #1087, #1033, #418, #3195 ) ) ;
#3159 = DIRECTION ( 'NONE',  ( 0.000000000000000000, -1.000000000000000000, 0.000000000000000000 ) ) ;
#3160 = SURFACE_STYLE_USAGE ( .BOTH. , #3183 ) ;
#3161 = LINE ( 'NONE', #3090, #1114 ) ;
#3162 = PRESENTATION_LAYER_ASSIGNMENT (  '', '', ( #1616 ) ) ;
#3163 = PRESENTATION_LAYER_ASSIGNMENT (  '', '', ( #1993 ) ) ;
#3164 = DIRECTION ( 'NONE',  ( 0.000000000000000000, -1.000000000000000000, 0.000000000000000000 ) ) ;
#3166 =( LENGTH_UNIT ( ) NAMED_UNIT ( * ) SI_UNIT ( .MILLI., .METRE. ) );
#3165 = LINE ( 'NONE', #2758, #3603 ) ;
#3167 = UNCERTAINTY_MEASURE_WITH_UNIT (LENGTH_MEASURE( 1.000000000000000082E-05 ), #3322, 'distance_accuracy_value', 'NONE');
#3168 = AXIS2_PLACEMENT_3D ( 'NONE', #1298, #1970, #624 ) ;
#3169 = ORIENTED_EDGE ( 'NONE', *, *, #3126, .F. ) ;
#3170 = CARTESIAN_POINT ( 'NONE',  ( 75.20000000000000284, -142.7400000000000091, -3.000000000000000000 ) ) ;
#3171 = ORIENTED_EDGE ( 'NONE', *, *, #4005, .F. ) ;
#3172 = SURFACE_STYLE_FILL_AREA ( #1783 ) ;
#3173 = VERTEX_POINT ( 'NONE', #3517 ) ;
#3174 = SURFACE_STYLE_FILL_AREA ( #3597 ) ;
#3175 = DIRECTION ( 'NONE',  ( -0.000000000000000000, 0.000000000000000000, 1.000000000000000000 ) ) ;
#3176 =( GEOMETRIC_REPRESENTATION_CONTEXT ( 3 ) GLOBAL_UNCERTAINTY_ASSIGNED_CONTEXT ( ( #2310 ) ) GLOBAL_UNIT_ASSIGNED_CONTEXT ( ( #239, #4378, #2017 ) ) REPRESENTATION_CONTEXT ( 'NONE', 'WORKASPACE' ) );
#3177 = UNCERTAINTY_MEASURE_WITH_UNIT (LENGTH_MEASURE( 1.000000000000000082E-05 ), #2248, 'distance_accuracy_value', 'NONE');
#3178 = ADVANCED_FACE ( 'NONE', ( #2494 ), #1325, .F. ) ;
#3179 = ORIENTED_EDGE ( 'NONE', *, *, #1853, .T. ) ;
#3180 = DIRECTION ( 'NONE',  ( 0.000000000000000000, -1.000000000000000000, 0.000000000000000000 ) ) ;
#3181 = COLOUR_RGB ( '',0.007843137254901960675, 0.2392156862745097867, 0.8235294117647058432 ) ;
#3182 = DIRECTION ( 'NONE',  ( -1.000000000000000000, 0.000000000000000000, 0.000000000000000000 ) ) ;
#3183 = SURFACE_SIDE_STYLE ('',( #2605 ) ) ;
#3184 = MECHANICAL_DESIGN_GEOMETRIC_PRESENTATION_REPRESENTATION (  '', ( #1125 ), #2466 ) ;
#3185 = AXIS2_PLACEMENT_3D ( 'NONE', #822, #3645, #2247 ) ;
#3186 = EDGE_CURVE ( 'NONE', #1299, #2399, #717, .T. ) ;
#3187 = CARTESIAN_POINT ( 'NONE',  ( 123.7400000000000091, -83.27000000000001023, -5.000000000000000000 ) ) ;
#3188 = PRESENTATION_LAYER_ASSIGNMENT (  '', '', ( #1570 ) ) ;
#3189 = ORIENTED_EDGE ( 'NONE', *, *, #2146, .T. ) ;
#3190 =( GEOMETRIC_REPRESENTATION_CONTEXT ( 3 ) GLOBAL_UNCERTAINTY_ASSIGNED_CONTEXT ( ( #4225 ) ) GLOBAL_UNIT_ASSIGNED_CONTEXT ( ( #1482, #2561, #1598 ) ) REPRESENTATION_CONTEXT ( 'NONE', 'WORKASPACE' ) );
#3191 = DIRECTION ( 'NONE',  ( 0.0007443882500148174585, 0.9999997229430281909, 0.000000000000000000 ) ) ;
#3193 = DIRECTION ( 'NONE',  ( 0.000000000000000000, 0.000000000000000000, -1.000000000000000000 ) ) ;
#3192 = CARTESIAN_POINT ( 'NONE',  ( 77.60000000000000853, 0.000000000000000000, 124.1774298937790064 ) ) ;
#3194 = SURFACE_STYLE_USAGE ( .BOTH. , #52 ) ;
#3195 = ORIENTED_EDGE ( 'NONE', *, *, #3394, .F. ) ;
#3196 =( NAMED_UNIT ( * ) SI_UNIT ( $, .STERADIAN. ) SOLID_ANGLE_UNIT ( ) );
#3197 = ORIENTED_EDGE ( 'NONE', *, *, #2674, .T. ) ;
#3198 = STYLED_ITEM ( 'NONE', ( #985 ), #818 ) ;
#3199 = CARTESIAN_POINT ( 'NONE',  ( 97.24000000000000909, -59.76999307357377234, 107.1843411028349493 ) ) ;
#3200 = DIRECTION ( 'NONE',  ( -0.000000000000000000, -0.000000000000000000, 1.000000000000000000 ) ) ;
#3201 = MECHANICAL_DESIGN_GEOMETRIC_PRESENTATION_REPRESENTATION (  '', ( #3198 ), #3415 ) ;
#3203 = LINE ( 'NONE', #3537, #1652 ) ;
#3202 = CARTESIAN_POINT ( 'NONE',  ( 98.74000000000000909, 0.000000000000000000, -5.000000000000000000 ) ) ;
#3204 = ADVANCED_FACE ( 'NONE', ( #2761 ), #2785, .F. ) ;
#3205 = FILL_AREA_STYLE_COLOUR ( '', #79 ) ;
#3206 = LINE ( 'NONE', #1142, #3463 ) ;
#3207 = PLANE ( 'NONE',  #1071 ) ;
#3208 = ORIENTED_EDGE ( 'NONE', *, *, #2547, .T. ) ;
#3209 = ORIENTED_EDGE ( 'NONE', *, *, #1887, .T. ) ;
#3210 = SURFACE_STYLE_USAGE ( .BOTH. , #3551 ) ;
#3211 = ORIENTED_EDGE ( 'NONE', *, *, #2504, .F. ) ;
#3212 = CARTESIAN_POINT ( 'NONE',  ( 82.19999999999998863, -138.7899999999999920, 0.000000000000000000 ) ) ;
#3213 =( NAMED_UNIT ( * ) PLANE_ANGLE_UNIT ( ) SI_UNIT ( $, .RADIAN. ) );
#3214 = ORIENTED_EDGE ( 'NONE', *, *, #164, .T. ) ;
#3215 = PRESENTATION_STYLE_ASSIGNMENT (( #83 ) ) ;
#3216 = LINE ( 'NONE', #2298, #2993 ) ;
#3217 = DIRECTION ( 'NONE',  ( 1.000000000000000000, 0.000000000000000000, 0.000000000000000000 ) ) ;
#3218 = LINE ( 'NONE', #1746, #1520 ) ;
#3220 = CARTESIAN_POINT ( 'NONE',  ( 147.2894893310266013, -143.7400000000000091, -3.000000000000000000 ) ) ;
#3219 = CARTESIAN_POINT ( 'NONE',  ( 147.2894893310266013, -18.95599999999999952, -10.00000000000000000 ) ) ;
#3221 =( NAMED_UNIT ( * ) SI_UNIT ( $, .STERADIAN. ) SOLID_ANGLE_UNIT ( ) );
#3222 = ORIENTED_EDGE ( 'NONE', *, *, #2129, .T. ) ;
#3223 = VECTOR ( 'NONE', #4388, 1000.000000000000000 ) ;
#3224 = CARTESIAN_POINT ( 'NONE',  ( 97.24000000000000909, -96.52000000000001023, -1.610000000000000320 ) ) ;
#3225 = ADVANCED_FACE ( 'NONE', ( #1032 ), #2443, .F. ) ;
#3226 = VECTOR ( 'NONE', #4242, 1000.000000000000000 ) ;
#3227 = FILL_AREA_STYLE ('',( #2106 ) ) ;
#3228 =( GEOMETRIC_REPRESENTATION_CONTEXT ( 3 ) GLOBAL_UNCERTAINTY_ASSIGNED_CONTEXT ( ( #3903 ) ) GLOBAL_UNIT_ASSIGNED_CONTEXT ( ( #3955, #2563, #2229 ) ) REPRESENTATION_CONTEXT ( 'NONE', 'WORKASPACE' ) );
#3229 = FILL_AREA_STYLE ('',( #3611 ) ) ;
#3230 = ORIENTED_EDGE ( 'NONE', *, *, #4414, .F. ) ;
#3231 = ADVANCED_FACE ( 'NONE', ( #823 ), #3976, .F. ) ;
#3232 = DIRECTION ( 'NONE',  ( 1.000000000000000000, 0.000000000000000000, 0.000000000000000000 ) ) ;
#3233 = ORIENTED_EDGE ( 'NONE', *, *, #3671, .F. ) ;
#3234 =( LENGTH_UNIT ( ) NAMED_UNIT ( * ) SI_UNIT ( .MILLI., .METRE. ) );
#3235 = MECHANICAL_DESIGN_GEOMETRIC_PRESENTATION_REPRESENTATION (  '', ( #117 ), #1634 ) ;
#3236 =( NAMED_UNIT ( * ) SI_UNIT ( $, .STERADIAN. ) SOLID_ANGLE_UNIT ( ) );
#3237 = FACE_OUTER_BOUND ( 'NONE', #686, .T. ) ;
#3238 = AXIS2_PLACEMENT_3D ( 'NONE', #3471, #980, #2464 ) ;
#3240 = DIRECTION ( 'NONE',  ( 0.000000000000000000, 0.000000000000000000, -1.000000000000000000 ) ) ;
#3239 = LINE ( 'NONE', #821, #2662 ) ;
#3241 = DIRECTION ( 'NONE',  ( 0.000000000000000000, 0.000000000000000000, -1.000000000000000000 ) ) ;
#3242 = ORIENTED_EDGE ( 'NONE', *, *, #574, .T. ) ;
#3243 = CARTESIAN_POINT ( 'NONE',  ( 139.2894893310265729, -138.7899999999999636, 0.000000000000000000 ) ) ;
#3244 = MECHANICAL_DESIGN_GEOMETRIC_PRESENTATION_REPRESENTATION (  '', ( #2602 ), #1863 ) ;
#3245 = CARTESIAN_POINT ( 'NONE',  ( 137.6894893310266070, -138.7899999999999636, 0.000000000000000000 ) ) ;
#3246 =( LENGTH_UNIT ( ) NAMED_UNIT ( * ) SI_UNIT ( .MILLI., .METRE. ) );
#3247 = EDGE_CURVE ( 'NONE', #1790, #1628, #429, .T. ) ;
#3249 = CARTESIAN_POINT ( 'NONE',  ( 75.20000000000000284, -142.7400000000000091, 0.000000000000000000 ) ) ;
#3248 = PLANE ( 'NONE',  #2743 ) ;
#3250 = COLOUR_RGB ( '',0.007843137254901960675, 0.2392156862745097867, 0.8235294117647058432 ) ;
#3251 = ORIENTED_EDGE ( 'NONE', *, *, #1293, .T. ) ;
#3252 = ORIENTED_EDGE ( 'NONE', *, *, #963, .T. ) ;
#3253 = PRESENTATION_LAYER_ASSIGNMENT (  '', '', ( #426 ) ) ;
#3254 = LINE ( 'NONE', #2925, #3011 ) ;
#3255 = DIRECTION ( 'NONE',  ( 0.000000000000000000, 0.000000000000000000, -1.000000000000000000 ) ) ;
#3256 = MECHANICAL_DESIGN_GEOMETRIC_PRESENTATION_REPRESENTATION (  '', ( #2677 ), #3403 ) ;
#3257 = EDGE_CURVE ( 'NONE', #1663, #1264, #3542, .T. ) ;
#3258 = COLOUR_RGB ( '',0.007843137254901960675, 0.2392156862745097867, 0.8235294117647058432 ) ;
#3259 = VERTEX_POINT ( 'NONE', #2515 ) ;
#3260 = FACE_OUTER_BOUND ( 'NONE', #3835, .T. ) ;
#3261 = VECTOR ( 'NONE', #757, 1000.000000000000000 ) ;
#3262 = DIRECTION ( 'NONE',  ( -1.000000000000000000, 0.000000000000000000, 0.000000000000000000 ) ) ;
#3263 = UNCERTAINTY_MEASURE_WITH_UNIT (LENGTH_MEASURE( 1.000000000000000082E-05 ), #3769, 'distance_accuracy_value', 'NONE');
#3264 = AXIS2_PLACEMENT_3D ( 'NONE', #722, #2126, #1394 ) ;
#3265 = DIRECTION ( 'NONE',  ( 0.000000000000000000, 0.000000000000000000, -1.000000000000000000 ) ) ;
#3266 = CARTESIAN_POINT ( 'NONE',  ( 86.70000000000000284, -143.7400000000000091, -6.500000000000000888 ) ) ;
#3267 =( LENGTH_UNIT ( ) NAMED_UNIT ( * ) SI_UNIT ( .MILLI., .METRE. ) );
#3268 = ORIENTED_EDGE ( 'NONE', *, *, #4082, .F. ) ;
#3269 = FILL_AREA_STYLE_COLOUR ( '', #2876 ) ;
#3270 = COLOUR_RGB ( '',0.007843137254901960675, 0.2392156862745097867, 0.8235294117647058432 ) ;
#3271 = CIRCLE ( 'NONE', #1297, 3.000000000000002665 ) ;
#3272 = DIRECTION ( 'NONE',  ( 0.000000000000000000, 1.000000000000000000, 0.000000000000000000 ) ) ;
#3273 = CARTESIAN_POINT ( 'NONE',  ( 122.2399999999999949, -96.51999999999999602, 107.1843411028349493 ) ) ;
#3274 = LINE ( 'NONE', #156, #3587 ) ;
#3275 = DIRECTION ( 'NONE',  ( 0.000000000000000000, 0.000000000000000000, -1.000000000000000000 ) ) ;
#3276 = ORIENTED_EDGE ( 'NONE', *, *, #4422, .T. ) ;
#3277 =( GEOMETRIC_REPRESENTATION_CONTEXT ( 3 ) GLOBAL_UNCERTAINTY_ASSIGNED_CONTEXT ( ( #4359 ) ) GLOBAL_UNIT_ASSIGNED_CONTEXT ( ( #1933, #2644, #2689 ) ) REPRESENTATION_CONTEXT ( 'NONE', 'WORKASPACE' ) );
#3278 = CARTESIAN_POINT ( 'NONE',  ( 147.2894893310266013, -18.95599999999999952, -3.000000000000000000 ) ) ;
#3279 = DIRECTION ( 'NONE',  ( 0.000000000000000000, 1.000000000000000000, 0.000000000000000000 ) ) ;
#3280 = CARTESIAN_POINT ( 'NONE',  ( 83.79999999999999716, -138.7899999999999920, 0.000000000000000000 ) ) ;
#3281 = ADVANCED_FACE ( 'NONE', ( #132 ), #3207, .T. ) ;
#3282 = LINE ( 'NONE', #1849, #409 ) ;
#3283 = EDGE_CURVE ( 'NONE', #3259, #2606, #2760, .T. ) ;
#3284 = SURFACE_STYLE_USAGE ( .BOTH. , #240 ) ;
#3285 = VERTEX_POINT ( 'NONE', #1573 ) ;
#3286 = FILL_AREA_STYLE ('',( #2167 ) ) ;
#3287 = DIRECTION ( 'NONE',  ( 0.000000000000000000, 0.000000000000000000, -1.000000000000000000 ) ) ;
#3288 =( NAMED_UNIT ( * ) PLANE_ANGLE_UNIT ( ) SI_UNIT ( $, .RADIAN. ) );
#3289 = PRESENTATION_LAYER_ASSIGNMENT (  '', '', ( #2145 ) ) ;
#3290 = VERTEX_POINT ( 'NONE', #4034 ) ;
#3291 = ORIENTED_EDGE ( 'NONE', *, *, #1266, .T. ) ;
#3292 = COLOUR_RGB ( '',0.007843137254901960675, 0.2392156862745097867, 0.8235294117647058432 ) ;
#3293 = MECHANICAL_DESIGN_GEOMETRIC_PRESENTATION_REPRESENTATION (  '', ( #3441 ), #3228 ) ;
#3294 =( NAMED_UNIT ( * ) SI_UNIT ( $, .STERADIAN. ) SOLID_ANGLE_UNIT ( ) );
#3295 = SURFACE_STYLE_USAGE ( .BOTH. , #2261 ) ;
#3296 = CARTESIAN_POINT ( 'NONE',  ( 74.20000000000000284, -143.7400000000000091, -3.000000000000000000 ) ) ;
#3297 = AXIS2_PLACEMENT_3D ( 'NONE', #302, #2630, #944 ) ;
#3298 = SURFACE_STYLE_FILL_AREA ( #4357 ) ;
#3299 = COLOUR_RGB ( '',0.007843137254901960675, 0.2392156862745097867, 0.8235294117647058432 ) ;
#3300 = EDGE_CURVE ( 'NONE', #2091, #2966, #1296, .T. ) ;
#3301 = UNCERTAINTY_MEASURE_WITH_UNIT (LENGTH_MEASURE( 1.000000000000000082E-05 ), #706, 'distance_accuracy_value', 'NONE');
#3302 = PRESENTATION_LAYER_ASSIGNMENT (  '', '', ( #620 ) ) ;
#3303 = PRESENTATION_STYLE_ASSIGNMENT (( #3643 ) ) ;
#3304 = ADVANCED_FACE ( 'NONE', ( #1647 ), #2365, .T. ) ;
#3305 = DIRECTION ( 'NONE',  ( -0.000000000000000000, 0.000000000000000000, 1.000000000000000000 ) ) ;
#3306 = FILL_AREA_STYLE_COLOUR ( '', #682 ) ;
#3307 = AXIS2_PLACEMENT_3D ( 'NONE', #1874, #104, #3541 ) ;
#3308 =( NAMED_UNIT ( * ) PLANE_ANGLE_UNIT ( ) SI_UNIT ( $, .RADIAN. ) );
#3309 = DIRECTION ( 'NONE',  ( -1.000000000000000000, 0.000000000000000000, 0.000000000000000000 ) ) ;
#3311 = LINE ( 'NONE', #178, #183 ) ;
#3310 = CARTESIAN_POINT ( 'NONE',  ( 97.24000000000000909, -109.7700000000000102, -1.610000000000000320 ) ) ;
#3312 = CARTESIAN_POINT ( 'NONE',  ( 98.74000000000000909, -58.26999307357377234, -5.000000000000000000 ) ) ;
#3313 = PRESENTATION_LAYER_ASSIGNMENT (  '', '', ( #2181 ) ) ;
#3314 = VERTEX_POINT ( 'NONE', #1554 ) ;
#3315 = DIRECTION ( 'NONE',  ( -1.000000000000000000, 0.000000000000000000, -0.000000000000000000 ) ) ;
#3316 = CARTESIAN_POINT ( 'NONE',  ( 143.8289591861009171, -108.2700000000000102, -1.610000000000000320 ) ) ;
#3317 = DIRECTION ( 'NONE',  ( -1.000000000000000000, 0.000000000000000000, -0.000000000000000000 ) ) ;
#3318 = ORIENTED_EDGE ( 'NONE', *, *, #3247, .F. ) ;
#3319 = DIRECTION ( 'NONE',  ( 0.000000000000000000, 0.000000000000000000, -1.000000000000000000 ) ) ;
#3320 = AXIS2_PLACEMENT_3D ( 'NONE', #157, #3275, #2942 ) ;
#3321 = ORIENTED_EDGE ( 'NONE', *, *, #2927, .F. ) ;
#3322 =( LENGTH_UNIT ( ) NAMED_UNIT ( * ) SI_UNIT ( .MILLI., .METRE. ) );
#3323 = AXIS2_PLACEMENT_3D ( 'NONE', #2734, #4114, #18 ) ;
#3324 = PLANE ( 'NONE',  #328 ) ;
#3325 = STYLED_ITEM ( 'NONE', ( #2347 ), #1575 ) ;
#3326 = EDGE_CURVE ( 'NONE', #3927, #3285, #4339, .T. ) ;
#3327 = PLANE ( 'NONE',  #3185 ) ;
#3328 = DIRECTION ( 'NONE',  ( -1.000000000000000000, 0.000000000000000000, 0.000000000000000000 ) ) ;
#3329 = ADVANCED_FACE ( 'NONE', ( #1225 ), #3672, .F. ) ;
#3330 = ORIENTED_EDGE ( 'NONE', *, *, #3152, .T. ) ;
#3331 =( NAMED_UNIT ( * ) SI_UNIT ( $, .STERADIAN. ) SOLID_ANGLE_UNIT ( ) );
#3332 =( NAMED_UNIT ( * ) PLANE_ANGLE_UNIT ( ) SI_UNIT ( $, .RADIAN. ) );
#3333 = VERTEX_POINT ( 'NONE', #774 ) ;
#3334 = EDGE_LOOP ( 'NONE', ( #180, #2530, #3419, #2497 ) ) ;
#3335 = ADVANCED_FACE ( 'NONE', ( #1094 ), #441, .F. ) ;
#3336 = LINE ( 'NONE', #1521, #3223 ) ;
#3337 = CARTESIAN_POINT ( 'NONE',  ( 98.74000000000000909, -109.7700000000000102, -1.610000000000000320 ) ) ;
#3338 = SURFACE_SIDE_STYLE ('',( #3685 ) ) ;
#3339 = PRESENTATION_LAYER_ASSIGNMENT (  '', '', ( #4301 ) ) ;
#3340 = ORIENTED_EDGE ( 'NONE', *, *, #2404, .T. ) ;
#3341 = DIRECTION ( 'NONE',  ( -0.000000000000000000, -0.000000000000000000, -1.000000000000000000 ) ) ;
#3342 = VERTEX_POINT ( 'NONE', #458 ) ;
#3343 = DIRECTION ( 'NONE',  ( -0.7071067811865471286, 0.000000000000000000, -0.7071067811865479058 ) ) ;
#3344 = FILL_AREA_STYLE_COLOUR ( '', #173 ) ;
#3345 = PRESENTATION_STYLE_ASSIGNMENT (( #3783 ) ) ;
#3346 = UNCERTAINTY_MEASURE_WITH_UNIT (LENGTH_MEASURE( 1.000000000000000082E-05 ), #3797, 'distance_accuracy_value', 'NONE');
#3347 = SURFACE_SIDE_STYLE ('',( #1968 ) ) ;
#3348 =( LENGTH_UNIT ( ) NAMED_UNIT ( * ) SI_UNIT ( .MILLI., .METRE. ) );
#3349 = FILL_AREA_STYLE_COLOUR ( '', #3618 ) ;
#3350 = FACE_OUTER_BOUND ( 'NONE', #3854, .T. ) ;
#3351 = ORIENTED_EDGE ( 'NONE', *, *, #4025, .F. ) ;
#3352 = SURFACE_STYLE_USAGE ( .BOTH. , #1207 ) ;
#3353 = EDGE_CURVE ( 'NONE', #3963, #365, #1824, .T. ) ;
#3354 = DIRECTION ( 'NONE',  ( -1.000000000000000000, 0.000000000000000000, 0.000000000000000000 ) ) ;
#3355 = EDGE_LOOP ( 'NONE', ( #3924, #2640, #805, #4265 ) ) ;
#3356 = ORIENTED_EDGE ( 'NONE', *, *, #2729, .T. ) ;
#3357 = SURFACE_SIDE_STYLE ('',( #2740 ) ) ;
#3359 = SURFACE_STYLE_FILL_AREA ( #3714 ) ;
#3358 = CARTESIAN_POINT ( 'NONE',  ( 110.4900000000000091, -83.27000000000001023, -5.000000000000000000 ) ) ;
#3360 = ADVANCED_FACE ( 'NONE', ( #4293, #3928 ), #480, .T. ) ;
#3361 = SURFACE_SIDE_STYLE ('',( #1633 ) ) ;
#3362 = ORIENTED_EDGE ( 'NONE', *, *, #1262, .F. ) ;
#3363 = PLANE ( 'NONE',  #3885 ) ;
#3364 =( GEOMETRIC_REPRESENTATION_CONTEXT ( 3 ) GLOBAL_UNCERTAINTY_ASSIGNED_CONTEXT ( ( #1661 ) ) GLOBAL_UNIT_ASSIGNED_CONTEXT ( ( #315, #3768, #649 ) ) REPRESENTATION_CONTEXT ( 'NONE', 'WORKASPACE' ) );
#3365 = AXIS2_PLACEMENT_3D ( 'NONE', #4436, #2837, #1442 ) ;
#3366 = VERTEX_POINT ( 'NONE', #813 ) ;
#3367 = SURFACE_SIDE_STYLE ('',( #3298 ) ) ;
#3368 =( NAMED_UNIT ( * ) SI_UNIT ( $, .STERADIAN. ) SOLID_ANGLE_UNIT ( ) );
#3369 = AXIS2_PLACEMENT_3D ( 'NONE', #4063, #2653, #1271 ) ;
#3370 = VERTEX_POINT ( 'NONE', #3576 ) ;
#3371 = COLOUR_RGB ( '',0.007843137254901960675, 0.2392156862745097867, 0.8235294117647058432 ) ;
#3372 = PRESENTATION_LAYER_ASSIGNMENT (  '', '', ( #4459 ) ) ;
#3373 = FILL_AREA_STYLE ('',( #2700 ) ) ;
#3375 = DIRECTION ( 'NONE',  ( 0.000000000000000000, 0.000000000000000000, -1.000000000000000000 ) ) ;
#3374 = DIRECTION ( 'NONE',  ( 0.000000000000000000, -0.000000000000000000, 1.000000000000000000 ) ) ;
#3376 = VERTEX_POINT ( 'NONE', #1846 ) ;
#3377 = VECTOR ( 'NONE', #764, 1000.000000000000000 ) ;
#3378 = LINE ( 'NONE', #3024, #1438 ) ;
#3379 = FACE_OUTER_BOUND ( 'NONE', #962, .T. ) ;
#3380 = ORIENTED_EDGE ( 'NONE', *, *, #1457, .F. ) ;
#3381 = ORIENTED_EDGE ( 'NONE', *, *, #2962, .T. ) ;
#3382 = COLOUR_RGB ( '',0.007843137254901960675, 0.2392156862745097867, 0.8235294117647058432 ) ;
#3383 = ADVANCED_FACE ( 'NONE', ( #2820 ), #4206, .F. ) ;
#3384 = DIRECTION ( 'NONE',  ( -1.000000000000000000, 0.000000000000000000, 0.000000000000000000 ) ) ;
#3385 = DIRECTION ( 'NONE',  ( 0.000000000000000000, 0.000000000000000000, 1.000000000000000000 ) ) ;
#3387 = PLANE ( 'NONE',  #1593 ) ;
#3386 = CARTESIAN_POINT ( 'NONE',  ( 146.2894893310266013, -142.7400000000000091, -3.000000000000000000 ) ) ;
#3388 =( GEOMETRIC_REPRESENTATION_CONTEXT ( 3 ) GLOBAL_UNCERTAINTY_ASSIGNED_CONTEXT ( ( #1415 ) ) GLOBAL_UNIT_ASSIGNED_CONTEXT ( ( #167, #575, #1245 ) ) REPRESENTATION_CONTEXT ( 'NONE', 'WORKASPACE' ) );
#3389 = LINE ( 'NONE', #636, #989 ) ;
#3390 = VERTEX_POINT ( 'NONE', #2265 ) ;
#3391 = DIRECTION ( 'NONE',  ( -1.000000000000000000, 0.000000000000000000, 0.000000000000000000 ) ) ;
#3392 = MECHANICAL_DESIGN_GEOMETRIC_PRESENTATION_REPRESENTATION (  '', ( #3036 ), #128 ) ;
#3393 = VERTEX_POINT ( 'NONE', #546 ) ;
#3394 = EDGE_CURVE ( 'NONE', #1057, #1304, #4333, .T. ) ;
#3395 = PRESENTATION_STYLE_ASSIGNMENT (( #3464 ) ) ;
#3396 = LINE ( 'NONE', #263, #186 ) ;
#3397 = AXIS2_PLACEMENT_3D ( 'NONE', #1279, #4407, #3678 ) ;
#3398 = UNCERTAINTY_MEASURE_WITH_UNIT (LENGTH_MEASURE( 1.000000000000000082E-05 ), #2573, 'distance_accuracy_value', 'NONE');
#3399 = VERTEX_POINT ( 'NONE', #3280 ) ;
#3400 = EDGE_CURVE ( 'NONE', #455, #249, #604, .T. ) ;
#3401 =( GEOMETRIC_REPRESENTATION_CONTEXT ( 3 ) GLOBAL_UNCERTAINTY_ASSIGNED_CONTEXT ( ( #2509 ) ) GLOBAL_UNIT_ASSIGNED_CONTEXT ( ( #3725, #4423, #2702 ) ) REPRESENTATION_CONTEXT ( 'NONE', 'WORKASPACE' ) );
#3402 = DIRECTION ( 'NONE',  ( 0.000000000000000000, 0.000000000000000000, 1.000000000000000000 ) ) ;
#3403 =( GEOMETRIC_REPRESENTATION_CONTEXT ( 3 ) GLOBAL_UNCERTAINTY_ASSIGNED_CONTEXT ( ( #3000 ) ) GLOBAL_UNIT_ASSIGNED_CONTEXT ( ( #3508, #459, #3236 ) ) REPRESENTATION_CONTEXT ( 'NONE', 'WORKASPACE' ) );
#3405 = CARTESIAN_POINT ( 'NONE',  ( 123.7400000000000091, -109.7700000000000102, -1.610000000000000320 ) ) ;
#3404 = PLANE ( 'NONE',  #2019 ) ;
#3406 = CARTESIAN_POINT ( 'NONE',  ( 139.2894893310265729, -23.90599999999999525, 0.000000000000000000 ) ) ;
#3408 = DIRECTION ( 'NONE',  ( 0.000000000000000000, -0.000000000000000000, -1.000000000000000000 ) ) ;
#3407 = CARTESIAN_POINT ( 'NONE',  ( 119.7894893310265871, -18.95599999999999952, -6.500000000000000888 ) ) ;
#3409 = SURFACE_SIDE_STYLE ('',( #2638 ) ) ;
#3410 = ORIENTED_EDGE ( 'NONE', *, *, #1320, .F. ) ;
#3411 = COLOUR_RGB ( '',0.007843137254901960675, 0.2392156862745097867, 0.8235294117647058432 ) ;
#3412 =( GEOMETRIC_REPRESENTATION_CONTEXT ( 3 ) GLOBAL_UNCERTAINTY_ASSIGNED_CONTEXT ( ( #1288 ) ) GLOBAL_UNIT_ASSIGNED_CONTEXT ( ( #4469, #3049, #1343 ) ) REPRESENTATION_CONTEXT ( 'NONE', 'WORKASPACE' ) );
#3413 = FILL_AREA_STYLE_COLOUR ( '', #396 ) ;
#3414 = PLANE ( 'NONE',  #9 ) ;
#3415 =( GEOMETRIC_REPRESENTATION_CONTEXT ( 3 ) GLOBAL_UNCERTAINTY_ASSIGNED_CONTEXT ( ( #3263 ) ) GLOBAL_UNIT_ASSIGNED_CONTEXT ( ( #3769, #650, #735 ) ) REPRESENTATION_CONTEXT ( 'NONE', 'WORKASPACE' ) );
#3416 = DIRECTION ( 'NONE',  ( 0.000000000000000000, 0.000000000000000000, 1.000000000000000000 ) ) ;
#3417 = EDGE_CURVE ( 'NONE', #4304, #3490, #162, .T. ) ;
#3418 = EDGE_LOOP ( 'NONE', ( #3061, #1928, #2899, #713 ) ) ;
#3419 = ORIENTED_EDGE ( 'NONE', *, *, #1718, .T. ) ;
#3420 = FILL_AREA_STYLE_COLOUR ( '', #3831 ) ;
#3421 = SURFACE_STYLE_USAGE ( .BOTH. , #2719 ) ;
#3422 = STYLED_ITEM ( 'NONE', ( #763 ), #612 ) ;
#3423 = EDGE_CURVE ( 'NONE', #4449, #852, #1935, .T. ) ;
#3424 = ORIENTED_EDGE ( 'NONE', *, *, #4418, .T. ) ;
#3425 = DIRECTION ( 'NONE',  ( 0.000000000000000000, 0.000000000000000000, -1.000000000000000000 ) ) ;
#3426 = DIRECTION ( 'NONE',  ( -0.000000000000000000, 1.000000000000000000, 0.000000000000000000 ) ) ;
#3427 = EDGE_CURVE ( 'NONE', #2338, #1751, #165, .T. ) ;
#3428 =( NAMED_UNIT ( * ) SI_UNIT ( $, .STERADIAN. ) SOLID_ANGLE_UNIT ( ) );
#3430 =( NAMED_UNIT ( * ) PLANE_ANGLE_UNIT ( ) SI_UNIT ( $, .RADIAN. ) );
#3429 = LINE ( 'NONE', #3116, #1929 ) ;
#3431 = SURFACE_SIDE_STYLE ('',( #738 ) ) ;
#3432 = ORIENTED_EDGE ( 'NONE', *, *, #2986, .T. ) ;
#3433 = VERTEX_POINT ( 'NONE', #1170 ) ;
#3434 = FACE_OUTER_BOUND ( 'NONE', #3977, .T. ) ;
#3435 = SURFACE_STYLE_USAGE ( .BOTH. , #655 ) ;
#3436 = VERTEX_POINT ( 'NONE', #4375 ) ;
#3437 = CARTESIAN_POINT ( 'NONE',  ( 101.7000000000000171, -135.7400000000000091, -6.500000000000002665 ) ) ;
#3438 =( NAMED_UNIT ( * ) SI_UNIT ( $, .STERADIAN. ) SOLID_ANGLE_UNIT ( ) );
#3439 = UNCERTAINTY_MEASURE_WITH_UNIT (LENGTH_MEASURE( 1.000000000000000082E-05 ), #1005, 'distance_accuracy_value', 'NONE');
#3440 = EDGE_LOOP ( 'NONE', ( #1214, #4355 ) ) ;
#3441 = STYLED_ITEM ( 'NONE', ( #91 ), #3637 ) ;
#3442 = EDGE_CURVE ( 'NONE', #1540, #739, #4393, .T. ) ;
#3443 = VECTOR ( 'NONE', #1613, 1000.000000000000000 ) ;
#3444 = CARTESIAN_POINT ( 'NONE',  ( 123.7400000000000091, -84.77000000000001023, -5.000000000000000000 ) ) ;
#3445 = MECHANICAL_DESIGN_GEOMETRIC_PRESENTATION_REPRESENTATION (  '', ( #326 ), #2903 ) ;
#3447 = DIRECTION ( 'NONE',  ( 0.000000000000000000, 0.000000000000000000, -1.000000000000000000 ) ) ;
#3446 = CARTESIAN_POINT ( 'NONE',  ( 110.4900000000000091, -108.2700000000000102, -5.000000000000000000 ) ) ;
#3448 = VERTEX_POINT ( 'NONE', #1194 ) ;
#3449 =( GEOMETRIC_REPRESENTATION_CONTEXT ( 3 ) GLOBAL_UNCERTAINTY_ASSIGNED_CONTEXT ( ( #660 ) ) GLOBAL_UNIT_ASSIGNED_CONTEXT ( ( #2306, #2672, #4102 ) ) REPRESENTATION_CONTEXT ( 'NONE', 'WORKASPACE' ) );
#3450 = EDGE_CURVE ( 'NONE', #4370, #3078, #920, .T. ) ;
#3451 = DIRECTION ( 'NONE',  ( -0.0007443882500148175669, -0.9999997229430281909, 0.000000000000000000 ) ) ;
#3453 = PRESENTATION_STYLE_ASSIGNMENT (( #2393 ) ) ;
#3452 = DIRECTION ( 'NONE',  ( 0.000000000000000000, 0.000000000000000000, -1.000000000000000000 ) ) ;
#3454 = ORIENTED_EDGE ( 'NONE', *, *, #1673, .T. ) ;
#3455 = VERTEX_POINT ( 'NONE', #3716 ) ;
#3456 = VECTOR ( 'NONE', #3155, 1000.000000000000000 ) ;
#3458 = PLANE ( 'NONE',  #1217 ) ;
#3457 = DIRECTION ( 'NONE',  ( 1.000000000000000000, 0.000000000000000000, 0.000000000000000000 ) ) ;
#3459 = FILL_AREA_STYLE_COLOUR ( '', #59 ) ;
#3460 = VECTOR ( 'NONE', #987, 1000.000000000000000 ) ;
#3461 = ORIENTED_EDGE ( 'NONE', *, *, #499, .F. ) ;
#3462 = VECTOR ( 'NONE', #3743, 1000.000000000000000 ) ;
#3463 = VECTOR ( 'NONE', #3891, 1000.000000000000000 ) ;
#3464 = SURFACE_STYLE_USAGE ( .BOTH. , #683 ) ;
#3465 = CARTESIAN_POINT ( 'NONE',  ( 74.20000000000000284, -18.95599999999999952, -3.000000000000000000 ) ) ;
#3466 = DIRECTION ( 'NONE',  ( 0.000000000000000000, 1.000000000000000000, 0.000000000000000000 ) ) ;
#3467 = ORIENTED_EDGE ( 'NONE', *, *, #1546, .T. ) ;
#3468 = CYLINDRICAL_SURFACE ( 'NONE', #1356, 3.000000000000002665 ) ;
#3469 = VECTOR ( 'NONE', #3354, 1000.000000000000000 ) ;
#3470 = LINE ( 'NONE', #4232, #2409 ) ;
#3472 = FILL_AREA_STYLE ('',( #2094 ) ) ;
#3471 = CARTESIAN_POINT ( 'NONE',  ( 82.19999999999998863, -138.7899999999999920, 0.000000000000000000 ) ) ;
#3473 = ADVANCED_FACE ( 'NONE', ( #3260 ), #2646, .F. ) ;
#3474 = FACE_BOUND ( 'NONE', #154, .T. ) ;
#3475 = PLANE ( 'NONE',  #1638 ) ;
#3476 = MECHANICAL_DESIGN_GEOMETRIC_PRESENTATION_REPRESENTATION (  '', ( #1736 ), #915 ) ;
#3477 = SURFACE_STYLE_USAGE ( .BOTH. , #3431 ) ;
#3478 =( LENGTH_UNIT ( ) NAMED_UNIT ( * ) SI_UNIT ( .MILLI., .METRE. ) );
#3479 = ORIENTED_EDGE ( 'NONE', *, *, #1696, .T. ) ;
#3480 = CARTESIAN_POINT ( 'NONE',  ( 145.2661120018323402, -46.73999999999999488, -5.000000000000000000 ) ) ;
#3481 =( NAMED_UNIT ( * ) SI_UNIT ( $, .STERADIAN. ) SOLID_ANGLE_UNIT ( ) );
#3482 = DIRECTION ( 'NONE',  ( -0.000000000000000000, 0.000000000000000000, -1.000000000000000000 ) ) ;
#3483 = CARTESIAN_POINT ( 'NONE',  ( 123.7400000000000091, -108.2700000000000102, -1.610000000000000320 ) ) ;
#3484 = ORIENTED_EDGE ( 'NONE', *, *, #2554, .F. ) ;
#3485 = EDGE_CURVE ( 'NONE', #3034, #250, #816, .T. ) ;
#3486 = VECTOR ( 'NONE', #452, 1000.000000000000000 ) ;
#3487 = LINE ( 'NONE', #354, #625 ) ;
#3488 = FACE_OUTER_BOUND ( 'NONE', #3772, .T. ) ;
#3489 = UNCERTAINTY_MEASURE_WITH_UNIT (LENGTH_MEASURE( 1.000000000000000082E-05 ), #3776, 'distance_accuracy_value', 'NONE');
#3490 = VERTEX_POINT ( 'NONE', #1310 ) ;
#3491 = EDGE_LOOP ( 'NONE', ( #741, #3467 ) ) ;
#3492 = STYLED_ITEM ( 'NONE', ( #1257 ), #519 ) ;
#3493 = DIRECTION ( 'NONE',  ( -1.000000000000000000, 0.000000000000000000, 0.000000000000000000 ) ) ;
#3494 = CARTESIAN_POINT ( 'NONE',  ( 143.9094743819798907, -0.1071245514753580708, -1.610000000000000320 ) ) ;
#3495 = CARTESIAN_POINT ( 'NONE',  ( 134.7894893310266013, -18.95599999999999952, -6.500000000000000888 ) ) ;
#3496 =( NAMED_UNIT ( * ) PLANE_ANGLE_UNIT ( ) SI_UNIT ( $, .RADIAN. ) );
#3497 = VECTOR ( 'NONE', #2162, 1000.000000000000000 ) ;
#3498 = CARTESIAN_POINT ( 'NONE',  ( 123.7400000000000091, -108.2700000000000102, 107.1843411028349493 ) ) ;
#3499 = SURFACE_STYLE_USAGE ( .BOTH. , #2170 ) ;
#3500 = EDGE_CURVE ( 'NONE', #1391, #365, #3846, .T. ) ;
#3501 = FILL_AREA_STYLE ('',( #723 ) ) ;
#3502 = LINE ( 'NONE', #2255, #2473 ) ;
#3503 = VERTEX_POINT ( 'NONE', #2692 ) ;
#3504 = FILL_AREA_STYLE ('',( #1823 ) ) ;
#3505 = ADVANCED_FACE ( 'NONE', ( #1802 ), #3059, .F. ) ;
#3506 = DIRECTION ( 'NONE',  ( -1.000000000000000000, 0.000000000000000000, 0.000000000000000000 ) ) ;
#3507 =( NAMED_UNIT ( * ) SI_UNIT ( $, .STERADIAN. ) SOLID_ANGLE_UNIT ( ) );
#3508 =( LENGTH_UNIT ( ) NAMED_UNIT ( * ) SI_UNIT ( .MILLI., .METRE. ) );
#3509 = CARTESIAN_POINT ( 'NONE',  ( 77.60000000000000853, 0.000000000000000000, -1.610000000000000320 ) ) ;
#3510 = VECTOR ( 'NONE', #2330, 1000.000000000000000 ) ;
#3512 = CARTESIAN_POINT ( 'NONE',  ( 131.2894893310266013, -143.7400000000000091, -10.00000000000000000 ) ) ;
#3511 = DIRECTION ( 'NONE',  ( 1.000000000000000000, 0.000000000000000000, 0.000000000000000000 ) ) ;
#3513 = MECHANICAL_DESIGN_GEOMETRIC_PRESENTATION_REPRESENTATION (  '', ( #246 ), #3087 ) ;
#3514 = DIRECTION ( 'NONE',  ( -1.000000000000000000, 0.000000000000000000, 0.000000000000000000 ) ) ;
#3515 = UNCERTAINTY_MEASURE_WITH_UNIT (LENGTH_MEASURE( 1.000000000000000082E-05 ), #1834, 'distance_accuracy_value', 'NONE');
#3516 = AXIS2_PLACEMENT_3D ( 'NONE', #2712, #4094, #1631 ) ;
#3517 = CARTESIAN_POINT ( 'NONE',  ( 98.74000000000000909, -30.35600000000000875, -5.000000000000000000 ) ) ;
#3518 = ORIENTED_EDGE ( 'NONE', *, *, #4262, .F. ) ;
#3519 = DIRECTION ( 'NONE',  ( -1.000000000000000000, -2.858379535683081757E-16, 0.000000000000000000 ) ) ;
#3520 = EDGE_LOOP ( 'NONE', ( #719, #2795, #497, #725 ) ) ;
#3521 = PRESENTATION_LAYER_ASSIGNMENT (  '', '', ( #3583 ) ) ;
#3522 = FACE_OUTER_BOUND ( 'NONE', #1658, .T. ) ;
#3523 = PRESENTATION_STYLE_ASSIGNMENT (( #2210 ) ) ;
#3524 =( NAMED_UNIT ( * ) SI_UNIT ( $, .STERADIAN. ) SOLID_ANGLE_UNIT ( ) );
#3525 = ORIENTED_EDGE ( 'NONE', *, *, #475, .T. ) ;
#3526 = EDGE_CURVE ( 'NONE', #579, #2322, #4220, .T. ) ;
#3527 = CARTESIAN_POINT ( 'NONE',  ( 82.19999999999998863, -23.90600000000000236, -7.500000000000000000 ) ) ;
#3528 = CARTESIAN_POINT ( 'NONE',  ( 123.7400000000000091, -109.7700000000000102, -5.000000000000000000 ) ) ;
#3529 = STYLED_ITEM ( 'NONE', ( #2408 ), #2046 ) ;
#3530 = UNCERTAINTY_MEASURE_WITH_UNIT (LENGTH_MEASURE( 1.000000000000000082E-05 ), #1261, 'distance_accuracy_value', 'NONE');
#3531 = VERTEX_POINT ( 'NONE', #3035 ) ;
#3532 = CARTESIAN_POINT ( 'NONE',  ( 146.2894893310266013, -142.7400000000000091, -3.000000000000000000 ) ) ;
#3533 = ADVANCED_FACE ( 'NONE', ( #2860 ), #3363, .F. ) ;
#3534 =( GEOMETRIC_REPRESENTATION_CONTEXT ( 3 ) GLOBAL_UNCERTAINTY_ASSIGNED_CONTEXT ( ( #4439 ) ) GLOBAL_UNIT_ASSIGNED_CONTEXT ( ( #808, #2523, #2621 ) ) REPRESENTATION_CONTEXT ( 'NONE', 'WORKASPACE' ) );
#3535 = CARTESIAN_POINT ( 'NONE',  ( 110.4900000000000091, -108.2700000000000102, -1.610000000000000320 ) ) ;
#3537 = CARTESIAN_POINT ( 'NONE',  ( 143.9094743819798907, -0.1071245514753580708, -5.000000000000000000 ) ) ;
#3536 = LINE ( 'NONE', #3202, #1064 ) ;
#3538 = PRESENTATION_LAYER_ASSIGNMENT (  '', '', ( #2095 ) ) ;
#3539 = VECTOR ( 'NONE', #3057, 1000.000000000000000 ) ;
#3540 =( LENGTH_UNIT ( ) NAMED_UNIT ( * ) SI_UNIT ( .MILLI., .METRE. ) );
#3541 = DIRECTION ( 'NONE',  ( 0.000000000000000000, 0.000000000000000000, 1.000000000000000000 ) ) ;
#3542 = LINE ( 'NONE', #1815, #283 ) ;
#3543 = ORIENTED_EDGE ( 'NONE', *, *, #2900, .F. ) ;
#3544 = SURFACE_SIDE_STYLE ('',( #4341 ) ) ;
#3545 = COLOUR_RGB ( '',0.007843137254901960675, 0.2392156862745097867, 0.8235294117647058432 ) ;
#3546 = FILL_AREA_STYLE_COLOUR ( '', #959 ) ;
#3547 = FILL_AREA_STYLE ('',( #23 ) ) ;
#3549 = CARTESIAN_POINT ( 'NONE',  ( 139.2894893310265729, -138.7899999999999636, -7.500000000000000000 ) ) ;
#3548 = SURFACE_SIDE_STYLE ('',( #2195 ) ) ;
#3550 = VECTOR ( 'NONE', #2909, 1000.000000000000000 ) ;
#3551 = SURFACE_SIDE_STYLE ('',( #1860 ) ) ;
#3552 = VERTEX_POINT ( 'NONE', #3170 ) ;
#3553 =( GEOMETRIC_REPRESENTATION_CONTEXT ( 3 ) GLOBAL_UNCERTAINTY_ASSIGNED_CONTEXT ( ( #70 ) ) GLOBAL_UNIT_ASSIGNED_CONTEXT ( ( #3166, #3869, #556 ) ) REPRESENTATION_CONTEXT ( 'NONE', 'WORKASPACE' ) );
#3554 = PLANE ( 'NONE',  #2489 ) ;
#3555 = EDGE_CURVE ( 'NONE', #4178, #4073, #3741, .T. ) ;
#3556 = DIRECTION ( 'NONE',  ( 0.000000000000000000, 0.000000000000000000, 1.000000000000000000 ) ) ;
#3557 = PRESENTATION_LAYER_ASSIGNMENT (  '', '', ( #2771 ) ) ;
#3558 = FILL_AREA_STYLE ('',( #98 ) ) ;
#3559 = PLANE ( 'NONE',  #1752 ) ;
#3560 =( LENGTH_UNIT ( ) NAMED_UNIT ( * ) SI_UNIT ( .MILLI., .METRE. ) );
#3561 = AXIS2_PLACEMENT_3D ( 'NONE', #1706, #24, #3482 ) ;
#3562 = VECTOR ( 'NONE', #4046, 1000.000000000000000 ) ;
#3563 = FACE_OUTER_BOUND ( 'NONE', #2585, .T. ) ;
#3564 = SURFACE_STYLE_USAGE ( .BOTH. , #1850 ) ;
#3565 = PRESENTATION_LAYER_ASSIGNMENT (  '', '', ( #2617 ) ) ;
#3566 = ORIENTED_EDGE ( 'NONE', *, *, #2376, .F. ) ;
#3567 = ORIENTED_EDGE ( 'NONE', *, *, #388, .F. ) ;
#3568 = CARTESIAN_POINT ( 'NONE',  ( 0.000000000000000000, -46.73999999999999488, -1.609999999999999876 ) ) ;
#3570 =( LENGTH_UNIT ( ) NAMED_UNIT ( * ) SI_UNIT ( .MILLI., .METRE. ) );
#3569 = CARTESIAN_POINT ( 'NONE',  ( 139.2894893310265729, -23.90599999999999525, -10.00000000000000178 ) ) ;
#3571 = ORIENTED_EDGE ( 'NONE', *, *, #3785, .T. ) ;
#3572 = LINE ( 'NONE', #118, #460 ) ;
#3573 = CARTESIAN_POINT ( 'NONE',  ( 122.2399999999999949, -83.27000000000001023, 107.1843411028349493 ) ) ;
#3574 = UNCERTAINTY_MEASURE_WITH_UNIT (LENGTH_MEASURE( 1.000000000000000082E-05 ), #268, 'distance_accuracy_value', 'NONE');
#3575 = ORIENTED_EDGE ( 'NONE', *, *, #1667, .T. ) ;
#3576 = CARTESIAN_POINT ( 'NONE',  ( 74.20000000000000284, -143.7400000000000091, -10.00000000000000000 ) ) ;
#3577 = CARTESIAN_POINT ( 'NONE',  ( 85.20000000000000284, -23.90600000000000236, -10.00000000000000000 ) ) ;
#3578 = SURFACE_STYLE_USAGE ( .BOTH. , #3948 ) ;
#3579 = PLANE ( 'NONE',  #1852 ) ;
#3580 = ADVANCED_FACE ( 'NONE', ( #4283, #2936, #2874, #4321, #1182, #2917 ), #3629, .T. ) ;
#3581 = CARTESIAN_POINT ( 'NONE',  ( 110.4900000000000091, -109.7700000000000102, -1.610000000000000320 ) ) ;
#3582 = ORIENTED_EDGE ( 'NONE', *, *, #2430, .F. ) ;
#3583 = STYLED_ITEM ( 'NONE', ( #1681 ), #4246 ) ;
#3584 = SURFACE_STYLE_FILL_AREA ( #431 ) ;
#3585 = MECHANICAL_DESIGN_GEOMETRIC_PRESENTATION_REPRESENTATION (  '', ( #2145 ), #2214 ) ;
#3586 = EDGE_CURVE ( 'NONE', #1751, #45, #1831, .T. ) ;
#3587 = VECTOR ( 'NONE', #3650, 1000.000000000000000 ) ;
#3588 = PRESENTATION_STYLE_ASSIGNMENT (( #3940 ) ) ;
#3589 = PRESENTATION_LAYER_ASSIGNMENT (  '', '', ( #4386 ) ) ;
#3590 = SURFACE_STYLE_FILL_AREA ( #2209 ) ;
#3591 = PRESENTATION_LAYER_ASSIGNMENT (  '', '', ( #3441 ) ) ;
#3592 = SURFACE_STYLE_FILL_AREA ( #3761 ) ;
#3593 = CARTESIAN_POINT ( 'NONE',  ( 80.59999999999999432, -23.90600000000000236, -7.500000000000000000 ) ) ;
#3594 = VERTEX_POINT ( 'NONE', #4258 ) ;
#3595 = VERTEX_POINT ( 'NONE', #1484 ) ;
#3596 = COLOUR_RGB ( '',0.007843137254901960675, 0.2392156862745097867, 0.8235294117647058432 ) ;
#3597 = FILL_AREA_STYLE ('',( #2215 ) ) ;
#3598 = DIRECTION ( 'NONE',  ( -0.000000000000000000, -0.000000000000000000, -1.000000000000000000 ) ) ;
#3599 = EDGE_LOOP ( 'NONE', ( #3410, #2396 ) ) ;
#3600 =( NAMED_UNIT ( * ) SI_UNIT ( $, .STERADIAN. ) SOLID_ANGLE_UNIT ( ) );
#3601 = DIRECTION ( 'NONE',  ( -1.000000000000000000, 0.000000000000000000, 0.000000000000000000 ) ) ;
#3602 = FACE_BOUND ( 'NONE', #2142, .T. ) ;
#3603 = VECTOR ( 'NONE', #362, 1000.000000000000000 ) ;
#3604 = DIRECTION ( 'NONE',  ( -0.000000000000000000, -0.000000000000000000, 1.000000000000000000 ) ) ;
#3605 = EDGE_CURVE ( 'NONE', #2257, #2236, #510, .T. ) ;
#3606 =( NAMED_UNIT ( * ) PLANE_ANGLE_UNIT ( ) SI_UNIT ( $, .RADIAN. ) );
#3607 = ORIENTED_EDGE ( 'NONE', *, *, #4299, .F. ) ;
#3608 = PRESENTATION_LAYER_ASSIGNMENT (  '', '', ( #4042 ) ) ;
#3609 =( NAMED_UNIT ( * ) PLANE_ANGLE_UNIT ( ) SI_UNIT ( $, .RADIAN. ) );
#3610 = DIRECTION ( 'NONE',  ( -0.000000000000000000, -0.000000000000000000, 1.000000000000000000 ) ) ;
#3612 =( LENGTH_UNIT ( ) NAMED_UNIT ( * ) SI_UNIT ( .MILLI., .METRE. ) );
#3611 = FILL_AREA_STYLE_COLOUR ( '', #1411 ) ;
#3613 = VECTOR ( 'NONE', #2370, 1000.000000000000000 ) ;
#3614 = EDGE_CURVE ( 'NONE', #3290, #1431, #1556, .T. ) ;
#3615 = FACE_OUTER_BOUND ( 'NONE', #2775, .T. ) ;
#3616 = ORIENTED_EDGE ( 'NONE', *, *, #2068, .F. ) ;
#3617 = ORIENTED_EDGE ( 'NONE', *, *, #1813, .T. ) ;
#3618 = COLOUR_RGB ( '',0.007843137254901960675, 0.2392156862745097867, 0.8235294117647058432 ) ;
#3619 = FILL_AREA_STYLE ('',( #4291 ) ) ;
#3620 = EDGE_CURVE ( 'NONE', #1, #4416, #2284, .T. ) ;
#3621 = DIRECTION ( 'NONE',  ( 0.000000000000000000, 0.000000000000000000, -1.000000000000000000 ) ) ;
#3622 = LINE ( 'NONE', #922, #2764 ) ;
#3623 = FILL_AREA_STYLE_COLOUR ( '', #2959 ) ;
#3624 = UNCERTAINTY_MEASURE_WITH_UNIT (LENGTH_MEASURE( 1.000000000000000082E-05 ), #217, 'distance_accuracy_value', 'NONE');
#3625 = CARTESIAN_POINT ( 'NONE',  ( 110.4900000000000091, -84.77000000000001023, 107.1843411028349493 ) ) ;
#3627 = DIRECTION ( 'NONE',  ( 0.000000000000000000, 0.000000000000000000, -1.000000000000000000 ) ) ;
#3626 = SURFACE_SIDE_STYLE ('',( #1947 ) ) ;
#3628 = VERTEX_POINT ( 'NONE', #2579 ) ;
#3629 = PLANE ( 'NONE',  #955 ) ;
#3630 = FILL_AREA_STYLE ('',( #2250 ) ) ;
#3631 = MECHANICAL_DESIGN_GEOMETRIC_PRESENTATION_REPRESENTATION (  '', ( #2988 ), #3136 ) ;
#3633 = FILL_AREA_STYLE ('',( #2622 ) ) ;
#3632 = DIRECTION ( 'NONE',  ( 0.000000000000000000, 0.000000000000000000, -1.000000000000000000 ) ) ;
#3634 = DIRECTION ( 'NONE',  ( 0.0007443882500148174585, 0.9999997229430281909, 0.000000000000000000 ) ) ;
#3635 = EDGE_LOOP ( 'NONE', ( #919, #1210, #1664, #3424 ) ) ;
#3636 = ORIENTED_EDGE ( 'NONE', *, *, #4183, .F. ) ;
#3637 = ADVANCED_FACE ( 'NONE', ( #2616 ), #760, .T. ) ;
#3638 = FACE_BOUND ( 'NONE', #3599, .T. ) ;
#3639 = CARTESIAN_POINT ( 'NONE',  ( 74.20000000000000284, 0.000000000000000000, -5.000000000000000000 ) ) ;
#3640 = DIRECTION ( 'NONE',  ( -0.000000000000000000, -0.000000000000000000, 1.000000000000000000 ) ) ;
#3641 = ORIENTED_EDGE ( 'NONE', *, *, #3586, .T. ) ;
#3642 = VECTOR ( 'NONE', #87, 1000.000000000000000 ) ;
#3643 = SURFACE_STYLE_USAGE ( .BOTH. , #2245 ) ;
#3645 = DIRECTION ( 'NONE',  ( -1.000000000000000000, 0.000000000000000000, 0.000000000000000000 ) ) ;
#3644 = DIRECTION ( 'NONE',  ( 0.000000000000000000, 0.000000000000000000, -1.000000000000000000 ) ) ;
#3646 = CARTESIAN_POINT ( 'NONE',  ( 110.4900000000000091, -108.2700000000000102, 107.1843411028349493 ) ) ;
#3647 = SURFACE_SIDE_STYLE ('',( #1997 ) ) ;
#3648 = CARTESIAN_POINT ( 'NONE',  ( 123.7400000000000091, -84.77000000000001023, -1.610000000000000320 ) ) ;
#3649 = SURFACE_SIDE_STYLE ('',( #3590 ) ) ;
#3650 = DIRECTION ( 'NONE',  ( 0.000000000000000000, 0.000000000000000000, -1.000000000000000000 ) ) ;
#3651 = AXIS2_PLACEMENT_3D ( 'NONE', #2421, #2710, #1704 ) ;
#3652 =( GEOMETRIC_REPRESENTATION_CONTEXT ( 3 ) GLOBAL_UNCERTAINTY_ASSIGNED_CONTEXT ( ( #3530 ) ) GLOBAL_UNIT_ASSIGNED_CONTEXT ( ( #1261, #2303, #4356 ) ) REPRESENTATION_CONTEXT ( 'NONE', 'WORKASPACE' ) );
#3653 = ORIENTED_EDGE ( 'NONE', *, *, #2529, .F. ) ;
#3654 = VECTOR ( 'NONE', #3287, 1000.000000000000000 ) ;
#3655 = MECHANICAL_DESIGN_GEOMETRIC_PRESENTATION_REPRESENTATION (  '', ( #4252 ), #887 ) ;
#3656 = CARTESIAN_POINT ( 'NONE',  ( 143.8650620313851221, -59.76999307357376523, -1.610000000000000320 ) ) ;
#3658 = CARTESIAN_POINT ( 'NONE',  ( 76.09999999999999432, -28.85599999999999810, -1.609999999999999876 ) ) ;
#3657 = FILL_AREA_STYLE ('',( #1213 ) ) ;
#3659 = FILL_AREA_STYLE_COLOUR ( '', #1132 ) ;
#3660 = ORIENTED_EDGE ( 'NONE', *, *, #1049, .T. ) ;
#3661 =( GEOMETRIC_REPRESENTATION_CONTEXT ( 3 ) GLOBAL_UNCERTAINTY_ASSIGNED_CONTEXT ( ( #4486 ) ) GLOBAL_UNIT_ASSIGNED_CONTEXT ( ( #1502, #3213, #3684 ) ) REPRESENTATION_CONTEXT ( 'NONE', 'WORKASPACE' ) );
#3662 = CARTESIAN_POINT ( 'NONE',  ( 110.4900000000000091, -109.7700000000000102, 107.1843411028349493 ) ) ;
#3663 = DIRECTION ( 'NONE',  ( 0.000000000000000000, 0.000000000000000000, -1.000000000000000000 ) ) ;
#3664 = FACE_OUTER_BOUND ( 'NONE', #4115, .T. ) ;
#3665 = UNCERTAINTY_MEASURE_WITH_UNIT (LENGTH_MEASURE( 1.000000000000000082E-05 ), #3866, 'distance_accuracy_value', 'NONE');
#3666 = EDGE_CURVE ( 'NONE', #3595, #413, #749, .T. ) ;
#3667 = PRESENTATION_LAYER_ASSIGNMENT (  '', '', ( #3023 ) ) ;
#3668 = LINE ( 'NONE', #3936, #936 ) ;
#3669 = FACE_OUTER_BOUND ( 'NONE', #2276, .T. ) ;
#3670 = AXIS2_PLACEMENT_3D ( 'NONE', #3569, #95, #1465 ) ;
#3671 = EDGE_CURVE ( 'NONE', #1777, #3490, #2074, .T. ) ;
#3672 = PLANE ( 'NONE',  #4053 ) ;
#3673 = CARTESIAN_POINT ( 'NONE',  ( 0.000000000000000000, -133.8399999999999750, -5.000000000000000000 ) ) ;
#3674 = AXIS2_PLACEMENT_3D ( 'NONE', #2388, #3426, #4443 ) ;
#3675 = CIRCLE ( 'NONE', #1934, 3.000000000000002665 ) ;
#3677 =( NAMED_UNIT ( * ) SI_UNIT ( $, .STERADIAN. ) SOLID_ANGLE_UNIT ( ) );
#3676 =( NAMED_UNIT ( * ) PLANE_ANGLE_UNIT ( ) SI_UNIT ( $, .RADIAN. ) );
#3678 = DIRECTION ( 'NONE',  ( -1.000000000000000000, 0.000000000000000000, -0.000000000000000000 ) ) ;
#3679 = ORIENTED_EDGE ( 'NONE', *, *, #578, .F. ) ;
#3680 = PRESENTATION_LAYER_ASSIGNMENT (  '', '', ( #2749 ) ) ;
#3681 = ORIENTED_EDGE ( 'NONE', *, *, #2986, .F. ) ;
#3682 =( GEOMETRIC_REPRESENTATION_CONTEXT ( 3 ) GLOBAL_UNCERTAINTY_ASSIGNED_CONTEXT ( ( #31 ) ) GLOBAL_UNIT_ASSIGNED_CONTEXT ( ( #890, #3755, #1679 ) ) REPRESENTATION_CONTEXT ( 'NONE', 'WORKASPACE' ) );
#3683 = DIRECTION ( 'NONE',  ( 1.000000000000000000, 0.000000000000000000, -1.156482317317870492E-16 ) ) ;
#3685 = SURFACE_STYLE_FILL_AREA ( #2555 ) ;
#3684 =( NAMED_UNIT ( * ) SI_UNIT ( $, .STERADIAN. ) SOLID_ANGLE_UNIT ( ) );
#3686 = FACE_OUTER_BOUND ( 'NONE', #1360, .T. ) ;
#3687 = DIRECTION ( 'NONE',  ( 0.000000000000000000, -0.000000000000000000, 1.000000000000000000 ) ) ;
#3688 = PRESENTATION_LAYER_ASSIGNMENT (  '', '', ( #2475 ) ) ;
#3689 = ORIENTED_EDGE ( 'NONE', *, *, #1503, .T. ) ;
#3690 = CARTESIAN_POINT ( 'NONE',  ( 90.20000000000000284, -135.7400000000000091, -10.00000000000000000 ) ) ;
#3691 = COLOUR_RGB ( '',0.007843137254901960675, 0.2392156862745097867, 0.8235294117647058432 ) ;
#3692 = DIRECTION ( 'NONE',  ( -1.000000000000000000, 0.000000000000000000, 0.000000000000000000 ) ) ;
#3693 = AXIS2_PLACEMENT_3D ( 'NONE', #3026, #4084, #958 ) ;
#3694 = FILL_AREA_STYLE ('',( #659 ) ) ;
#3695 =( GEOMETRIC_REPRESENTATION_CONTEXT ( 3 ) GLOBAL_UNCERTAINTY_ASSIGNED_CONTEXT ( ( #4078 ) ) GLOBAL_UNIT_ASSIGNED_CONTEXT ( ( #3931, #3908, #2220 ) ) REPRESENTATION_CONTEXT ( 'NONE', 'WORKASPACE' ) );
#3696 = ADVANCED_FACE ( 'NONE', ( #3350 ), #886, .F. ) ;
#3697 = SURFACE_STYLE_USAGE ( .BOTH. , #3347 ) ;
#3698 = LINE ( 'NONE', #332, #191 ) ;
#3699 = FILL_AREA_STYLE_COLOUR ( '', #1399 ) ;
#3700 = AXIS2_PLACEMENT_3D ( 'NONE', #2412, #3425, #3723 ) ;
#3701 = AXIS2_PLACEMENT_3D ( 'NONE', #1102, #2811, #3191 ) ;
#3702 = EDGE_CURVE ( 'NONE', #3135, #1425, #1786, .T. ) ;
#3703 = EDGE_LOOP ( 'NONE', ( #3002, #3616, #2012, #1866 ) ) ;
#3704 = FILL_AREA_STYLE ('',( #2317 ) ) ;
#3706 = CARTESIAN_POINT ( 'NONE',  ( 0.000000000000000000, -30.35600000000000165, -5.000000000000000000 ) ) ;
#3705 = FACE_OUTER_BOUND ( 'NONE', #4311, .T. ) ;
#3707 = AXIS2_PLACEMENT_3D ( 'NONE', #1994, #3748, #3402 ) ;
#3708 =( GEOMETRIC_REPRESENTATION_CONTEXT ( 3 ) GLOBAL_UNCERTAINTY_ASSIGNED_CONTEXT ( ( #878 ) ) GLOBAL_UNIT_ASSIGNED_CONTEXT ( ( #3540, #1797, #4254 ) ) REPRESENTATION_CONTEXT ( 'NONE', 'WORKASPACE' ) );
#3709 = ORIENTED_EDGE ( 'NONE', *, *, #1054, .T. ) ;
#3710 = VERTEX_POINT ( 'NONE', #2703 ) ;
#3711 = MECHANICAL_DESIGN_GEOMETRIC_PRESENTATION_REPRESENTATION (  '', ( #1088 ), #2627 ) ;
#3712 = SURFACE_STYLE_FILL_AREA ( #1729 ) ;
#3714 = FILL_AREA_STYLE ('',( #4412 ) ) ;
#3713 = PLANE ( 'NONE',  #3516 ) ;
#3715 = ORIENTED_EDGE ( 'NONE', *, *, #1315, .T. ) ;
#3716 = CARTESIAN_POINT ( 'NONE',  ( 136.2894893310265729, -23.90599999999999525, -10.00000000000000000 ) ) ;
#3717 = EDGE_LOOP ( 'NONE', ( #3636, #3330, #366, #4219 ) ) ;
#3718 = FILL_AREA_STYLE_COLOUR ( '', #1657 ) ;
#3719 = DIRECTION ( 'NONE',  ( -1.000000000000000000, 0.000000000000000000, 0.000000000000000000 ) ) ;
#3720 = DIRECTION ( 'NONE',  ( 0.000000000000000000, -1.000000000000000000, 0.000000000000000000 ) ) ;
#3721 = UNCERTAINTY_MEASURE_WITH_UNIT (LENGTH_MEASURE( 1.000000000000000082E-05 ), #1988, 'distance_accuracy_value', 'NONE');
#3722 = ORIENTED_EDGE ( 'NONE', *, *, #2104, .F. ) ;
#3723 = DIRECTION ( 'NONE',  ( -1.000000000000000000, 0.000000000000000000, 0.000000000000000000 ) ) ;
#3724 = FACE_OUTER_BOUND ( 'NONE', #4238, .T. ) ;
#3725 =( LENGTH_UNIT ( ) NAMED_UNIT ( * ) SI_UNIT ( .MILLI., .METRE. ) );
#3726 = DIRECTION ( 'NONE',  ( 0.000000000000000000, -0.000000000000000000, -1.000000000000000000 ) ) ;
#3727 = ADVANCED_FACE ( 'NONE', ( #3751 ), #557, .F. ) ;
#3728 = ORIENTED_EDGE ( 'NONE', *, *, #4241, .F. ) ;
#3730 =( NAMED_UNIT ( * ) SI_UNIT ( $, .STERADIAN. ) SOLID_ANGLE_UNIT ( ) );
#3729 = DIRECTION ( 'NONE',  ( -1.000000000000000000, 0.000000000000000000, 0.000000000000000000 ) ) ;
#3731 = FILL_AREA_STYLE ('',( #2659 ) ) ;
#3732 = ORIENTED_EDGE ( 'NONE', *, *, #726, .F. ) ;
#3733 = ORIENTED_EDGE ( 'NONE', *, *, #2187, .F. ) ;
#3734 = ADVANCED_FACE ( 'NONE', ( #1950 ), #1921, .F. ) ;
#3735 =( GEOMETRIC_REPRESENTATION_CONTEXT ( 3 ) GLOBAL_UNCERTAINTY_ASSIGNED_CONTEXT ( ( #968 ) ) GLOBAL_UNIT_ASSIGNED_CONTEXT ( ( #771, #1108, #80 ) ) REPRESENTATION_CONTEXT ( 'NONE', 'WORKASPACE' ) );
#3736 = CARTESIAN_POINT ( 'NONE',  ( 110.4900000000000091, -83.27000000000001023, 107.1843411028349493 ) ) ;
#3737 = STYLED_ITEM ( 'NONE', ( #108 ), #3580 ) ;
#3739 = LINE ( 'NONE', #3798, #2777 ) ;
#3738 = DIRECTION ( 'NONE',  ( 0.000000000000000000, -1.000000000000000000, 0.000000000000000000 ) ) ;
#3740 = ORIENTED_EDGE ( 'NONE', *, *, #3283, .T. ) ;
#3741 = CIRCLE ( 'NONE', #33, 1.599999999999990319 ) ;
#3742 = ORIENTED_EDGE ( 'NONE', *, *, #2597, .T. ) ;
#3743 = DIRECTION ( 'NONE',  ( -0.000000000000000000, -0.000000000000000000, 1.000000000000000000 ) ) ;
#3744 =( LENGTH_UNIT ( ) NAMED_UNIT ( * ) SI_UNIT ( .MILLI., .METRE. ) );
#3745 = CARTESIAN_POINT ( 'NONE',  ( 0.000000000000000000, 0.000000000000000000, -1.609999999999999876 ) ) ;
#3746 = EDGE_LOOP ( 'NONE', ( #2056, #2935, #4245, #3381 ) ) ;
#3747 = CIRCLE ( 'NONE', #2949, 1.600000000000004086 ) ;
#3748 = DIRECTION ( 'NONE',  ( 0.000000000000000000, 1.000000000000000000, -0.000000000000000000 ) ) ;
#3749 = SURFACE_STYLE_USAGE ( .BOTH. , #2364 ) ;
#3750 = DIRECTION ( 'NONE',  ( 0.000000000000000000, 1.000000000000000000, 0.000000000000000000 ) ) ;
#3751 = FACE_OUTER_BOUND ( 'NONE', #3904, .T. ) ;
#3752 = VECTOR ( 'NONE', #1019, 1000.000000000000000 ) ;
#3753 = EDGE_CURVE ( 'NONE', #606, #436, #2413, .T. ) ;
#3754 = DIRECTION ( 'NONE',  ( -1.000000000000000000, 0.000000000000000000, -0.000000000000000000 ) ) ;
#3755 =( NAMED_UNIT ( * ) PLANE_ANGLE_UNIT ( ) SI_UNIT ( $, .RADIAN. ) );
#3756 = ORIENTED_EDGE ( 'NONE', *, *, #3666, .F. ) ;
#3757 = LINE ( 'NONE', #2787, #2258 ) ;
#3758 = EDGE_CURVE ( 'NONE', #1347, #4281, #2051, .T. ) ;
#3759 = UNCERTAINTY_MEASURE_WITH_UNIT (LENGTH_MEASURE( 1.000000000000000082E-05 ), #3099, 'distance_accuracy_value', 'NONE');
#3761 = FILL_AREA_STYLE ('',( #1307 ) ) ;
#3760 =( NAMED_UNIT ( * ) SI_UNIT ( $, .STERADIAN. ) SOLID_ANGLE_UNIT ( ) );
#3762 = EDGE_LOOP ( 'NONE', ( #341, #2166, #4415, #3022 ) ) ;
#3763 = ORIENTED_EDGE ( 'NONE', *, *, #1755, .F. ) ;
#3764 = VECTOR ( 'NONE', #1209, 1000.000000000000000 ) ;
#3765 = UNCERTAINTY_MEASURE_WITH_UNIT (LENGTH_MEASURE( 1.000000000000000082E-05 ), #3744, 'distance_accuracy_value', 'NONE');
#3766 = EDGE_LOOP ( 'NONE', ( #78, #1002, #3740, #242 ) ) ;
#3767 = LINE ( 'NONE', #3446, #4036 ) ;
#3768 =( NAMED_UNIT ( * ) PLANE_ANGLE_UNIT ( ) SI_UNIT ( $, .RADIAN. ) );
#3769 =( LENGTH_UNIT ( ) NAMED_UNIT ( * ) SI_UNIT ( .MILLI., .METRE. ) );
#3771 = CARTESIAN_POINT ( 'NONE',  ( 123.7400000000000091, -59.76999307357376523, -1.610000000000000320 ) ) ;
#3770 = SURFACE_STYLE_FILL_AREA ( #2440 ) ;
#3772 = EDGE_LOOP ( 'NONE', ( #584, #3833, #3607, #4454 ) ) ;
#3773 = EDGE_LOOP ( 'NONE', ( #2112, #748, #2892, #3484 ) ) ;
#3774 = STYLED_ITEM ( 'NONE', ( #1489 ), #641 ) ;
#3775 = FACE_OUTER_BOUND ( 'NONE', #3954, .T. ) ;
#3776 =( LENGTH_UNIT ( ) NAMED_UNIT ( * ) SI_UNIT ( .MILLI., .METRE. ) );
#3777 = ORIENTED_EDGE ( 'NONE', *, *, #62, .F. ) ;
#3778 = CIRCLE ( 'NONE', #4226, 1.599999999999990319 ) ;
#3779 = EDGE_CURVE ( 'NONE', #3882, #2715, #3161, .T. ) ;
#3780 = PRESENTATION_LAYER_ASSIGNMENT (  '', '', ( #4003 ) ) ;
#3781 = SURFACE_SIDE_STYLE ('',( #1069 ) ) ;
#3782 = PRESENTATION_LAYER_ASSIGNMENT (  '', '', ( #145 ) ) ;
#3783 = SURFACE_STYLE_USAGE ( .BOTH. , #2358 ) ;
#3784 = ORIENTED_EDGE ( 'NONE', *, *, #1853, .F. ) ;
#3785 = EDGE_CURVE ( 'NONE', #4037, #1381, #3789, .T. ) ;
#3786 = FILL_AREA_STYLE ('',( #2750 ) ) ;
#3788 = CARTESIAN_POINT ( 'NONE',  ( 122.2399999999999949, -59.76999307357377234, -5.000000000000000000 ) ) ;
#3787 = LINE ( 'NONE', #664, #54 ) ;
#3789 = LINE ( 'NONE', #41, #464 ) ;
#3790 = ADVANCED_FACE ( 'NONE', ( #2827 ), #1717, .F. ) ;
#3791 = PRESENTATION_STYLE_ASSIGNMENT (( #3094 ) ) ;
#3792 = CARTESIAN_POINT ( 'NONE',  ( 74.20000000000000284, -18.95599999999999952, -10.00000000000000000 ) ) ;
#3793 = SURFACE_STYLE_USAGE ( .BOTH. , #385 ) ;
#3794 = VERTEX_POINT ( 'NONE', #1745 ) ;
#3795 = SURFACE_SIDE_STYLE ('',( #2086 ) ) ;
#3796 = CARTESIAN_POINT ( 'NONE',  ( 0.000000000000000000, -132.3399999999999750, -5.000000000000000000 ) ) ;
#3797 =( LENGTH_UNIT ( ) NAMED_UNIT ( * ) SI_UNIT ( .MILLI., .METRE. ) );
#3798 = CARTESIAN_POINT ( 'NONE',  ( 98.74000000000000909, -108.2700000000000102, 107.1843411028349493 ) ) ;
#3799 = DIRECTION ( 'NONE',  ( 0.000000000000000000, 0.000000000000000000, -1.000000000000000000 ) ) ;
#3800 = EDGE_LOOP ( 'NONE', ( #4487, #4001, #97, #3081, #921, #2675 ) ) ;
#3801 = CARTESIAN_POINT ( 'NONE',  ( 80.59999999999999432, -138.7899999999999920, -7.500000000000000000 ) ) ;
#3802 = LINE ( 'NONE', #2847, #402 ) ;
#3803 = FACE_OUTER_BOUND ( 'NONE', #1953, .T. ) ;
#3804 = UNCERTAINTY_MEASURE_WITH_UNIT (LENGTH_MEASURE( 1.000000000000000082E-05 ), #3055, 'distance_accuracy_value', 'NONE');
#3805 = ORIENTED_EDGE ( 'NONE', *, *, #1463, .T. ) ;
#3806 = VECTOR ( 'NONE', #3272, 1000.000000000000000 ) ;
#3807 = ORIENTED_EDGE ( 'NONE', *, *, #1156, .F. ) ;
#3808 = DIRECTION ( 'NONE',  ( -0.7071067811865479058, 0.000000000000000000, 0.7071067811865472397 ) ) ;
#3809 = EDGE_CURVE ( 'NONE', #3918, #3433, #1967, .T. ) ;
#3811 = PLANE ( 'NONE',  #2391 ) ;
#3810 = DIRECTION ( 'NONE',  ( 1.000000000000000000, 0.000000000000000000, 0.000000000000000000 ) ) ;
#3812 = DIRECTION ( 'NONE',  ( 0.000000000000000000, 0.000000000000000000, 1.000000000000000000 ) ) ;
#3813 = PRESENTATION_LAYER_ASSIGNMENT (  '', '', ( #2077 ) ) ;
#3814 = MECHANICAL_DESIGN_GEOMETRIC_PRESENTATION_REPRESENTATION (  '', ( #2735 ), #4185 ) ;
#3815 = PRESENTATION_STYLE_ASSIGNMENT (( #2513 ) ) ;
#3816 = EDGE_CURVE ( 'NONE', #4281, #1767, #923, .T. ) ;
#3818 = DIRECTION ( 'NONE',  ( 1.000000000000000000, -0.000000000000000000, 0.000000000000000000 ) ) ;
#3817 = SURFACE_SIDE_STYLE ('',( #3770 ) ) ;
#3819 = FILL_AREA_STYLE ('',( #988 ) ) ;
#3820 = ORIENTED_EDGE ( 'NONE', *, *, #1813, .F. ) ;
#3821 = COLOUR_RGB ( '',0.007843137254901960675, 0.2392156862745097867, 0.8235294117647058432 ) ;
#3822 = MANIFOLD_SOLID_BREP ( 'Cut-Extrude5', #135 ) ;
#3823 = LINE ( 'NONE', #3480, #3226 ) ;
#3824 = CARTESIAN_POINT ( 'NONE',  ( 119.7894893310265871, -135.7400000000000091, -6.500000000000000888 ) ) ;
#3825 = CIRCLE ( 'NONE', #4197, 1.600000000000004086 ) ;
#3826 = ORIENTED_EDGE ( 'NONE', *, *, #1696, .F. ) ;
#3827 = STYLED_ITEM ( 'NONE', ( #837 ), #121 ) ;
#3828 = PRESENTATION_LAYER_ASSIGNMENT (  '', '', ( #1265 ) ) ;
#3829 = CARTESIAN_POINT ( 'NONE',  ( 0.000000000000000000, -84.77000000000001023, -5.000000000000000000 ) ) ;
#3830 = LINE ( 'NONE', #3881, #2221 ) ;
#3831 = COLOUR_RGB ( '',0.007843137254901960675, 0.2392156862745097867, 0.8235294117647058432 ) ;
#3832 = CARTESIAN_POINT ( 'NONE',  ( 143.8278426034165136, -109.7700000000000102, 124.1774298937790064 ) ) ;
#3833 = ORIENTED_EDGE ( 'NONE', *, *, #2631, .F. ) ;
#3834 = VECTOR ( 'NONE', #2081, 1000.000000000000000 ) ;
#3835 = EDGE_LOOP ( 'NONE', ( #3848, #1707, #1028, #2882 ) ) ;
#3837 = LINE ( 'NONE', #1478, #2506 ) ;
#3836 = FILL_AREA_STYLE ('',( #2751 ) ) ;
#3838 =( NAMED_UNIT ( * ) PLANE_ANGLE_UNIT ( ) SI_UNIT ( $, .RADIAN. ) );
#3839 = EDGE_CURVE ( 'NONE', #2444, #1100, #4126, .T. ) ;
#3841 = FACE_OUTER_BOUND ( 'NONE', #1562, .T. ) ;
#3840 = LINE ( 'NONE', #1414, #2297 ) ;
#3842 = VECTOR ( 'NONE', #124, 1000.000000000000000 ) ;
#3843 = UNCERTAINTY_MEASURE_WITH_UNIT (LENGTH_MEASURE( 1.000000000000000082E-05 ), #3021, 'distance_accuracy_value', 'NONE');
#3844 = FILL_AREA_STYLE ('',( #1773 ) ) ;
#3845 = ORIENTED_EDGE ( 'NONE', *, *, #1785, .F. ) ;
#3846 = LINE ( 'NONE', #4190, #1469 ) ;
#3847 = VECTOR ( 'NONE', #3991, 1000.000000000000000 ) ;
#3848 = ORIENTED_EDGE ( 'NONE', *, *, #1984, .T. ) ;
#3849 = ADVANCED_FACE ( 'NONE', ( #3664 ), #4458, .F. ) ;
#3850 =( NAMED_UNIT ( * ) PLANE_ANGLE_UNIT ( ) SI_UNIT ( $, .RADIAN. ) );
#3851 = STYLED_ITEM ( 'NONE', ( #3938 ), #1630 ) ;
#3853 = PLANE ( 'NONE',  #2078 ) ;
#3852 = SURFACE_STYLE_USAGE ( .BOTH. , #1683 ) ;
#3854 = EDGE_LOOP ( 'NONE', ( #3004, #4430, #594, #342 ) ) ;
#3855 = COLOUR_RGB ( '',0.007843137254901960675, 0.2392156862745097867, 0.8235294117647058432 ) ;
#3856 = LINE ( 'NONE', #2901, #2940 ) ;
#3857 = DIRECTION ( 'NONE',  ( -1.000000000000000000, 0.000000000000000000, 0.000000000000000000 ) ) ;
#3858 = DIRECTION ( 'NONE',  ( -0.000000000000000000, -0.000000000000000000, -1.000000000000000000 ) ) ;
#3859 = UNCERTAINTY_MEASURE_WITH_UNIT (LENGTH_MEASURE( 1.000000000000000082E-05 ), #1821, 'distance_accuracy_value', 'NONE');
#3860 = ORIENTED_EDGE ( 'NONE', *, *, #574, .F. ) ;
#3861 = SURFACE_STYLE_FILL_AREA ( #2484 ) ;
#3862 = ORIENTED_EDGE ( 'NONE', *, *, #493, .T. ) ;
#3863 = AXIS2_PLACEMENT_3D ( 'NONE', #3736, #278, #1660 ) ;
#3864 = MECHANICAL_DESIGN_GEOMETRIC_PRESENTATION_REPRESENTATION (  '', ( #2490 ), #222 ) ;
#3865 = CARTESIAN_POINT ( 'NONE',  ( 101.7000000000000171, -135.7400000000000091, -6.500000000000002665 ) ) ;
#3866 =( LENGTH_UNIT ( ) NAMED_UNIT ( * ) SI_UNIT ( .MILLI., .METRE. ) );
#3867 = VECTOR ( 'NONE', #918, 1000.000000000000000 ) ;
#3869 =( NAMED_UNIT ( * ) PLANE_ANGLE_UNIT ( ) SI_UNIT ( $, .RADIAN. ) );
#3868 = LINE ( 'NONE', #3937, #1413 ) ;
#3870 = EDGE_CURVE ( 'NONE', #250, #3034, #3747, .T. ) ;
#3871 = CARTESIAN_POINT ( 'NONE',  ( 110.4900000000000091, -109.7700000000000102, 107.1843411028349493 ) ) ;
#3872 = ORIENTED_EDGE ( 'NONE', *, *, #1437, .F. ) ;
#3873 = SURFACE_SIDE_STYLE ('',( #2716 ) ) ;
#3874 = ORIENTED_EDGE ( 'NONE', *, *, #2796, .F. ) ;
#3875 = LINE ( 'NONE', #2147, #4176 ) ;
#3876 = FILL_AREA_STYLE_COLOUR ( '', #1212 ) ;
#3877 = CYLINDRICAL_SURFACE ( 'NONE', #2446, 3.000000000000002665 ) ;
#3878 = ADVANCED_FACE ( 'NONE', ( #593 ), #3324, .T. ) ;
#3879 = FACE_OUTER_BOUND ( 'NONE', #829, .T. ) ;
#3880 = EDGE_LOOP ( 'NONE', ( #4052, #140, #2018, #2249 ) ) ;
#3881 = CARTESIAN_POINT ( 'NONE',  ( 0.000000000000000000, -30.35600000000000165, -1.610000000000000320 ) ) ;
#3882 = VERTEX_POINT ( 'NONE', #3106 ) ;
#3883 = CARTESIAN_POINT ( 'NONE',  ( 77.60000000000000853, -30.35600000000000165, -1.610000000000000320 ) ) ;
#3884 =( LENGTH_UNIT ( ) NAMED_UNIT ( * ) SI_UNIT ( .MILLI., .METRE. ) );
#3885 = AXIS2_PLACEMENT_3D ( 'NONE', #4074, #1390, #1776 ) ;
#3887 = LINE ( 'NONE', #63, #3113 ) ;
#3886 = CYLINDRICAL_SURFACE ( 'NONE', #1268, 1.600000000000004086 ) ;
#3888 =( GEOMETRIC_REPRESENTATION_CONTEXT ( 3 ) GLOBAL_UNCERTAINTY_ASSIGNED_CONTEXT ( ( #301 ) ) GLOBAL_UNIT_ASSIGNED_CONTEXT ( ( #1818, #3919, #1464 ) ) REPRESENTATION_CONTEXT ( 'NONE', 'WORKASPACE' ) );
#3889 = PRESENTATION_LAYER_ASSIGNMENT (  '', '', ( #2522 ) ) ;
#3890 = FILL_AREA_STYLE ('',( #3205 ) ) ;
#3892 = DIRECTION ( 'NONE',  ( -1.000000000000000000, 0.000000000000000000, -0.000000000000000000 ) ) ;
#3891 = DIRECTION ( 'NONE',  ( -0.0007443882500148175669, -0.9999997229430281909, 0.000000000000000000 ) ) ;
#3893 = ORIENTED_EDGE ( 'NONE', *, *, #1735, .T. ) ;
#3894 = VERTEX_POINT ( 'NONE', #1428 ) ;
#3895 = EDGE_CURVE ( 'NONE', #413, #4021, #4155, .T. ) ;
#3896 = CYLINDRICAL_SURFACE ( 'NONE', #2441, 1.599999999999990319 ) ;
#3897 = SURFACE_SIDE_STYLE ('',( #4243 ) ) ;
#3898 =( LENGTH_UNIT ( ) NAMED_UNIT ( * ) SI_UNIT ( .MILLI., .METRE. ) );
#3899 = SURFACE_STYLE_FILL_AREA ( #516 ) ;
#3900 = ORIENTED_EDGE ( 'NONE', *, *, #4080, .F. ) ;
#3901 = ADVANCED_FACE ( 'NONE', ( #3488 ), #999, .T. ) ;
#3902 = DIRECTION ( 'NONE',  ( -0.000000000000000000, -0.000000000000000000, 1.000000000000000000 ) ) ;
#3903 = UNCERTAINTY_MEASURE_WITH_UNIT (LENGTH_MEASURE( 1.000000000000000082E-05 ), #3955, 'distance_accuracy_value', 'NONE');
#3904 = EDGE_LOOP ( 'NONE', ( #2736, #644, #3209, #2410 ) ) ;
#3905 = CARTESIAN_POINT ( 'NONE',  ( 0.000000000000000000, 0.000000000000000000, -3.000000000000000000 ) ) ;
#3906 = AXIS2_PLACEMENT_3D ( 'NONE', #1270, #905, #2269 ) ;
#3907 = EDGE_CURVE ( 'NONE', #1892, #1986, #3802, .T. ) ;
#3908 =( NAMED_UNIT ( * ) PLANE_ANGLE_UNIT ( ) SI_UNIT ( $, .RADIAN. ) );
#3909 = LINE ( 'NONE', #1454, #2116 ) ;
#3911 = DIRECTION ( 'NONE',  ( -0.0007443882500148175669, -0.9999997229430281909, 0.000000000000000000 ) ) ;
#3910 = DIRECTION ( 'NONE',  ( 0.000000000000000000, -1.000000000000000000, 0.000000000000000000 ) ) ;
#3912 =( GEOMETRIC_REPRESENTATION_CONTEXT ( 3 ) GLOBAL_UNCERTAINTY_ASSIGNED_CONTEXT ( ( #3950 ) ) GLOBAL_UNIT_ASSIGNED_CONTEXT ( ( #4374, #4024, #3032 ) ) REPRESENTATION_CONTEXT ( 'NONE', 'WORKASPACE' ) );
#3913 = STYLED_ITEM ( 'NONE', ( #1435 ), #2773 ) ;
#3914 = PRESENTATION_STYLE_ASSIGNMENT (( #2856 ) ) ;
#3915 = FILL_AREA_STYLE_COLOUR ( '', #3545 ) ;
#3916 = ORIENTED_EDGE ( 'NONE', *, *, #963, .F. ) ;
#3917 = AXIS2_PLACEMENT_3D ( 'NONE', #2923, #2525, #2896 ) ;
#3918 = VERTEX_POINT ( 'NONE', #3465 ) ;
#3919 =( NAMED_UNIT ( * ) PLANE_ANGLE_UNIT ( ) SI_UNIT ( $, .RADIAN. ) );
#3920 = COLOUR_RGB ( '',0.007843137254901960675, 0.2392156862745097867, 0.8235294117647058432 ) ;
#3921 = SURFACE_SIDE_STYLE ('',( #3592 ) ) ;
#3922 = PRESENTATION_LAYER_ASSIGNMENT (  '', '', ( #208 ) ) ;
#3923 = LINE ( 'NONE', #496, #779 ) ;
#3924 = ORIENTED_EDGE ( 'NONE', *, *, #2339, .T. ) ;
#3925 =( LENGTH_UNIT ( ) NAMED_UNIT ( * ) SI_UNIT ( .MILLI., .METRE. ) );
#3926 = EDGE_CURVE ( 'NONE', #3366, #21, #3830, .T. ) ;
#3927 = VERTEX_POINT ( 'NONE', #3528 ) ;
#3928 = FACE_OUTER_BOUND ( 'NONE', #36, .T. ) ;
#3929 = AXIS2_PLACEMENT_3D ( 'NONE', #621, #4108, #1618 ) ;
#3930 = VECTOR ( 'NONE', #4138, 1000.000000000000000 ) ;
#3931 =( LENGTH_UNIT ( ) NAMED_UNIT ( * ) SI_UNIT ( .MILLI., .METRE. ) );
#3932 = CARTESIAN_POINT ( 'NONE',  ( 122.9900000000000091, -59.76999307357377234, 107.1843411028349493 ) ) ;
#3933 = STYLED_ITEM ( 'NONE', ( #66 ), #872 ) ;
#3934 = ADVANCED_FACE ( 'NONE', ( #29 ), #1402, .T. ) ;
#3935 = COLOUR_RGB ( '',0.007843137254901960675, 0.2392156862745097867, 0.8235294117647058432 ) ;
#3936 = CARTESIAN_POINT ( 'NONE',  ( 145.3880744665513305, -28.85599999999999454, -5.000000000000000000 ) ) ;
#3938 = PRESENTATION_STYLE_ASSIGNMENT (( #2560 ) ) ;
#3937 = CARTESIAN_POINT ( 'NONE',  ( 119.7894893310265871, -143.7400000000000091, -6.500000000000000888 ) ) ;
#3939 = EDGE_LOOP ( 'NONE', ( #14, #1817, #319, #3010 ) ) ;
#3940 = SURFACE_STYLE_USAGE ( .BOTH. , #4306 ) ;
#3941 =( NAMED_UNIT ( * ) PLANE_ANGLE_UNIT ( ) SI_UNIT ( $, .RADIAN. ) );
#3942 = PRESENTATION_STYLE_ASSIGNMENT (( #1128 ) ) ;
#3943 = ORIENTED_EDGE ( 'NONE', *, *, #937, .F. ) ;
#3944 =( NAMED_UNIT ( * ) PLANE_ANGLE_UNIT ( ) SI_UNIT ( $, .RADIAN. ) );
#3945 = DIRECTION ( 'NONE',  ( 0.000000000000000000, 0.000000000000000000, -1.000000000000000000 ) ) ;
#3946 = ORIENTED_EDGE ( 'NONE', *, *, #2757, .T. ) ;
#3947 = FILL_AREA_STYLE ('',( #1474 ) ) ;
#3948 = SURFACE_SIDE_STYLE ('',( #3359 ) ) ;
#3949 = DIRECTION ( 'NONE',  ( 1.000000000000000000, 2.858379535683081757E-16, 0.000000000000000000 ) ) ;
#3950 = UNCERTAINTY_MEASURE_WITH_UNIT (LENGTH_MEASURE( 1.000000000000000082E-05 ), #4374, 'distance_accuracy_value', 'NONE');
#3951 = PRESENTATION_LAYER_ASSIGNMENT (  '', '', ( #2873 ) ) ;
#3952 = EDGE_CURVE ( 'NONE', #26, #1309, #1169, .T. ) ;
#3953 = CARTESIAN_POINT ( 'NONE',  ( 90.20000000000000284, -143.7400000000000091, -10.00000000000000000 ) ) ;
#3954 = EDGE_LOOP ( 'NONE', ( #1582, #3340, #4191, #4481 ) ) ;
#3955 =( LENGTH_UNIT ( ) NAMED_UNIT ( * ) SI_UNIT ( .MILLI., .METRE. ) );
#3956 = VECTOR ( 'NONE', #236, 1000.000000000000000 ) ;
#3957 = VECTOR ( 'NONE', #2254, 1000.000000000000000 ) ;
#3958 = ADVANCED_FACE ( 'NONE', ( #2176 ), #2604, .F. ) ;
#3959 =( NAMED_UNIT ( * ) SI_UNIT ( $, .STERADIAN. ) SOLID_ANGLE_UNIT ( ) );
#3960 = LINE ( 'NONE', #1162, #4098 ) ;
#3961 = PRESENTATION_STYLE_ASSIGNMENT (( #2232 ) ) ;
#3962 = ORIENTED_EDGE ( 'NONE', *, *, #4373, .F. ) ;
#3963 = VERTEX_POINT ( 'NONE', #3386 ) ;
#3964 = COLOUR_RGB ( '',0.007843137254901960675, 0.2392156862745097867, 0.8235294117647058432 ) ;
#3965 = CARTESIAN_POINT ( 'NONE',  ( 139.2894893310265729, -138.7899999999999636, 0.000000000000000000 ) ) ;
#3966 =( NAMED_UNIT ( * ) SI_UNIT ( $, .STERADIAN. ) SOLID_ANGLE_UNIT ( ) );
#3967 = DIRECTION ( 'NONE',  ( -1.000000000000000000, 0.000000000000000000, 0.000000000000000000 ) ) ;
#3968 = CIRCLE ( 'NONE', #1795, 1.600000000000004086 ) ;
#3969 = FILL_AREA_STYLE_COLOUR ( '', #4275 ) ;
#3970 = FACE_BOUND ( 'NONE', #133, .T. ) ;
#3971 = STYLED_ITEM ( 'NONE', ( #494 ), #2230 ) ;
#3972 =( GEOMETRIC_REPRESENTATION_CONTEXT ( 3 ) GLOBAL_UNCERTAINTY_ASSIGNED_CONTEXT ( ( #1943 ) ) GLOBAL_UNIT_ASSIGNED_CONTEXT ( ( #1672, #3138, #4134 ) ) REPRESENTATION_CONTEXT ( 'NONE', 'WORKASPACE' ) );
#3973 =( GEOMETRIC_REPRESENTATION_CONTEXT ( 3 ) GLOBAL_UNCERTAINTY_ASSIGNED_CONTEXT ( ( #2857 ) ) GLOBAL_UNIT_ASSIGNED_CONTEXT ( ( #906, #218, #1200 ) ) REPRESENTATION_CONTEXT ( 'NONE', 'WORKASPACE' ) );
#3974 = DIRECTION ( 'NONE',  ( 0.000000000000000000, 1.000000000000000000, 0.000000000000000000 ) ) ;
#3975 = FILL_AREA_STYLE ('',( #2678 ) ) ;
#3976 = PLANE ( 'NONE',  #2550 ) ;
#3977 = EDGE_LOOP ( 'NONE', ( #1609, #2372, #3214, #1148 ) ) ;
#3978 = CARTESIAN_POINT ( 'NONE',  ( 85.20000000000000284, -23.90600000000000236, -7.500000000000000000 ) ) ;
#3979 = FACE_OUTER_BOUND ( 'NONE', #2173, .T. ) ;
#3980 = PRESENTATION_STYLE_ASSIGNMENT (( #472 ) ) ;
#3982 = LINE ( 'NONE', #1560, #539 ) ;
#3981 = DIRECTION ( 'NONE',  ( -1.000000000000000000, 0.000000000000000000, 0.000000000000000000 ) ) ;
#3983 = COLOUR_RGB ( '',0.007843137254901960675, 0.2392156862745097867, 0.8235294117647058432 ) ;
#3984 = VERTEX_POINT ( 'NONE', #4047 ) ;
#3985 = ADVANCED_FACE ( 'NONE', ( #2374 ), #3713, .F. ) ;
#3986 = VECTOR ( 'NONE', #1920, 1000.000000000000000 ) ;
#3987 = PRESENTATION_STYLE_ASSIGNMENT (( #2603 ) ) ;
#3988 = SURFACE_STYLE_USAGE ( .BOTH. , #1979 ) ;
#3989 = DIRECTION ( 'NONE',  ( 1.000000000000000000, 0.000000000000000000, 0.000000000000000000 ) ) ;
#3990 = SURFACE_STYLE_FILL_AREA ( #1912 ) ;
#3991 = DIRECTION ( 'NONE',  ( 0.000000000000000000, 1.000000000000000000, 0.000000000000000000 ) ) ;
#3992 = VECTOR ( 'NONE', #1721, 1000.000000000000000 ) ;
#3993 = VECTOR ( 'NONE', #1743, 1000.000000000000000 ) ;
#3994 = SURFACE_SIDE_STYLE ('',( #2611 ) ) ;
#3995 = DIRECTION ( 'NONE',  ( -0.000000000000000000, 0.000000000000000000, 1.000000000000000000 ) ) ;
#3996 = VECTOR ( 'NONE', #520, 1000.000000000000000 ) ;
#3997 = VECTOR ( 'NONE', #4261, 1000.000000000000000 ) ;
#3999 = FILL_AREA_STYLE_COLOUR ( '', #964 ) ;
#3998 = FILL_AREA_STYLE ('',( #1559 ) ) ;
#4000 = CARTESIAN_POINT ( 'NONE',  ( 110.4900000000000091, -83.27000000000001023, -5.000000000000000000 ) ) ;
#4001 = ORIENTED_EDGE ( 'NONE', *, *, #3816, .F. ) ;
#4002 = ORIENTED_EDGE ( 'NONE', *, *, #3257, .T. ) ;
#4003 = STYLED_ITEM ( 'NONE', ( #3008 ), #1287 ) ;
#4004 = FILL_AREA_STYLE_COLOUR ( '', #3270 ) ;
#4005 = EDGE_CURVE ( 'NONE', #4037, #96, #1980, .T. ) ;
#4006 = CARTESIAN_POINT ( 'NONE',  ( 98.74000000000000909, -83.27000000000001023, -5.000000000000000000 ) ) ;
#4007 = CARTESIAN_POINT ( 'NONE',  ( 122.2399999999999949, -96.51999999999999602, -1.610000000000000320 ) ) ;
#4008 = ORIENTED_EDGE ( 'NONE', *, *, #1049, .F. ) ;
#4009 = CARTESIAN_POINT ( 'NONE',  ( 85.20000000000000284, -138.7899999999999920, -7.500000000000000000 ) ) ;
#4010 = CYLINDRICAL_SURFACE ( 'NONE', #122, 3.000000000000002665 ) ;
#4011 = FACE_BOUND ( 'NONE', #1588, .T. ) ;
#4012 =( LENGTH_UNIT ( ) NAMED_UNIT ( * ) SI_UNIT ( .MILLI., .METRE. ) );
#4014 = CARTESIAN_POINT ( 'NONE',  ( 0.000000000000000000, 0.000000000000000000, -5.000000000000000000 ) ) ;
#4013 = LINE ( 'NONE', #266, #4121 ) ;
#4015 = CARTESIAN_POINT ( 'NONE',  ( 146.2894893310266013, -19.95600000000000307, -3.000000000000000000 ) ) ;
#4016 =( NAMED_UNIT ( * ) SI_UNIT ( $, .STERADIAN. ) SOLID_ANGLE_UNIT ( ) );
#4017 = COLOUR_RGB ( '',0.007843137254901960675, 0.2392156862745097867, 0.8235294117647058432 ) ;
#4018 = MECHANICAL_DESIGN_GEOMETRIC_PRESENTATION_REPRESENTATION (  '', ( #101 ), #1107 ) ;
#4019 = DIRECTION ( 'NONE',  ( 0.000000000000000000, 0.000000000000000000, 1.000000000000000000 ) ) ;
#4020 = EDGE_LOOP ( 'NONE', ( #2654, #358, #1494, #857 ) ) ;
#4021 = VERTEX_POINT ( 'NONE', #255 ) ;
#4022 =( GEOMETRIC_REPRESENTATION_CONTEXT ( 3 ) GLOBAL_UNCERTAINTY_ASSIGNED_CONTEXT ( ( #3574 ) ) GLOBAL_UNIT_ASSIGNED_CONTEXT ( ( #268, #1648, #4016 ) ) REPRESENTATION_CONTEXT ( 'NONE', 'WORKASPACE' ) );
#4023 = FACE_OUTER_BOUND ( 'NONE', #794, .T. ) ;
#4024 =( NAMED_UNIT ( * ) PLANE_ANGLE_UNIT ( ) SI_UNIT ( $, .RADIAN. ) );
#4025 = EDGE_CURVE ( 'NONE', #4088, #4304, #2152, .T. ) ;
#4026 = MECHANICAL_DESIGN_GEOMETRIC_PRESENTATION_REPRESENTATION (  '', ( #825 ), #4107 ) ;
#4027 = ORIENTED_EDGE ( 'NONE', *, *, #2641, .T. ) ;
#4028 = SURFACE_STYLE_USAGE ( .BOTH. , #1240 ) ;
#4029 = SURFACE_STYLE_FILL_AREA ( #2042 ) ;
#4030 = UNCERTAINTY_MEASURE_WITH_UNIT (LENGTH_MEASURE( 1.000000000000000082E-05 ), #3612, 'distance_accuracy_value', 'NONE');
#4031 = VECTOR ( 'NONE', #685, 1000.000000000000000 ) ;
#4032 = PLANE ( 'NONE',  #3707 ) ;
#4033 = STYLED_ITEM ( 'NONE', ( #2054 ), #2283 ) ;
#4034 = CARTESIAN_POINT ( 'NONE',  ( 123.7400000000000091, -132.3399999999999750, -1.610000000000000320 ) ) ;
#4035 =( LENGTH_UNIT ( ) NAMED_UNIT ( * ) SI_UNIT ( .MILLI., .METRE. ) );
#4036 = VECTOR ( 'NONE', #3810, 1000.000000000000000 ) ;
#4037 = VERTEX_POINT ( 'NONE', #4006 ) ;
#4038 = VECTOR ( 'NONE', #290, 1000.000000000000000 ) ;
#4040 = DIRECTION ( 'NONE',  ( 0.000000000000000000, 0.000000000000000000, -1.000000000000000000 ) ) ;
#4039 = DIRECTION ( 'NONE',  ( -1.000000000000000000, 0.000000000000000000, 0.000000000000000000 ) ) ;
#4041 = ORIENTED_EDGE ( 'NONE', *, *, #1083, .T. ) ;
#4042 = STYLED_ITEM ( 'NONE', ( #4095 ), #2879 ) ;
#4043 = ORIENTED_EDGE ( 'NONE', *, *, #2767, .F. ) ;
#4044 = STYLED_ITEM ( 'NONE', ( #2274 ), #3147 ) ;
#4045 = DIRECTION ( 'NONE',  ( 0.000000000000000000, 1.000000000000000000, 0.000000000000000000 ) ) ;
#4046 = DIRECTION ( 'NONE',  ( 0.000000000000000000, -1.000000000000000000, 0.000000000000000000 ) ) ;
#4048 = DIRECTION ( 'NONE',  ( 0.000000000000000000, -1.000000000000000000, 0.000000000000000000 ) ) ;
#4047 = CARTESIAN_POINT ( 'NONE',  ( 97.24000000000000909, -84.77000000000001023, -1.610000000000000320 ) ) ;
#4049 = CARTESIAN_POINT ( 'NONE',  ( 0.000000000000000000, 0.000000000000000000, -5.000000000000000000 ) ) ;
#4050 = CARTESIAN_POINT ( 'NONE',  ( 123.7400000000000091, -59.76999307357377234, 107.1843411028349493 ) ) ;
#4051 = VECTOR ( 'NONE', #4218, 1000.000000000000000 ) ;
#4052 = ORIENTED_EDGE ( 'NONE', *, *, #2757, .F. ) ;
#4053 = AXIS2_PLACEMENT_3D ( 'NONE', #1766, #3180, #2883 ) ;
#4054 = DIRECTION ( 'NONE',  ( -0.000000000000000000, -0.000000000000000000, -1.000000000000000000 ) ) ;
#4055 = EDGE_CURVE ( 'NONE', #1712, #852, #875, .T. ) ;
#4056 =( NAMED_UNIT ( * ) PLANE_ANGLE_UNIT ( ) SI_UNIT ( $, .RADIAN. ) );
#4057 = VECTOR ( 'NONE', #1825, 1000.000000000000000 ) ;
#4058 = ORIENTED_EDGE ( 'NONE', *, *, #3098, .F. ) ;
#4059 = ADVANCED_FACE ( 'NONE', ( #209 ), #1234, .F. ) ;
#4061 = DIRECTION ( 'NONE',  ( 0.000000000000000000, -1.000000000000000000, 0.000000000000000000 ) ) ;
#4060 =( NAMED_UNIT ( * ) PLANE_ANGLE_UNIT ( ) SI_UNIT ( $, .RADIAN. ) );
#4062 = PRESENTATION_STYLE_ASSIGNMENT (( #3284 ) ) ;
#4063 = CARTESIAN_POINT ( 'NONE',  ( 97.24000000000000909, -96.52000000000001023, 107.1843411028349493 ) ) ;
#4064 =( GEOMETRIC_REPRESENTATION_CONTEXT ( 3 ) GLOBAL_UNCERTAINTY_ASSIGNED_CONTEXT ( ( #1243 ) ) GLOBAL_UNIT_ASSIGNED_CONTEXT ( ( #1269, #4132, #951 ) ) REPRESENTATION_CONTEXT ( 'NONE', 'WORKASPACE' ) );
#4065 = ORIENTED_EDGE ( 'NONE', *, *, #3442, .F. ) ;
#4066 = FACE_OUTER_BOUND ( 'NONE', #583, .T. ) ;
#4067 = PRESENTATION_LAYER_ASSIGNMENT (  '', '', ( #2490 ) ) ;
#4068 = VERTEX_POINT ( 'NONE', #1013 ) ;
#4069 = CARTESIAN_POINT ( 'NONE',  ( 142.2894893310265729, -23.90599999999999525, -7.500000000000000000 ) ) ;
#4070 = SURFACE_STYLE_USAGE ( .BOTH. , #279 ) ;
#4071 = AXIS2_PLACEMENT_3D ( 'NONE', #1792, #2512, #3493 ) ;
#4072 = FILL_AREA_STYLE ('',( #1982 ) ) ;
#4073 = VERTEX_POINT ( 'NONE', #677 ) ;
#4074 = CARTESIAN_POINT ( 'NONE',  ( 140.2661120018323402, -46.73999999999999488, 0.000000000000000000 ) ) ;
#4075 = VERTEX_POINT ( 'NONE', #50 ) ;
#4076 = PRESENTATION_STYLE_ASSIGNMENT (( #1242 ) ) ;
#4077 = DIRECTION ( 'NONE',  ( 0.000000000000000000, 0.000000000000000000, -1.000000000000000000 ) ) ;
#4078 = UNCERTAINTY_MEASURE_WITH_UNIT (LENGTH_MEASURE( 1.000000000000000082E-05 ), #3931, 'distance_accuracy_value', 'NONE');
#4079 = ORIENTED_EDGE ( 'NONE', *, *, #3779, .T. ) ;
#4080 = EDGE_CURVE ( 'NONE', #3078, #2746, #2079, .T. ) ;
#4081 = PLANE ( 'NONE',  #3674 ) ;
#4082 = EDGE_CURVE ( 'NONE', #2338, #1080, #1731, .T. ) ;
#4083 = ORIENTED_EDGE ( 'NONE', *, *, #4005, .T. ) ;
#4084 = DIRECTION ( 'NONE',  ( 0.000000000000000000, 0.000000000000000000, -1.000000000000000000 ) ) ;
#4085 = DIRECTION ( 'NONE',  ( 1.000000000000000000, 0.000000000000000000, 0.000000000000000000 ) ) ;
#4086 = ORIENTED_EDGE ( 'NONE', *, *, #417, .T. ) ;
#4087 = ADVANCED_BREP_SHAPE_REPRESENTATION ( 'Part21^LogicPad', ( #3822, #1992 ), #3364 ) ;
#4088 = VERTEX_POINT ( 'NONE', #3124 ) ;
#4089 = ADVANCED_FACE ( 'NONE', ( #1375 ), #1499, .F. ) ;
#4090 = PRESENTATION_STYLE_ASSIGNMENT (( #3122 ) ) ;
#4091 = CIRCLE ( 'NONE', #2360, 1.599999999999990319 ) ;
#4092 = DIRECTION ( 'NONE',  ( -1.000000000000000000, 0.000000000000000000, 0.000000000000000000 ) ) ;
#4093 = VECTOR ( 'NONE', #155, 1000.000000000000000 ) ;
#4094 = DIRECTION ( 'NONE',  ( 0.9999997229430283019, -0.0007443882500148175669, 0.000000000000000000 ) ) ;
#4095 = PRESENTATION_STYLE_ASSIGNMENT (( #1260 ) ) ;
#4096 = ORIENTED_EDGE ( 'NONE', *, *, #3186, .F. ) ;
#4097 = PRESENTATION_STYLE_ASSIGNMENT (( #2517 ) ) ;
#4098 = VECTOR ( 'NONE', #2272, 1000.000000000000000 ) ;
#4099 = VECTOR ( 'NONE', #2999, 1000.000000000000000 ) ;
#4100 = ORIENTED_EDGE ( 'NONE', *, *, #221, .F. ) ;
#4101 = LINE ( 'NONE', #3437, #1491 ) ;
#4102 =( NAMED_UNIT ( * ) SI_UNIT ( $, .STERADIAN. ) SOLID_ANGLE_UNIT ( ) );
#4103 = MECHANICAL_DESIGN_GEOMETRIC_PRESENTATION_REPRESENTATION (  '', ( #2077 ), #106 ) ;
#4104 = CARTESIAN_POINT ( 'NONE',  ( 97.24000000000000909, -58.26999307357377234, -5.000000000000000000 ) ) ;
#4105 = ORIENTED_EDGE ( 'NONE', *, *, #1103, .T. ) ;
#4106 = PRESENTATION_LAYER_ASSIGNMENT (  '', '', ( #879 ) ) ;
#4107 =( GEOMETRIC_REPRESENTATION_CONTEXT ( 3 ) GLOBAL_UNCERTAINTY_ASSIGNED_CONTEXT ( ( #4397 ) ) GLOBAL_UNIT_ASSIGNED_CONTEXT ( ( #3898, #560, #3677 ) ) REPRESENTATION_CONTEXT ( 'NONE', 'WORKASPACE' ) );
#4108 = DIRECTION ( 'NONE',  ( 0.000000000000000000, -1.000000000000000000, 0.000000000000000000 ) ) ;
#4110 = CARTESIAN_POINT ( 'NONE',  ( 101.7000000000000171, -18.95599999999999952, -6.500000000000002665 ) ) ;
#4109 =( NAMED_UNIT ( * ) PLANE_ANGLE_UNIT ( ) SI_UNIT ( $, .RADIAN. ) );
#4111 = FILL_AREA_STYLE ('',( #2728 ) ) ;
#4112 = DIRECTION ( 'NONE',  ( 1.000000000000000000, 0.000000000000000000, 0.000000000000000000 ) ) ;
#4113 = EDGE_CURVE ( 'NONE', #249, #3314, #3572, .T. ) ;
#4114 = DIRECTION ( 'NONE',  ( 0.9999997229430283019, -0.0007443882500148175669, 0.000000000000000000 ) ) ;
#4115 = EDGE_LOOP ( 'NONE', ( #204, #32, #1263, #1160 ) ) ;
#4116 = ORIENTED_EDGE ( 'NONE', *, *, #1352, .F. ) ;
#4117 = PRESENTATION_LAYER_ASSIGNMENT (  '', '', ( #4033 ) ) ;
#4118 = SURFACE_STYLE_USAGE ( .BOTH. , #2373 ) ;
#4119 = UNCERTAINTY_MEASURE_WITH_UNIT (LENGTH_MEASURE( 1.000000000000000082E-05 ), #1205, 'distance_accuracy_value', 'NONE');
#4120 = CARTESIAN_POINT ( 'NONE',  ( 97.24000000000000909, -83.27000000000001023, -5.000000000000000000 ) ) ;
#4121 = VECTOR ( 'NONE', #1178, 1000.000000000000000 ) ;
#4122 = EDGE_CURVE ( 'NONE', #4461, #517, #3856, .T. ) ;
#4123 = CARTESIAN_POINT ( 'NONE',  ( 140.8894893310265672, -138.7899999999999636, -7.500000000000000000 ) ) ;
#4124 = ORIENTED_EDGE ( 'NONE', *, *, #3417, .F. ) ;
#4125 = MECHANICAL_DESIGN_GEOMETRIC_PRESENTATION_REPRESENTATION (  '', ( #2749 ), #840 ) ;
#4126 = LINE ( 'NONE', #643, #3443 ) ;
#4127 = FACE_BOUND ( 'NONE', #2526, .T. ) ;
#4128 = UNCERTAINTY_MEASURE_WITH_UNIT (LENGTH_MEASURE( 1.000000000000000082E-05 ), #2545, 'distance_accuracy_value', 'NONE');
#4129 = ORIENTED_EDGE ( 'NONE', *, *, #1865, .T. ) ;
#4130 = SURFACE_STYLE_USAGE ( .BOTH. , #2747 ) ;
#4131 = MECHANICAL_DESIGN_GEOMETRIC_PRESENTATION_REPRESENTATION (  '', ( #2105 ), #3190 ) ;
#4132 =( NAMED_UNIT ( * ) PLANE_ANGLE_UNIT ( ) SI_UNIT ( $, .RADIAN. ) );
#4133 = VECTOR ( 'NONE', #2511, 1000.000000000000000 ) ;
#4135 = DIRECTION ( 'NONE',  ( 0.000000000000000000, 0.000000000000000000, -1.000000000000000000 ) ) ;
#4134 =( NAMED_UNIT ( * ) SI_UNIT ( $, .STERADIAN. ) SOLID_ANGLE_UNIT ( ) );
#4136 = SURFACE_STYLE_USAGE ( .BOTH. , #1365 ) ;
#4137 = CARTESIAN_POINT ( 'NONE',  ( 110.4900000000000091, -83.27000000000001023, 107.1843411028349493 ) ) ;
#4138 = DIRECTION ( 'NONE',  ( 1.000000000000000000, -0.000000000000000000, 0.000000000000000000 ) ) ;
#4139 =( NAMED_UNIT ( * ) SI_UNIT ( $, .STERADIAN. ) SOLID_ANGLE_UNIT ( ) );
#4140 = LINE ( 'NONE', #406, #1067 ) ;
#4141 = ORIENTED_EDGE ( 'NONE', *, *, #189, .T. ) ;
#4142 = ORIENTED_EDGE ( 'NONE', *, *, #954, .F. ) ;
#4143 = MECHANICAL_DESIGN_GEOMETRIC_PRESENTATION_REPRESENTATION (  '', ( #2771 ), #2557 ) ;
#4144 = ADVANCED_FACE ( 'NONE', ( #1787 ), #728, .F. ) ;
#4145 = SURFACE_STYLE_USAGE ( .BOTH. , #3795 ) ;
#4146 =( NAMED_UNIT ( * ) SI_UNIT ( $, .STERADIAN. ) SOLID_ANGLE_UNIT ( ) );
#4147 = CARTESIAN_POINT ( 'NONE',  ( 97.24000000000000909, -59.76999307357377234, -1.610000000000000320 ) ) ;
#4148 = DIRECTION ( 'NONE',  ( -1.000000000000000000, 0.000000000000000000, 0.000000000000000000 ) ) ;
#4149 = ORIENTED_EDGE ( 'NONE', *, *, #261, .T. ) ;
#4150 = VECTOR ( 'NONE', #2196, 1000.000000000000000 ) ;
#4151 = PRESENTATION_LAYER_ASSIGNMENT (  '', '', ( #3492 ) ) ;
#4152 = EDGE_CURVE ( 'NONE', #1767, #1066, #498, .T. ) ;
#4153 = LINE ( 'NONE', #3104, #4405 ) ;
#4154 = VECTOR ( 'NONE', #3200, 1000.000000000000000 ) ;
#4155 = LINE ( 'NONE', #658, #1179 ) ;
#4156 = DIRECTION ( 'NONE',  ( 0.000000000000000000, -1.000000000000000000, 0.000000000000000000 ) ) ;
#4157 = VERTEX_POINT ( 'NONE', #540 ) ;
#4158 =( LENGTH_UNIT ( ) NAMED_UNIT ( * ) SI_UNIT ( .MILLI., .METRE. ) );
#4159 = ADVANCED_FACE ( 'NONE', ( #3638, #1888 ), #873, .T. ) ;
#4160 = CARTESIAN_POINT ( 'NONE',  ( 98.74000000000000909, -58.26999307357377234, -1.610000000000000320 ) ) ;
#4162 = FILL_AREA_STYLE ('',( #2781 ) ) ;
#4161 = DIRECTION ( 'NONE',  ( -1.000000000000000000, 0.000000000000000000, 0.000000000000000000 ) ) ;
#4163 = LINE ( 'NONE', #2185, #930 ) ;
#4164 =( NAMED_UNIT ( * ) PLANE_ANGLE_UNIT ( ) SI_UNIT ( $, .RADIAN. ) );
#4165 =( NAMED_UNIT ( * ) SI_UNIT ( $, .STERADIAN. ) SOLID_ANGLE_UNIT ( ) );
#4166 = ORIENTED_EDGE ( 'NONE', *, *, #2001, .T. ) ;
#4167 = ORIENTED_EDGE ( 'NONE', *, *, #2908, .T. ) ;
#4169 = CARTESIAN_POINT ( 'NONE',  ( 136.2894893310265729, -23.90599999999999525, -7.500000000000000000 ) ) ;
#4168 = FILL_AREA_STYLE_COLOUR ( '', #3299 ) ;
#4170 = LINE ( 'NONE', #351, #629 ) ;
#4171 = EDGE_LOOP ( 'NONE', ( #1483, #630, #1058, #2786, #3380, #3362 ) ) ;
#4172 = SURFACE_STYLE_USAGE ( .BOTH. , #1708 ) ;
#4173 = LINE ( 'NONE', #3829, #2016 ) ;
#4174 = SURFACE_SIDE_STYLE ('',( #1018 ) ) ;
#4175 = FILL_AREA_STYLE_COLOUR ( '', #3821 ) ;
#4176 = VECTOR ( 'NONE', #742, 1000.000000000000000 ) ;
#4177 = EDGE_CURVE ( 'NONE', #365, #1712, #2642, .T. ) ;
#4178 = VERTEX_POINT ( 'NONE', #2989 ) ;
#4179 =( GEOMETRIC_REPRESENTATION_CONTEXT ( 3 ) GLOBAL_UNCERTAINTY_ASSIGNED_CONTEXT ( ( #3123 ) ) GLOBAL_UNIT_ASSIGNED_CONTEXT ( ( #1624, #1651, #939 ) ) REPRESENTATION_CONTEXT ( 'NONE', 'WORKASPACE' ) );
#4180 = ORIENTED_EDGE ( 'NONE', *, *, #826, .T. ) ;
#4181 = FILL_AREA_STYLE_COLOUR ( '', #1963 ) ;
#4182 = DIRECTION ( 'NONE',  ( 0.000000000000000000, 1.000000000000000000, 0.000000000000000000 ) ) ;
#4183 = EDGE_CURVE ( 'NONE', #3984, #3710, #4371, .T. ) ;
#4184 =( GEOMETRIC_REPRESENTATION_CONTEXT ( 3 ) GLOBAL_UNCERTAINTY_ASSIGNED_CONTEXT ( ( #2043 ) ) GLOBAL_UNIT_ASSIGNED_CONTEXT ( ( #376, #2508, #4202 ) ) REPRESENTATION_CONTEXT ( 'NONE', 'WORKASPACE' ) );
#4185 =( GEOMETRIC_REPRESENTATION_CONTEXT ( 3 ) GLOBAL_UNCERTAINTY_ASSIGNED_CONTEXT ( ( #4030 ) ) GLOBAL_UNIT_ASSIGNED_CONTEXT ( ( #3612, #3288, #3331 ) ) REPRESENTATION_CONTEXT ( 'NONE', 'WORKASPACE' ) );
#4186 = CARTESIAN_POINT ( 'NONE',  ( 97.24000000000000909, -58.26999307357377234, -1.610000000000000320 ) ) ;
#4187 = DIRECTION ( 'NONE',  ( 0.000000000000000000, 0.000000000000000000, 1.000000000000000000 ) ) ;
#4188 =( LENGTH_UNIT ( ) NAMED_UNIT ( * ) SI_UNIT ( .MILLI., .METRE. ) );
#4189 = VERTEX_POINT ( 'NONE', #230 ) ;
#4190 = CARTESIAN_POINT ( 'NONE',  ( 75.20000000000000284, -142.7400000000000091, 0.000000000000000000 ) ) ;
#4191 = ORIENTED_EDGE ( 'NONE', *, *, #4262, .T. ) ;
#4192 = AXIS2_PLACEMENT_3D ( 'NONE', #3192, #3981, #2939 ) ;
#4193 = CARTESIAN_POINT ( 'NONE',  ( 110.4900000000000091, -83.27000000000001023, -1.610000000000000320 ) ) ;
#4194 =( NAMED_UNIT ( * ) PLANE_ANGLE_UNIT ( ) SI_UNIT ( $, .RADIAN. ) );
#4196 = CARTESIAN_POINT ( 'NONE',  ( 77.60000000000000853, 0.000000000000000000, -5.000000000000000000 ) ) ;
#4195 = DIRECTION ( 'NONE',  ( -0.000000000000000000, -0.000000000000000000, -1.000000000000000000 ) ) ;
#4197 = AXIS2_PLACEMENT_3D ( 'NONE', #2318, #3632, #4039 ) ;
#4198 = ORIENTED_EDGE ( 'NONE', *, *, #3186, .T. ) ;
#4199 = COLOUR_RGB ( '',0.007843137254901960675, 0.2392156862745097867, 0.8235294117647058432 ) ;
#4200 = DIRECTION ( 'NONE',  ( 0.000000000000000000, 0.000000000000000000, 1.000000000000000000 ) ) ;
#4201 = DIRECTION ( 'NONE',  ( -1.000000000000000000, -2.858379535683081757E-16, 0.000000000000000000 ) ) ;
#4202 =( NAMED_UNIT ( * ) SI_UNIT ( $, .STERADIAN. ) SOLID_ANGLE_UNIT ( ) );
#4203 = CIRCLE ( 'NONE', #2239, 1.599999999999990319 ) ;
#4204 = LINE ( 'NONE', #1710, #4031 ) ;
#4205 = ORIENTED_EDGE ( 'NONE', *, *, #2098, .F. ) ;
#4206 = PLANE ( 'NONE',  #2941 ) ;
#4207 = ORIENTED_EDGE ( 'NONE', *, *, #2122, .T. ) ;
#4208 = EDGE_CURVE ( 'NONE', #1066, #4189, #3336, .T. ) ;
#4209 = COLOUR_RGB ( '',0.007843137254901960675, 0.2392156862745097867, 0.8235294117647058432 ) ;
#4210 = CARTESIAN_POINT ( 'NONE',  ( 123.7400000000000091, -96.51999999999999602, -1.610000000000000320 ) ) ;
#4212 = CARTESIAN_POINT ( 'NONE',  ( 122.2399999999999949, -84.77000000000001023, 107.1843411028349493 ) ) ;
#4211 = SURFACE_STYLE_FILL_AREA ( #1117 ) ;
#4213 = SURFACE_STYLE_USAGE ( .BOTH. , #2467 ) ;
#4214 = MECHANICAL_DESIGN_GEOMETRIC_PRESENTATION_REPRESENTATION (  '', ( #208 ), #2031 ) ;
#4215 = EDGE_CURVE ( 'NONE', #1304, #4221, #1256, .T. ) ;
#4216 = DIRECTION ( 'NONE',  ( 0.000000000000000000, 1.000000000000000000, 0.000000000000000000 ) ) ;
#4217 = UNCERTAINTY_MEASURE_WITH_UNIT (LENGTH_MEASURE( 1.000000000000000082E-05 ), #3070, 'distance_accuracy_value', 'NONE');
#4218 = DIRECTION ( 'NONE',  ( 0.000000000000000000, 0.000000000000000000, -1.000000000000000000 ) ) ;
#4219 = ORIENTED_EDGE ( 'NONE', *, *, #2823, .F. ) ;
#4220 = LINE ( 'NONE', #2037, #3012 ) ;
#4221 = VERTEX_POINT ( 'NONE', #916 ) ;
#4222 = PLANE ( 'NONE',  #3701 ) ;
#4223 = EDGE_LOOP ( 'NONE', ( #275, #2485, #2329, #1124 ) ) ;
#4224 = LINE ( 'NONE', #1864, #1642 ) ;
#4225 = UNCERTAINTY_MEASURE_WITH_UNIT (LENGTH_MEASURE( 1.000000000000000082E-05 ), #1482, 'distance_accuracy_value', 'NONE');
#4226 = AXIS2_PLACEMENT_3D ( 'NONE', #2972, #4389, #2259 ) ;
#4227 = ORIENTED_EDGE ( 'NONE', *, *, #2462, .T. ) ;
#4228 = CARTESIAN_POINT ( 'NONE',  ( 110.4900000000000091, -84.77000000000001023, 107.1843411028349493 ) ) ;
#4229 = MECHANICAL_DESIGN_GEOMETRIC_PRESENTATION_REPRESENTATION (  '', ( #3933 ), #3708 ) ;
#4230 = DIRECTION ( 'NONE',  ( -1.000000000000000000, 0.000000000000000000, -0.000000000000000000 ) ) ;
#4231 = COLOUR_RGB ( '',0.007843137254901960675, 0.2392156862745097867, 0.8235294117647058432 ) ;
#4232 = CARTESIAN_POINT ( 'NONE',  ( 97.24000000000000909, -96.52000000000001023, -1.610000000000000320 ) ) ;
#4233 = PRESENTATION_STYLE_ASSIGNMENT (( #2853 ) ) ;
#4234 = EDGE_CURVE ( 'NONE', #8, #3051, #3254, .T. ) ;
#4235 = CARTESIAN_POINT ( 'NONE',  ( 139.2894893310265729, -23.90599999999999525, -7.500000000000000000 ) ) ;
#4236 = FILL_AREA_STYLE ('',( #68 ) ) ;
#4237 = DIRECTION ( 'NONE',  ( -1.000000000000000000, 0.000000000000000000, 0.000000000000000000 ) ) ;
#4238 = EDGE_LOOP ( 'NONE', ( #4058, #2011, #2551, #407 ) ) ;
#4239 = SURFACE_SIDE_STYLE ('',( #1750 ) ) ;
#4240 = ORIENTED_EDGE ( 'NONE', *, *, #2594, .F. ) ;
#4241 = EDGE_CURVE ( 'NONE', #4416, #1, #4091, .T. ) ;
#4242 = DIRECTION ( 'NONE',  ( 0.000000000000000000, -1.000000000000000000, 0.000000000000000000 ) ) ;
#4243 = SURFACE_STYLE_FILL_AREA ( #3227 ) ;
#4244 = CARTESIAN_POINT ( 'NONE',  ( 110.4900000000000091, -108.2700000000000102, -1.610000000000000320 ) ) ;
#4245 = ORIENTED_EDGE ( 'NONE', *, *, #528, .T. ) ;
#4246 = ADVANCED_FACE ( 'NONE', ( #3053 ), #1373, .F. ) ;
#4247 = VERTEX_POINT ( 'NONE', #346 ) ;
#4248 =( LENGTH_UNIT ( ) NAMED_UNIT ( * ) SI_UNIT ( .MILLI., .METRE. ) );
#4249 = SURFACE_STYLE_FILL_AREA ( #3558 ) ;
#4250 = VECTOR ( 'NONE', #3384, 1000.000000000000000 ) ;
#4251 = FILL_AREA_STYLE_COLOUR ( '', #1248 ) ;
#4252 = STYLED_ITEM ( 'NONE', ( #570 ), #3822 ) ;
#4253 =( GEOMETRIC_REPRESENTATION_CONTEXT ( 3 ) GLOBAL_UNCERTAINTY_ASSIGNED_CONTEXT ( ( #2359 ) ) GLOBAL_UNIT_ASSIGNED_CONTEXT ( ( #765, #2864, #1466 ) ) REPRESENTATION_CONTEXT ( 'NONE', 'WORKASPACE' ) );
#4254 =( NAMED_UNIT ( * ) SI_UNIT ( $, .STERADIAN. ) SOLID_ANGLE_UNIT ( ) );
#4255 = CARTESIAN_POINT ( 'NONE',  ( 101.7000000000000171, -143.7400000000000091, -6.500000000000002665 ) ) ;
#4256 = FILL_AREA_STYLE ('',( #3915 ) ) ;
#4257 = ORIENTED_EDGE ( 'NONE', *, *, #3117, .F. ) ;
#4258 = CARTESIAN_POINT ( 'NONE',  ( 122.2399999999999949, -108.2700000000000102, -1.610000000000000320 ) ) ;
#4259 = ORIENTED_EDGE ( 'NONE', *, *, #2064, .T. ) ;
#4260 = DIRECTION ( 'NONE',  ( -1.000000000000000000, 0.000000000000000000, 0.000000000000000000 ) ) ;
#4261 = DIRECTION ( 'NONE',  ( 1.000000000000000000, -0.000000000000000000, 0.000000000000000000 ) ) ;
#4262 = EDGE_CURVE ( 'NONE', #237, #26, #277, .T. ) ;
#4263 = LINE ( 'NONE', #827, #3377 ) ;
#4264 = DIRECTION ( 'NONE',  ( 1.000000000000000000, 0.000000000000000000, 0.000000000000000000 ) ) ;
#4265 = ORIENTED_EDGE ( 'NONE', *, *, #1865, .F. ) ;
#4266 = MECHANICAL_DESIGN_GEOMETRIC_PRESENTATION_REPRESENTATION (  '', ( #333 ), #2531 ) ;
#4267 = CARTESIAN_POINT ( 'NONE',  ( 77.60000000000000853, -58.26999307357377234, -1.610000000000000320 ) ) ;
#4268 = ADVANCED_FACE ( 'NONE', ( #3434 ), #4411, .F. ) ;
#4269 =( NAMED_UNIT ( * ) SI_UNIT ( $, .STERADIAN. ) SOLID_ANGLE_UNIT ( ) );
#4270 =( GEOMETRIC_REPRESENTATION_CONTEXT ( 3 ) GLOBAL_UNCERTAINTY_ASSIGNED_CONTEXT ( ( #2721 ) ) GLOBAL_UNIT_ASSIGNED_CONTEXT ( ( #3025, #1368, #4139 ) ) REPRESENTATION_CONTEXT ( 'NONE', 'WORKASPACE' ) );
#4271 = EDGE_LOOP ( 'NONE', ( #2321, #479, #2943, #1640 ) ) ;
#4272 = PRESENTATION_STYLE_ASSIGNMENT (( #2906 ) ) ;
#4273 =( GEOMETRIC_REPRESENTATION_CONTEXT ( 3 ) GLOBAL_UNCERTAINTY_ASSIGNED_CONTEXT ( ( #3843 ) ) GLOBAL_UNIT_ASSIGNED_CONTEXT ( ( #3021, #4060, #595 ) ) REPRESENTATION_CONTEXT ( 'NONE', 'WORKASPACE' ) );
#4274 = LINE ( 'NONE', #751, #4057 ) ;
#4275 = COLOUR_RGB ( '',0.007843137254901960675, 0.2392156862745097867, 0.8235294117647058432 ) ;
#4276 = ADVANCED_FACE ( 'NONE', ( #966 ), #2033, .T. ) ;
#4277 = CIRCLE ( 'NONE', #4478, 3.000000000000002665 ) ;
#4278 = VECTOR ( 'NONE', #3945, 1000.000000000000000 ) ;
#4279 = COLOUR_RGB ( '',0.007843137254901960675, 0.2392156862745097867, 0.8235294117647058432 ) ;
#4280 = CARTESIAN_POINT ( 'NONE',  ( 122.2399999999999949, -83.27000000000001023, -1.610000000000000320 ) ) ;
#4281 = VERTEX_POINT ( 'NONE', #1833 ) ;
#4282 = PRESENTATION_LAYER_ASSIGNMENT (  '', '', ( #2028 ) ) ;
#4283 = FACE_BOUND ( 'NONE', #897, .T. ) ;
#4284 = CARTESIAN_POINT ( 'NONE',  ( 119.7894893310265871, -18.95599999999999952, -6.500000000000000888 ) ) ;
#4285 = MECHANICAL_DESIGN_GEOMETRIC_PRESENTATION_REPRESENTATION (  '', ( #1872 ), #4417 ) ;
#4286 = LINE ( 'NONE', #1805, #1112 ) ;
#4288 = DIRECTION ( 'NONE',  ( 0.000000000000000000, 1.000000000000000000, 0.000000000000000000 ) ) ;
#4287 = SURFACE_STYLE_USAGE ( .BOTH. , #3548 ) ;
#4289 = CARTESIAN_POINT ( 'NONE',  ( 122.2399999999999949, -108.2700000000000102, -5.000000000000000000 ) ) ;
#4290 = ORIENTED_EDGE ( 'NONE', *, *, #1667, .F. ) ;
#4291 = FILL_AREA_STYLE_COLOUR ( '', #4329 ) ;
#4292 = VERTEX_POINT ( 'NONE', #1488 ) ;
#4293 = FACE_BOUND ( 'NONE', #4403, .T. ) ;
#4294 = EDGE_CURVE ( 'NONE', #4409, #4075, #4286, .T. ) ;
#4295 = CIRCLE ( 'NONE', #367, 3.000000000000002665 ) ;
#4296 = SURFACE_SIDE_STYLE ('',( #4249 ) ) ;
#4297 = PLANE ( 'NONE',  #864 ) ;
#4298 = DIRECTION ( 'NONE',  ( 0.000000000000000000, 0.000000000000000000, 1.000000000000000000 ) ) ;
#4299 = EDGE_CURVE ( 'NONE', #2960, #2444, #2840, .T. ) ;
#4300 = DIRECTION ( 'NONE',  ( 0.000000000000000000, -0.000000000000000000, 1.000000000000000000 ) ) ;
#4301 = STYLED_ITEM ( 'NONE', ( #1848 ), #1241 ) ;
#4302 = DIRECTION ( 'NONE',  ( 0.7071067811865479058, 0.000000000000000000, 0.7071067811865472397 ) ) ;
#4303 = FILL_AREA_STYLE ('',( #487 ) ) ;
#4304 = VERTEX_POINT ( 'NONE', #2893 ) ;
#4305 =( NAMED_UNIT ( * ) SI_UNIT ( $, .STERADIAN. ) SOLID_ANGLE_UNIT ( ) );
#4306 = SURFACE_SIDE_STYLE ('',( #1576 ) ) ;
#4307 = PRESENTATION_STYLE_ASSIGNMENT (( #1577 ) ) ;
#4308 = DIRECTION ( 'NONE',  ( -0.000000000000000000, -0.000000000000000000, 1.000000000000000000 ) ) ;
#4309 = PRESENTATION_STYLE_ASSIGNMENT (( #869 ) ) ;
#4310 = LINE ( 'NONE', #2584, #276 ) ;
#4311 = EDGE_LOOP ( 'NONE', ( #2345, #662, #3653, #3860 ) ) ;
#4312 = DIRECTION ( 'NONE',  ( -1.000000000000000000, 0.000000000000000000, -6.914144218278624747E-17 ) ) ;
#4313 =( NAMED_UNIT ( * ) SI_UNIT ( $, .STERADIAN. ) SOLID_ANGLE_UNIT ( ) );
#4314 = SURFACE_STYLE_USAGE ( .BOTH. , #126 ) ;
#4315 = SURFACE_STYLE_FILL_AREA ( #482 ) ;
#4316 = UNCERTAINTY_MEASURE_WITH_UNIT (LENGTH_MEASURE( 1.000000000000000082E-05 ), #997, 'distance_accuracy_value', 'NONE');
#4317 = AXIS2_PLACEMENT_3D ( 'NONE', #477, #4330, #3683 ) ;
#4318 = EDGE_CURVE ( 'NONE', #1986, #1629, #433, .T. ) ;
#4319 = CARTESIAN_POINT ( 'NONE',  ( 110.4900000000000091, -109.7700000000000102, -1.610000000000000320 ) ) ;
#4320 = VERTEX_POINT ( 'NONE', #2448 ) ;
#4321 = FACE_BOUND ( 'NONE', #311, .T. ) ;
#4322 = CARTESIAN_POINT ( 'NONE',  ( 143.8650620313851221, -59.76999307357376523, -5.000000000000000000 ) ) ;
#4323 = PRESENTATION_STYLE_ASSIGNMENT (( #201 ) ) ;
#4324 = STYLED_ITEM ( 'NONE', ( #2783 ), #3734 ) ;
#4326 = SURFACE_SIDE_STYLE ('',( #2294 ) ) ;
#4325 = SURFACE_STYLE_FILL_AREA ( #3229 ) ;
#4327 = PRESENTATION_STYLE_ASSIGNMENT (( #3210 ) ) ;
#4328 = VERTEX_POINT ( 'NONE', #389 ) ;
#4329 = COLOUR_RGB ( '',0.007843137254901960675, 0.2392156862745097867, 0.8235294117647058432 ) ;
#4330 = DIRECTION ( 'NONE',  ( 1.156482317317870492E-16, 0.000000000000000000, 1.000000000000000000 ) ) ;
#4331 =( NAMED_UNIT ( * ) PLANE_ANGLE_UNIT ( ) SI_UNIT ( $, .RADIAN. ) );
#4332 = ORIENTED_EDGE ( 'NONE', *, *, #826, .F. ) ;
#4333 = LINE ( 'NONE', #1215, #1778 ) ;
#4334 = AXIS2_PLACEMENT_3D ( 'NONE', #3745, #1337, #3720 ) ;
#4335 = FACE_OUTER_BOUND ( 'NONE', #3717, .T. ) ;
#4336 = AXIS2_PLACEMENT_3D ( 'NONE', #2683, #514, #868 ) ;
#4337 = EDGE_CURVE ( 'NONE', #1844, #3503, #3823, .T. ) ;
#4338 = SURFACE_STYLE_USAGE ( .BOTH. , #1551 ) ;
#4339 = LINE ( 'NONE', #1201, #3986 ) ;
#4340 = EDGE_LOOP ( 'NONE', ( #4205, #990, #2985, #1143 ) ) ;
#4341 = SURFACE_STYLE_FILL_AREA ( #3286 ) ;
#4342 = VECTOR ( 'NONE', #3511, 1000.000000000000000 ) ;
#4343 = EDGE_CURVE ( 'NONE', #3448, #4409, #368, .T. ) ;
#4344 = MECHANICAL_DESIGN_GEOMETRIC_PRESENTATION_REPRESENTATION (  '', ( #2828 ), #3039 ) ;
#4345 = LINE ( 'NONE', #1535, #2877 ) ;
#4346 = DIRECTION ( 'NONE',  ( 0.000000000000000000, 1.000000000000000000, 0.000000000000000000 ) ) ;
#4347 = STYLED_ITEM ( 'NONE', ( #3942 ), #3007 ) ;
#4348 = FACE_OUTER_BOUND ( 'NONE', #1726, .T. ) ;
#4349 = ORIENTED_EDGE ( 'NONE', *, *, #3500, .T. ) ;
#4350 = ORIENTED_EDGE ( 'NONE', *, *, #1383, .F. ) ;
#4351 = STYLED_ITEM ( 'NONE', ( #1388 ), #3204 ) ;
#4352 = CARTESIAN_POINT ( 'NONE',  ( 83.79999999999999716, -138.7899999999999920, -7.500000000000000000 ) ) ;
#4353 = DIRECTION ( 'NONE',  ( 1.000000000000000000, 0.000000000000000000, 0.000000000000000000 ) ) ;
#4354 = CARTESIAN_POINT ( 'NONE',  ( 98.74000000000000909, -83.27000000000001023, 107.1843411028349493 ) ) ;
#4355 = ORIENTED_EDGE ( 'NONE', *, *, #2376, .T. ) ;
#4356 =( NAMED_UNIT ( * ) SI_UNIT ( $, .STERADIAN. ) SOLID_ANGLE_UNIT ( ) );
#4357 = FILL_AREA_STYLE ('',( #3969 ) ) ;
#4358 = LINE ( 'NONE', #1896, #2377 ) ;
#4359 = UNCERTAINTY_MEASURE_WITH_UNIT (LENGTH_MEASURE( 1.000000000000000082E-05 ), #1933, 'distance_accuracy_value', 'NONE');
#4360 = MECHANICAL_DESIGN_GEOMETRIC_PRESENTATION_REPRESENTATION (  '', ( #2326 ), #2851 ) ;
#4361 = CARTESIAN_POINT ( 'NONE',  ( 83.79999999999999716, -23.90600000000000236, -10.00000000000000178 ) ) ;
#4363 = DIRECTION ( 'NONE',  ( -1.000000000000000000, 0.000000000000000000, 0.000000000000000000 ) ) ;
#4362 = DIRECTION ( 'NONE',  ( -1.000000000000000000, 0.000000000000000000, -0.000000000000000000 ) ) ;
#4364 = CIRCLE ( 'NONE', #727, 1.599999999999990319 ) ;
#4365 = MECHANICAL_DESIGN_GEOMETRIC_PRESENTATION_REPRESENTATION (  '', ( #3067 ), #304 ) ;
#4366 = DIRECTION ( 'NONE',  ( 0.000000000000000000, 0.000000000000000000, -1.000000000000000000 ) ) ;
#4367 = SURFACE_SIDE_STYLE ('',( #2982 ) ) ;
#4368 = EDGE_CURVE ( 'NONE', #3628, #1844, #1753, .T. ) ;
#4369 = DIRECTION ( 'NONE',  ( 0.000000000000000000, 1.000000000000000000, 0.000000000000000000 ) ) ;
#4370 = VERTEX_POINT ( 'NONE', #1392 ) ;
#4371 = LINE ( 'NONE', #2323, #1694 ) ;
#4372 = DIRECTION ( 'NONE',  ( 0.000000000000000000, 0.000000000000000000, -1.000000000000000000 ) ) ;
#4373 = EDGE_CURVE ( 'NONE', #971, #4320, #2810, .T. ) ;
#4374 =( LENGTH_UNIT ( ) NAMED_UNIT ( * ) SI_UNIT ( .MILLI., .METRE. ) );
#4375 = CARTESIAN_POINT ( 'NONE',  ( 86.70000000000000284, -18.95599999999999952, -6.500000000000000888 ) ) ;
#4376 = ORIENTED_EDGE ( 'NONE', *, *, #3952, .T. ) ;
#4377 = CARTESIAN_POINT ( 'NONE',  ( 98.74000000000000909, -58.26999307357377234, 107.1843411028349493 ) ) ;
#4378 =( NAMED_UNIT ( * ) PLANE_ANGLE_UNIT ( ) SI_UNIT ( $, .RADIAN. ) );
#4379 = SURFACE_SIDE_STYLE ('',( #2958 ) ) ;
#4380 = PRESENTATION_STYLE_ASSIGNMENT (( #241 ) ) ;
#4381 = ORIENTED_EDGE ( 'NONE', *, *, #4373, .T. ) ;
#4382 = COLOUR_RGB ( '',0.007843137254901960675, 0.2392156862745097867, 0.8235294117647058432 ) ;
#4383 = VECTOR ( 'NONE', #590, 1000.000000000000000 ) ;
#4384 =( NAMED_UNIT ( * ) SI_UNIT ( $, .STERADIAN. ) SOLID_ANGLE_UNIT ( ) );
#4385 = ORIENTED_EDGE ( 'NONE', *, *, #855, .T. ) ;
#4386 = STYLED_ITEM ( 'NONE', ( #1006 ), #4482 ) ;
#4387 = EDGE_CURVE ( 'NONE', #1467, #616, #3875, .T. ) ;
#4388 = DIRECTION ( 'NONE',  ( 1.000000000000000000, 0.000000000000000000, 0.000000000000000000 ) ) ;
#4389 = DIRECTION ( 'NONE',  ( 0.000000000000000000, 0.000000000000000000, -1.000000000000000000 ) ) ;
#4390 = FILL_AREA_STYLE ('',( #565 ) ) ;
#4391 = DIRECTION ( 'NONE',  ( -1.000000000000000000, 0.000000000000000000, -0.000000000000000000 ) ) ;
#4392 = MECHANICAL_DESIGN_GEOMETRIC_PRESENTATION_REPRESENTATION (  '', ( #1847 ), #3661 ) ;
#4393 = LINE ( 'NONE', #4050, #4383 ) ;
#4394 = ORIENTED_EDGE ( 'NONE', *, *, #776, .T. ) ;
#4395 = ADVANCED_FACE ( 'NONE', ( #3522 ), #3896, .F. ) ;
#4396 = CARTESIAN_POINT ( 'NONE',  ( 139.2894893310265729, -138.7899999999999636, -7.500000000000000000 ) ) ;
#4397 = UNCERTAINTY_MEASURE_WITH_UNIT (LENGTH_MEASURE( 1.000000000000000082E-05 ), #3898, 'distance_accuracy_value', 'NONE');
#4399 = LINE ( 'NONE', #2679, #2420 ) ;
#4398 = DIRECTION ( 'NONE',  ( 0.000000000000000000, 1.000000000000000000, 0.000000000000000000 ) ) ;
#4400 = COLOUR_RGB ( '',0.007843137254901960675, 0.2392156862745097867, 0.8235294117647058432 ) ;
#4401 = DIRECTION ( 'NONE',  ( 0.0007443882500148758970, 0.9999997229430281909, 0.000000000000000000 ) ) ;
#4402 = MECHANICAL_DESIGN_GEOMETRIC_PRESENTATION_REPRESENTATION (  '', ( #1265 ), #3972 ) ;
#4403 = EDGE_LOOP ( 'NONE', ( #1398, #265, #2699, #2179 ) ) ;
#4404 = CARTESIAN_POINT ( 'NONE',  ( 76.09999999999999432, -133.8399999999999750, 0.000000000000000000 ) ) ;
#4405 = VECTOR ( 'NONE', #1357, 1000.000000000000114 ) ;
#4406 = FACE_BOUND ( 'NONE', #2880, .T. ) ;
#4407 = DIRECTION ( 'NONE',  ( 0.000000000000000000, 0.000000000000000000, -1.000000000000000000 ) ) ;
#4408 = PRESENTATION_LAYER_ASSIGNMENT (  '', '', ( #3913 ) ) ;
#4409 = VERTEX_POINT ( 'NONE', #1903 ) ;
#4410 = VECTOR ( 'NONE', #2055, 1000.000000000000000 ) ;
#4411 = PLANE ( 'NONE',  #1472 ) ;
#4412 = FILL_AREA_STYLE_COLOUR ( '', #1011 ) ;
#4413 = PRESENTATION_STYLE_ASSIGNMENT (( #1587 ) ) ;
#4414 = EDGE_CURVE ( 'NONE', #2257, #4328, #4345, .T. ) ;
#4415 = ORIENTED_EDGE ( 'NONE', *, *, #1519, .F. ) ;
#4416 = VERTEX_POINT ( 'NONE', #3245 ) ;
#4417 =( GEOMETRIC_REPRESENTATION_CONTEXT ( 3 ) GLOBAL_UNCERTAINTY_ASSIGNED_CONTEXT ( ( #747 ) ) GLOBAL_UNIT_ASSIGNED_CONTEXT ( ( #3234, #750, #3600 ) ) REPRESENTATION_CONTEXT ( 'NONE', 'WORKASPACE' ) );
#4418 = EDGE_CURVE ( 'NONE', #284, #910, #137, .T. ) ;
#4419 = ORIENTED_EDGE ( 'NONE', *, *, #548, .F. ) ;
#4421 = DIRECTION ( 'NONE',  ( 0.000000000000000000, 0.000000000000000000, -1.000000000000000000 ) ) ;
#4420 = SURFACE_STYLE_FILL_AREA ( #2799 ) ;
#4422 = EDGE_CURVE ( 'NONE', #4370, #274, #1512, .T. ) ;
#4423 =( NAMED_UNIT ( * ) PLANE_ANGLE_UNIT ( ) SI_UNIT ( $, .RADIAN. ) );
#4424 = STYLED_ITEM ( 'NONE', ( #4323 ), #688 ) ;
#4425 = ORIENTED_EDGE ( 'NONE', *, *, #998, .T. ) ;
#4426 = FACE_OUTER_BOUND ( 'NONE', #2045, .T. ) ;
#4427 = SURFACE_SIDE_STYLE ('',( #1654 ) ) ;
#4428 = VECTOR ( 'NONE', #2643, 1000.000000000000000 ) ;
#4429 = CARTESIAN_POINT ( 'NONE',  ( 110.4900000000000091, -109.7700000000000102, -5.000000000000000000 ) ) ;
#4430 = ORIENTED_EDGE ( 'NONE', *, *, #27, .T. ) ;
#4431 = SURFACE_STYLE_FILL_AREA ( #3079 ) ;
#4432 = CARTESIAN_POINT ( 'NONE',  ( 134.7894893310266013, -143.7400000000000091, -6.500000000000000888 ) ) ;
#4433 = SURFACE_STYLE_FILL_AREA ( #2375 ) ;
#4434 = FILL_AREA_STYLE_COLOUR ( '', #483 ) ;
#4435 = ORIENTED_EDGE ( 'NONE', *, *, #2007, .T. ) ;
#4436 = CARTESIAN_POINT ( 'NONE',  ( 82.19999999999998863, -138.7899999999999920, -10.00000000000000178 ) ) ;
#4437 = ORIENTED_EDGE ( 'NONE', *, *, #1859, .T. ) ;
#4438 = CARTESIAN_POINT ( 'NONE',  ( 110.4900000000000091, -108.2700000000000102, -1.610000000000000320 ) ) ;
#4439 = UNCERTAINTY_MEASURE_WITH_UNIT (LENGTH_MEASURE( 1.000000000000000082E-05 ), #808, 'distance_accuracy_value', 'NONE');
#4440 = ORIENTED_EDGE ( 'NONE', *, *, #3839, .T. ) ;
#4441 = EDGE_CURVE ( 'NONE', #3984, #3342, #3960, .T. ) ;
#4442 = CYLINDRICAL_SURFACE ( 'NONE', #1222, 1.599999999999990319 ) ;
#4443 = DIRECTION ( 'NONE',  ( 0.000000000000000000, -0.000000000000000000, 1.000000000000000000 ) ) ;
#4444 = DIRECTION ( 'NONE',  ( -1.000000000000000000, 0.000000000000000000, -0.000000000000000000 ) ) ;
#4445 = EDGE_CURVE ( 'NONE', #1628, #739, #492, .T. ) ;
#4446 = DIRECTION ( 'NONE',  ( -0.000000000000000000, -0.000000000000000000, -1.000000000000000000 ) ) ;
#4447 =( LENGTH_UNIT ( ) NAMED_UNIT ( * ) SI_UNIT ( .MILLI., .METRE. ) );
#4448 = VERTEX_POINT ( 'NONE', #3648 ) ;
#4449 = VERTEX_POINT ( 'NONE', #2937 ) ;
#4450 = PRESENTATION_LAYER_ASSIGNMENT (  '', '', ( #2647 ) ) ;
#4451 = SURFACE_STYLE_USAGE ( .BOTH. , #253 ) ;
#4452 = VECTOR ( 'NONE', #1203, 1000.000000000000000 ) ;
#4453 = CARTESIAN_POINT ( 'NONE',  ( 86.70000000000000284, -143.7400000000000091, -6.500000000000000888 ) ) ;
#4454 = ORIENTED_EDGE ( 'NONE', *, *, #1173, .F. ) ;
#4455 = PRODUCT_DEFINITION_FORMATION_WITH_SPECIFIED_SOURCE ( 'ANY', '', #1964, .NOT_KNOWN. ) ;
#4456 = COLOUR_RGB ( '',0.007843137254901960675, 0.2392156862745097867, 0.8235294117647058432 ) ;
#4457 = SURFACE_SIDE_STYLE ('',( #2718 ) ) ;
#4458 = CYLINDRICAL_SURFACE ( 'NONE', #1476, 3.000000000000002665 ) ;
#4459 = STYLED_ITEM ( 'NONE', ( #3063 ), #3849 ) ;
#4460 = FILL_AREA_STYLE_COLOUR ( '', #692 ) ;
#4461 = VERTEX_POINT ( 'NONE', #4322 ) ;
#4462 = COLOUR_RGB ( '',0.007843137254901960675, 0.2392156862745097867, 0.8235294117647058432 ) ;
#4463 = VECTOR ( 'NONE', #1882, 1000.000000000000000 ) ;
#4464 = CARTESIAN_POINT ( 'NONE',  ( 122.9900000000000091, -59.76999307357377234, -5.000000000000000000 ) ) ;
#4466 = CARTESIAN_POINT ( 'NONE',  ( 136.2894893310265729, -23.90599999999999525, -7.500000000000000000 ) ) ;
#4465 = PRESENTATION_STYLE_ASSIGNMENT (( #289 ) ) ;
#4467 = DIRECTION ( 'NONE',  ( -0.000000000000000000, 0.000000000000000000, 1.000000000000000000 ) ) ;
#4468 = VECTOR ( 'NONE', #2204, 1000.000000000000000 ) ;
#4469 =( LENGTH_UNIT ( ) NAMED_UNIT ( * ) SI_UNIT ( .MILLI., .METRE. ) );
#4470 =( LENGTH_UNIT ( ) NAMED_UNIT ( * ) SI_UNIT ( .MILLI., .METRE. ) );
#4471 = PRESENTATION_STYLE_ASSIGNMENT (( #3477 ) ) ;
#4472 = ORIENTED_EDGE ( 'NONE', *, *, #4208, .T. ) ;
#4473 = EDGE_CURVE ( 'NONE', #4292, #284, #1185, .T. ) ;
#4474 = PRESENTATION_LAYER_ASSIGNMENT (  '', '', ( #193 ) ) ;
#4475 =( NAMED_UNIT ( * ) PLANE_ANGLE_UNIT ( ) SI_UNIT ( $, .RADIAN. ) );
#4476 = LINE ( 'NONE', #2542, #2632 ) ;
#4477 =( NAMED_UNIT ( * ) PLANE_ANGLE_UNIT ( ) SI_UNIT ( $, .RADIAN. ) );
#4478 = AXIS2_PLACEMENT_3D ( 'NONE', #1424, #1447, #2502 ) ;
#4479 = DIRECTION ( 'NONE',  ( 1.000000000000000000, 0.000000000000000000, 0.000000000000000000 ) ) ;
#4480 = VECTOR ( 'NONE', #478, 1000.000000000000000 ) ;
#4481 = ORIENTED_EDGE ( 'NONE', *, *, #313, .F. ) ;
#4482 = ADVANCED_FACE ( 'NONE', ( #3979 ), #847, .T. ) ;
#4483 =( GEOMETRIC_REPRESENTATION_CONTEXT ( 3 ) GLOBAL_UNCERTAINTY_ASSIGNED_CONTEXT ( ( #3859 ) ) GLOBAL_UNIT_ASSIGNED_CONTEXT ( ( #1821, #454, #851 ) ) REPRESENTATION_CONTEXT ( 'NONE', 'WORKASPACE' ) );
#4484 = LINE ( 'NONE', #1359, #1190 ) ;
#4485 = COLOUR_RGB ( '',0.007843137254901960675, 0.2392156862745097867, 0.8235294117647058432 ) ;
#4486 = UNCERTAINTY_MEASURE_WITH_UNIT (LENGTH_MEASURE( 1.000000000000000082E-05 ), #1502, 'distance_accuracy_value', 'NONE');
#4487 = ORIENTED_EDGE ( 'NONE', *, *, #4152, .F. ) ;
#4488 = PRESENTATION_LAYER_ASSIGNMENT (  '', '', ( #4351 ) ) ;
#4489 = PRESENTATION_LAYER_ASSIGNMENT (  '', '', ( #1140 ) ) ;
#4490 = CARTESIAN_POINT ( 'NONE',  ( 140.8894893310265672, -138.7899999999999636, -10.00000000000000178 ) ) ;
#4491 = LINE ( 'NONE', #2780, #198 ) ;
#4492 = DIRECTION ( 'NONE',  ( -1.000000000000000000, 0.000000000000000000, -0.000000000000000000 ) ) ;
#4493 = CARTESIAN_POINT ( 'NONE',  ( 143.9094743819798907, -0.1071245514753580708, -5.000000000000000000 ) ) ;
#4494 = SURFACE_STYLE_USAGE ( .BOTH. , #3817 ) ;
ENDSEC;
END-ISO-10303-21;
