ISO-10303-21;
HEADER;
FILE_DESCRIPTION (( 'STEP AP214' ),
    '1' );
FILE_NAME ('FM-B2020RGBA-HG.STEP',
    '2019-12-06T10:55:28',
    ( '' ),
    ( '' ),
    'SwSTEP 2.0',
    'SolidWorks 2019',
    '' );
FILE_SCHEMA (( 'AUTOMOTIVE_DESIGN' ));
ENDSEC;

DATA;
#1 = VERTEX_POINT ( 'NONE', #1459 ) ;
#2 = ORIENTED_EDGE ( 'NONE', *, *, #1606, .T. ) ;
#3 = ORIENTED_EDGE ( 'NONE', *, *, #789, .F. ) ;
#4 = ADVANCED_FACE ( 'NONE', ( #1485 ), #1411, .T. ) ;
#5 = LINE ( 'NONE', #2450, #383 ) ;
#6 = SURFACE_STYLE_USAGE ( .BOTH. , #862 ) ;
#7 = DIRECTION ( 'NONE',  ( 1.000000000000000000, 0.0000000000000000000, -0.0000000000000000000 ) ) ;
#8 = CARTESIAN_POINT ( 'NONE',  ( 1.800000000000000044, 1.676046441958042464E-17, -0.5500000000000000444 ) ) ;
#9 = ORIENTED_EDGE ( 'NONE', *, *, #2335, .F. ) ;
#10 = DIRECTION ( 'NONE',  ( -1.000000000000000000, 0.0000000000000000000, 0.0000000000000000000 ) ) ;
#11 = ADVANCED_FACE ( 'NONE', ( #2562 ), #369, .F. ) ;
#12 = SURFACE_STYLE_FILL_AREA ( #62 ) ;
#13 = ORIENTED_EDGE ( 'NONE', *, *, #1936, .T. ) ;
#14 = ORIENTED_EDGE ( 'NONE', *, *, #1946, .F. ) ;
#15 = CARTESIAN_POINT ( 'NONE',  ( 0.3000000000000001554, 2.100000000000000533, -0.5500000000000000444 ) ) ;
#16 = DIRECTION ( 'NONE',  ( -1.000000000000000000, 0.0000000000000000000, -0.0000000000000000000 ) ) ;
#17 = STYLED_ITEM ( 'NONE', ( #84 ), #533 ) ;
#18 = UNCERTAINTY_MEASURE_WITH_UNIT (LENGTH_MEASURE( 1.000000000000000082E-05 ), #795, 'distance_accuracy_value', 'NONE');
#19 = CARTESIAN_POINT ( 'NONE',  ( 0.0000000000000000000, 0.0000000000000000000, 0.0000000000000000000 ) ) ;
#20 = DIRECTION ( 'NONE',  ( 0.0000000000000000000, -1.000000000000000000, 0.0000000000000000000 ) ) ;
#21 = PLANE ( 'NONE',  #2304 ) ;
#22 = EDGE_LOOP ( 'NONE', ( #508, #1872, #1334, #123 ) ) ;
#23 = ORIENTED_EDGE ( 'NONE', *, *, #860, .F. ) ;
#24 = CARTESIAN_POINT ( 'NONE',  ( 0.8000000000000003775, 0.0000000000000000000, -0.5500000000000000444 ) ) ;
#25 = DIRECTION ( 'NONE',  ( 1.000000000000000000, 0.0000000000000000000, 0.0000000000000000000 ) ) ;
#26 = AXIS2_PLACEMENT_3D ( 'NONE', #1145, #1964, #1309 ) ;
#27 = DIRECTION ( 'NONE',  ( 0.0000000000000000000, 0.0000000000000000000, 1.000000000000000000 ) ) ;
#28 = VECTOR ( 'NONE', #1666, 1000.000000000000000 ) ;
#29 = ORIENTED_EDGE ( 'NONE', *, *, #336, .T. ) ;
#30 = CARTESIAN_POINT ( 'NONE',  ( 0.8000000000000003775, 0.5000000000000001110, -0.5500000000000000444 ) ) ;
#31 = EDGE_CURVE ( 'NONE', #924, #1828, #155, .T. ) ;
#32 = AXIS2_PLACEMENT_3D ( 'NONE', #45, #27, #260 ) ;
#33 = DIRECTION ( 'NONE',  ( -1.000000000000000000, 0.0000000000000000000, -0.0000000000000000000 ) ) ;
#34 = EDGE_CURVE ( 'NONE', #1584, #269, #2548, .T. ) ;
#35 = COLOUR_RGB ( '',0.7803921568627451011, 0.7607843137254901578, 0.7411764705882353255 ) ;
#36 =( NAMED_UNIT ( * ) SI_UNIT ( $, .STERADIAN. ) SOLID_ANGLE_UNIT ( ) );
#37 = PLANE ( 'NONE',  #1344 ) ;
#38 = ORIENTED_EDGE ( 'NONE', *, *, #451, .F. ) ;
#39 = ORIENTED_EDGE ( 'NONE', *, *, #894, .T. ) ;
#40 = DIRECTION ( 'NONE',  ( -1.000000000000000000, 0.0000000000000000000, 0.0000000000000000000 ) ) ;
#41 = AXIS2_PLACEMENT_3D ( 'NONE', #2817, #2566, #2355 ) ;
#42 = EDGE_CURVE ( 'NONE', #1629, #2391, #763, .T. ) ;
#43 = CARTESIAN_POINT ( 'NONE',  ( 1.800000000000000044, 0.5000000000000001110, -0.5500000000000000444 ) ) ;
#44 = DIRECTION ( 'NONE',  ( 1.000000000000000000, 0.0000000000000000000, -0.0000000000000000000 ) ) ;
#45 = CARTESIAN_POINT ( 'NONE',  ( 0.0000000000000000000, 0.0000000000000000000, 0.0000000000000000000 ) ) ;
#46 = STYLED_ITEM ( 'NONE', ( #1878 ), #1092 ) ;
#47 = VECTOR ( 'NONE', #439, 1000.000000000000000 ) ;
#48 = ORIENTED_EDGE ( 'NONE', *, *, #1701, .T. ) ;
#49 = CARTESIAN_POINT ( 'NONE',  ( 0.9500000000000005107, 1.399999999999999689, 0.2500000000000000000 ) ) ;
#50 = DIRECTION ( 'NONE',  ( 1.000000000000000000, -0.0000000000000000000, 0.0000000000000000000 ) ) ;
#51 = UNCERTAINTY_MEASURE_WITH_UNIT (LENGTH_MEASURE( 1.000000000000000082E-05 ), #2087, 'distance_accuracy_value', 'NONE');
#52 = EDGE_CURVE ( 'NONE', #2289, #2127, #2338, .T. ) ;
#53 = DIRECTION ( 'NONE',  ( -0.0000000000000000000, -0.0000000000000000000, 1.000000000000000000 ) ) ;
#54 = FACE_OUTER_BOUND ( 'NONE', #619, .T. ) ;
#55 = PRESENTATION_STYLE_ASSIGNMENT (( #2220 ) ) ;
#56 = ORIENTED_EDGE ( 'NONE', *, *, #932, .T. ) ;
#57 = ORIENTED_EDGE ( 'NONE', *, *, #2180, .T. ) ;
#58 = SURFACE_SIDE_STYLE ('',( #1597 ) ) ;
#59 = DIRECTION ( 'NONE',  ( -1.000000000000000000, 4.336808689942016750E-16, 0.0000000000000000000 ) ) ;
#60 = SURFACE_STYLE_USAGE ( .BOTH. , #2676 ) ;
#61 = SURFACE_STYLE_FILL_AREA ( #481 ) ;
#62 = FILL_AREA_STYLE ('',( #1799 ) ) ;
#63 = AXIS2_PLACEMENT_3D ( 'NONE', #1655, #343, #2532 ) ;
#64 = ORIENTED_EDGE ( 'NONE', *, *, #2541, .T. ) ;
#65 = FILL_AREA_STYLE ('',( #1787 ) ) ;
#66 = FILL_AREA_STYLE_COLOUR ( '', #2697 ) ;
#67 = DIRECTION ( 'NONE',  ( 1.084202172485507589E-15, 1.000000000000000000, -0.0000000000000000000 ) ) ;
#68 = VERTEX_POINT ( 'NONE', #328 ) ;
#69 = ORIENTED_EDGE ( 'NONE', *, *, #451, .T. ) ;
#70 = FILL_AREA_STYLE_COLOUR ( '', #1777 ) ;
#71 = CARTESIAN_POINT ( 'NONE',  ( 0.0000000000000000000, 2.100000000000000089, -0.05000000000000000278 ) ) ;
#72 = CARTESIAN_POINT ( 'NONE',  ( 1.149999999999999689, 1.599999999999999201, 0.2500000000000000000 ) ) ;
#73 = APPLICATION_PROTOCOL_DEFINITION ( 'draft international standard', 'automotive_design', 1998, #664 ) ;
#74 = AXIS2_PLACEMENT_3D ( 'NONE', #2573, #370, #1934 ) ;
#75 = ORIENTED_EDGE ( 'NONE', *, *, #2448, .T. ) ;
#76 = DIRECTION ( 'NONE',  ( 1.000000000000000000, -0.0000000000000000000, -0.0000000000000000000 ) ) ;
#77 = UNCERTAINTY_MEASURE_WITH_UNIT (LENGTH_MEASURE( 1.000000000000000082E-05 ), #1501, 'distance_accuracy_value', 'NONE');
#78 =( NAMED_UNIT ( * ) SI_UNIT ( $, .STERADIAN. ) SOLID_ANGLE_UNIT ( ) );
#79 = CARTESIAN_POINT ( 'NONE',  ( 1.300000000000000266, 2.100000000000000533, -0.5500000000000000444 ) ) ;
#80 = FACE_OUTER_BOUND ( 'NONE', #1837, .T. ) ;
#81 = VERTEX_POINT ( 'NONE', #977 ) ;
#82 = ORIENTED_EDGE ( 'NONE', *, *, #2664, .F. ) ;
#83 = SURFACE_STYLE_USAGE ( .BOTH. , #1352 ) ;
#84 = PRESENTATION_STYLE_ASSIGNMENT (( #2706 ) ) ;
#85 = CARTESIAN_POINT ( 'NONE',  ( 0.0000000000000000000, 1.600000000000000755, -0.5500000000000000444 ) ) ;
#86 = AXIS2_PLACEMENT_3D ( 'NONE', #2012, #703, #2662 ) ;
#87 = EDGE_CURVE ( 'NONE', #2822, #1535, #1862, .T. ) ;
#88 = AXIS2_PLACEMENT_3D ( 'NONE', #2115, #1939, #1079 ) ;
#89 = PRESENTATION_LAYER_ASSIGNMENT (  '', '', ( #1315 ) ) ;
#90 = EDGE_LOOP ( 'NONE', ( #1602, #2568, #2634, #1594 ) ) ;
#91 = VECTOR ( 'NONE', #2116, 1000.000000000000000 ) ;
#92 = EDGE_CURVE ( 'NONE', #234, #166, #385, .T. ) ;
#93 =( NAMED_UNIT ( * ) SI_UNIT ( $, .STERADIAN. ) SOLID_ANGLE_UNIT ( ) );
#94 = PRESENTATION_STYLE_ASSIGNMENT (( #1388 ) ) ;
#95 = VECTOR ( 'NONE', #1763, 1000.000000000000000 ) ;
#96 = COLOUR_RGB ( '',1.000000000000000000, 1.000000000000000000, 1.000000000000000000 ) ;
#97 = PLANE ( 'NONE',  #117 ) ;
#98 = VERTEX_POINT ( 'NONE', #1210 ) ;
#99 = DIRECTION ( 'NONE',  ( -1.000000000000000000, 0.0000000000000000000, -0.0000000000000000000 ) ) ;
#100 = LINE ( 'NONE', #775, #470 ) ;
#101 = DIRECTION ( 'NONE',  ( -0.0000000000000000000, 0.0000000000000000000, 1.000000000000000000 ) ) ;
#102 = DIRECTION ( 'NONE',  ( 1.000000000000000000, 9.215718466126823977E-15, 0.0000000000000000000 ) ) ;
#103 = EDGE_CURVE ( 'NONE', #1378, #1942, #1639, .T. ) ;
#104 = VERTEX_POINT ( 'NONE', #2295 ) ;
#105 = FACE_OUTER_BOUND ( 'NONE', #2611, .T. ) ;
#106 = DIRECTION ( 'NONE',  ( -2.168404344971008868E-16, -1.000000000000000000, 0.0000000000000000000 ) ) ;
#107 = UNCERTAINTY_MEASURE_WITH_UNIT (LENGTH_MEASURE( 1.000000000000000082E-05 ), #1861, 'distance_accuracy_value', 'NONE');
#108 = CARTESIAN_POINT ( 'NONE',  ( 0.0000000000000000000, 0.0000000000000000000, -0.5500000000000000444 ) ) ;
#109 = ORIENTED_EDGE ( 'NONE', *, *, #2149, .T. ) ;
#110 = LINE ( 'NONE', #1239, #2464 ) ;
#111 = CARTESIAN_POINT ( 'NONE',  ( 0.8000000000000000444, 1.600000000000000755, -0.05000000000000000278 ) ) ;
#112 = CARTESIAN_POINT ( 'NONE',  ( 2.100000000000000089, 0.0000000000000000000, 0.0000000000000000000 ) ) ;
#113 = DIRECTION ( 'NONE',  ( 0.0000000000000000000, 1.000000000000000000, 0.0000000000000000000 ) ) ;
#114 = ADVANCED_FACE ( 'NONE', ( #1251 ), #578, .T. ) ;
#115 = VERTEX_POINT ( 'NONE', #2122 ) ;
#116 = CARTESIAN_POINT ( 'NONE',  ( 1.300000000000000266, 2.100000000000000533, -0.5500000000000000444 ) ) ;
#117 = AXIS2_PLACEMENT_3D ( 'NONE', #959, #2456, #1193 ) ;
#118 = SURFACE_SIDE_STYLE ('',( #2727 ) ) ;
#119 = CARTESIAN_POINT ( 'NONE',  ( 0.8000000000000000444, 1.600000000000000755, -0.05000000000000000278 ) ) ;
#120 = AXIS2_PLACEMENT_3D ( 'NONE', #2820, #1747, #2633 ) ;
#121 = AXIS2_PLACEMENT_3D ( 'NONE', #1502, #424, #2379 ) ;
#122 = FACE_OUTER_BOUND ( 'NONE', #2361, .T. ) ;
#123 = ORIENTED_EDGE ( 'NONE', *, *, #2061, .T. ) ;
#124 = PLANE ( 'NONE',  #1720 ) ;
#125 = EDGE_CURVE ( 'NONE', #715, #2214, #171, .T. ) ;
#126 = CARTESIAN_POINT ( 'NONE',  ( 0.9500000000000005107, 1.599999999999999201, 0.0000000000000000000 ) ) ;
#127 = CARTESIAN_POINT ( 'NONE',  ( 0.8000000000000003775, 0.5000000000000001110, -0.5500000000000000444 ) ) ;
#128 = CARTESIAN_POINT ( 'NONE',  ( 0.8000000000000003775, 8.147048265945289351E-17, -0.05000000000000000278 ) ) ;
#129 = EDGE_LOOP ( 'NONE', ( #1278, #255, #109, #917 ) ) ;
#130 = VECTOR ( 'NONE', #213, 1000.000000000000000 ) ;
#131 = PRESENTATION_STYLE_ASSIGNMENT (( #1867 ) ) ;
#132 = STYLED_ITEM ( 'NONE', ( #2175 ), #1530 ) ;
#133 = CARTESIAN_POINT ( 'NONE',  ( 0.3000000000000003775, 1.836970198721031906E-17, -0.5500000000000000444 ) ) ;
#134 = COLOUR_RGB ( '',0.7960784313725489669, 0.8235294117647058432, 0.9372549019607843146 ) ;
#135 = ORIENTED_EDGE ( 'NONE', *, *, #2554, .T. ) ;
#136 = LINE ( 'NONE', #1003, #1795 ) ;
#137 = PRESENTATION_LAYER_ASSIGNMENT (  '', '', ( #1875 ) ) ;
#138 = ADVANCED_FACE ( 'NONE', ( #569 ), #2308, .F. ) ;
#139 = FACE_OUTER_BOUND ( 'NONE', #2015, .T. ) ;
#140 = ORIENTED_EDGE ( 'NONE', *, *, #1550, .T. ) ;
#141 = PLANE ( 'NONE',  #2136 ) ;
#142 = AXIS2_PLACEMENT_3D ( 'NONE', #1483, #1907, #2553 ) ;
#143 = CARTESIAN_POINT ( 'NONE',  ( 0.3000000000000001554, 2.100000000000000533, -0.05000000000000000278 ) ) ;
#144 = DIRECTION ( 'NONE',  ( -1.000000000000000000, 0.0000000000000000000, -0.0000000000000000000 ) ) ;
#145 =( NAMED_UNIT ( * ) SI_UNIT ( $, .STERADIAN. ) SOLID_ANGLE_UNIT ( ) );
#146 = ORIENTED_EDGE ( 'NONE', *, *, #2763, .T. ) ;
#147 = SURFACE_STYLE_FILL_AREA ( #2759 ) ;
#148 = DIRECTION ( 'NONE',  ( -1.000000000000000000, 1.084202172485507589E-15, 0.0000000000000000000 ) ) ;
#149 = APPLICATION_CONTEXT ( 'automotive_design' ) ;
#150 = ORIENTED_EDGE ( 'NONE', *, *, #2251, .T. ) ;
#151 = EDGE_LOOP ( 'NONE', ( #1857, #2057, #867, #2010 ) ) ;
#152 = PRESENTATION_STYLE_ASSIGNMENT (( #392 ) ) ;
#153 = LINE ( 'NONE', #2307, #2367 ) ;
#154 = STYLED_ITEM ( 'NONE', ( #152 ), #812 ) ;
#155 = LINE ( 'NONE', #127, #2291 ) ;
#156 = LINE ( 'NONE', #1022, #2544 ) ;
#157 = COLOUR_RGB ( '',0.7803921568627451011, 0.7607843137254901578, 0.7411764705882353255 ) ;
#158 = EDGE_CURVE ( 'NONE', #2398, #960, #2768, .T. ) ;
#159 = VERTEX_POINT ( 'NONE', #2326 ) ;
#160 = CARTESIAN_POINT ( 'NONE',  ( 0.7999999999999997113, -1.734723475976806355E-16, -0.5500000000000000444 ) ) ;
#161 = LINE ( 'NONE', #1443, #2142 ) ;
#162 = EDGE_CURVE ( 'NONE', #1794, #513, #2796, .T. ) ;
#163 = LINE ( 'NONE', #1458, #1959 ) ;
#164 = ORIENTED_EDGE ( 'NONE', *, *, #1391, .T. ) ;
#165 = PRESENTATION_LAYER_ASSIGNMENT (  '', '', ( #1390 ) ) ;
#166 = VERTEX_POINT ( 'NONE', #1320 ) ;
#167 = PLANE ( 'NONE',  #1016 ) ;
#168 = AXIS2_PLACEMENT_3D ( 'NONE', #1381, #1184, #1440 ) ;
#169 = ADVANCED_FACE ( 'NONE', ( #643 ), #882, .F. ) ;
#170 = PRESENTATION_STYLE_ASSIGNMENT (( #381 ) ) ;
#171 = LINE ( 'NONE', #143, #1693 ) ;
#172 = CARTESIAN_POINT ( 'NONE',  ( 1.150000000000000133, 1.149999999999999689, 0.2500000000000000000 ) ) ;
#173 = DIRECTION ( 'NONE',  ( 1.084202172485507589E-15, 1.000000000000000000, -0.0000000000000000000 ) ) ;
#174 = EDGE_CURVE ( 'NONE', #2821, #2103, #184, .T. ) ;
#175 = DIRECTION ( 'NONE',  ( -2.168404344971008868E-16, -1.000000000000000000, 0.0000000000000000000 ) ) ;
#176 = SURFACE_SIDE_STYLE ('',( #801 ) ) ;
#177 = EDGE_LOOP ( 'NONE', ( #1296, #1024, #910, #673 ) ) ;
#178 = VERTEX_POINT ( 'NONE', #2827 ) ;
#179 =( GEOMETRIC_REPRESENTATION_CONTEXT ( 3 ) GLOBAL_UNCERTAINTY_ASSIGNED_CONTEXT ( ( #77 ) ) GLOBAL_UNIT_ASSIGNED_CONTEXT ( ( #1501, #1282, #1074 ) ) REPRESENTATION_CONTEXT ( 'NONE', 'WORKASPACE' ) );
#180 = DIRECTION ( 'NONE',  ( 0.0000000000000000000, -1.000000000000000000, 0.0000000000000000000 ) ) ;
#181 = PRESENTATION_LAYER_ASSIGNMENT (  '', '', ( #445 ) ) ;
#182 = DIRECTION ( 'NONE',  ( -0.0000000000000000000, -0.0000000000000000000, -1.000000000000000000 ) ) ;
#183 = VECTOR ( 'NONE', #1492, 1000.000000000000000 ) ;
#184 = LINE ( 'NONE', #2150, #984 ) ;
#185 = CARTESIAN_POINT ( 'NONE',  ( 1.875000000000000444, 1.050000000000000044, 0.0000000000000000000 ) ) ;
#186 = ORIENTED_EDGE ( 'NONE', *, *, #1860, .F. ) ;
#187 = CARTESIAN_POINT ( 'NONE',  ( 0.0000000000000000000, 0.0000000000000000000, -0.5500000000000000444 ) ) ;
#188 = STYLED_ITEM ( 'NONE', ( #587 ), #457 ) ;
#189 =( NAMED_UNIT ( * ) PLANE_ANGLE_UNIT ( ) SI_UNIT ( $, .RADIAN. ) );
#190 = DIRECTION ( 'NONE',  ( -1.000000000000000000, -1.262015613444851489E-16, 0.0000000000000000000 ) ) ;
#191 = EDGE_CURVE ( 'NONE', #1829, #326, #1527, .T. ) ;
#192 = CARTESIAN_POINT ( 'NONE',  ( 1.300000000000000266, 0.0000000000000000000, -0.5500000000000000444 ) ) ;
#193 = EDGE_LOOP ( 'NONE', ( #686, #2693, #490, #1851 ) ) ;
#194 = ORIENTED_EDGE ( 'NONE', *, *, #1689, .F. ) ;
#195 = CARTESIAN_POINT ( 'NONE',  ( 0.8000000000000003775, 0.0000000000000000000, -0.05000000000000000278 ) ) ;
#196 = DIRECTION ( 'NONE',  ( 0.0000000000000000000, -0.0000000000000000000, -1.000000000000000000 ) ) ;
#197 = CARTESIAN_POINT ( 'NONE',  ( 0.3000000000000003775, 0.0000000000000000000, -0.5500000000000000444 ) ) ;
#198 = CARTESIAN_POINT ( 'NONE',  ( 1.800000000000000044, 0.0000000000000000000, -0.5500000000000000444 ) ) ;
#199 = VERTEX_POINT ( 'NONE', #197 ) ;
#200 = LINE ( 'NONE', #2631, #183 ) ;
#201 = AXIS2_PLACEMENT_3D ( 'NONE', #1588, #2470, #2250 ) ;
#202 =( LENGTH_UNIT ( ) NAMED_UNIT ( * ) SI_UNIT ( .MILLI., .METRE. ) );
#203 = EDGE_LOOP ( 'NONE', ( #1357, #1779, #2222, #2104 ) ) ;
#204 = VERTEX_POINT ( 'NONE', #839 ) ;
#205 = LINE ( 'NONE', #1097, #2341 ) ;
#206 =( NAMED_UNIT ( * ) SI_UNIT ( $, .STERADIAN. ) SOLID_ANGLE_UNIT ( ) );
#207 = VECTOR ( 'NONE', #1667, 1000.000000000000000 ) ;
#208 = DIRECTION ( 'NONE',  ( 0.0000000000000000000, -1.000000000000000000, 0.0000000000000000000 ) ) ;
#209 =( LENGTH_UNIT ( ) NAMED_UNIT ( * ) SI_UNIT ( .MILLI., .METRE. ) );
#210 = EDGE_LOOP ( 'NONE', ( #2582, #633, #462, #2316 ) ) ;
#211 = ADVANCED_FACE ( 'NONE', ( #396 ), #1064, .F. ) ;
#212 = EDGE_CURVE ( 'NONE', #929, #1644, #2369, .T. ) ;
#213 = DIRECTION ( 'NONE',  ( -2.168404344971008868E-16, -1.000000000000000000, 0.0000000000000000000 ) ) ;
#214 = EDGE_CURVE ( 'NONE', #326, #1883, #1283, .T. ) ;
#215 = ORIENTED_EDGE ( 'NONE', *, *, #517, .F. ) ;
#216 = ORIENTED_EDGE ( 'NONE', *, *, #2574, .F. ) ;
#217 = ORIENTED_EDGE ( 'NONE', *, *, #2571, .T. ) ;
#218 = PRESENTATION_STYLE_ASSIGNMENT (( #2623 ) ) ;
#219 = VECTOR ( 'NONE', #1185, 1000.000000000000000 ) ;
#220 =( NAMED_UNIT ( * ) PLANE_ANGLE_UNIT ( ) SI_UNIT ( $, .RADIAN. ) );
#221 = AXIS2_PLACEMENT_3D ( 'NONE', #1852, #2313, #585 ) ;
#222 = FILL_AREA_STYLE ('',( #837 ) ) ;
#223 = COLOUR_RGB ( '',0.7960784313725489669, 0.8235294117647058432, 0.9372549019607843146 ) ;
#224 = EDGE_CURVE ( 'NONE', #692, #159, #653, .T. ) ;
#225 = MECHANICAL_DESIGN_GEOMETRIC_PRESENTATION_REPRESENTATION (  '', ( #1453 ), #588 ) ;
#226 = CARTESIAN_POINT ( 'NONE',  ( 0.0000000000000000000, 0.0000000000000000000, -0.5500000000000000444 ) ) ;
#227 = DIRECTION ( 'NONE',  ( -0.0000000000000000000, -0.0000000000000000000, 1.000000000000000000 ) ) ;
#228 = VERTEX_POINT ( 'NONE', #2604 ) ;
#229 = VECTOR ( 'NONE', #1587, 1000.000000000000000 ) ;
#230 = CARTESIAN_POINT ( 'NONE',  ( 0.3000000000000003775, 0.5000000000000001110, -0.5500000000000000444 ) ) ;
#231 =( LENGTH_UNIT ( ) NAMED_UNIT ( * ) SI_UNIT ( .MILLI., .METRE. ) );
#232 =( NAMED_UNIT ( * ) SI_UNIT ( $, .STERADIAN. ) SOLID_ANGLE_UNIT ( ) );
#233 = VECTOR ( 'NONE', #2271, 1000.000000000000000 ) ;
#234 = VERTEX_POINT ( 'NONE', #2588 ) ;
#235 = EDGE_LOOP ( 'NONE', ( #2312, #2629, #2429, #2839 ) ) ;
#236 = DIRECTION ( 'NONE',  ( -0.0000000000000000000, -0.0000000000000000000, 1.000000000000000000 ) ) ;
#237 = PLANE ( 'NONE',  #2792 ) ;
#238 = LINE ( 'NONE', #2018, #665 ) ;
#239 = DIRECTION ( 'NONE',  ( 1.000000000000000000, 9.215718466126823977E-15, 0.0000000000000000000 ) ) ;
#240 = CARTESIAN_POINT ( 'NONE',  ( 0.8000000000000003775, 0.5000000000000001110, -0.5500000000000000444 ) ) ;
#241 = ORIENTED_EDGE ( 'NONE', *, *, #2704, .F. ) ;
#242 = ORIENTED_EDGE ( 'NONE', *, *, #1223, .F. ) ;
#243 = CARTESIAN_POINT ( 'NONE',  ( 1.300000000000000266, 2.100000000000000533, -0.5500000000000000444 ) ) ;
#244 = EDGE_CURVE ( 'NONE', #771, #1287, #2350, .T. ) ;
#245 = AXIS2_PLACEMENT_3D ( 'NONE', #459, #236, #1957 ) ;
#246 = VERTEX_POINT ( 'NONE', #2811 ) ;
#247 = ADVANCED_FACE ( 'NONE', ( #1050 ), #1075, .F. ) ;
#248 = LINE ( 'NONE', #2247, #1589 ) ;
#249 = CARTESIAN_POINT ( 'NONE',  ( 1.300000000000000044, 1.676046441958042464E-17, -0.5500000000000000444 ) ) ;
#250 = UNCERTAINTY_MEASURE_WITH_UNIT (LENGTH_MEASURE( 1.000000000000000082E-05 ), #2236, 'distance_accuracy_value', 'NONE');
#251 = SURFACE_SIDE_STYLE ('',( #2389 ) ) ;
#252 = DIRECTION ( 'NONE',  ( 0.0000000000000000000, 1.000000000000000000, 0.0000000000000000000 ) ) ;
#253 = EDGE_CURVE ( 'NONE', #513, #1247, #865, .T. ) ;
#254 = FACE_OUTER_BOUND ( 'NONE', #793, .T. ) ;
#255 = ORIENTED_EDGE ( 'NONE', *, *, #954, .T. ) ;
#256 = ORIENTED_EDGE ( 'NONE', *, *, #2730, .T. ) ;
#257 = STYLED_ITEM ( 'NONE', ( #1813 ), #1968 ) ;
#258 = DIRECTION ( 'NONE',  ( 0.0000000000000000000, -0.0000000000000000000, 1.000000000000000000 ) ) ;
#259 = DIRECTION ( 'NONE',  ( -0.0000000000000000000, -0.0000000000000000000, 1.000000000000000000 ) ) ;
#260 = DIRECTION ( 'NONE',  ( 1.000000000000000000, 0.0000000000000000000, 0.0000000000000000000 ) ) ;
#261 = EDGE_CURVE ( 'NONE', #1445, #1287, #1464, .T. ) ;
#262 = ORIENTED_EDGE ( 'NONE', *, *, #872, .F. ) ;
#263 =( LENGTH_UNIT ( ) NAMED_UNIT ( * ) SI_UNIT ( .MILLI., .METRE. ) );
#264 = DIRECTION ( 'NONE',  ( -1.000000000000000000, 0.0000000000000000000, 0.0000000000000000000 ) ) ;
#265 = DIRECTION ( 'NONE',  ( -0.0000000000000000000, 1.000000000000000000, -0.0000000000000000000 ) ) ;
#266 = PLANE ( 'NONE',  #1404 ) ;
#267 = AXIS2_PLACEMENT_3D ( 'NONE', #2655, #1100, #2472 ) ;
#268 = PLANE ( 'NONE',  #1026 ) ;
#269 = VERTEX_POINT ( 'NONE', #684 ) ;
#270 = ORIENTED_EDGE ( 'NONE', *, *, #2162, .T. ) ;
#271 = VECTOR ( 'NONE', #2430, 1000.000000000000000 ) ;
#272 = PLANE ( 'NONE',  #1144 ) ;
#273 = LINE ( 'NONE', #2145, #1533 ) ;
#274 = PLANE ( 'NONE',  #1178 ) ;
#275 = APPLICATION_PROTOCOL_DEFINITION ( 'draft international standard', 'automotive_design', 1998, #149 ) ;
#276 =( GEOMETRIC_REPRESENTATION_CONTEXT ( 3 ) GLOBAL_UNCERTAINTY_ASSIGNED_CONTEXT ( ( #1555 ) ) GLOBAL_UNIT_ASSIGNED_CONTEXT ( ( #787, #1427, #145 ) ) REPRESENTATION_CONTEXT ( 'NONE', 'WORKASPACE' ) );
#277 = VERTEX_POINT ( 'NONE', #2641 ) ;
#278 = LINE ( 'NONE', #725, #493 ) ;
#279 = COLOUR_RGB ( '',0.7803921568627451011, 0.7607843137254901578, 0.7411764705882353255 ) ;
#280 = UNCERTAINTY_MEASURE_WITH_UNIT (LENGTH_MEASURE( 1.000000000000000082E-05 ), #202, 'distance_accuracy_value', 'NONE');
#281 = DIRECTION ( 'NONE',  ( -1.000000000000000000, 0.0000000000000000000, -0.0000000000000000000 ) ) ;
#282 = FACE_OUTER_BOUND ( 'NONE', #306, .T. ) ;
#283 = PRESENTATION_STYLE_ASSIGNMENT (( #487 ) ) ;
#284 = VERTEX_POINT ( 'NONE', #2423 ) ;
#285 = VERTEX_POINT ( 'NONE', #2455 ) ;
#286 =( LENGTH_UNIT ( ) NAMED_UNIT ( * ) SI_UNIT ( .MILLI., .METRE. ) );
#287 =( NAMED_UNIT ( * ) SI_UNIT ( $, .STERADIAN. ) SOLID_ANGLE_UNIT ( ) );
#288 = FACE_OUTER_BOUND ( 'NONE', #1262, .T. ) ;
#289 = DIRECTION ( 'NONE',  ( 0.0000000000000000000, 0.0000000000000000000, -1.000000000000000000 ) ) ;
#290 = DIRECTION ( 'NONE',  ( -0.0000000000000000000, 0.0000000000000000000, 1.000000000000000000 ) ) ;
#291 = EDGE_LOOP ( 'NONE', ( #1365, #2446, #2658, #13 ) ) ;
#292 = DIRECTION ( 'NONE',  ( -0.0000000000000000000, -0.0000000000000000000, -1.000000000000000000 ) ) ;
#293 = CARTESIAN_POINT ( 'NONE',  ( 2.100000000000000089, 2.100000000000000089, 0.4500000000000000111 ) ) ;
#294 = LINE ( 'NONE', #1163, #565 ) ;
#295 = STYLED_ITEM ( 'NONE', ( #529 ), #652 ) ;
#296 = LINE ( 'NONE', #2034, #798 ) ;
#297 = ADVANCED_FACE ( 'NONE', ( #282 ), #2436, .F. ) ;
#298 = ORIENTED_EDGE ( 'NONE', *, *, #1550, .F. ) ;
#299 = ORIENTED_EDGE ( 'NONE', *, *, #2025, .F. ) ;
#300 = FILL_AREA_STYLE ('',( #1379 ) ) ;
#301 = DIRECTION ( 'NONE',  ( -0.0000000000000000000, -0.0000000000000000000, 1.000000000000000000 ) ) ;
#302 = ADVANCED_FACE ( 'NONE', ( #54 ), #670, .F. ) ;
#303 = CARTESIAN_POINT ( 'NONE',  ( 0.3000000000000003775, 1.836970198721031906E-17, -0.05000000000000000278 ) ) ;
#304 = LINE ( 'NONE', #2212, #2133 ) ;
#305 = COLOUR_RGB ( '',0.7960784313725489669, 0.8235294117647058432, 0.9372549019607843146 ) ;
#306 = EDGE_LOOP ( 'NONE', ( #346, #2832, #215, #944 ) ) ;
#307 = LINE ( 'NONE', #1358, #2789 ) ;
#308 = DIRECTION ( 'NONE',  ( 0.0000000000000000000, -0.0000000000000000000, -1.000000000000000000 ) ) ;
#309 = UNCERTAINTY_MEASURE_WITH_UNIT (LENGTH_MEASURE( 1.000000000000000082E-05 ), #2348, 'distance_accuracy_value', 'NONE');
#310 = DIRECTION ( 'NONE',  ( 1.000000000000000000, -4.336808689942019708E-16, 0.0000000000000000000 ) ) ;
#311 = CARTESIAN_POINT ( 'NONE',  ( 0.0000000000000000000, 2.100000000000000089, -0.05000000000000000278 ) ) ;
#312 = ORIENTED_EDGE ( 'NONE', *, *, #421, .T. ) ;
#313 = DIRECTION ( 'NONE',  ( -0.0000000000000000000, 0.0000000000000000000, 1.000000000000000000 ) ) ;
#314 = ADVANCED_FACE ( 'NONE', ( #486 ), #2219, .F. ) ;
#315 = FILL_AREA_STYLE_COLOUR ( '', #1159 ) ;
#316 = PLANE ( 'NONE',  #595 ) ;
#317 = COLOUR_RGB ( '',0.7803921568627451011, 0.7607843137254901578, 0.7411764705882353255 ) ;
#318 = CARTESIAN_POINT ( 'NONE',  ( 0.9500000000000005107, 0.9500000000000002887, 0.0000000000000000000 ) ) ;
#319 = VECTOR ( 'NONE', #999, 1000.000000000000000 ) ;
#320 = MECHANICAL_DESIGN_GEOMETRIC_PRESENTATION_REPRESENTATION (  '', ( #1315 ), #1952 ) ;
#321 = ORIENTED_EDGE ( 'NONE', *, *, #2452, .F. ) ;
#322 = COLOUR_RGB ( '',0.7803921568627451011, 0.7607843137254901578, 0.7411764705882353255 ) ;
#323 = DIRECTION ( 'NONE',  ( 0.0000000000000000000, 0.0000000000000000000, 1.000000000000000000 ) ) ;
#324 = VECTOR ( 'NONE', #716, 1000.000000000000000 ) ;
#325 = CARTESIAN_POINT ( 'NONE',  ( 0.0000000000000000000, 2.100000000000000089, 0.0000000000000000000 ) ) ;
#326 = VERTEX_POINT ( 'NONE', #748 ) ;
#327 = LINE ( 'NONE', #962, #2229 ) ;
#328 = CARTESIAN_POINT ( 'NONE',  ( 0.3000000000000000444, 2.100000000000000089, -0.05000000000000000278 ) ) ;
#329 =( LENGTH_UNIT ( ) NAMED_UNIT ( * ) SI_UNIT ( .MILLI., .METRE. ) );
#330 = SURFACE_STYLE_USAGE ( .BOTH. , #2535 ) ;
#331 = ORIENTED_EDGE ( 'NONE', *, *, #2484, .T. ) ;
#332 = CARTESIAN_POINT ( 'NONE',  ( 0.0000000000000000000, 0.5000000000000001110, -0.5500000000000000444 ) ) ;
#333 = LINE ( 'NONE', #741, #904 ) ;
#334 = UNCERTAINTY_MEASURE_WITH_UNIT (LENGTH_MEASURE( 1.000000000000000082E-05 ), #263, 'distance_accuracy_value', 'NONE');
#335 = SURFACE_SIDE_STYLE ('',( #986 ) ) ;
#336 = EDGE_CURVE ( 'NONE', #2071, #2376, #2722, .T. ) ;
#337 = CLOSED_SHELL ( 'NONE', ( #2842, #2363, #2347, #736, #1509, #2374 ) ) ;
#338 = MECHANICAL_DESIGN_GEOMETRIC_PRESENTATION_REPRESENTATION (  '', ( #1335 ), #2432 ) ;
#339 = CARTESIAN_POINT ( 'NONE',  ( 1.300000000000000044, 0.5000000000000001110, -0.05000000000000000278 ) ) ;
#340 = VERTEX_POINT ( 'NONE', #1169 ) ;
#341 = ADVANCED_FACE ( 'NONE', ( #1156 ), #1566, .F. ) ;
#342 = CARTESIAN_POINT ( 'NONE',  ( 0.8000000000000003775, 8.147048265945289351E-17, -0.05000000000000000278 ) ) ;
#343 = DIRECTION ( 'NONE',  ( 1.000000000000000000, -0.0000000000000000000, 0.0000000000000000000 ) ) ;
#344 = CARTESIAN_POINT ( 'NONE',  ( 1.149999999999999689, 1.399999999999999689, 0.2500000000000000000 ) ) ;
#345 = PLANE ( 'NONE',  #1187 ) ;
#346 = ORIENTED_EDGE ( 'NONE', *, *, #1714, .T. ) ;
#347 =( LENGTH_UNIT ( ) NAMED_UNIT ( * ) SI_UNIT ( .MILLI., .METRE. ) );
#348 = CARTESIAN_POINT ( 'NONE',  ( 0.3000000000000001554, 2.100000000000000533, -0.5500000000000000444 ) ) ;
#349 = ADVANCED_FACE ( 'NONE', ( #2492 ), #272, .T. ) ;
#350 = VECTOR ( 'NONE', #2755, 1000.000000000000000 ) ;
#351 = ORIENTED_EDGE ( 'NONE', *, *, #371, .F. ) ;
#352 = ORIENTED_EDGE ( 'NONE', *, *, #212, .T. ) ;
#353 = FACE_OUTER_BOUND ( 'NONE', #1497, .T. ) ;
#354 = SURFACE_STYLE_USAGE ( .BOTH. , #2026 ) ;
#355 = CARTESIAN_POINT ( 'NONE',  ( 1.050000000000000044, 1.050000000000000044, 0.4500000000000000111 ) ) ;
#356 = VECTOR ( 'NONE', #446, 1000.000000000000000 ) ;
#357 = EDGE_LOOP ( 'NONE', ( #2644, #1322, #821, #2786 ) ) ;
#358 = VECTOR ( 'NONE', #2216, 1000.000000000000000 ) ;
#359 = DIRECTION ( 'NONE',  ( -0.0000000000000000000, -0.0000000000000000000, 1.000000000000000000 ) ) ;
#360 = COLOUR_RGB ( '',0.6941176470588235059, 0.09803921568627450844, 0.09803921568627450844 ) ;
#361 = CARTESIAN_POINT ( 'NONE',  ( 1.300000000000000266, 2.100000000000000533, -0.05000000000000000278 ) ) ;
#362 = FILL_AREA_STYLE ('',( #780 ) ) ;
#363 = EDGE_LOOP ( 'NONE', ( #475, #2275, #2569, #1017 ) ) ;
#364 = SURFACE_STYLE_FILL_AREA ( #2318 ) ;
#365 = CLOSED_SHELL ( 'NONE', ( #375, #1032, #211, #1014, #1608, #838, #1679, #2274, #783, #1658, #1010, #114, #2354, #2625, #169, #2234, #349, #2125, #1865, #1855, #1619, #706 ) ) ;
#366 = MECHANICAL_DESIGN_GEOMETRIC_PRESENTATION_REPRESENTATION (  '', ( #1041 ), #2750 ) ;
#367 = SURFACE_STYLE_FILL_AREA ( #1249 ) ;
#368 = LINE ( 'NONE', #532, #1361 ) ;
#369 = PLANE ( 'NONE',  #1789 ) ;
#370 = DIRECTION ( 'NONE',  ( -1.000000000000000000, 0.0000000000000000000, 0.0000000000000000000 ) ) ;
#371 = EDGE_CURVE ( 'NONE', #974, #68, #734, .T. ) ;
#372 =( LENGTH_UNIT ( ) NAMED_UNIT ( * ) SI_UNIT ( .MILLI., .METRE. ) );
#373 = VERTEX_POINT ( 'NONE', #1833 ) ;
#374 =( NAMED_UNIT ( * ) PLANE_ANGLE_UNIT ( ) SI_UNIT ( $, .RADIAN. ) );
#375 = ADVANCED_FACE ( 'NONE', ( #1354 ), #919, .T. ) ;
#376 = FILL_AREA_STYLE ('',( #2101 ) ) ;
#377 = FILL_AREA_STYLE_COLOUR ( '', #96 ) ;
#378 = SURFACE_SIDE_STYLE ('',( #1028 ) ) ;
#379 = ORIENTED_EDGE ( 'NONE', *, *, #1764, .F. ) ;
#380 = CARTESIAN_POINT ( 'NONE',  ( 1.800000000000000266, 1.600000000000000755, -0.5500000000000000444 ) ) ;
#381 = SURFACE_STYLE_USAGE ( .BOTH. , #1885 ) ;
#382 = CARTESIAN_POINT ( 'NONE',  ( 0.0000000000000000000, 0.0000000000000000000, 0.2500000000000000000 ) ) ;
#383 = VECTOR ( 'NONE', #264, 1000.000000000000000 ) ;
#384 = ADVANCED_FACE ( 'NONE', ( #1846 ), #1995, .F. ) ;
#385 = LINE ( 'NONE', #112, #2155 ) ;
#386 = DIRECTION ( 'NONE',  ( -0.0000000000000000000, -1.000000000000000000, -0.0000000000000000000 ) ) ;
#387 = EDGE_CURVE ( 'NONE', #2413, #1455, #1418, .T. ) ;
#388 = EDGE_LOOP ( 'NONE', ( #430, #1786, #9, #442 ) ) ;
#389 = FACE_OUTER_BOUND ( 'NONE', #2381, .T. ) ;
#390 = ORIENTED_EDGE ( 'NONE', *, *, #1675, .T. ) ;
#391 = ORIENTED_EDGE ( 'NONE', *, *, #828, .F. ) ;
#392 = SURFACE_STYLE_USAGE ( .BOTH. , #1237 ) ;
#393 = CIRCLE ( 'NONE', #835, 0.8250000000000001776 ) ;
#394 = PRODUCT_DEFINITION_SHAPE ( 'NONE', 'NONE',  #1972 ) ;
#395 = VECTOR ( 'NONE', #20, 1000.000000000000000 ) ;
#396 = FACE_OUTER_BOUND ( 'NONE', #2519, .T. ) ;
#397 = CARTESIAN_POINT ( 'NONE',  ( 0.0000000000000000000, 0.0000000000000000000, 0.4500000000000000111 ) ) ;
#398 = CARTESIAN_POINT ( 'NONE',  ( 1.800000000000000044, 0.5000000000000001110, -0.5500000000000000444 ) ) ;
#399 = ADVANCED_FACE ( 'NONE', ( #288 ), #316, .F. ) ;
#400 =( NAMED_UNIT ( * ) SI_UNIT ( $, .STERADIAN. ) SOLID_ANGLE_UNIT ( ) );
#401 = PRESENTATION_LAYER_ASSIGNMENT (  '', '', ( #1633 ) ) ;
#402 = SURFACE_STYLE_USAGE ( .BOTH. , #1684 ) ;
#403 = VERTEX_POINT ( 'NONE', #522 ) ;
#404 = EDGE_LOOP ( 'NONE', ( #738, #2775, #449, #468 ) ) ;
#405 = VERTEX_POINT ( 'NONE', #2508 ) ;
#406 = VECTOR ( 'NONE', #1843, 1000.000000000000000 ) ;
#407 = PLANE ( 'NONE',  #1430 ) ;
#408 = PRESENTATION_LAYER_ASSIGNMENT (  '', '', ( #1636 ) ) ;
#409 =( NAMED_UNIT ( * ) PLANE_ANGLE_UNIT ( ) SI_UNIT ( $, .RADIAN. ) );
#410 = SURFACE_STYLE_USAGE ( .BOTH. , #2809 ) ;
#411 = CIRCLE ( 'NONE', #1277, 0.8250000000000001776 ) ;
#412 = EDGE_CURVE ( 'NONE', #284, #2334, #511, .T. ) ;
#413 = LINE ( 'NONE', #198, #878 ) ;
#414 = EDGE_LOOP ( 'NONE', ( #1011, #2621, #2804, #75 ) ) ;
#415 =( LENGTH_UNIT ( ) NAMED_UNIT ( * ) SI_UNIT ( .MILLI., .METRE. ) );
#416 = FILL_AREA_STYLE_COLOUR ( '', #898 ) ;
#417 =( NAMED_UNIT ( * ) SI_UNIT ( $, .STERADIAN. ) SOLID_ANGLE_UNIT ( ) );
#418 = VERTEX_POINT ( 'NONE', #2478 ) ;
#419 = ORIENTED_EDGE ( 'NONE', *, *, #2324, .T. ) ;
#420 = CARTESIAN_POINT ( 'NONE',  ( 0.2999999999999999334, 1.600000000000000977, -0.05000000000000000278 ) ) ;
#421 = EDGE_CURVE ( 'NONE', #1577, #405, #537, .T. ) ;
#422 = LINE ( 'NONE', #629, #2598 ) ;
#423 = EDGE_CURVE ( 'NONE', #1378, #1299, #1396, .T. ) ;
#424 = DIRECTION ( 'NONE',  ( 0.0000000000000000000, -1.000000000000000000, 0.0000000000000000000 ) ) ;
#425 = DIRECTION ( 'NONE',  ( -0.0000000000000000000, -0.0000000000000000000, 1.000000000000000000 ) ) ;
#426 = EDGE_CURVE ( 'NONE', #816, #1378, #688, .T. ) ;
#427 = ORIENTED_EDGE ( 'NONE', *, *, #1052, .T. ) ;
#428 = VECTOR ( 'NONE', #963, 1000.000000000000000 ) ;
#429 =( LENGTH_UNIT ( ) NAMED_UNIT ( * ) SI_UNIT ( .MILLI., .METRE. ) );
#430 = ORIENTED_EDGE ( 'NONE', *, *, #2280, .T. ) ;
#431 = ORIENTED_EDGE ( 'NONE', *, *, #1302, .T. ) ;
#432 = CARTESIAN_POINT ( 'NONE',  ( 1.149999999999999689, 1.599999999999999201, 0.0000000000000000000 ) ) ;
#433 = EDGE_CURVE ( 'NONE', #1081, #1829, #1141, .T. ) ;
#434 =( NAMED_UNIT ( * ) SI_UNIT ( $, .STERADIAN. ) SOLID_ANGLE_UNIT ( ) );
#435 = SURFACE_STYLE_FILL_AREA ( #863 ) ;
#436 = VECTOR ( 'NONE', #1807, 1000.000000000000000 ) ;
#437 = CARTESIAN_POINT ( 'NONE',  ( 1.150000000000000133, 1.149999999999999689, 0.0000000000000000000 ) ) ;
#438 = EDGE_LOOP ( 'NONE', ( #873, #82, #799, #2505 ) ) ;
#439 = DIRECTION ( 'NONE',  ( 1.000000000000000000, -0.0000000000000000000, -0.0000000000000000000 ) ) ;
#440 = CARTESIAN_POINT ( 'NONE',  ( 2.100000000000000089, 2.100000000000000089, 0.4500000000000000111 ) ) ;
#441 = ORIENTED_EDGE ( 'NONE', *, *, #1254, .T. ) ;
#442 = ORIENTED_EDGE ( 'NONE', *, *, #1273, .T. ) ;
#443 = PLANE ( 'NONE',  #2816 ) ;
#444 = AXIS2_PLACEMENT_3D ( 'NONE', #1790, #252, #710 ) ;
#445 = STYLED_ITEM ( 'NONE', ( #2801 ), #2772 ) ;
#446 = DIRECTION ( 'NONE',  ( -1.000000000000000000, -0.0000000000000000000, -0.0000000000000000000 ) ) ;
#447 = DIRECTION ( 'NONE',  ( -1.000000000000000000, 0.0000000000000000000, 0.0000000000000000000 ) ) ;
#448 = EDGE_CURVE ( 'NONE', #2683, #930, #1369, .T. ) ;
#449 = ORIENTED_EDGE ( 'NONE', *, *, #2280, .F. ) ;
#450 = STYLED_ITEM ( 'NONE', ( #2705 ), #1409 ) ;
#451 = EDGE_CURVE ( 'NONE', #228, #1879, #1380, .T. ) ;
#452 = DIRECTION ( 'NONE',  ( 1.000000000000000000, 0.0000000000000000000, 0.0000000000000000000 ) ) ;
#453 = ADVANCED_FACE ( 'NONE', ( #389 ), #2157, .F. ) ;
#454 = VECTOR ( 'NONE', #2225, 1000.000000000000000 ) ;
#455 = ORIENTED_EDGE ( 'NONE', *, *, #1918, .F. ) ;
#456 = VERTEX_POINT ( 'NONE', #1027 ) ;
#457 = ADVANCED_FACE ( 'NONE', ( #2567 ), #814, .F. ) ;
#458 = CARTESIAN_POINT ( 'NONE',  ( 2.100000000000000089, 0.0000000000000000000, 0.4500000000000000111 ) ) ;
#459 = CARTESIAN_POINT ( 'NONE',  ( 1.050000000000000044, 1.050000000000000044, 0.0000000000000000000 ) ) ;
#460 = FILL_AREA_STYLE ('',( #2420 ) ) ;
#461 = LINE ( 'NONE', #240, #2349 ) ;
#462 = ORIENTED_EDGE ( 'NONE', *, *, #2025, .T. ) ;
#463 = ORIENTED_EDGE ( 'NONE', *, *, #2666, .T. ) ;
#464 = DIRECTION ( 'NONE',  ( 0.0000000000000000000, 1.000000000000000000, 0.0000000000000000000 ) ) ;
#465 = EDGE_CURVE ( 'NONE', #2531, #1935, #163, .T. ) ;
#466 = CARTESIAN_POINT ( 'NONE',  ( 1.300000000000000044, 1.676046441958042464E-17, -0.05000000000000000278 ) ) ;
#467 = DIRECTION ( 'NONE',  ( 0.0000000000000000000, -0.0000000000000000000, 1.000000000000000000 ) ) ;
#468 = ORIENTED_EDGE ( 'NONE', *, *, #253, .F. ) ;
#469 = DIRECTION ( 'NONE',  ( 0.0000000000000000000, 0.0000000000000000000, 1.000000000000000000 ) ) ;
#470 = VECTOR ( 'NONE', #1209, 1000.000000000000000 ) ;
#471 = UNCERTAINTY_MEASURE_WITH_UNIT (LENGTH_MEASURE( 1.000000000000000082E-05 ), #1177, 'distance_accuracy_value', 'NONE');
#472 = SURFACE_STYLE_USAGE ( .BOTH. , #1776 ) ;
#473 = DIRECTION ( 'NONE',  ( 1.000000000000000000, 0.0000000000000000000, 0.0000000000000000000 ) ) ;
#474 = ORIENTED_EDGE ( 'NONE', *, *, #1201, .F. ) ;
#475 = ORIENTED_EDGE ( 'NONE', *, *, #580, .F. ) ;
#476 =( GEOMETRIC_REPRESENTATION_CONTEXT ( 3 ) GLOBAL_UNCERTAINTY_ASSIGNED_CONTEXT ( ( #2189 ) ) GLOBAL_UNIT_ASSIGNED_CONTEXT ( ( #1663, #1676, #2106 ) ) REPRESENTATION_CONTEXT ( 'NONE', 'WORKASPACE' ) );
#477 = CARTESIAN_POINT ( 'NONE',  ( 1.800000000000000044, 1.676046441958042464E-17, -0.5500000000000000444 ) ) ;
#478 = CIRCLE ( 'NONE', #2215, 0.8250000000000001776 ) ;
#479 = CARTESIAN_POINT ( 'NONE',  ( 0.8000000000000003775, 8.147048265945289351E-17, -0.5500000000000000444 ) ) ;
#480 = DIRECTION ( 'NONE',  ( 1.000000000000000000, -0.0000000000000000000, 0.0000000000000000000 ) ) ;
#481 = FILL_AREA_STYLE ('',( #1569 ) ) ;
#482 = ORIENTED_EDGE ( 'NONE', *, *, #2149, .F. ) ;
#483 = LINE ( 'NONE', #1585, #800 ) ;
#484 = PLANE ( 'NONE',  #1826 ) ;
#485 = DIRECTION ( 'NONE',  ( -0.0000000000000000000, 0.0000000000000000000, -1.000000000000000000 ) ) ;
#486 = FACE_OUTER_BOUND ( 'NONE', #129, .T. ) ;
#487 = SURFACE_STYLE_USAGE ( .BOTH. , #1421 ) ;
#488 = VECTOR ( 'NONE', #175, 1000.000000000000000 ) ;
#489 = ORIENTED_EDGE ( 'NONE', *, *, #261, .T. ) ;
#490 = ORIENTED_EDGE ( 'NONE', *, *, #1302, .F. ) ;
#491 = DIRECTION ( 'NONE',  ( -0.0000000000000000000, -0.0000000000000000000, 1.000000000000000000 ) ) ;
#492 = MECHANICAL_DESIGN_GEOMETRIC_PRESENTATION_REPRESENTATION (  '', ( #132 ), #1083 ) ;
#493 = VECTOR ( 'NONE', #1112, 1000.000000000000000 ) ;
#494 = DIRECTION ( 'NONE',  ( -1.084202172485507589E-15, -1.000000000000000000, 0.0000000000000000000 ) ) ;
#495 = FACE_OUTER_BOUND ( 'NONE', #997, .T. ) ;
#496 = LINE ( 'NONE', #2724, #1997 ) ;
#497 = CLOSED_SHELL ( 'NONE', ( #2496, #1643, #2356, #384, #2187, #341 ) ) ;
#498 = AXIS2_PLACEMENT_3D ( 'NONE', #2500, #527, #1604 ) ;
#499 = ORIENTED_EDGE ( 'NONE', *, *, #2029, .T. ) ;
#500 = LINE ( 'NONE', #1147, #358 ) ;
#501 = CARTESIAN_POINT ( 'NONE',  ( 0.8000000000000000444, 1.600000000000000755, -0.5500000000000000444 ) ) ;
#502 =( GEOMETRIC_REPRESENTATION_CONTEXT ( 3 ) GLOBAL_UNCERTAINTY_ASSIGNED_CONTEXT ( ( #1192 ) ) GLOBAL_UNIT_ASSIGNED_CONTEXT ( ( #2762, #2540, #417 ) ) REPRESENTATION_CONTEXT ( 'NONE', 'WORKASPACE' ) );
#503 = UNCERTAINTY_MEASURE_WITH_UNIT (LENGTH_MEASURE( 1.000000000000000082E-05 ), #851, 'distance_accuracy_value', 'NONE');
#504 = SURFACE_STYLE_USAGE ( .BOTH. , #2501 ) ;
#505 = DIRECTION ( 'NONE',  ( 0.0000000000000000000, 0.0000000000000000000, -1.000000000000000000 ) ) ;
#506 = ADVANCED_FACE ( 'NONE', ( #2819 ), #1039, .F. ) ;
#507 = LINE ( 'NONE', #1165, #1803 ) ;
#508 = ORIENTED_EDGE ( 'NONE', *, *, #253, .T. ) ;
#509 = ORIENTED_EDGE ( 'NONE', *, *, #1420, .F. ) ;
#510 = CARTESIAN_POINT ( 'NONE',  ( 0.3000000000000003775, 0.5000000000000001110, -0.05000000000000000278 ) ) ;
#511 = LINE ( 'NONE', #1797, #2191 ) ;
#512 = LINE ( 'NONE', #749, #1858 ) ;
#513 = VERTEX_POINT ( 'NONE', #600 ) ;
#514 = PLANE ( 'NONE',  #2836 ) ;
#515 = FACE_OUTER_BOUND ( 'NONE', #151, .T. ) ;
#516 = FILL_AREA_STYLE_COLOUR ( '', #1246 ) ;
#517 = EDGE_CURVE ( 'NONE', #285, #1584, #1710, .T. ) ;
#518 = CARTESIAN_POINT ( 'NONE',  ( 0.0000000000000000000, 0.0000000000000000000, -0.05000000000000000278 ) ) ;
#519 = ORIENTED_EDGE ( 'NONE', *, *, #2484, .F. ) ;
#520 = LINE ( 'NONE', #886, #95 ) ;
#521 = MANIFOLD_SOLID_BREP ( 'Boss-Extrude2', #337 ) ;
#522 = CARTESIAN_POINT ( 'NONE',  ( 0.0000000000000000000, 2.100000000000000089, 0.0000000000000000000 ) ) ;
#523 = COLOUR_RGB ( '',0.7803921568627451011, 0.7607843137254901578, 0.7411764705882353255 ) ;
#524 = VECTOR ( 'NONE', #2589, 1000.000000000000000 ) ;
#525 = ORIENTED_EDGE ( 'NONE', *, *, #549, .F. ) ;
#526 = CARTESIAN_POINT ( 'NONE',  ( 1.800000000000000044, 0.5000000000000001110, -0.05000000000000000278 ) ) ;
#527 = DIRECTION ( 'NONE',  ( -1.000000000000000000, 0.0000000000000000000, -0.0000000000000000000 ) ) ;
#528 = UNCERTAINTY_MEASURE_WITH_UNIT (LENGTH_MEASURE( 1.000000000000000082E-05 ), #429, 'distance_accuracy_value', 'NONE');
#529 = PRESENTATION_STYLE_ASSIGNMENT (( #504 ) ) ;
#530 = FILL_AREA_STYLE_COLOUR ( '', #305 ) ;
#531 = ORIENTED_EDGE ( 'NONE', *, *, #212, .F. ) ;
#532 = CARTESIAN_POINT ( 'NONE',  ( 0.3000000000000003775, 0.5000000000000001110, -0.5500000000000000444 ) ) ;
#533 = MANIFOLD_SOLID_BREP ( 'Boss-Extrude6[2]', #497 ) ;
#534 = PRESENTATION_LAYER_ASSIGNMENT (  '', '', ( #539 ) ) ;
#535 = CARTESIAN_POINT ( 'NONE',  ( 0.0000000000000000000, 2.100000000000000089, 0.4500000000000000111 ) ) ;
#536 = ADVANCED_FACE ( 'NONE', ( #2802 ), #1518, .F. ) ;
#537 = LINE ( 'NONE', #43, #2700 ) ;
#538 = FACE_OUTER_BOUND ( 'NONE', #705, .T. ) ;
#539 = STYLED_ITEM ( 'NONE', ( #1389 ), #1723 ) ;
#540 = SURFACE_STYLE_FILL_AREA ( #1213 ) ;
#541 =( GEOMETRIC_REPRESENTATION_CONTEXT ( 3 ) GLOBAL_UNCERTAINTY_ASSIGNED_CONTEXT ( ( #334 ) ) GLOBAL_UNIT_ASSIGNED_CONTEXT ( ( #263, #1801, #2468 ) ) REPRESENTATION_CONTEXT ( 'NONE', 'WORKASPACE' ) );
#542 = EDGE_CURVE ( 'NONE', #1043, #166, #1368, .T. ) ;
#543 = ORIENTED_EDGE ( 'NONE', *, *, #2310, .T. ) ;
#544 = SURFACE_SIDE_STYLE ('',( #2513 ) ) ;
#545 = DIRECTION ( 'NONE',  ( -1.000000000000000000, 0.0000000000000000000, -0.0000000000000000000 ) ) ;
#546 = EDGE_CURVE ( 'NONE', #285, #2665, #2241, .T. ) ;
#547 = DIRECTION ( 'NONE',  ( 4.336808689942019708E-16, 1.000000000000000000, 0.0000000000000000000 ) ) ;
#548 = COLOUR_RGB ( '',0.7803921568627451011, 0.7607843137254901578, 0.7411764705882353255 ) ;
#549 = EDGE_CURVE ( 'NONE', #1436, #228, #2023, .T. ) ;
#550 = CARTESIAN_POINT ( 'NONE',  ( 1.800000000000000266, 2.100000000000000533, -0.05000000000000000278 ) ) ;
#551 = VERTEX_POINT ( 'NONE', #510 ) ;
#552 = CARTESIAN_POINT ( 'NONE',  ( 2.100000000000000089, 2.100000000000000089, -0.05000000000000000278 ) ) ;
#553 = LINE ( 'NONE', #342, #1932 ) ;
#554 = DIRECTION ( 'NONE',  ( -0.0000000000000000000, 0.0000000000000000000, 1.000000000000000000 ) ) ;
#555 = PLANE ( 'NONE',  #2352 ) ;
#556 = FILL_AREA_STYLE ('',( #2331 ) ) ;
#557 = EDGE_CURVE ( 'NONE', #1043, #204, #2507, .T. ) ;
#558 = VERTEX_POINT ( 'NONE', #111 ) ;
#559 = LINE ( 'NONE', #332, #667 ) ;
#560 = DIRECTION ( 'NONE',  ( -0.0000000000000000000, -0.0000000000000000000, 1.000000000000000000 ) ) ;
#561 = VECTOR ( 'NONE', #993, 1000.000000000000000 ) ;
#562 = UNCERTAINTY_MEASURE_WITH_UNIT (LENGTH_MEASURE( 1.000000000000000082E-05 ), #733, 'distance_accuracy_value', 'NONE');
#563 = ORIENTED_EDGE ( 'NONE', *, *, #802, .F. ) ;
#564 = MANIFOLD_SOLID_BREP ( 'Boss-Extrude6[1]', #1927 ) ;
#565 = VECTOR ( 'NONE', #2032, 1000.000000000000000 ) ;
#566 = LINE ( 'NONE', #681, #2181 ) ;
#567 = ORIENTED_EDGE ( 'NONE', *, *, #1736, .F. ) ;
#568 = LINE ( 'NONE', #1208, #2741 ) ;
#569 = FACE_OUTER_BOUND ( 'NONE', #414, .T. ) ;
#570 = SURFACE_STYLE_USAGE ( .BOTH. , #1657 ) ;
#571 = ORIENTED_EDGE ( 'NONE', *, *, #174, .T. ) ;
#572 = VECTOR ( 'NONE', #386, 1000.000000000000000 ) ;
#573 = CARTESIAN_POINT ( 'NONE',  ( 0.0000000000000000000, 0.0000000000000000000, -0.05000000000000000278 ) ) ;
#574 = SURFACE_STYLE_FILL_AREA ( #362 ) ;
#575 = ORIENTED_EDGE ( 'NONE', *, *, #2061, .F. ) ;
#576 = DIRECTION ( 'NONE',  ( -0.0000000000000000000, -0.0000000000000000000, 1.000000000000000000 ) ) ;
#577 = CARTESIAN_POINT ( 'NONE',  ( 0.8000000000000001554, 2.100000000000000089, -0.05000000000000000278 ) ) ;
#578 = PLANE ( 'NONE',  #63 ) ;
#579 = DIRECTION ( 'NONE',  ( 0.0000000000000000000, 1.000000000000000000, 0.0000000000000000000 ) ) ;
#580 = EDGE_CURVE ( 'NONE', #2413, #1297, #1638, .T. ) ;
#581 = FILL_AREA_STYLE_COLOUR ( '', #322 ) ;
#582 =( GEOMETRIC_REPRESENTATION_CONTEXT ( 3 ) GLOBAL_UNCERTAINTY_ASSIGNED_CONTEXT ( ( #1218 ) ) GLOBAL_UNIT_ASSIGNED_CONTEXT ( ( #1303, #2793, #607 ) ) REPRESENTATION_CONTEXT ( 'NONE', 'WORKASPACE' ) );
#583 = ORIENTED_EDGE ( 'NONE', *, *, #52, .F. ) ;
#584 = COLOUR_RGB ( '',0.7803921568627451011, 0.7607843137254901578, 0.7411764705882353255 ) ;
#585 = DIRECTION ( 'NONE',  ( 1.000000000000000000, 0.0000000000000000000, 0.0000000000000000000 ) ) ;
#586 = FACE_OUTER_BOUND ( 'NONE', #1956, .T. ) ;
#587 = PRESENTATION_STYLE_ASSIGNMENT (( #1672 ) ) ;
#588 =( GEOMETRIC_REPRESENTATION_CONTEXT ( 3 ) GLOBAL_UNCERTAINTY_ASSIGNED_CONTEXT ( ( #1098 ) ) GLOBAL_UNIT_ASSIGNED_CONTEXT ( ( #850, #220, #434 ) ) REPRESENTATION_CONTEXT ( 'NONE', 'WORKASPACE' ) );
#589 = VECTOR ( 'NONE', #106, 1000.000000000000000 ) ;
#590 = EDGE_LOOP ( 'NONE', ( #2158, #1949, #1234, #1313 ) ) ;
#591 = ORIENTED_EDGE ( 'NONE', *, *, #2465, .T. ) ;
#592 = EDGE_CURVE ( 'NONE', #1828, #1659, #553, .T. ) ;
#593 = STYLED_ITEM ( 'NONE', ( #2208 ), #1347 ) ;
#594 = EDGE_CURVE ( 'NONE', #2398, #1436, #100, .T. ) ;
#595 = AXIS2_PLACEMENT_3D ( 'NONE', #1183, #702, #494 ) ;
#596 = CARTESIAN_POINT ( 'NONE',  ( 0.0000000000000000000, 0.0000000000000000000, 0.0000000000000000000 ) ) ;
#597 = CARTESIAN_POINT ( 'NONE',  ( 0.0000000000000000000, 0.0000000000000000000, 0.0000000000000000000 ) ) ;
#598 = PRESENTATION_STYLE_ASSIGNMENT (( #1452 ) ) ;
#599 = ORIENTED_EDGE ( 'NONE', *, *, #958, .F. ) ;
#600 = CARTESIAN_POINT ( 'NONE',  ( 0.9500000000000005107, 0.4999999999999990563, 0.0000000000000000000 ) ) ;
#601 = VERTEX_POINT ( 'NONE', #1845 ) ;
#602 = ORIENTED_EDGE ( 'NONE', *, *, #2554, .F. ) ;
#603 = DIRECTION ( 'NONE',  ( 1.000000000000000000, 0.0000000000000000000, 0.0000000000000000000 ) ) ;
#604 = EDGE_CURVE ( 'NONE', #2255, #98, #1625, .T. ) ;
#605 = PRESENTATION_STYLE_ASSIGNMENT (( #1019 ) ) ;
#606 = MECHANICAL_DESIGN_GEOMETRIC_PRESENTATION_REPRESENTATION (  '', ( #1470 ), #2810 ) ;
#607 =( NAMED_UNIT ( * ) SI_UNIT ( $, .STERADIAN. ) SOLID_ANGLE_UNIT ( ) );
#608 = AXIS2_PLACEMENT_3D ( 'NONE', #1605, #2806, #1713 ) ;
#609 = DIRECTION ( 'NONE',  ( -1.000000000000000000, 2.168404344971008868E-16, 0.0000000000000000000 ) ) ;
#610 = LINE ( 'NONE', #398, #47 ) ;
#611 = COLOUR_RGB ( '',0.007843137254901960675, 0.2392156862745097867, 0.8235294117647058432 ) ;
#612 = FILL_AREA_STYLE_COLOUR ( '', #279 ) ;
#613 = CARTESIAN_POINT ( 'NONE',  ( 1.800000000000000044, 0.0000000000000000000, -0.05000000000000000278 ) ) ;
#614 = ORIENTED_EDGE ( 'NONE', *, *, #2433, .F. ) ;
#615 = VERTEX_POINT ( 'NONE', #119 ) ;
#616 = DIRECTION ( 'NONE',  ( 1.000000000000000000, 0.0000000000000000000, 0.0000000000000000000 ) ) ;
#617 = VECTOR ( 'NONE', #102, 1000.000000000000000 ) ;
#618 = CARTESIAN_POINT ( 'NONE',  ( 0.3000000000000003775, 1.836970198721031906E-17, -0.05000000000000000278 ) ) ;
#619 = EDGE_LOOP ( 'NONE', ( #1111, #1622, #186, #2635 ) ) ;
#620 = DIRECTION ( 'NONE',  ( 1.000000000000000000, 0.0000000000000000000, -0.0000000000000000000 ) ) ;
#621 =( NAMED_UNIT ( * ) SI_UNIT ( $, .STERADIAN. ) SOLID_ANGLE_UNIT ( ) );
#622 = EDGE_CURVE ( 'NONE', #159, #831, #1432, .T. ) ;
#623 = VECTOR ( 'NONE', #1613, 1000.000000000000000 ) ;
#624 = ORIENTED_EDGE ( 'NONE', *, *, #2545, .T. ) ;
#625 = ORIENTED_EDGE ( 'NONE', *, *, #1094, .F. ) ;
#626 = VECTOR ( 'NONE', #1859, 1000.000000000000000 ) ;
#627 = DIRECTION ( 'NONE',  ( -0.0000000000000000000, -1.000000000000000000, -0.0000000000000000000 ) ) ;
#628 = VECTOR ( 'NONE', #2552, 1000.000000000000000 ) ;
#629 = CARTESIAN_POINT ( 'NONE',  ( 0.0000000000000000000, 2.100000000000000089, -0.5500000000000000444 ) ) ;
#630 = MECHANICAL_DESIGN_GEOMETRIC_PRESENTATION_REPRESENTATION (  '', ( #2373 ), #2648 ) ;
#631 = SURFACE_STYLE_FILL_AREA ( #1704 ) ;
#632 = LINE ( 'NONE', #1503, #207 ) ;
#633 = ORIENTED_EDGE ( 'NONE', *, *, #747, .F. ) ;
#634 =( NAMED_UNIT ( * ) PLANE_ANGLE_UNIT ( ) SI_UNIT ( $, .RADIAN. ) );
#635 = AXIS2_PLACEMENT_3D ( 'NONE', #2144, #2315, #190 ) ;
#636 = EDGE_CURVE ( 'NONE', #551, #2127, #2483, .T. ) ;
#637 = LINE ( 'NONE', #2831, #992 ) ;
#638 = PRESENTATION_STYLE_ASSIGNMENT (( #2610 ) ) ;
#639 = ORIENTED_EDGE ( 'NONE', *, *, #2704, .T. ) ;
#640 = EDGE_LOOP ( 'NONE', ( #1095, #614, #2131, #885 ) ) ;
#641 = LINE ( 'NONE', #2161, #1970 ) ;
#642 = LINE ( 'NONE', #1510, #947 ) ;
#643 = FACE_OUTER_BOUND ( 'NONE', #1202, .T. ) ;
#644 = SURFACE_STYLE_FILL_AREA ( #1102 ) ;
#645 = ORIENTED_EDGE ( 'NONE', *, *, #2199, .T. ) ;
#646 = PLANE ( 'NONE',  #2649 ) ;
#647 = ORIENTED_EDGE ( 'NONE', *, *, #1701, .F. ) ;
#648 = EDGE_LOOP ( 'NONE', ( #2079, #2678 ) ) ;
#649 = FACE_OUTER_BOUND ( 'NONE', #2130, .T. ) ;
#650 = FILL_AREA_STYLE ('',( #2653 ) ) ;
#651 = AXIS2_PLACEMENT_3D ( 'NONE', #108, #730, #2504 ) ;
#652 = ADVANCED_FACE ( 'NONE', ( #742 ), #2075, .F. ) ;
#653 = LINE ( 'NONE', #1715, #887 ) ;
#654 = ORIENTED_EDGE ( 'NONE', *, *, #2064, .F. ) ;
#655 = DIRECTION ( 'NONE',  ( -0.0000000000000000000, -0.0000000000000000000, 1.000000000000000000 ) ) ;
#656 = ADVANCED_FACE ( 'NONE', ( #2728 ), #708, .F. ) ;
#657 = CARTESIAN_POINT ( 'NONE',  ( 1.050000000000000044, 1.050000000000000044, 0.4500000000000000111 ) ) ;
#658 =( NAMED_UNIT ( * ) PLANE_ANGLE_UNIT ( ) SI_UNIT ( $, .RADIAN. ) );
#659 = ORIENTED_EDGE ( 'NONE', *, *, #709, .T. ) ;
#660 = ORIENTED_EDGE ( 'NONE', *, *, #802, .T. ) ;
#661 = CARTESIAN_POINT ( 'NONE',  ( 0.0000000000000000000, 0.0000000000000000000, -0.5500000000000000444 ) ) ;
#662 = DIRECTION ( 'NONE',  ( -0.0000000000000000000, -1.000000000000000000, -0.0000000000000000000 ) ) ;
#663 = UNCERTAINTY_MEASURE_WITH_UNIT (LENGTH_MEASURE( 1.000000000000000082E-05 ), #231, 'distance_accuracy_value', 'NONE');
#664 = APPLICATION_CONTEXT ( 'automotive_design' ) ;
#665 = VECTOR ( 'NONE', #67, 1000.000000000000000 ) ;
#666 = EDGE_CURVE ( 'NONE', #2100, #841, #294, .T. ) ;
#667 = VECTOR ( 'NONE', #2059, 1000.000000000000000 ) ;
#668 = CARTESIAN_POINT ( 'NONE',  ( 1.149999999999999689, 0.5000000000000008882, 0.2500000000000000000 ) ) ;
#669 = VECTOR ( 'NONE', #265, 1000.000000000000000 ) ;
#670 = PLANE ( 'NONE',  #2473 ) ;
#671 = DIRECTION ( 'NONE',  ( 0.0000000000000000000, 0.0000000000000000000, -1.000000000000000000 ) ) ;
#672 = ORIENTED_EDGE ( 'NONE', *, *, #2310, .F. ) ;
#673 = ORIENTED_EDGE ( 'NONE', *, *, #753, .F. ) ;
#674 = VECTOR ( 'NONE', #1641, 1000.000000000000000 ) ;
#675 = FACE_OUTER_BOUND ( 'NONE', #640, .T. ) ;
#676 = VECTOR ( 'NONE', #905, 1000.000000000000000 ) ;
#677 =( LENGTH_UNIT ( ) NAMED_UNIT ( * ) SI_UNIT ( .MILLI., .METRE. ) );
#678 =( NAMED_UNIT ( * ) PLANE_ANGLE_UNIT ( ) SI_UNIT ( $, .RADIAN. ) );
#679 = EDGE_LOOP ( 'NONE', ( #69, #1925, #242, #2615 ) ) ;
#680 = CARTESIAN_POINT ( 'NONE',  ( 0.8000000000000003775, 8.147048265945289351E-17, -0.5500000000000000444 ) ) ;
#681 = CARTESIAN_POINT ( 'NONE',  ( 1.800000000000000266, 2.100000000000000089, -0.5500000000000000444 ) ) ;
#682 = DIRECTION ( 'NONE',  ( 1.000000000000000000, 0.0000000000000000000, 0.0000000000000000000 ) ) ;
#683 = EDGE_CURVE ( 'NONE', #1445, #1941, #2714, .T. ) ;
#684 = CARTESIAN_POINT ( 'NONE',  ( 0.9500000000000005107, 0.4999999999999990563, 0.2500000000000000000 ) ) ;
#685 = CARTESIAN_POINT ( 'NONE',  ( 0.3000000000000001554, 2.100000000000000533, -0.05000000000000000278 ) ) ;
#686 = ORIENTED_EDGE ( 'NONE', *, *, #244, .T. ) ;
#687 = EDGE_LOOP ( 'NONE', ( #2397, #2260, #2185, #859 ) ) ;
#688 = LINE ( 'NONE', #479, #454 ) ;
#689 = FACE_OUTER_BOUND ( 'NONE', #210, .T. ) ;
#690 = FACE_OUTER_BOUND ( 'NONE', #388, .T. ) ;
#691 = AXIS2_PLACEMENT_3D ( 'NONE', #1487, #2119, #1931 ) ;
#692 = VERTEX_POINT ( 'NONE', #2696 ) ;
#693 = CARTESIAN_POINT ( 'NONE',  ( 1.300000000000000044, 0.5000000000000001110, -0.5500000000000000444 ) ) ;
#694 = VECTOR ( 'NONE', #1840, 1000.000000000000000 ) ;
#695 = FACE_OUTER_BOUND ( 'NONE', #1545, .T. ) ;
#696 = SURFACE_STYLE_USAGE ( .BOTH. , #1990 ) ;
#697 = DIRECTION ( 'NONE',  ( -0.0000000000000000000, 0.0000000000000000000, 1.000000000000000000 ) ) ;
#698 = ORIENTED_EDGE ( 'NONE', *, *, #2757, .F. ) ;
#699 = EDGE_LOOP ( 'NONE', ( #1982, #1491, #1800, #1244 ) ) ;
#700 = STYLED_ITEM ( 'NONE', ( #605 ), #2421 ) ;
#701 = MECHANICAL_DESIGN_GEOMETRIC_PRESENTATION_REPRESENTATION (  '', ( #257 ), #1073 ) ;
#702 = DIRECTION ( 'NONE',  ( -1.000000000000000000, 1.084202172485507589E-15, 0.0000000000000000000 ) ) ;
#703 = DIRECTION ( 'NONE',  ( 0.0000000000000000000, 0.0000000000000000000, 1.000000000000000000 ) ) ;
#704 = DIRECTION ( 'NONE',  ( 0.0000000000000000000, 1.000000000000000000, 0.0000000000000000000 ) ) ;
#705 = EDGE_LOOP ( 'NONE', ( #39, #2833, #2177, #2480 ) ) ;
#706 = ADVANCED_FACE ( 'NONE', ( #957 ), #728, .F. ) ;
#707 = DIRECTION ( 'NONE',  ( -1.000000000000000000, 0.0000000000000000000, 0.0000000000000000000 ) ) ;
#708 = PLANE ( 'NONE',  #201 ) ;
#709 = EDGE_CURVE ( 'NONE', #104, #1686, #1063, .T. ) ;
#710 = DIRECTION ( 'NONE',  ( 0.0000000000000000000, -0.0000000000000000000, 1.000000000000000000 ) ) ;
#711 = EDGE_CURVE ( 'NONE', #2127, #2103, #818, .T. ) ;
#712 = DIRECTION ( 'NONE',  ( 0.0000000000000000000, 1.000000000000000000, 0.0000000000000000000 ) ) ;
#713 = STYLED_ITEM ( 'NONE', ( #131 ), #2661 ) ;
#714 = ORIENTED_EDGE ( 'NONE', *, *, #1052, .F. ) ;
#715 = VERTEX_POINT ( 'NONE', #420 ) ;
#716 = DIRECTION ( 'NONE',  ( 0.0000000000000000000, -1.000000000000000000, 0.0000000000000000000 ) ) ;
#717 = STYLED_ITEM ( 'NONE', ( #1130 ), #2510 ) ;
#718 = CARTESIAN_POINT ( 'NONE',  ( 1.800000000000000044, 1.676046441958042464E-17, -0.5500000000000000444 ) ) ;
#719 = CARTESIAN_POINT ( 'NONE',  ( 0.3000000000000003775, 1.836970198721031906E-17, -0.5500000000000000444 ) ) ;
#720 = CARTESIAN_POINT ( 'NONE',  ( 0.9500000000000005107, 0.4999999999999990563, 0.2500000000000000000 ) ) ;
#721 = SURFACE_SIDE_STYLE ('',( #61 ) ) ;
#722 =( NAMED_UNIT ( * ) PLANE_ANGLE_UNIT ( ) SI_UNIT ( $, .RADIAN. ) );
#723 = EDGE_CURVE ( 'NONE', #2371, #2140, #1265, .T. ) ;
#724 = ORIENTED_EDGE ( 'NONE', *, *, #1149, .F. ) ;
#725 = CARTESIAN_POINT ( 'NONE',  ( 0.8000000000000000444, 1.600000000000000755, -0.5500000000000000444 ) ) ;
#726 =( LENGTH_UNIT ( ) NAMED_UNIT ( * ) SI_UNIT ( .MILLI., .METRE. ) );
#727 = STYLED_ITEM ( 'NONE', ( #900 ), #314 ) ;
#728 = PLANE ( 'NONE',  #608 ) ;
#729 = LINE ( 'NONE', #1607, #356 ) ;
#730 = DIRECTION ( 'NONE',  ( 0.0000000000000000000, 1.000000000000000000, 0.0000000000000000000 ) ) ;
#731 = VERTEX_POINT ( 'NONE', #1896 ) ;
#732 = VERTEX_POINT ( 'NONE', #2132 ) ;
#733 =( LENGTH_UNIT ( ) NAMED_UNIT ( * ) SI_UNIT ( .MILLI., .METRE. ) );
#734 = LINE ( 'NONE', #71, #1461 ) ;
#735 = DIRECTION ( 'NONE',  ( 1.000000000000000000, 0.0000000000000000000, 0.0000000000000000000 ) ) ;
#736 = ADVANCED_FACE ( 'NONE', ( #1921 ), #167, .F. ) ;
#737 = CLOSED_SHELL ( 'NONE', ( #812, #302, #138, #2112, #1757, #2058, #2270, #2661 ) ) ;
#738 = ORIENTED_EDGE ( 'NONE', *, *, #162, .F. ) ;
#739 = DIRECTION ( 'NONE',  ( -0.0000000000000000000, 1.000000000000000000, -0.0000000000000000000 ) ) ;
#740 = VECTOR ( 'NONE', #1823, 1000.000000000000000 ) ;
#741 = CARTESIAN_POINT ( 'NONE',  ( 0.9500000000000005107, 1.599999999999999201, 0.2500000000000000000 ) ) ;
#742 = FACE_OUTER_BOUND ( 'NONE', #2239, .T. ) ;
#743 = ADVANCED_FACE ( 'NONE', ( #1884 ), #2765, .F. ) ;
#744 = CARTESIAN_POINT ( 'NONE',  ( 1.800000000000000266, 2.100000000000000089, -0.05000000000000000278 ) ) ;
#745 = ORIENTED_EDGE ( 'NONE', *, *, #433, .T. ) ;
#746 = DIRECTION ( 'NONE',  ( 1.000000000000000000, 0.0000000000000000000, 0.0000000000000000000 ) ) ;
#747 = EDGE_CURVE ( 'NONE', #2406, #2822, #806, .T. ) ;
#748 = CARTESIAN_POINT ( 'NONE',  ( 2.100000000000000089, 2.100000000000000089, -0.05000000000000000278 ) ) ;
#749 = CARTESIAN_POINT ( 'NONE',  ( 1.800000000000000044, 0.0000000000000000000, -0.05000000000000000278 ) ) ;
#750 = PRESENTATION_LAYER_ASSIGNMENT (  '', '', ( #2499 ) ) ;
#751 = DIRECTION ( 'NONE',  ( -0.0000000000000000000, -0.0000000000000000000, 1.000000000000000000 ) ) ;
#752 = VECTOR ( 'NONE', #2099, 1000.000000000000000 ) ;
#753 = EDGE_CURVE ( 'NONE', #2140, #234, #1699, .T. ) ;
#754 = ORIENTED_EDGE ( 'NONE', *, *, #972, .T. ) ;
#755 = FACE_OUTER_BOUND ( 'NONE', #2773, .T. ) ;
#756 =( NAMED_UNIT ( * ) PLANE_ANGLE_UNIT ( ) SI_UNIT ( $, .RADIAN. ) );
#757 = UNCERTAINTY_MEASURE_WITH_UNIT (LENGTH_MEASURE( 1.000000000000000082E-05 ), #329, 'distance_accuracy_value', 'NONE');
#758 = AXIS2_PLACEMENT_3D ( 'NONE', #1816, #1532, #467 ) ;
#759 = EDGE_CURVE ( 'NONE', #418, #68, #2585, .T. ) ;
#760 = CARTESIAN_POINT ( 'NONE',  ( 0.8000000000000003775, 0.5000000000000001110, -0.5500000000000000444 ) ) ;
#761 = ORIENTED_EDGE ( 'NONE', *, *, #1493, .F. ) ;
#762 = FILL_AREA_STYLE ('',( #2767 ) ) ;
#763 = LINE ( 'NONE', #2109, #1288 ) ;
#764 = COLOUR_RGB ( '',0.1019607843137254888, 0.1019607843137254888, 0.1019607843137254888 ) ;
#765 = LINE ( 'NONE', #128, #674 ) ;
#766 = AXIS2_PLACEMENT_3D ( 'NONE', #1161, #1771, #2201 ) ;
#767 = ORIENTED_EDGE ( 'NONE', *, *, #2638, .F. ) ;
#768 = CYLINDRICAL_SURFACE ( 'NONE', #221, 0.8250000000000001776 ) ;
#769 = CARTESIAN_POINT ( 'NONE',  ( 0.0000000000000000000, 2.100000000000000089, -0.05000000000000000278 ) ) ;
#770 = DIRECTION ( 'NONE',  ( -1.000000000000000000, -0.0000000000000000000, -0.0000000000000000000 ) ) ;
#771 = VERTEX_POINT ( 'NONE', #2823 ) ;
#772 = DIRECTION ( 'NONE',  ( 0.0000000000000000000, -0.0000000000000000000, -1.000000000000000000 ) ) ;
#773 = EDGE_LOOP ( 'NONE', ( #1103, #575, #1230, #2147 ) ) ;
#774 = CARTESIAN_POINT ( 'NONE',  ( 1.875000000000000444, 1.050000000000000044, 0.3499999999999999778 ) ) ;
#775 = CARTESIAN_POINT ( 'NONE',  ( 0.0000000000000000000, 2.100000000000000089, -0.05000000000000000278 ) ) ;
#776 = CARTESIAN_POINT ( 'NONE',  ( 0.3000000000000003775, 1.836970198721031906E-17, -0.5500000000000000444 ) ) ;
#777 = CARTESIAN_POINT ( 'NONE',  ( 1.050000000000000044, 1.050000000000000044, 0.3499999999999999778 ) ) ;
#778 = ORIENTED_EDGE ( 'NONE', *, *, #622, .T. ) ;
#779 = SURFACE_STYLE_USAGE ( .BOTH. , #1013 ) ;
#780 = FILL_AREA_STYLE_COLOUR ( '', #955 ) ;
#781 = ORIENTED_EDGE ( 'NONE', *, *, #2335, .T. ) ;
#782 = CARTESIAN_POINT ( 'NONE',  ( 0.2999999999999992117, -1.301042606982602609E-16, -0.05000000000000000278 ) ) ;
#783 = ADVANCED_FACE ( 'NONE', ( #2543 ), #407, .F. ) ;
#784 = ORIENTED_EDGE ( 'NONE', *, *, #2152, .F. ) ;
#785 = CARTESIAN_POINT ( 'NONE',  ( 1.800000000000000266, 0.0000000000000000000, -0.05000000000000000278 ) ) ;
#786 = LINE ( 'NONE', #2339, #1115 ) ;
#787 =( LENGTH_UNIT ( ) NAMED_UNIT ( * ) SI_UNIT ( .MILLI., .METRE. ) );
#788 = ORIENTED_EDGE ( 'NONE', *, *, #1727, .F. ) ;
#789 = EDGE_CURVE ( 'NONE', #1181, #1976, #2570, .T. ) ;
#790 = AXIS2_PLACEMENT_3D ( 'NONE', #518, #2266, #1392 ) ;
#791 = ORIENTED_EDGE ( 'NONE', *, *, #412, .F. ) ;
#792 = EDGE_CURVE ( 'NONE', #159, #2071, #2377, .T. ) ;
#793 = EDGE_LOOP ( 'NONE', ( #135, #1429, #2467, #2386 ) ) ;
#794 = PRODUCT ( 'FM-B2020RGBA-HG', 'FM-B2020RGBA-HG', '', ( #1123 ) ) ;
#795 =( LENGTH_UNIT ( ) NAMED_UNIT ( * ) SI_UNIT ( .MILLI., .METRE. ) );
#796 = FILL_AREA_STYLE_COLOUR ( '', #1620 ) ;
#797 = LINE ( 'NONE', #618, #2124 ) ;
#798 = VECTOR ( 'NONE', #940, 1000.000000000000000 ) ;
#799 = ORIENTED_EDGE ( 'NONE', *, *, #860, .T. ) ;
#800 = VECTOR ( 'NONE', #2449, 1000.000000000000000 ) ;
#801 = SURFACE_STYLE_FILL_AREA ( #2594 ) ;
#802 = EDGE_CURVE ( 'NONE', #1486, #1535, #136, .T. ) ;
#803 = COLOUR_RGB ( '',0.8588235294117646523, 0.8588235294117646523, 0.8588235294117646523 ) ;
#804 = ORIENTED_EDGE ( 'NONE', *, *, #1466, .F. ) ;
#805 = ORIENTED_EDGE ( 'NONE', *, *, #2807, .T. ) ;
#806 = LINE ( 'NONE', #1044, #2297 ) ;
#807 = VECTOR ( 'NONE', #1531, 1000.000000000000000 ) ;
#808 = LINE ( 'NONE', #1267, #849 ) ;
#809 = LINE ( 'NONE', #1268, #1451 ) ;
#810 = DIRECTION ( 'NONE',  ( 4.336808689942019708E-16, 1.000000000000000000, 0.0000000000000000000 ) ) ;
#811 = CARTESIAN_POINT ( 'NONE',  ( 1.800000000000000266, 2.100000000000000089, -0.5500000000000000444 ) ) ;
#812 = ADVANCED_FACE ( 'NONE', ( #1662 ), #2788, .F. ) ;
#813 = DIRECTION ( 'NONE',  ( -0.0000000000000000000, 1.000000000000000000, 0.0000000000000000000 ) ) ;
#814 = PLANE ( 'NONE',  #142 ) ;
#815 = DIRECTION ( 'NONE',  ( 0.0000000000000000000, 0.0000000000000000000, 1.000000000000000000 ) ) ;
#816 = VERTEX_POINT ( 'NONE', #680 ) ;
#817 = ORIENTED_EDGE ( 'NONE', *, *, #792, .T. ) ;
#818 = LINE ( 'NONE', #195, #969 ) ;
#819 = CARTESIAN_POINT ( 'NONE',  ( 0.0000000000000000000, 2.100000000000000089, -0.5500000000000000444 ) ) ;
#820 = DIRECTION ( 'NONE',  ( -0.0000000000000000000, -0.0000000000000000000, 1.000000000000000000 ) ) ;
#821 = ORIENTED_EDGE ( 'NONE', *, *, #2324, .F. ) ;
#822 = EDGE_CURVE ( 'NONE', #1962, #1808, #5, .T. ) ;
#823 = LINE ( 'NONE', #2141, #2052 ) ;
#824 =( GEOMETRIC_REPRESENTATION_CONTEXT ( 3 ) GLOBAL_UNCERTAINTY_ASSIGNED_CONTEXT ( ( #562 ) ) GLOBAL_UNIT_ASSIGNED_CONTEXT ( ( #733, #1168, #232 ) ) REPRESENTATION_CONTEXT ( 'NONE', 'WORKASPACE' ) );
#825 = VECTOR ( 'NONE', #239, 1000.000000000000000 ) ;
#826 = PRESENTATION_LAYER_ASSIGNMENT (  '', '', ( #1703 ) ) ;
#827 = SURFACE_STYLE_FILL_AREA ( #1722 ) ;
#828 = EDGE_CURVE ( 'NONE', #2596, #1436, #641, .T. ) ;
#829 = CARTESIAN_POINT ( 'NONE',  ( 0.9500000000000005107, 0.4999999999999990563, 0.2500000000000000000 ) ) ;
#830 = DIRECTION ( 'NONE',  ( 0.0000000000000000000, -0.0000000000000000000, -1.000000000000000000 ) ) ;
#831 = VERTEX_POINT ( 'NONE', #1969 ) ;
#832 = VECTOR ( 'NONE', #1051, 1000.000000000000000 ) ;
#833 = ORIENTED_EDGE ( 'NONE', *, *, #711, .F. ) ;
#834 = DIRECTION ( 'NONE',  ( -0.0000000000000000000, -0.0000000000000000000, 1.000000000000000000 ) ) ;
#835 = AXIS2_PLACEMENT_3D ( 'NONE', #657, #2411, #452 ) ;
#836 =( NAMED_UNIT ( * ) PLANE_ANGLE_UNIT ( ) SI_UNIT ( $, .RADIAN. ) );
#837 = FILL_AREA_STYLE_COLOUR ( '', #360 ) ;
#838 = ADVANCED_FACE ( 'NONE', ( #649 ), #1072, .T. ) ;
#839 = CARTESIAN_POINT ( 'NONE',  ( 0.0000000000000000000, 2.100000000000000089, 0.4500000000000000111 ) ) ;
#840 = CARTESIAN_POINT ( 'NONE',  ( 0.8000000000000001554, 2.100000000000000089, -0.5500000000000000444 ) ) ;
#841 = VERTEX_POINT ( 'NONE', #1728 ) ;
#842 = LINE ( 'NONE', #2382, #1542 ) ;
#843 = AXIS2_PLACEMENT_3D ( 'NONE', #192, #480, #289 ) ;
#844 = SURFACE_SIDE_STYLE ('',( #2039 ) ) ;
#845 = ORIENTED_EDGE ( 'NONE', *, *, #872, .T. ) ;
#846 = ORIENTED_EDGE ( 'NONE', *, *, #759, .F. ) ;
#847 =( GEOMETRIC_REPRESENTATION_CONTEXT ( 3 ) GLOBAL_UNCERTAINTY_ASSIGNED_CONTEXT ( ( #1618 ) ) GLOBAL_UNIT_ASSIGNED_CONTEXT ( ( #1548, #1781, #946 ) ) REPRESENTATION_CONTEXT ( 'NONE', 'WORKASPACE' ) );
#848 = DIRECTION ( 'NONE',  ( 0.0000000000000000000, 0.0000000000000000000, -1.000000000000000000 ) ) ;
#849 = VECTOR ( 'NONE', #2094, 1000.000000000000000 ) ;
#850 =( LENGTH_UNIT ( ) NAMED_UNIT ( * ) SI_UNIT ( .MILLI., .METRE. ) );
#851 =( LENGTH_UNIT ( ) NAMED_UNIT ( * ) SI_UNIT ( .MILLI., .METRE. ) );
#852 = FACE_OUTER_BOUND ( 'NONE', #2595, .T. ) ;
#853 = ORIENTED_EDGE ( 'NONE', *, *, #125, .F. ) ;
#854 = LINE ( 'NONE', #2372, #1318 ) ;
#855 = AXIS2_PLACEMENT_3D ( 'NONE', #1791, #2007, #1778 ) ;
#856 = LINE ( 'NONE', #160, #130 ) ;
#857 = ORIENTED_EDGE ( 'NONE', *, *, #1815, .T. ) ;
#858 = ORIENTED_EDGE ( 'NONE', *, *, #1340, .T. ) ;
#859 = ORIENTED_EDGE ( 'NONE', *, *, #1319, .T. ) ;
#860 = EDGE_CURVE ( 'NONE', #199, #1071, #205, .T. ) ;
#861 = DIRECTION ( 'NONE',  ( -0.0000000000000000000, -0.0000000000000000000, 1.000000000000000000 ) ) ;
#862 = SURFACE_SIDE_STYLE ('',( #1958 ) ) ;
#863 = FILL_AREA_STYLE ('',( #2627 ) ) ;
#864 = EDGE_CURVE ( 'NONE', #277, #2255, #1788, .T. ) ;
#865 = LINE ( 'NONE', #2628, #825 ) ;
#866 = FACE_BOUND ( 'NONE', #2329, .T. ) ;
#867 = ORIENTED_EDGE ( 'NONE', *, *, #666, .T. ) ;
#868 = MECHANICAL_DESIGN_GEOMETRIC_PRESENTATION_REPRESENTATION (  '', ( #154 ), #2576 ) ;
#869 =( GEOMETRIC_REPRESENTATION_CONTEXT ( 3 ) GLOBAL_UNCERTAINTY_ASSIGNED_CONTEXT ( ( #1985 ) ) GLOBAL_UNIT_ASSIGNED_CONTEXT ( ( #2526, #1882, #78 ) ) REPRESENTATION_CONTEXT ( 'NONE', 'WORKASPACE' ) );
#870 = SURFACE_SIDE_STYLE ('',( #12 ) ) ;
#871 = CARTESIAN_POINT ( 'NONE',  ( 1.149999999999999911, 0.7000000000000002887, 0.2500000000000000000 ) ) ;
#872 = EDGE_CURVE ( 'NONE', #930, #1739, #1572, .T. ) ;
#873 = ORIENTED_EDGE ( 'NONE', *, *, #1746, .F. ) ;
#874 = ORIENTED_EDGE ( 'NONE', *, *, #103, .T. ) ;
#875 = CARTESIAN_POINT ( 'NONE',  ( 1.875000000000000444, 1.050000000000000044, 0.3499999999999999778 ) ) ;
#876 = CARTESIAN_POINT ( 'NONE',  ( 0.9500000000000005107, 0.9500000000000002887, 0.2500000000000000000 ) ) ;
#877 = ADVANCED_FACE ( 'NONE', ( #2431 ), #443, .F. ) ;
#878 = VECTOR ( 'NONE', #1240, 1000.000000000000000 ) ;
#879 =( NAMED_UNIT ( * ) PLANE_ANGLE_UNIT ( ) SI_UNIT ( $, .RADIAN. ) );
#880 = DIRECTION ( 'NONE',  ( 1.000000000000000000, 0.0000000000000000000, -0.0000000000000000000 ) ) ;
#881 = VECTOR ( 'NONE', #1924, 1000.000000000000000 ) ;
#882 = PLANE ( 'NONE',  #121 ) ;
#883 = DIRECTION ( 'NONE',  ( 0.0000000000000000000, 0.0000000000000000000, -1.000000000000000000 ) ) ;
#884 = ORIENTED_EDGE ( 'NONE', *, *, #1420, .T. ) ;
#885 = ORIENTED_EDGE ( 'NONE', *, *, #31, .T. ) ;
#886 = CARTESIAN_POINT ( 'NONE',  ( 0.0000000000000000000, 2.100000000000000089, 0.0000000000000000000 ) ) ;
#887 = VECTOR ( 'NONE', #208, 1000.000000000000000 ) ;
#888 = FILL_AREA_STYLE ('',( #2210 ) ) ;
#889 = CARTESIAN_POINT ( 'NONE',  ( 0.0000000000000000000, 0.0000000000000000000, -0.05000000000000000278 ) ) ;
#890 = EDGE_LOOP ( 'NONE', ( #2246, #2749, #2342, #2565 ) ) ;
#891 = FACE_OUTER_BOUND ( 'NONE', #648, .T. ) ;
#892 = AXIS2_PLACEMENT_3D ( 'NONE', #79, #2434, #505 ) ;
#893 = CARTESIAN_POINT ( 'NONE',  ( 2.100000000000000089, 2.100000000000000089, 0.0000000000000000000 ) ) ;
#894 = EDGE_CURVE ( 'NONE', #1455, #2413, #411, .T. ) ;
#895 = UNCERTAINTY_MEASURE_WITH_UNIT (LENGTH_MEASURE( 1.000000000000000082E-05 ), #1204, 'distance_accuracy_value', 'NONE');
#896 = STYLED_ITEM ( 'NONE', ( #2378 ), #1547 ) ;
#897 =( NAMED_UNIT ( * ) SI_UNIT ( $, .STERADIAN. ) SOLID_ANGLE_UNIT ( ) );
#898 = COLOUR_RGB ( '',0.7803921568627451011, 0.7607843137254901578, 0.7411764705882353255 ) ;
#899 = SURFACE_STYLE_FILL_AREA ( #460 ) ;
#900 = PRESENTATION_STYLE_ASSIGNMENT (( #696 ) ) ;
#901 = CARTESIAN_POINT ( 'NONE',  ( 1.300000000000000044, 0.0000000000000000000, -0.5500000000000000444 ) ) ;
#902 = ORIENTED_EDGE ( 'NONE', *, *, #592, .F. ) ;
#903 = ORIENTED_EDGE ( 'NONE', *, *, #517, .T. ) ;
#904 = VECTOR ( 'NONE', #2046, 1000.000000000000000 ) ;
#905 = DIRECTION ( 'NONE',  ( -1.000000000000000000, 4.336808689942016750E-16, 0.0000000000000000000 ) ) ;
#906 = AXIS2_PLACEMENT_3D ( 'NONE', #2240, #1154, #313 ) ;
#907 = DIRECTION ( 'NONE',  ( 0.0000000000000000000, 1.000000000000000000, 0.0000000000000000000 ) ) ;
#908 = LINE ( 'NONE', #318, #219 ) ;
#909 = EDGE_CURVE ( 'NONE', #1577, #1327, #2188, .T. ) ;
#910 = ORIENTED_EDGE ( 'NONE', *, *, #92, .F. ) ;
#911 = LINE ( 'NONE', #875, #1769 ) ;
#912 = FILL_AREA_STYLE_COLOUR ( '', #1848 ) ;
#913 = CARTESIAN_POINT ( 'NONE',  ( 0.8000000000000003775, 0.5000000000000001110, -0.05000000000000000278 ) ) ;
#914 = FACE_OUTER_BOUND ( 'NONE', #773, .T. ) ;
#915 = CARTESIAN_POINT ( 'NONE',  ( 0.0000000000000000000, 0.0000000000000000000, 0.4500000000000000111 ) ) ;
#916 = LINE ( 'NONE', #8, #1298 ) ;
#917 = ORIENTED_EDGE ( 'NONE', *, *, #1266, .T. ) ;
#918 = EDGE_LOOP ( 'NONE', ( #2385, #1504, #1595, #1069 ) ) ;
#919 = PLANE ( 'NONE',  #1191 ) ;
#920 = EDGE_CURVE ( 'NONE', #1883, #1644, #1538, .T. ) ;
#921 = LINE ( 'NONE', #1581, #1258 ) ;
#922 = CARTESIAN_POINT ( 'NONE',  ( 0.9500000000000005107, 1.599999999999999201, 0.2500000000000000000 ) ) ;
#923 = AXIS2_PLACEMENT_3D ( 'NONE', #2597, #2105, #2557 ) ;
#924 = VERTEX_POINT ( 'NONE', #30 ) ;
#925 = SURFACE_SIDE_STYLE ('',( #1537 ) ) ;
#926 = CARTESIAN_POINT ( 'NONE',  ( 1.800000000000000266, 0.0000000000000000000, -0.5500000000000000444 ) ) ;
#927 = DIRECTION ( 'NONE',  ( 0.0000000000000000000, 0.0000000000000000000, -1.000000000000000000 ) ) ;
#928 = DIRECTION ( 'NONE',  ( 1.084202172485507589E-15, 1.000000000000000000, -0.0000000000000000000 ) ) ;
#929 = VERTEX_POINT ( 'NONE', #893 ) ;
#930 = VERTEX_POINT ( 'NONE', #970 ) ;
#931 = CARTESIAN_POINT ( 'NONE',  ( 0.3000000000000003775, 1.836970198721031906E-17, -0.5500000000000000444 ) ) ;
#932 = EDGE_CURVE ( 'NONE', #1883, #1081, #2017, .T. ) ;
#933 = DIRECTION ( 'NONE',  ( 1.000000000000000000, 0.0000000000000000000, 0.0000000000000000000 ) ) ;
#934 = SURFACE_SIDE_STYLE ('',( #1198 ) ) ;
#935 = CARTESIAN_POINT ( 'NONE',  ( 0.0000000000000000000, 2.100000000000000089, 0.4500000000000000111 ) ) ;
#936 = LINE ( 'NONE', #2198, #1626 ) ;
#937 = ORIENTED_EDGE ( 'NONE', *, *, #125, .T. ) ;
#938 = DIRECTION ( 'NONE',  ( -1.000000000000000000, 0.0000000000000000000, 0.0000000000000000000 ) ) ;
#939 = CARTESIAN_POINT ( 'NONE',  ( 0.0000000000000000000, 0.0000000000000000000, -0.5500000000000000444 ) ) ;
#940 = DIRECTION ( 'NONE',  ( 1.000000000000000000, 0.0000000000000000000, 0.0000000000000000000 ) ) ;
#941 =( GEOMETRIC_REPRESENTATION_CONTEXT ( 3 ) GLOBAL_UNCERTAINTY_ASSIGNED_CONTEXT ( ( #1822 ) ) GLOBAL_UNIT_ASSIGNED_CONTEXT ( ( #2427, #2463, #1171 ) ) REPRESENTATION_CONTEXT ( 'NONE', 'WORKASPACE' ) );
#942 = PLANE ( 'NONE',  #2826 ) ;
#943 = PRESENTATION_LAYER_ASSIGNMENT (  '', '', ( #2179 ) ) ;
#944 = ORIENTED_EDGE ( 'NONE', *, *, #546, .T. ) ;
#945 = VERTEX_POINT ( 'NONE', #1203 ) ;
#946 =( NAMED_UNIT ( * ) SI_UNIT ( $, .STERADIAN. ) SOLID_ANGLE_UNIT ( ) );
#947 = VECTOR ( 'NONE', #1540, 1000.000000000000000 ) ;
#948 = PRESENTATION_STYLE_ASSIGNMENT (( #2459 ) ) ;
#949 = VECTOR ( 'NONE', #707, 1000.000000000000000 ) ;
#950 = CARTESIAN_POINT ( 'NONE',  ( 0.9500000000000005107, 1.599999999999999201, 0.2500000000000000000 ) ) ;
#951 = DIRECTION ( 'NONE',  ( 0.0000000000000000000, -1.000000000000000000, 0.0000000000000000000 ) ) ;
#952 = VECTOR ( 'NONE', #464, 1000.000000000000000 ) ;
#953 = ORIENTED_EDGE ( 'NONE', *, *, #2763, .F. ) ;
#954 = EDGE_CURVE ( 'NONE', #1327, #1471, #2482, .T. ) ;
#955 = COLOUR_RGB ( '',0.7803921568627451011, 0.7607843137254901578, 0.7411764705882353255 ) ;
#956 = UNCERTAINTY_MEASURE_WITH_UNIT (LENGTH_MEASURE( 1.000000000000000082E-05 ), #2003, 'distance_accuracy_value', 'NONE');
#957 = FACE_OUTER_BOUND ( 'NONE', #2487, .T. ) ;
#958 = EDGE_CURVE ( 'NONE', #2334, #615, #2248, .T. ) ;
#959 = CARTESIAN_POINT ( 'NONE',  ( 0.0000000000000000000, 0.0000000000000000000, 0.0000000000000000000 ) ) ;
#960 = VERTEX_POINT ( 'NONE', #1646 ) ;
#961 = EDGE_CURVE ( 'NONE', #1207, #98, #333, .T. ) ;
#962 = CARTESIAN_POINT ( 'NONE',  ( 1.300000000000000266, 2.100000000000000089, -0.5500000000000000444 ) ) ;
#963 = DIRECTION ( 'NONE',  ( 0.0000000000000000000, 0.0000000000000000000, 1.000000000000000000 ) ) ;
#964 = DIRECTION ( 'NONE',  ( 0.0000000000000000000, -0.0000000000000000000, 1.000000000000000000 ) ) ;
#965 = CYLINDRICAL_SURFACE ( 'NONE', #168, 0.8250000000000001776 ) ;
#966 = DIRECTION ( 'NONE',  ( 1.000000000000000000, 0.0000000000000000000, 0.0000000000000000000 ) ) ;
#967 = EDGE_LOOP ( 'NONE', ( #1434, #761, #256, #1522 ) ) ;
#968 = PLANE ( 'NONE',  #88 ) ;
#969 = VECTOR ( 'NONE', #180, 1000.000000000000000 ) ;
#970 = CARTESIAN_POINT ( 'NONE',  ( 0.9500000000000005107, 0.9500000000000002887, 0.2500000000000000000 ) ) ;
#971 = FILL_AREA_STYLE_COLOUR ( '', #157 ) ;
#972 = EDGE_CURVE ( 'NONE', #405, #1962, #2742, .T. ) ;
#973 = LINE ( 'NONE', #2731, #1708 ) ;
#974 = VERTEX_POINT ( 'NONE', #769 ) ;
#975 = CARTESIAN_POINT ( 'NONE',  ( 0.3000000000000001554, 2.100000000000000533, -0.5500000000000000444 ) ) ;
#976 = FILL_AREA_STYLE_COLOUR ( '', #611 ) ;
#977 = CARTESIAN_POINT ( 'NONE',  ( 1.300000000000000044, 0.5000000000000001110, -0.5500000000000000444 ) ) ;
#978 =( LENGTH_UNIT ( ) NAMED_UNIT ( * ) SI_UNIT ( .MILLI., .METRE. ) );
#979 =( GEOMETRIC_REPRESENTATION_CONTEXT ( 3 ) GLOBAL_UNCERTAINTY_ASSIGNED_CONTEXT ( ( #2539 ) ) GLOBAL_UNIT_ASSIGNED_CONTEXT ( ( #209, #2176, #2657 ) ) REPRESENTATION_CONTEXT ( 'NONE', 'WORKASPACE' ) );
#980 = DIRECTION ( 'NONE',  ( 0.0000000000000000000, -0.0000000000000000000, 1.000000000000000000 ) ) ;
#981 = ORIENTED_EDGE ( 'NONE', *, *, #1689, .T. ) ;
#982 = CARTESIAN_POINT ( 'NONE',  ( 0.9500000000000005107, 1.150000000000000355, 0.2500000000000000000 ) ) ;
#983 = SURFACE_STYLE_USAGE ( .BOTH. , #118 ) ;
#984 = VECTOR ( 'NONE', #1292, 1000.000000000000000 ) ;
#985 = UNCERTAINTY_MEASURE_WITH_UNIT (LENGTH_MEASURE( 1.000000000000000082E-05 ), #1526, 'distance_accuracy_value', 'NONE');
#986 = SURFACE_STYLE_FILL_AREA ( #1648 ) ;
#987 = CARTESIAN_POINT ( 'NONE',  ( 0.3000000000000000444, 2.100000000000000089, -0.5500000000000000444 ) ) ;
#988 = EDGE_LOOP ( 'NONE', ( #1770, #1377, #781, #903 ) ) ;
#989 = CARTESIAN_POINT ( 'NONE',  ( 0.0000000000000000000, 1.600000000000000755, -0.05000000000000000278 ) ) ;
#990 = VECTOR ( 'NONE', #53, 1000.000000000000000 ) ;
#991 = CARTESIAN_POINT ( 'NONE',  ( 0.2249999999999998390, 1.050000000000000044, 0.3499999999999999778 ) ) ;
#992 = VECTOR ( 'NONE', #1025, 1000.000000000000000 ) ;
#993 = DIRECTION ( 'NONE',  ( 0.0000000000000000000, 1.000000000000000000, 0.0000000000000000000 ) ) ;
#994 = CARTESIAN_POINT ( 'NONE',  ( 1.300000000000000266, 2.100000000000000533, -0.05000000000000000278 ) ) ;
#995 = AXIS2_PLACEMENT_3D ( 'NONE', #1611, #40, #1564 ) ;
#996 = FILL_AREA_STYLE ('',( #2085 ) ) ;
#997 = EDGE_LOOP ( 'NONE', ( #660, #2019, #1920, #2 ) ) ;
#998 = VECTOR ( 'NONE', #1374, 1000.000000000000000 ) ;
#999 = DIRECTION ( 'NONE',  ( -0.0000000000000000000, -0.0000000000000000000, 1.000000000000000000 ) ) ;
#1000 = LINE ( 'NONE', #361, #91 ) ;
#1001 = ORIENTED_EDGE ( 'NONE', *, *, #2715, .T. ) ;
#1002 = MECHANICAL_DESIGN_GEOMETRIC_PRESENTATION_REPRESENTATION (  '', ( #1730 ), #502 ) ;
#1003 = CARTESIAN_POINT ( 'NONE',  ( 0.0000000000000000000, 2.100000000000000089, -0.05000000000000000278 ) ) ;
#1004 = DIRECTION ( 'NONE',  ( 0.0000000000000000000, -1.000000000000000000, 0.0000000000000000000 ) ) ;
#1005 = ORIENTED_EDGE ( 'NONE', *, *, #1534, .T. ) ;
#1006 = DIRECTION ( 'NONE',  ( 0.0000000000000000000, 0.0000000000000000000, -1.000000000000000000 ) ) ;
#1007 = DIRECTION ( 'NONE',  ( 1.000000000000000000, 0.0000000000000000000, 0.0000000000000000000 ) ) ;
#1008 = CARTESIAN_POINT ( 'NONE',  ( 0.8000000000000003775, 8.147048265945289351E-17, -0.5500000000000000444 ) ) ;
#1009 = DIRECTION ( 'NONE',  ( 1.000000000000000000, 0.0000000000000000000, 0.0000000000000000000 ) ) ;
#1010 = ADVANCED_FACE ( 'NONE', ( #1617 ), #484, .T. ) ;
#1011 = ORIENTED_EDGE ( 'NONE', *, *, #753, .T. ) ;
#1012 = CARTESIAN_POINT ( 'NONE',  ( 0.3000000000000003775, 0.0000000000000000000, -0.5500000000000000444 ) ) ;
#1013 = SURFACE_SIDE_STYLE ('',( #1242 ) ) ;
#1014 = ADVANCED_FACE ( 'NONE', ( #1821 ), #1417, .F. ) ;
#1015 = EDGE_LOOP ( 'NONE', ( #1351, #531, #647, #2344 ) ) ;
#1016 = AXIS2_PLACEMENT_3D ( 'NONE', #1910, #1030, #2346 ) ;
#1017 = ORIENTED_EDGE ( 'NONE', *, *, #1905, .F. ) ;
#1018 = MECHANICAL_DESIGN_GEOMETRIC_PRESENTATION_REPRESENTATION (  '', ( #1338 ), #2771 ) ;
#1019 = SURFACE_STYLE_USAGE ( .BOTH. , #1046 ) ;
#1020 = CARTESIAN_POINT ( 'NONE',  ( 1.300000000000000266, 2.100000000000000533, -0.05000000000000000278 ) ) ;
#1021 = DIRECTION ( 'NONE',  ( 1.000000000000000000, 0.0000000000000000000, 0.0000000000000000000 ) ) ;
#1022 = CARTESIAN_POINT ( 'NONE',  ( 0.7999999999999997113, -1.734723475976806355E-16, -0.05000000000000000278 ) ) ;
#1023 = ADVANCED_FACE ( 'NONE', ( #1386 ), #2469, .T. ) ;
#1024 = ORIENTED_EDGE ( 'NONE', *, *, #1342, .F. ) ;
#1025 = DIRECTION ( 'NONE',  ( 0.0000000000000000000, 1.000000000000000000, 0.0000000000000000000 ) ) ;
#1026 = AXIS2_PLACEMENT_3D ( 'NONE', #2672, #697, #2614 ) ;
#1027 = CARTESIAN_POINT ( 'NONE',  ( 1.875000000000000444, 1.050000000000000044, 0.4500000000000000111 ) ) ;
#1028 = SURFACE_STYLE_FILL_AREA ( #2360 ) ;
#1029 = ORIENTED_EDGE ( 'NONE', *, *, #1264, .F. ) ;
#1030 = DIRECTION ( 'NONE',  ( -1.000000000000000000, 0.0000000000000000000, -0.0000000000000000000 ) ) ;
#1031 = DIRECTION ( 'NONE',  ( 0.0000000000000000000, -1.000000000000000000, 0.0000000000000000000 ) ) ;
#1032 = ADVANCED_FACE ( 'NONE', ( #515 ), #1853, .T. ) ;
#1033 = DIRECTION ( 'NONE',  ( 4.336808689942019708E-16, 1.000000000000000000, -0.0000000000000000000 ) ) ;
#1034 = FACE_OUTER_BOUND ( 'NONE', #1294, .T. ) ;
#1035 = DIRECTION ( 'NONE',  ( 0.0000000000000000000, 0.0000000000000000000, 1.000000000000000000 ) ) ;
#1036 = MECHANICAL_DESIGN_GEOMETRIC_PRESENTATION_REPRESENTATION (  '', ( #1767 ), #2090 ) ;
#1037 = AXIS2_PLACEMENT_3D ( 'NONE', #1819, #1603, #2694 ) ;
#1038 = SURFACE_STYLE_FILL_AREA ( #2156 ) ;
#1039 = PLANE ( 'NONE',  #1835 ) ;
#1040 = EDGE_CURVE ( 'NONE', #2028, #615, #2679, .T. ) ;
#1041 = STYLED_ITEM ( 'NONE', ( #2616 ), #1172 ) ;
#1042 = ORIENTED_EDGE ( 'NONE', *, *, #1805, .F. ) ;
#1043 = VERTEX_POINT ( 'NONE', #293 ) ;
#1044 = CARTESIAN_POINT ( 'NONE',  ( 1.300000000000000266, 1.600000000000000755, -0.5500000000000000444 ) ) ;
#1045 = EDGE_CURVE ( 'NONE', #1941, #2391, #1162, .T. ) ;
#1046 = SURFACE_SIDE_STYLE ('',( #367 ) ) ;
#1047 = FACE_OUTER_BOUND ( 'NONE', #1305, .T. ) ;
#1048 = EDGE_CURVE ( 'NONE', #1976, #732, #1000, .T. ) ;
#1049 = MECHANICAL_DESIGN_GEOMETRIC_PRESENTATION_REPRESENTATION (  '', ( #727 ), #2419 ) ;
#1050 = FACE_OUTER_BOUND ( 'NONE', #2051, .T. ) ;
#1051 = DIRECTION ( 'NONE',  ( -1.000000000000000000, 0.0000000000000000000, 0.0000000000000000000 ) ) ;
#1052 = EDGE_CURVE ( 'NONE', #1471, #1808, #161, .T. ) ;
#1053 = ORIENTED_EDGE ( 'NONE', *, *, #683, .F. ) ;
#1054 = DIRECTION ( 'NONE',  ( -0.0000000000000000000, -0.0000000000000000000, -1.000000000000000000 ) ) ;
#1055 =( NAMED_UNIT ( * ) SI_UNIT ( $, .STERADIAN. ) SOLID_ANGLE_UNIT ( ) );
#1056 = SURFACE_STYLE_FILL_AREA ( #888 ) ;
#1057 = ORIENTED_EDGE ( 'NONE', *, *, #604, .T. ) ;
#1058 = ORIENTED_EDGE ( 'NONE', *, *, #1729, .F. ) ;
#1059 = CARTESIAN_POINT ( 'NONE',  ( 0.0000000000000000000, 0.0000000000000000000, 0.0000000000000000000 ) ) ;
#1060 = ADVANCED_FACE ( 'NONE', ( #1893 ), #1217, .F. ) ;
#1061 = CARTESIAN_POINT ( 'NONE',  ( 0.8000000000000003775, 8.147048265945289351E-17, -0.5500000000000000444 ) ) ;
#1062 =( NAMED_UNIT ( * ) PLANE_ANGLE_UNIT ( ) SI_UNIT ( $, .RADIAN. ) );
#1063 = CIRCLE ( 'NONE', #691, 0.8250000000000001776 ) ;
#1064 = PLANE ( 'NONE',  #2593 ) ;
#1065 = PLANE ( 'NONE',  #74 ) ;
#1066 = ORIENTED_EDGE ( 'NONE', *, *, #2152, .T. ) ;
#1067 =( LENGTH_UNIT ( ) NAMED_UNIT ( * ) SI_UNIT ( .MILLI., .METRE. ) );
#1068 =( NAMED_UNIT ( * ) PLANE_ANGLE_UNIT ( ) SI_UNIT ( $, .RADIAN. ) );
#1069 = ORIENTED_EDGE ( 'NONE', *, *, #828, .T. ) ;
#1070 = MECHANICAL_DESIGN_GEOMETRIC_PRESENTATION_REPRESENTATION (  '', ( #700 ), #476 ) ;
#1071 = VERTEX_POINT ( 'NONE', #2538 ) ;
#1072 = PLANE ( 'NONE',  #2202 ) ;
#1073 =( GEOMETRIC_REPRESENTATION_CONTEXT ( 3 ) GLOBAL_UNCERTAINTY_ASSIGNED_CONTEXT ( ( #2217 ) ) GLOBAL_UNIT_ASSIGNED_CONTEXT ( ( #978, #2493, #2736 ) ) REPRESENTATION_CONTEXT ( 'NONE', 'WORKASPACE' ) );
#1074 =( NAMED_UNIT ( * ) SI_UNIT ( $, .STERADIAN. ) SOLID_ANGLE_UNIT ( ) );
#1075 = PLANE ( 'NONE',  #2070 ) ;
#1076 = LINE ( 'NONE', #1332, #1441 ) ;
#1077 = ORIENTED_EDGE ( 'NONE', *, *, #2798, .F. ) ;
#1078 = CARTESIAN_POINT ( 'NONE',  ( 0.9500000000000005107, 0.7000000000000002887, 0.2500000000000000000 ) ) ;
#1079 = DIRECTION ( 'NONE',  ( 1.000000000000000000, 0.0000000000000000000, -0.0000000000000000000 ) ) ;
#1080 = MECHANICAL_DESIGN_GEOMETRIC_PRESENTATION_REPRESENTATION (  '', ( #713 ), #2001 ) ;
#1081 = VERTEX_POINT ( 'NONE', #573 ) ;
#1082 = EDGE_LOOP ( 'NONE', ( #639, #419, #1904, #778 ) ) ;
#1083 =( GEOMETRIC_REPRESENTATION_CONTEXT ( 3 ) GLOBAL_UNCERTAINTY_ASSIGNED_CONTEXT ( ( #985 ) ) GLOBAL_UNIT_ASSIGNED_CONTEXT ( ( #1526, #1062, #206 ) ) REPRESENTATION_CONTEXT ( 'NONE', 'WORKASPACE' ) );
#1084 = VECTOR ( 'NONE', #2824, 1000.000000000000000 ) ;
#1085 = CARTESIAN_POINT ( 'NONE',  ( 0.0000000000000000000, 2.100000000000000089, -0.05000000000000000278 ) ) ;
#1086 = SURFACE_STYLE_USAGE ( .BOTH. , #1742 ) ;
#1087 = DIRECTION ( 'NONE',  ( 0.0000000000000000000, 0.0000000000000000000, 1.000000000000000000 ) ) ;
#1088 = LINE ( 'NONE', #2437, #2121 ) ;
#1089 = EDGE_LOOP ( 'NONE', ( #1919, #672, #2527, #2200 ) ) ;
#1090 = LINE ( 'NONE', #1963, #1683 ) ;
#1091 = PRESENTATION_LAYER_ASSIGNMENT (  '', '', ( #1730 ) ) ;
#1092 = ADVANCED_FACE ( 'NONE', ( #586 ), #2550, .F. ) ;
#1093 =( NAMED_UNIT ( * ) SI_UNIT ( $, .STERADIAN. ) SOLID_ANGLE_UNIT ( ) );
#1094 = EDGE_CURVE ( 'NONE', #178, #945, #1539, .T. ) ;
#1095 = ORIENTED_EDGE ( 'NONE', *, *, #592, .T. ) ;
#1096 = ORIENTED_EDGE ( 'NONE', *, *, #594, .T. ) ;
#1097 = CARTESIAN_POINT ( 'NONE',  ( 0.3000000000000003775, 0.0000000000000000000, -0.5500000000000000444 ) ) ;
#1098 = UNCERTAINTY_MEASURE_WITH_UNIT (LENGTH_MEASURE( 1.000000000000000082E-05 ), #850, 'distance_accuracy_value', 'NONE');
#1099 = DIRECTION ( 'NONE',  ( 1.000000000000000000, 0.0000000000000000000, -0.0000000000000000000 ) ) ;
#1100 = DIRECTION ( 'NONE',  ( 0.0000000000000000000, -1.000000000000000000, 0.0000000000000000000 ) ) ;
#1101 = CARTESIAN_POINT ( 'NONE',  ( 0.0000000000000000000, 0.0000000000000000000, -0.5500000000000000444 ) ) ;
#1102 = FILL_AREA_STYLE ('',( #1948 ) ) ;
#1103 = ORIENTED_EDGE ( 'NONE', *, *, #162, .T. ) ;
#1104 = ORIENTED_EDGE ( 'NONE', *, *, #2785, .F. ) ;
#1105 = VECTOR ( 'NONE', #2651, 1000.000000000000000 ) ;
#1106 = DIRECTION ( 'NONE',  ( -0.0000000000000000000, -0.0000000000000000000, -1.000000000000000000 ) ) ;
#1107 =( NAMED_UNIT ( * ) PLANE_ANGLE_UNIT ( ) SI_UNIT ( $, .RADIAN. ) );
#1108 = MECHANICAL_DESIGN_GEOMETRIC_PRESENTATION_REPRESENTATION (  '', ( #17 ), #824 ) ;
#1109 = EDGE_CURVE ( 'NONE', #731, #2114, #1413, .T. ) ;
#1110 =( NAMED_UNIT ( * ) SI_UNIT ( $, .STERADIAN. ) SOLID_ANGLE_UNIT ( ) );
#1111 = ORIENTED_EDGE ( 'NONE', *, *, #723, .T. ) ;
#1112 = DIRECTION ( 'NONE',  ( -0.0000000000000000000, -0.0000000000000000000, 1.000000000000000000 ) ) ;
#1113 = VECTOR ( 'NONE', #1914, 1000.000000000000000 ) ;
#1114 = PLANE ( 'NONE',  #1586 ) ;
#1115 = VECTOR ( 'NONE', #1490, 1000.000000000000000 ) ;
#1116 = VECTOR ( 'NONE', #704, 1000.000000000000000 ) ;
#1117 = DIRECTION ( 'NONE',  ( -1.000000000000000000, 0.0000000000000000000, 0.0000000000000000000 ) ) ;
#1118 = VERTEX_POINT ( 'NONE', #1200 ) ;
#1119 = ORIENTED_EDGE ( 'NONE', *, *, #1818, .T. ) ;
#1120 = SURFACE_STYLE_USAGE ( .BOTH. , #58 ) ;
#1121 = CARTESIAN_POINT ( 'NONE',  ( 0.0000000000000000000, 0.0000000000000000000, 0.0000000000000000000 ) ) ;
#1122 = DIRECTION ( 'NONE',  ( 0.0000000000000000000, -0.0000000000000000000, 1.000000000000000000 ) ) ;
#1123 = PRODUCT_CONTEXT ( 'NONE', #149, 'mechanical' ) ;
#1124 = EDGE_LOOP ( 'NONE', ( #2009, #321, #567, #1285 ) ) ;
#1125 = DIRECTION ( 'NONE',  ( 0.0000000000000000000, 0.0000000000000000000, 1.000000000000000000 ) ) ;
#1126 = AXIS2_PLACEMENT_3D ( 'NONE', #1331, #2218, #2203 ) ;
#1127 =( NAMED_UNIT ( * ) SI_UNIT ( $, .STERADIAN. ) SOLID_ANGLE_UNIT ( ) );
#1128 = UNCERTAINTY_MEASURE_WITH_UNIT (LENGTH_MEASURE( 1.000000000000000082E-05 ), #1971, 'distance_accuracy_value', 'NONE');
#1129 = PRESENTATION_LAYER_ASSIGNMENT (  '', '', ( #2602 ) ) ;
#1130 = PRESENTATION_STYLE_ASSIGNMENT (( #1557 ) ) ;
#1131 = VECTOR ( 'NONE', #739, 1000.000000000000000 ) ;
#1132 = PLANE ( 'NONE',  #444 ) ;
#1133 = ADVANCED_FACE ( 'NONE', ( #2298 ), #2799, .F. ) ;
#1134 = SURFACE_STYLE_FILL_AREA ( #1559 ) ;
#1135 = PLANE ( 'NONE',  #2777 ) ;
#1136 = ORIENTED_EDGE ( 'NONE', *, *, #622, .F. ) ;
#1137 = ORIENTED_EDGE ( 'NONE', *, *, #2433, .T. ) ;
#1138 = PRESENTATION_LAYER_ASSIGNMENT (  '', '', ( #1041 ) ) ;
#1139 =( GEOMETRIC_REPRESENTATION_CONTEXT ( 3 ) GLOBAL_UNCERTAINTY_ASSIGNED_CONTEXT ( ( #1647 ) ) GLOBAL_UNIT_ASSIGNED_CONTEXT ( ( #286, #1336, #1394 ) ) REPRESENTATION_CONTEXT ( 'NONE', 'WORKASPACE' ) );
#1140 = EDGE_CURVE ( 'NONE', #2172, #228, #1864, .T. ) ;
#1141 = LINE ( 'NONE', #1580, #2288 ) ;
#1142 = LINE ( 'NONE', #1355, #2317 ) ;
#1143 = LINE ( 'NONE', #2228, #2409 ) ;
#1144 = AXIS2_PLACEMENT_3D ( 'NONE', #2660, #1812, #59 ) ;
#1145 = CARTESIAN_POINT ( 'NONE',  ( 1.300000000000000266, 2.100000000000000533, -0.5500000000000000444 ) ) ;
#1146 = ORIENTED_EDGE ( 'NONE', *, *, #683, .T. ) ;
#1147 = CARTESIAN_POINT ( 'NONE',  ( 0.9500000000000005107, 1.599999999999999201, 0.0000000000000000000 ) ) ;
#1148 = DIRECTION ( 'NONE',  ( 1.000000000000000000, 0.0000000000000000000, 0.0000000000000000000 ) ) ;
#1149 = EDGE_CURVE ( 'NONE', #1659, #1942, #765, .T. ) ;
#1150 = DIRECTION ( 'NONE',  ( -0.0000000000000000000, 0.0000000000000000000, 1.000000000000000000 ) ) ;
#1151 = DIRECTION ( 'NONE',  ( -1.000000000000000000, 0.0000000000000000000, 0.0000000000000000000 ) ) ;
#1152 = EDGE_LOOP ( 'NONE', ( #2438, #1326, #2673, #845 ) ) ;
#1153 = ORIENTED_EDGE ( 'NONE', *, *, #2545, .F. ) ;
#1154 = DIRECTION ( 'NONE',  ( -1.000000000000000000, 0.0000000000000000000, -0.0000000000000000000 ) ) ;
#1155 = DIRECTION ( 'NONE',  ( -0.0000000000000000000, -0.0000000000000000000, -1.000000000000000000 ) ) ;
#1156 = FACE_OUTER_BOUND ( 'NONE', #90, .T. ) ;
#1157 = CARTESIAN_POINT ( 'NONE',  ( 0.0000000000000000000, 2.100000000000000089, -0.05000000000000000278 ) ) ;
#1158 = CARTESIAN_POINT ( 'NONE',  ( 0.0000000000000000000, 0.0000000000000000000, -0.5500000000000000444 ) ) ;
#1159 = COLOUR_RGB ( '',0.7803921568627451011, 0.7607843137254901578, 0.7411764705882353255 ) ;
#1160 = ORIENTED_EDGE ( 'NONE', *, *, #636, .T. ) ;
#1161 = CARTESIAN_POINT ( 'NONE',  ( 1.050000000000000044, 1.050000000000000044, 0.0000000000000000000 ) ) ;
#1162 = LINE ( 'NONE', #1190, #2517 ) ;
#1163 = CARTESIAN_POINT ( 'NONE',  ( 1.800000000000000266, 0.0000000000000000000, -0.5500000000000000444 ) ) ;
#1164 = CARTESIAN_POINT ( 'NONE',  ( 2.100000000000000089, 0.0000000000000000000, 0.0000000000000000000 ) ) ;
#1165 = CARTESIAN_POINT ( 'NONE',  ( 0.0000000000000000000, 0.0000000000000000000, -0.05000000000000000278 ) ) ;
#1166 = ORIENTED_EDGE ( 'NONE', *, *, #1397, .T. ) ;
#1167 = ORIENTED_EDGE ( 'NONE', *, *, #87, .T. ) ;
#1168 =( NAMED_UNIT ( * ) PLANE_ANGLE_UNIT ( ) SI_UNIT ( $, .RADIAN. ) );
#1169 = CARTESIAN_POINT ( 'NONE',  ( 1.800000000000000044, 0.0000000000000000000, -0.5500000000000000444 ) ) ;
#1170 = PRESENTATION_STYLE_ASSIGNMENT (( #354 ) ) ;
#1171 =( NAMED_UNIT ( * ) SI_UNIT ( $, .STERADIAN. ) SOLID_ANGLE_UNIT ( ) );
#1172 = ADVANCED_FACE ( 'NONE', ( #2523 ), #345, .F. ) ;
#1173 = ORIENTED_EDGE ( 'NONE', *, *, #894, .F. ) ;
#1174 = LINE ( 'NONE', #15, #2047 ) ;
#1175 = PRESENTATION_STYLE_ASSIGNMENT (( #983 ) ) ;
#1176 = EDGE_CURVE ( 'NONE', #1584, #1794, #2195, .T. ) ;
#1177 =( LENGTH_UNIT ( ) NAMED_UNIT ( * ) SI_UNIT ( .MILLI., .METRE. ) );
#1178 = AXIS2_PLACEMENT_3D ( 'NONE', #935, #2495, #1814 ) ;
#1179 = CARTESIAN_POINT ( 'NONE',  ( 1.149999999999999911, 0.7000000000000002887, 0.2500000000000000000 ) ) ;
#1180 = VECTOR ( 'NONE', #359, 1000.000000000000000 ) ;
#1181 = VERTEX_POINT ( 'NONE', #243 ) ;
#1182 = AXIS2_PLACEMENT_3D ( 'NONE', #2031, #323, #1148 ) ;
#1183 = CARTESIAN_POINT ( 'NONE',  ( 1.150000000000000133, 1.149999999999999689, 0.2500000000000000000 ) ) ;
#1184 = DIRECTION ( 'NONE',  ( 0.0000000000000000000, 0.0000000000000000000, 1.000000000000000000 ) ) ;
#1185 = DIRECTION ( 'NONE',  ( 1.000000000000000000, 0.0000000000000000000, 0.0000000000000000000 ) ) ;
#1186 = EDGE_CURVE ( 'NONE', #2542, #277, #200, .T. ) ;
#1187 = AXIS2_PLACEMENT_3D ( 'NONE', #1323, #1505, #620 ) ;
#1188 = EDGE_LOOP ( 'NONE', ( #853, #1536, #599, #519 ) ) ;
#1189 = CARTESIAN_POINT ( 'NONE',  ( 1.149999999999999911, 0.7000000000000002887, 0.0000000000000000000 ) ) ;
#1190 = CARTESIAN_POINT ( 'NONE',  ( 0.0000000000000000000, 2.100000000000000089, -0.5500000000000000444 ) ) ;
#1191 = AXIS2_PLACEMENT_3D ( 'NONE', #85, #907, #258 ) ;
#1192 = UNCERTAINTY_MEASURE_WITH_UNIT (LENGTH_MEASURE( 1.000000000000000082E-05 ), #2762, 'distance_accuracy_value', 'NONE');
#1193 = DIRECTION ( 'NONE',  ( -1.000000000000000000, 0.0000000000000000000, -0.0000000000000000000 ) ) ;
#1194 = ORIENTED_EDGE ( 'NONE', *, *, #1391, .F. ) ;
#1195 = DIRECTION ( 'NONE',  ( -0.0000000000000000000, -0.0000000000000000000, 1.000000000000000000 ) ) ;
#1196 = FILL_AREA_STYLE ('',( #976 ) ) ;
#1197 = CARTESIAN_POINT ( 'NONE',  ( 1.300000000000000266, 0.0000000000000000000, -0.05000000000000000278 ) ) ;
#1198 = SURFACE_STYLE_FILL_AREA ( #2723 ) ;
#1199 = VECTOR ( 'NONE', #1225, 1000.000000000000000 ) ;
#1200 = CARTESIAN_POINT ( 'NONE',  ( 0.9500000000000005107, 1.150000000000000355, 0.0000000000000000000 ) ) ;
#1201 = EDGE_CURVE ( 'NONE', #246, #2719, #823, .T. ) ;
#1202 = EDGE_LOOP ( 'NONE', ( #1496, #1977, #1520, #140 ) ) ;
#1203 = CARTESIAN_POINT ( 'NONE',  ( 0.2250000000000000611, 1.050000000000000044, 0.4500000000000000111 ) ) ;
#1204 =( LENGTH_UNIT ( ) NAMED_UNIT ( * ) SI_UNIT ( .MILLI., .METRE. ) );
#1205 = MECHANICAL_DESIGN_GEOMETRIC_PRESENTATION_REPRESENTATION (  '', ( #295 ), #869 ) ;
#1206 = CARTESIAN_POINT ( 'NONE',  ( 1.300000000000000266, 1.600000000000000755, -0.05000000000000000278 ) ) ;
#1207 = VERTEX_POINT ( 'NONE', #2168 ) ;
#1208 = CARTESIAN_POINT ( 'NONE',  ( 0.9500000000000005107, 1.150000000000000355, 0.2500000000000000000 ) ) ;
#1209 = DIRECTION ( 'NONE',  ( 1.000000000000000000, 0.0000000000000000000, 0.0000000000000000000 ) ) ;
#1210 = CARTESIAN_POINT ( 'NONE',  ( 0.9500000000000005107, 1.599999999999999201, 0.0000000000000000000 ) ) ;
#1211 = CARTESIAN_POINT ( 'NONE',  ( 0.0000000000000000000, 2.100000000000000089, -0.5500000000000000444 ) ) ;
#1212 = AXIS2_PLACEMENT_3D ( 'NONE', #1576, #1321, #473 ) ;
#1213 = FILL_AREA_STYLE ('',( #581 ) ) ;
#1214 = MECHANICAL_DESIGN_GEOMETRIC_PRESENTATION_REPRESENTATION (  '', ( #2447 ), #1574 ) ;
#1215 = ORIENTED_EDGE ( 'NONE', *, *, #42, .T. ) ;
#1216 = SURFACE_SIDE_STYLE ('',( #147 ) ) ;
#1217 = PLANE ( 'NONE',  #1231 ) ;
#1218 = UNCERTAINTY_MEASURE_WITH_UNIT (LENGTH_MEASURE( 1.000000000000000082E-05 ), #1303, 'distance_accuracy_value', 'NONE');
#1219 =( NAMED_UNIT ( * ) PLANE_ANGLE_UNIT ( ) SI_UNIT ( $, .RADIAN. ) );
#1220 = ORIENTED_EDGE ( 'NONE', *, *, #1860, .T. ) ;
#1221 = ORIENTED_EDGE ( 'NONE', *, *, #1466, .T. ) ;
#1222 = CARTESIAN_POINT ( 'NONE',  ( 0.0000000000000000000, 0.5000000000000001110, -0.5500000000000000444 ) ) ;
#1223 = EDGE_CURVE ( 'NONE', #2172, #340, #1718, .T. ) ;
#1224 = AXIS2_PLACEMENT_3D ( 'NONE', #1158, #290, #966 ) ;
#1225 = DIRECTION ( 'NONE',  ( -0.0000000000000000000, -0.0000000000000000000, 1.000000000000000000 ) ) ;
#1226 = CARTESIAN_POINT ( 'NONE',  ( 0.7999999999999997113, -1.734723475976806355E-16, -0.5500000000000000444 ) ) ;
#1227 = VECTOR ( 'NONE', #1873, 1000.000000000000000 ) ;
#1228 = COLOUR_RGB ( '',0.7960784313725489669, 0.8235294117647058432, 0.9372549019607843146 ) ;
#1229 = EDGE_CURVE ( 'NONE', #731, #1, #1937, .T. ) ;
#1230 = ORIENTED_EDGE ( 'NONE', *, *, #34, .F. ) ;
#1231 = AXIS2_PLACEMENT_3D ( 'NONE', #133, #2760, #1671 ) ;
#1232 = LINE ( 'NONE', #2711, #319 ) ;
#1233 =( LENGTH_UNIT ( ) NAMED_UNIT ( * ) SI_UNIT ( .MILLI., .METRE. ) );
#1234 = ORIENTED_EDGE ( 'NONE', *, *, #1109, .T. ) ;
#1235 = VERTEX_POINT ( 'NONE', #1692 ) ;
#1236 = COLOUR_RGB ( '',0.7803921568627451011, 0.7607843137254901578, 0.7411764705882353255 ) ;
#1237 = SURFACE_SIDE_STYLE ('',( #364 ) ) ;
#1238 = EDGE_CURVE ( 'NONE', #2114, #2238, #842, .T. ) ;
#1239 = CARTESIAN_POINT ( 'NONE',  ( 0.0000000000000000000, 0.0000000000000000000, -0.5500000000000000444 ) ) ;
#1240 = DIRECTION ( 'NONE',  ( -0.0000000000000000000, -0.0000000000000000000, 1.000000000000000000 ) ) ;
#1241 = ORIENTED_EDGE ( 'NONE', *, *, #2211, .F. ) ;
#1242 = SURFACE_STYLE_FILL_AREA ( #376 ) ;
#1243 = DIRECTION ( 'NONE',  ( -1.000000000000000000, -9.215718466126825554E-15, 0.0000000000000000000 ) ) ;
#1244 = ORIENTED_EDGE ( 'NONE', *, *, #2452, .T. ) ;
#1245 = SURFACE_STYLE_USAGE ( .BOTH. , #378 ) ;
#1246 = COLOUR_RGB ( '',0.7803921568627451011, 0.7607843137254901578, 0.7411764705882353255 ) ;
#1247 = VERTEX_POINT ( 'NONE', #1295 ) ;
#1248 = AXIS2_PLACEMENT_3D ( 'NONE', #348, #310, #547 ) ;
#1249 = FILL_AREA_STYLE ('',( #796 ) ) ;
#1250 = LINE ( 'NONE', #2402, #2691 ) ;
#1251 = FACE_OUTER_BOUND ( 'NONE', #438, .T. ) ;
#1252 = LINE ( 'NONE', #1008, #572 ) ;
#1253 = CARTESIAN_POINT ( 'NONE',  ( 1.150000000000000133, 1.149999999999999689, 0.2500000000000000000 ) ) ;
#1254 = EDGE_CURVE ( 'NONE', #2238, #1118, #854, .T. ) ;
#1255 = AXIS2_PLACEMENT_3D ( 'NONE', #1528, #2405, #1961 ) ;
#1256 = VERTEX_POINT ( 'NONE', #1735 ) ;
#1257 = SURFACE_SIDE_STYLE ('',( #827 ) ) ;
#1258 = VECTOR ( 'NONE', #1798, 1000.000000000000000 ) ;
#1259 = ADVANCED_FACE ( 'NONE', ( #1926 ), #646, .F. ) ;
#1260 = FILL_AREA_STYLE ('',( #612 ) ) ;
#1261 =( GEOMETRIC_REPRESENTATION_CONTEXT ( 3 ) GLOBAL_UNCERTAINTY_ASSIGNED_CONTEXT ( ( #1360 ) ) GLOBAL_UNIT_ASSIGNED_CONTEXT ( ( #2444, #678, #2690 ) ) REPRESENTATION_CONTEXT ( 'NONE', 'WORKASPACE' ) );
#1262 = EDGE_LOOP ( 'NONE', ( #390, #1562, #2813, #1712 ) ) ;
#1263 = AXIS2_PLACEMENT_3D ( 'NONE', #2098, #1913, #1449 ) ;
#1264 = EDGE_CURVE ( 'NONE', #1955, #2255, #2408, .T. ) ;
#1265 = LINE ( 'NONE', #1688, #1291 ) ;
#1266 = EDGE_CURVE ( 'NONE', #2551, #1577, #610, .T. ) ;
#1267 = CARTESIAN_POINT ( 'NONE',  ( 0.0000000000000000000, 0.0000000000000000000, 0.4500000000000000111 ) ) ;
#1268 = CARTESIAN_POINT ( 'NONE',  ( 2.100000000000000089, 0.0000000000000000000, 0.4500000000000000111 ) ) ;
#1269 = CARTESIAN_POINT ( 'NONE',  ( 2.100000000000000089, 2.100000000000000089, 0.0000000000000000000 ) ) ;
#1270 = CARTESIAN_POINT ( 'NONE',  ( 0.0000000000000000000, 1.600000000000000755, -0.5500000000000000444 ) ) ;
#1271 = CARTESIAN_POINT ( 'NONE',  ( 0.2249999999999998390, 1.050000000000000044, 0.4500000000000000111 ) ) ;
#1272 = MECHANICAL_DESIGN_GEOMETRIC_PRESENTATION_REPRESENTATION (  '', ( #896 ), #582 ) ;
#1273 = EDGE_CURVE ( 'NONE', #1711, #1247, #2607, .T. ) ;
#1274 = COLOUR_RGB ( '',1.000000000000000000, 1.000000000000000000, 1.000000000000000000 ) ;
#1275 =( NAMED_UNIT ( * ) PLANE_ANGLE_UNIT ( ) SI_UNIT ( $, .RADIAN. ) );
#1276 = FACE_OUTER_BOUND ( 'NONE', #988, .T. ) ;
#1277 = AXIS2_PLACEMENT_3D ( 'NONE', #1755, #469, #1314 ) ;
#1278 = ORIENTED_EDGE ( 'NONE', *, *, #909, .T. ) ;
#1279 = ORIENTED_EDGE ( 'NONE', *, *, #2546, .T. ) ;
#1280 = DIRECTION ( 'NONE',  ( 0.0000000000000000000, 1.000000000000000000, 0.0000000000000000000 ) ) ;
#1281 = VECTOR ( 'NONE', #2353, 1000.000000000000000 ) ;
#1282 =( NAMED_UNIT ( * ) PLANE_ANGLE_UNIT ( ) SI_UNIT ( $, .RADIAN. ) );
#1283 = LINE ( 'NONE', #1743, #1398 ) ;
#1284 = FACE_OUTER_BOUND ( 'NONE', #1384, .T. ) ;
#1285 = ORIENTED_EDGE ( 'NONE', *, *, #961, .T. ) ;
#1286 = ORIENTED_EDGE ( 'NONE', *, *, #387, .F. ) ;
#1287 = VERTEX_POINT ( 'NONE', #2178 ) ;
#1288 = VECTOR ( 'NONE', #810, 1000.000000000000000 ) ;
#1289 = CARTESIAN_POINT ( 'NONE',  ( 1.800000000000000044, 0.0000000000000000000, -0.5500000000000000444 ) ) ;
#1290 = LINE ( 'NONE', #1085, #1591 ) ;
#1291 = VECTOR ( 'NONE', #627, 1000.000000000000000 ) ;
#1292 = DIRECTION ( 'NONE',  ( -0.0000000000000000000, -0.0000000000000000000, 1.000000000000000000 ) ) ;
#1293 = DIRECTION ( 'NONE',  ( 1.000000000000000000, -0.0000000000000000000, -0.0000000000000000000 ) ) ;
#1294 = EDGE_LOOP ( 'NONE', ( #1220, #857, #146, #2267 ) ) ;
#1295 = CARTESIAN_POINT ( 'NONE',  ( 1.149999999999999689, 0.5000000000000008882, 0.0000000000000000000 ) ) ;
#1296 = ORIENTED_EDGE ( 'NONE', *, *, #723, .F. ) ;
#1297 = VERTEX_POINT ( 'NONE', #1271 ) ;
#1298 = VECTOR ( 'NONE', #425, 1000.000000000000000 ) ;
#1299 = VERTEX_POINT ( 'NONE', #230 ) ;
#1300 = SURFACE_STYLE_FILL_AREA ( #1508 ) ;
#1301 = FILL_AREA_STYLE_COLOUR ( '', #2559 ) ;
#1302 = EDGE_CURVE ( 'NONE', #199, #1445, #1090, .T. ) ;
#1303 =( LENGTH_UNIT ( ) NAMED_UNIT ( * ) SI_UNIT ( .MILLI., .METRE. ) );
#1304 = CARTESIAN_POINT ( 'NONE',  ( 2.100000000000000089, 0.0000000000000000000, 0.0000000000000000000 ) ) ;
#1305 = EDGE_LOOP ( 'NONE', ( #2306, #3, #241, #2424 ) ) ;
#1306 = EDGE_CURVE ( 'NONE', #1842, #715, #2814, .T. ) ;
#1307 = DIRECTION ( 'NONE',  ( -0.0000000000000000000, -0.0000000000000000000, -1.000000000000000000 ) ) ;
#1308 = PRODUCT_DEFINITION_FORMATION_WITH_SPECIFIED_SOURCE ( 'ANY', '', #794, .NOT_KNOWN. ) ;
#1309 = DIRECTION ( 'NONE',  ( 0.0000000000000000000, -0.0000000000000000000, -1.000000000000000000 ) ) ;
#1310 =( GEOMETRIC_REPRESENTATION_CONTEXT ( 3 ) GLOBAL_UNCERTAINTY_ASSIGNED_CONTEXT ( ( #471 ) ) GLOBAL_UNIT_ASSIGNED_CONTEXT ( ( #1177, #1834, #2245 ) ) REPRESENTATION_CONTEXT ( 'NONE', 'WORKASPACE' ) );
#1311 = DIRECTION ( 'NONE',  ( -0.0000000000000000000, -0.0000000000000000000, -1.000000000000000000 ) ) ;
#1312 = EDGE_LOOP ( 'NONE', ( #1057, #1364, #2643, #1400 ) ) ;
#1313 = ORIENTED_EDGE ( 'NONE', *, *, #2716, .T. ) ;
#1314 = DIRECTION ( 'NONE',  ( 1.000000000000000000, 0.0000000000000000000, 0.0000000000000000000 ) ) ;
#1315 = STYLED_ITEM ( 'NONE', ( #1988 ), #2494 ) ;
#1316 = VECTOR ( 'NONE', #2416, 1000.000000000000000 ) ;
#1317 = CARTESIAN_POINT ( 'NONE',  ( 0.9500000000000005107, 0.7000000000000002887, 0.2500000000000000000 ) ) ;
#1318 = VECTOR ( 'NONE', #1950, 1000.000000000000000 ) ;
#1319 = EDGE_CURVE ( 'NONE', #692, #732, #2684, .T. ) ;
#1320 = CARTESIAN_POINT ( 'NONE',  ( 2.100000000000000089, 2.100000000000000089, 0.0000000000000000000 ) ) ;
#1321 = DIRECTION ( 'NONE',  ( 0.0000000000000000000, 0.0000000000000000000, 1.000000000000000000 ) ) ;
#1322 = ORIENTED_EDGE ( 'NONE', *, *, #1319, .F. ) ;
#1323 = CARTESIAN_POINT ( 'NONE',  ( 0.0000000000000000000, 0.0000000000000000000, -0.5500000000000000444 ) ) ;
#1324 = VECTOR ( 'NONE', #2784, 1000.000000000000000 ) ;
#1325 = LINE ( 'NONE', #720, #617 ) ;
#1326 = ORIENTED_EDGE ( 'NONE', *, *, #1229, .F. ) ;
#1327 = VERTEX_POINT ( 'NONE', #477 ) ;
#1328 = LINE ( 'NONE', #2667, #271 ) ;
#1329 =( NAMED_UNIT ( * ) PLANE_ANGLE_UNIT ( ) SI_UNIT ( $, .RADIAN. ) );
#1330 = LINE ( 'NONE', #1741, #669 ) ;
#1331 = CARTESIAN_POINT ( 'NONE',  ( 0.9500000000000005107, 1.399999999999999689, 0.2500000000000000000 ) ) ;
#1332 = CARTESIAN_POINT ( 'NONE',  ( 0.3000000000000001554, 2.100000000000000533, -0.5500000000000000444 ) ) ;
#1333 = EDGE_LOOP ( 'NONE', ( #2703, #2702, #1817, #645 ) ) ;
#1334 = ORIENTED_EDGE ( 'NONE', *, *, #1908, .F. ) ;
#1335 = STYLED_ITEM ( 'NONE', ( #218 ), #877 ) ;
#1336 =( NAMED_UNIT ( * ) PLANE_ANGLE_UNIT ( ) SI_UNIT ( $, .RADIAN. ) );
#1337 = CARTESIAN_POINT ( 'NONE',  ( 0.8000000000000003775, 0.5000000000000001110, -0.05000000000000000278 ) ) ;
#1338 = STYLED_ITEM ( 'NONE', ( #1654 ), #564 ) ;
#1339 = SURFACE_STYLE_USAGE ( .BOTH. , #870 ) ;
#1340 = EDGE_CURVE ( 'NONE', #1669, #403, #1796, .T. ) ;
#1341 = ORIENTED_EDGE ( 'NONE', *, *, #2264, .F. ) ;
#1342 = EDGE_CURVE ( 'NONE', #166, #2371, #520, .T. ) ;
#1343 = CARTESIAN_POINT ( 'NONE',  ( 0.9500000000000005107, 1.399999999999999689, 0.0000000000000000000 ) ) ;
#1344 = AXIS2_PLACEMENT_3D ( 'NONE', #901, #1870, #2748 ) ;
#1345 = FACE_OUTER_BOUND ( 'NONE', #1082, .T. ) ;
#1346 = PRESENTATION_LAYER_ASSIGNMENT (  '', '', ( #257 ) ) ;
#1347 = ADVANCED_FACE ( 'NONE', ( #2021 ), #2223, .F. ) ;
#1348 = COLOUR_RGB ( '',0.7960784313725489669, 0.8235294117647058432, 0.9372549019607843146 ) ;
#1349 = FACE_OUTER_BOUND ( 'NONE', #1637, .T. ) ;
#1350 = EDGE_LOOP ( 'NONE', ( #2173, #714, #2536, #150 ) ) ;
#1351 = ORIENTED_EDGE ( 'NONE', *, *, #2242, .F. ) ;
#1352 = SURFACE_SIDE_STYLE ('',( #1994 ) ) ;
#1353 = VECTOR ( 'NONE', #2404, 1000.000000000000000 ) ;
#1354 = FACE_OUTER_BOUND ( 'NONE', #2345, .T. ) ;
#1355 = CARTESIAN_POINT ( 'NONE',  ( 0.0000000000000000000, 0.0000000000000000000, 0.4500000000000000111 ) ) ;
#1356 = PRESENTATION_STYLE_ASSIGNMENT (( #1383 ) ) ;
#1357 = ORIENTED_EDGE ( 'NONE', *, *, #2522, .T. ) ;
#1358 = CARTESIAN_POINT ( 'NONE',  ( 1.800000000000000044, 0.5000000000000001110, -0.05000000000000000278 ) ) ;
#1359 = VECTOR ( 'NONE', #1766, 1000.000000000000000 ) ;
#1360 = UNCERTAINTY_MEASURE_WITH_UNIT (LENGTH_MEASURE( 1.000000000000000082E-05 ), #2444, 'distance_accuracy_value', 'NONE');
#1361 = VECTOR ( 'NONE', #2337, 1000.000000000000000 ) ;
#1362 =( GEOMETRIC_REPRESENTATION_CONTEXT ( 3 ) GLOBAL_UNCERTAINTY_ASSIGNED_CONTEXT ( ( #1128 ) ) GLOBAL_UNIT_ASSIGNED_CONTEXT ( ( #1971, #879, #2669 ) ) REPRESENTATION_CONTEXT ( 'NONE', 'WORKASPACE' ) );
#1363 = CARTESIAN_POINT ( 'NONE',  ( 0.9500000000000005107, 0.7000000000000002887, 0.2500000000000000000 ) ) ;
#1364 = ORIENTED_EDGE ( 'NONE', *, *, #961, .F. ) ;
#1365 = ORIENTED_EDGE ( 'NONE', *, *, #1397, .F. ) ;
#1366 =( GEOMETRIC_REPRESENTATION_CONTEXT ( 3 ) GLOBAL_UNCERTAINTY_ASSIGNED_CONTEXT ( ( #2417 ) ) GLOBAL_UNIT_ASSIGNED_CONTEXT ( ( #726, #756, #93 ) ) REPRESENTATION_CONTEXT ( 'NONE', 'WORKASPACE' ) );
#1367 = FILL_AREA_STYLE ('',( #70 ) ) ;
#1368 = LINE ( 'NONE', #440, #2299 ) ;
#1369 = LINE ( 'NONE', #2686, #2056 ) ;
#1370 = DIRECTION ( 'NONE',  ( 0.0000000000000000000, -1.000000000000000000, 0.0000000000000000000 ) ) ;
#1371 = DIRECTION ( 'NONE',  ( -0.0000000000000000000, -0.0000000000000000000, 1.000000000000000000 ) ) ;
#1372 =( GEOMETRIC_REPRESENTATION_CONTEXT ( 3 ) GLOBAL_UNCERTAINTY_ASSIGNED_CONTEXT ( ( #2249 ) ) GLOBAL_UNIT_ASSIGNED_CONTEXT ( ( #1233, #1068, #1055 ) ) REPRESENTATION_CONTEXT ( 'NONE', 'WORKASPACE' ) );
#1373 = ORIENTED_EDGE ( 'NONE', *, *, #1818, .F. ) ;
#1374 = DIRECTION ( 'NONE',  ( -0.0000000000000000000, -0.0000000000000000000, 1.000000000000000000 ) ) ;
#1375 = PLANE ( 'NONE',  #2688 ) ;
#1376 = DIRECTION ( 'NONE',  ( -0.0000000000000000000, -0.0000000000000000000, 1.000000000000000000 ) ) ;
#1377 = ORIENTED_EDGE ( 'NONE', *, *, #1908, .T. ) ;
#1378 = VERTEX_POINT ( 'NONE', #931 ) ;
#1379 = FILL_AREA_STYLE_COLOUR ( '', #548 ) ;
#1380 = LINE ( 'NONE', #2259, #2800 ) ;
#1381 = CARTESIAN_POINT ( 'NONE',  ( 1.050000000000000044, 1.050000000000000044, 0.3499999999999999778 ) ) ;
#1382 = VECTOR ( 'NONE', #2091, 1000.000000000000000 ) ;
#1383 = SURFACE_STYLE_USAGE ( .BOTH. , #721 ) ;
#1384 = EDGE_LOOP ( 'NONE', ( #2805, #1751, #953, #1652 ) ) ;
#1385 = DIRECTION ( 'NONE',  ( 1.000000000000000000, -0.0000000000000000000, 0.0000000000000000000 ) ) ;
#1386 = FACE_OUTER_BOUND ( 'NONE', #363, .T. ) ;
#1387 = UNCERTAINTY_MEASURE_WITH_UNIT (LENGTH_MEASURE( 1.000000000000000082E-05 ), #2097, 'distance_accuracy_value', 'NONE');
#1388 = SURFACE_STYLE_USAGE ( .BOTH. , #335 ) ;
#1389 = PRESENTATION_STYLE_ASSIGNMENT (( #472 ) ) ;
#1390 = STYLED_ITEM ( 'NONE', ( #170 ), #2422 ) ;
#1391 = EDGE_CURVE ( 'NONE', #2289, #2821, #2268, .T. ) ;
#1392 = DIRECTION ( 'NONE',  ( 0.0000000000000000000, 0.0000000000000000000, -1.000000000000000000 ) ) ;
#1393 = ORIENTED_EDGE ( 'NONE', *, *, #1736, .T. ) ;
#1394 =( NAMED_UNIT ( * ) SI_UNIT ( $, .STERADIAN. ) SOLID_ANGLE_UNIT ( ) );
#1395 = DIRECTION ( 'NONE',  ( -1.000000000000000000, 0.0000000000000000000, 0.0000000000000000000 ) ) ;
#1396 = LINE ( 'NONE', #719, #233 ) ;
#1397 = EDGE_CURVE ( 'NONE', #558, #418, #2645, .T. ) ;
#1398 = VECTOR ( 'NONE', #1960, 1000.000000000000000 ) ;
#1399 = LINE ( 'NONE', #2273, #623 ) ;
#1400 = ORIENTED_EDGE ( 'NONE', *, *, #1264, .T. ) ;
#1401 = FILL_AREA_STYLE_COLOUR ( '', #1274 ) ;
#1402 =( GEOMETRIC_REPRESENTATION_CONTEXT ( 3 ) GLOBAL_UNCERTAINTY_ASSIGNED_CONTEXT ( ( #1756 ) ) GLOBAL_UNIT_ASSIGNED_CONTEXT ( ( #1067, #189, #1110 ) ) REPRESENTATION_CONTEXT ( 'NONE', 'WORKASPACE' ) );
#1403 = CARTESIAN_POINT ( 'NONE',  ( 0.0000000000000000000, 0.5000000000000001110, -0.05000000000000000278 ) ) ;
#1404 = AXIS2_PLACEMENT_3D ( 'NONE', #1317, #880, #485 ) ;
#1405 = SURFACE_STYLE_FILL_AREA ( #2062 ) ;
#1406 = COLOUR_RGB ( '',0.8588235294117646523, 0.8588235294117646523, 0.8588235294117646523 ) ;
#1407 = ORIENTED_EDGE ( 'NONE', *, *, #448, .F. ) ;
#1408 = SURFACE_SIDE_STYLE ('',( #2294 ) ) ;
#1409 = ADVANCED_FACE ( 'NONE', ( #675 ), #1831, .F. ) ;
#1410 = VECTOR ( 'NONE', #662, 1000.000000000000000 ) ;
#1411 = PLANE ( 'NONE',  #1556 ) ;
#1412 = FILL_AREA_STYLE_COLOUR ( '', #1752 ) ;
#1413 = LINE ( 'NONE', #1253, #1773 ) ;
#1414 = VECTOR ( 'NONE', #491, 1000.000000000000000 ) ;
#1415 = EDGE_LOOP ( 'NONE', ( #2732, #2096, #2089, #874 ) ) ;
#1416 = SURFACE_STYLE_USAGE ( .BOTH. , #544 ) ;
#1417 = PLANE ( 'NONE',  #498 ) ;
#1418 = CIRCLE ( 'NONE', #1500, 0.8250000000000001776 ) ;
#1419 = UNCERTAINTY_MEASURE_WITH_UNIT (LENGTH_MEASURE( 1.000000000000000082E-05 ), #372, 'distance_accuracy_value', 'NONE');
#1420 = EDGE_CURVE ( 'NONE', #81, #246, #1438, .T. ) ;
#1421 = SURFACE_SIDE_STYLE ('',( #1405 ) ) ;
#1422 = ORIENTED_EDGE ( 'NONE', *, *, #2546, .F. ) ;
#1423 = CARTESIAN_POINT ( 'NONE',  ( 0.0000000000000000000, 2.100000000000000089, 0.4500000000000000111 ) ) ;
#1424 = DIRECTION ( 'NONE',  ( -1.000000000000000000, -0.0000000000000000000, -0.0000000000000000000 ) ) ;
#1425 = DIRECTION ( 'NONE',  ( -0.0000000000000000000, -0.0000000000000000000, 1.000000000000000000 ) ) ;
#1426 = CARTESIAN_POINT ( 'NONE',  ( 0.2999999999999999334, 1.600000000000000977, -0.5500000000000000444 ) ) ;
#1427 =( NAMED_UNIT ( * ) PLANE_ANGLE_UNIT ( ) SI_UNIT ( $, .RADIAN. ) );
#1428 = COLOUR_RGB ( '',0.7803921568627451011, 0.7607843137254901578, 0.7411764705882353255 ) ;
#1429 = ORIENTED_EDGE ( 'NONE', *, *, #421, .F. ) ;
#1430 = AXIS2_PLACEMENT_3D ( 'NONE', #1446, #1280, #1498 ) ;
#1431 =( NAMED_UNIT ( * ) PLANE_ANGLE_UNIT ( ) SI_UNIT ( $, .RADIAN. ) );
#1432 = LINE ( 'NONE', #2744, #2022 ) ;
#1433 = EDGE_CURVE ( 'NONE', #1299, #2674, #153, .T. ) ;
#1434 = ORIENTED_EDGE ( 'NONE', *, *, #636, .F. ) ;
#1435 = FILL_AREA_STYLE_COLOUR ( '', #1228 ) ;
#1436 = VERTEX_POINT ( 'NONE', #552 ) ;
#1437 = EDGE_CURVE ( 'NONE', #373, #284, #1887, .T. ) ;
#1438 = LINE ( 'NONE', #1222, #1634 ) ;
#1439 = DIRECTION ( 'NONE',  ( 0.0000000000000000000, 1.000000000000000000, 0.0000000000000000000 ) ) ;
#1440 = DIRECTION ( 'NONE',  ( 1.000000000000000000, 0.0000000000000000000, 0.0000000000000000000 ) ) ;
#1441 = VECTOR ( 'NONE', #227, 1000.000000000000000 ) ;
#1442 = ORIENTED_EDGE ( 'NONE', *, *, #2522, .F. ) ;
#1443 = CARTESIAN_POINT ( 'NONE',  ( 1.300000000000000044, 1.676046441958042464E-17, -0.5500000000000000444 ) ) ;
#1444 = EDGE_CURVE ( 'NONE', #2376, #1976, #2560, .T. ) ;
#1445 = VERTEX_POINT ( 'NONE', #2733 ) ;
#1446 = CARTESIAN_POINT ( 'NONE',  ( 0.0000000000000000000, 0.0000000000000000000, -0.5500000000000000444 ) ) ;
#1447 = DIRECTION ( 'NONE',  ( -0.0000000000000000000, -0.0000000000000000000, -1.000000000000000000 ) ) ;
#1448 = STYLED_ITEM ( 'NONE', ( #2825 ), #1553 ) ;
#1449 = DIRECTION ( 'NONE',  ( 0.0000000000000000000, -0.0000000000000000000, 1.000000000000000000 ) ) ;
#1450 = PLANE ( 'NONE',  #2586 ) ;
#1451 = VECTOR ( 'NONE', #182, 1000.000000000000000 ) ;
#1452 = SURFACE_STYLE_USAGE ( .BOTH. , #2068 ) ;
#1453 = STYLED_ITEM ( 'NONE', ( #2639 ), #2454 ) ;
#1454 =( GEOMETRIC_REPRESENTATION_CONTEXT ( 3 ) GLOBAL_UNCERTAINTY_ASSIGNED_CONTEXT ( ( #1419 ) ) GLOBAL_UNIT_ASSIGNED_CONTEXT ( ( #372, #1903, #2340 ) ) REPRESENTATION_CONTEXT ( 'NONE', 'WORKASPACE' ) );
#1455 = VERTEX_POINT ( 'NONE', #774 ) ;
#1456 = CARTESIAN_POINT ( 'NONE',  ( 0.3000000000000003775, 0.5000000000000001110, -0.05000000000000000278 ) ) ;
#1457 = PRESENTATION_STYLE_ASSIGNMENT (( #779 ) ) ;
#1458 = CARTESIAN_POINT ( 'NONE',  ( 0.9500000000000005107, 1.399999999999999689, 0.2500000000000000000 ) ) ;
#1459 = CARTESIAN_POINT ( 'NONE',  ( 1.149999999999999911, 0.9500000000000002887, 0.0000000000000000000 ) ) ;
#1460 = ORIENTED_EDGE ( 'NONE', *, *, #1040, .T. ) ;
#1461 = VECTOR ( 'NONE', #933, 1000.000000000000000 ) ;
#1462 =( NAMED_UNIT ( * ) PLANE_ANGLE_UNIT ( ) SI_UNIT ( $, .RADIAN. ) );
#1463 = EDGE_CURVE ( 'NONE', #204, #2371, #2107, .T. ) ;
#1464 = LINE ( 'NONE', #1101, #2392 ) ;
#1465 = CARTESIAN_POINT ( 'NONE',  ( 0.9500000000000005107, 1.150000000000000355, 0.0000000000000000000 ) ) ;
#1466 = EDGE_CURVE ( 'NONE', #960, #2822, #1624, .T. ) ;
#1467 = ORIENTED_EDGE ( 'NONE', *, *, #2529, .T. ) ;
#1468 = PLANE ( 'NONE',  #2410 ) ;
#1469 = ADVANCED_FACE ( 'NONE', ( #2751 ), #124, .T. ) ;
#1470 = STYLED_ITEM ( 'NONE', ( #2117 ), #4 ) ;
#1471 = VERTEX_POINT ( 'NONE', #2506 ) ;
#1472 = VECTOR ( 'NONE', #834, 1000.000000000000000 ) ;
#1473 = ORIENTED_EDGE ( 'NONE', *, *, #1437, .F. ) ;
#1474 = FILL_AREA_STYLE_COLOUR ( '', #1563 ) ;
#1475 = MANIFOLD_SOLID_BREP ( 'Cut-Extrude1', #737 ) ;
#1476 = EDGE_CURVE ( 'NONE', #2683, #1118, #568, .T. ) ;
#1477 = DIRECTION ( 'NONE',  ( 0.0000000000000000000, -0.0000000000000000000, -1.000000000000000000 ) ) ;
#1478 = CARTESIAN_POINT ( 'NONE',  ( 1.300000000000000266, 0.0000000000000000000, -0.5500000000000000444 ) ) ;
#1479 = CARTESIAN_POINT ( 'NONE',  ( 1.149999999999999689, 0.5000000000000008882, 0.2500000000000000000 ) ) ;
#1480 = AXIS2_PLACEMENT_3D ( 'NONE', #2518, #1151, #2486 ) ;
#1481 = CARTESIAN_POINT ( 'NONE',  ( 1.300000000000000266, 1.600000000000000755, -0.5500000000000000444 ) ) ;
#1482 = VECTOR ( 'NONE', #2327, 1000.000000000000000 ) ;
#1483 = CARTESIAN_POINT ( 'NONE',  ( 0.8000000000000001554, 2.100000000000000533, -0.5500000000000000444 ) ) ;
#1484 = CARTESIAN_POINT ( 'NONE',  ( 2.100000000000000089, 0.0000000000000000000, -0.05000000000000000278 ) ) ;
#1485 = FACE_OUTER_BOUND ( 'NONE', #2787, .T. ) ;
#1486 = VERTEX_POINT ( 'NONE', #577 ) ;
#1487 = CARTESIAN_POINT ( 'NONE',  ( 1.050000000000000044, 1.050000000000000044, 0.0000000000000000000 ) ) ;
#1488 = FILL_AREA_STYLE ('',( #2808 ) ) ;
#1489 = DIRECTION ( 'NONE',  ( 0.0000000000000000000, -1.000000000000000000, 0.0000000000000000000 ) ) ;
#1490 = DIRECTION ( 'NONE',  ( 1.000000000000000000, 0.0000000000000000000, 0.0000000000000000000 ) ) ;
#1491 = ORIENTED_EDGE ( 'NONE', *, *, #2529, .F. ) ;
#1492 = DIRECTION ( 'NONE',  ( 1.000000000000000000, 0.0000000000000000000, 0.0000000000000000000 ) ) ;
#1493 = EDGE_CURVE ( 'NONE', #1071, #551, #368, .T. ) ;
#1494 = PRESENTATION_LAYER_ASSIGNMENT (  '', '', ( #132 ) ) ;
#1495 = MECHANICAL_DESIGN_GEOMETRIC_PRESENTATION_REPRESENTATION (  '', ( #2325 ), #1366 ) ;
#1496 = ORIENTED_EDGE ( 'NONE', *, *, #371, .T. ) ;
#1497 = EDGE_LOOP ( 'NONE', ( #56, #745, #1793, #1967 ) ) ;
#1498 = DIRECTION ( 'NONE',  ( 0.0000000000000000000, -0.0000000000000000000, 1.000000000000000000 ) ) ;
#1499 = CARTESIAN_POINT ( 'NONE',  ( 0.9500000000000005107, 1.599999999999999201, 0.2500000000000000000 ) ) ;
#1500 = AXIS2_PLACEMENT_3D ( 'NONE', #1627, #2243, #2040 ) ;
#1501 =( LENGTH_UNIT ( ) NAMED_UNIT ( * ) SI_UNIT ( .MILLI., .METRE. ) );
#1502 = CARTESIAN_POINT ( 'NONE',  ( 0.0000000000000000000, 2.100000000000000089, -0.5500000000000000444 ) ) ;
#1503 = CARTESIAN_POINT ( 'NONE',  ( 1.300000000000000044, 1.676046441958042464E-17, -0.5500000000000000444 ) ) ;
#1504 = ORIENTED_EDGE ( 'NONE', *, *, #1140, .F. ) ;
#1505 = DIRECTION ( 'NONE',  ( 0.0000000000000000000, -0.0000000000000000000, 1.000000000000000000 ) ) ;
#1506 = ORIENTED_EDGE ( 'NONE', *, *, #1946, .T. ) ;
#1507 = ORIENTED_EDGE ( 'NONE', *, *, #909, .F. ) ;
#1508 = FILL_AREA_STYLE ('',( #912 ) ) ;
#1509 = ADVANCED_FACE ( 'NONE', ( #353 ), #141, .T. ) ;
#1510 = CARTESIAN_POINT ( 'NONE',  ( 0.3000000000000001554, 2.100000000000000533, -0.05000000000000000278 ) ) ;
#1511 = SURFACE_STYLE_FILL_AREA ( #222 ) ;
#1512 = AXIS2_PLACEMENT_3D ( 'NONE', #718, #1395, #2396 ) ;
#1513 = FILL_AREA_STYLE_COLOUR ( '', #2584 ) ;
#1514 = EDGE_CURVE ( 'NONE', #2221, #1535, #327, .T. ) ;
#1515 = ORIENTED_EDGE ( 'NONE', *, *, #1048, .F. ) ;
#1516 = DIRECTION ( 'NONE',  ( 0.0000000000000000000, -0.0000000000000000000, 1.000000000000000000 ) ) ;
#1517 = SURFACE_STYLE_USAGE ( .BOTH. , #2577 ) ;
#1518 = PLANE ( 'NONE',  #1512 ) ;
#1519 = EDGE_LOOP ( 'NONE', ( #625, #1241 ) ) ;
#1520 = ORIENTED_EDGE ( 'NONE', *, *, #1045, .F. ) ;
#1521 = VECTOR ( 'NONE', #1593, 1000.000000000000000 ) ;
#1522 = ORIENTED_EDGE ( 'NONE', *, *, #52, .T. ) ;
#1523 =( NAMED_UNIT ( * ) SI_UNIT ( $, .STERADIAN. ) SOLID_ANGLE_UNIT ( ) );
#1524 = EDGE_CURVE ( 'NONE', #115, #2821, #110, .T. ) ;
#1525 = SURFACE_STYLE_FILL_AREA ( #650 ) ;
#1526 =( LENGTH_UNIT ( ) NAMED_UNIT ( * ) SI_UNIT ( .MILLI., .METRE. ) );
#1527 = LINE ( 'NONE', #2613, #1863 ) ;
#1528 = CARTESIAN_POINT ( 'NONE',  ( 0.2999999999999992117, -1.301042606982602609E-16, -0.5500000000000000444 ) ) ;
#1529 = ORIENTED_EDGE ( 'NONE', *, *, #2489, .T. ) ;
#1530 = MANIFOLD_SOLID_BREP ( 'Boss-Extrude6[3]', #2619 ) ;
#1531 = DIRECTION ( 'NONE',  ( -1.000000000000000000, 0.0000000000000000000, 0.0000000000000000000 ) ) ;
#1532 = DIRECTION ( 'NONE',  ( 0.0000000000000000000, 1.000000000000000000, 0.0000000000000000000 ) ) ;
#1533 = VECTOR ( 'NONE', #1996, 1000.000000000000000 ) ;
#1534 = EDGE_CURVE ( 'NONE', #1955, #1207, #1250, .T. ) ;
#1535 = VERTEX_POINT ( 'NONE', #2065 ) ;
#1536 = ORIENTED_EDGE ( 'NONE', *, *, #2029, .F. ) ;
#1537 = SURFACE_STYLE_FILL_AREA ( #65 ) ;
#1538 = LINE ( 'NONE', #1984, #1316 ) ;
#1539 = CIRCLE ( 'NONE', #2282, 0.8250000000000001776 ) ;
#1540 = DIRECTION ( 'NONE',  ( 1.000000000000000000, 0.0000000000000000000, 0.0000000000000000000 ) ) ;
#1541 = PLANE ( 'NONE',  #1224 ) ;
#1542 = VECTOR ( 'NONE', #1978, 1000.000000000000000 ) ;
#1543 = FILL_AREA_STYLE_COLOUR ( '', #1236 ) ;
#1544 = EDGE_CURVE ( 'NONE', #2659, #234, #809, .T. ) ;
#1545 = EDGE_LOOP ( 'NONE', ( #2194, #2590, #2524, #217, #1698, #2758, #509, #1422, #2207, #1194, #2254, #23, #431, #1146, #2153, #2439, #2782, #698, #1886, #299 ) ) ;
#1546 = ORIENTED_EDGE ( 'NONE', *, *, #433, .F. ) ;
#1547 = MANIFOLD_SOLID_BREP ( 'Boss-Extrude5', #365 ) ;
#1548 =( LENGTH_UNIT ( ) NAMED_UNIT ( * ) SI_UNIT ( .MILLI., .METRE. ) );
#1549 = AXIS2_PLACEMENT_3D ( 'NONE', #950, #2441, #1612 ) ;
#1550 = EDGE_CURVE ( 'NONE', #1941, #974, #422, .T. ) ;
#1551 = CARTESIAN_POINT ( 'NONE',  ( 1.300000000000000266, 1.600000000000000755, -0.05000000000000000278 ) ) ;
#1552 = ORIENTED_EDGE ( 'NONE', *, *, #1476, .T. ) ;
#1553 = ADVANCED_FACE ( 'NONE', ( #1047 ), #1731, .F. ) ;
#1554 = CARTESIAN_POINT ( 'NONE',  ( 1.149999999999999689, 1.399999999999999689, 0.2500000000000000000 ) ) ;
#1555 = UNCERTAINTY_MEASURE_WITH_UNIT (LENGTH_MEASURE( 1.000000000000000082E-05 ), #787, 'distance_accuracy_value', 'NONE');
#1556 = AXIS2_PLACEMENT_3D ( 'NONE', #1888, #2572, #1007 ) ;
#1557 = SURFACE_STYLE_USAGE ( .BOTH. , #2400 ) ;
#1558 = CARTESIAN_POINT ( 'NONE',  ( 0.2999999999999999334, 1.600000000000000977, -0.5500000000000000444 ) ) ;
#1559 = FILL_AREA_STYLE ('',( #1543 ) ) ;
#1560 = SURFACE_SIDE_STYLE ('',( #644 ) ) ;
#1561 = EDGE_LOOP ( 'NONE', ( #1650, #2606, #1685, #2710 ) ) ;
#1562 = ORIENTED_EDGE ( 'NONE', *, *, #1238, .F. ) ;
#1563 = COLOUR_RGB ( '',1.000000000000000000, 1.000000000000000000, 1.000000000000000000 ) ;
#1564 = DIRECTION ( 'NONE',  ( 0.0000000000000000000, 0.0000000000000000000, 1.000000000000000000 ) ) ;
#1565 = ADVANCED_FACE ( 'NONE', ( #914 ), #266, .F. ) ;
#1566 = PLANE ( 'NONE',  #2328 ) ;
#1567 = PLANE ( 'NONE',  #843 ) ;
#1568 = STYLED_ITEM ( 'NONE', ( #638 ), #536 ) ;
#1569 = FILL_AREA_STYLE_COLOUR ( '', #35 ) ;
#1570 = ORIENTED_EDGE ( 'NONE', *, *, #709, .F. ) ;
#1571 = LINE ( 'NONE', #1554, #1721 ) ;
#1572 = LINE ( 'NONE', #876, #2717 ) ;
#1573 = PLANE ( 'NONE',  #1126 ) ;
#1574 =( GEOMETRIC_REPRESENTATION_CONTEXT ( 3 ) GLOBAL_UNCERTAINTY_ASSIGNED_CONTEXT ( ( #757 ) ) GLOBAL_UNIT_ASSIGNED_CONTEXT ( ( #329, #2084, #2067 ) ) REPRESENTATION_CONTEXT ( 'NONE', 'WORKASPACE' ) );
#1575 = DIRECTION ( 'NONE',  ( -0.0000000000000000000, -0.0000000000000000000, 1.000000000000000000 ) ) ;
#1576 = CARTESIAN_POINT ( 'NONE',  ( 1.050000000000000044, 1.050000000000000044, 0.4500000000000000111 ) ) ;
#1577 = VERTEX_POINT ( 'NONE', #2640 ) ;
#1578 = EDGE_LOOP ( 'NONE', ( #1393, #2512, #2583, #1005 ) ) ;
#1579 =( NAMED_UNIT ( * ) SI_UNIT ( $, .STERADIAN. ) SOLID_ANGLE_UNIT ( ) );
#1580 = CARTESIAN_POINT ( 'NONE',  ( 0.0000000000000000000, 0.0000000000000000000, -0.05000000000000000278 ) ) ;
#1581 = CARTESIAN_POINT ( 'NONE',  ( 0.0000000000000000000, 0.0000000000000000000, 0.4500000000000000111 ) ) ;
#1582 = DIRECTION ( 'NONE',  ( -1.000000000000000000, 4.336808689942016750E-16, 0.0000000000000000000 ) ) ;
#1583 = CARTESIAN_POINT ( 'NONE',  ( 0.8000000000000003775, 0.0000000000000000000, -0.5500000000000000444 ) ) ;
#1584 = VERTEX_POINT ( 'NONE', #1363 ) ;
#1585 = CARTESIAN_POINT ( 'NONE',  ( 1.300000000000000044, 0.0000000000000000000, -0.5500000000000000444 ) ) ;
#1586 = AXIS2_PLACEMENT_3D ( 'NONE', #1806, #33, #1150 ) ;
#1587 = DIRECTION ( 'NONE',  ( -0.0000000000000000000, -1.000000000000000000, -0.0000000000000000000 ) ) ;
#1588 = CARTESIAN_POINT ( 'NONE',  ( 0.8000000000000003775, 0.5000000000000001110, -0.5500000000000000444 ) ) ;
#1589 = VECTOR ( 'NONE', #1754, 1000.000000000000000 ) ;
#1590 =( GEOMETRIC_REPRESENTATION_CONTEXT ( 3 ) GLOBAL_UNCERTAINTY_ASSIGNED_CONTEXT ( ( #1387 ) ) GLOBAL_UNIT_ASSIGNED_CONTEXT ( ( #2097, #2323, #2081 ) ) REPRESENTATION_CONTEXT ( 'NONE', 'WORKASPACE' ) );
#1591 = VECTOR ( 'NONE', #2163, 1000.000000000000000 ) ;
#1592 = PLANE ( 'NONE',  #267 ) ;
#1593 = DIRECTION ( 'NONE',  ( 0.0000000000000000000, -1.000000000000000000, 0.0000000000000000000 ) ) ;
#1594 = ORIENTED_EDGE ( 'NONE', *, *, #1186, .F. ) ;
#1595 = ORIENTED_EDGE ( 'NONE', *, *, #2571, .F. ) ;
#1596 = COLOUR_RGB ( '',0.7803921568627451011, 0.7607843137254901578, 0.7411764705882353255 ) ;
#1597 = SURFACE_STYLE_FILL_AREA ( #300 ) ;
#1598 = DIRECTION ( 'NONE',  ( 0.0000000000000000000, -1.000000000000000000, 0.0000000000000000000 ) ) ;
#1599 = DIRECTION ( 'NONE',  ( 0.0000000000000000000, -1.000000000000000000, 0.0000000000000000000 ) ) ;
#1600 = LINE ( 'NONE', #1877, #350 ) ;
#1601 = VECTOR ( 'NONE', #2011, 1000.000000000000000 ) ;
#1602 = ORIENTED_EDGE ( 'NONE', *, *, #2578, .F. ) ;
#1603 = DIRECTION ( 'NONE',  ( 0.0000000000000000000, 0.0000000000000000000, 1.000000000000000000 ) ) ;
#1604 = DIRECTION ( 'NONE',  ( -0.0000000000000000000, 0.0000000000000000000, 1.000000000000000000 ) ) ;
#1605 = CARTESIAN_POINT ( 'NONE',  ( 0.0000000000000000000, 0.0000000000000000000, -0.05000000000000000278 ) ) ;
#1606 = EDGE_CURVE ( 'NONE', #2020, #1486, #2192, .T. ) ;
#1607 = CARTESIAN_POINT ( 'NONE',  ( 0.9500000000000005107, 0.7000000000000002887, 0.0000000000000000000 ) ) ;
#1608 = ADVANCED_FACE ( 'NONE', ( #2006 ), #1132, .F. ) ;
#1609 = FACE_OUTER_BOUND ( 'NONE', #2002, .T. ) ;
#1610 = ORIENTED_EDGE ( 'NONE', *, *, #2716, .F. ) ;
#1611 = CARTESIAN_POINT ( 'NONE',  ( 0.8000000000000003775, 8.147048265945289351E-17, -0.5500000000000000444 ) ) ;
#1612 = DIRECTION ( 'NONE',  ( 0.0000000000000000000, -0.0000000000000000000, -1.000000000000000000 ) ) ;
#1613 = DIRECTION ( 'NONE',  ( 0.0000000000000000000, 1.000000000000000000, 0.0000000000000000000 ) ) ;
#1614 = MECHANICAL_DESIGN_GEOMETRIC_PRESENTATION_REPRESENTATION (  '', ( #1568 ), #2490 ) ;
#1615 = ORIENTED_EDGE ( 'NONE', *, *, #2785, .T. ) ;
#1616 = CARTESIAN_POINT ( 'NONE',  ( 0.3000000000000000444, 2.100000000000000089, -0.5500000000000000444 ) ) ;
#1617 = FACE_OUTER_BOUND ( 'NONE', #967, .T. ) ;
#1618 = UNCERTAINTY_MEASURE_WITH_UNIT (LENGTH_MEASURE( 1.000000000000000082E-05 ), #1548, 'distance_accuracy_value', 'NONE');
#1619 = ADVANCED_FACE ( 'NONE', ( #695 ), #1375, .T. ) ;
#1620 = COLOUR_RGB ( '',0.7960784313725489669, 0.8235294117647058432, 0.9372549019607843146 ) ;
#1621 = LINE ( 'NONE', #550, #1521 ) ;
#1622 = ORIENTED_EDGE ( 'NONE', *, *, #2448, .F. ) ;
#1623 = VECTOR ( 'NONE', #735, 1000.000000000000000 ) ;
#1624 = LINE ( 'NONE', #989, #2000 ) ;
#1625 = LINE ( 'NONE', #126, #694 ) ;
#1626 = VECTOR ( 'NONE', #2014, 1000.000000000000000 ) ;
#1627 = CARTESIAN_POINT ( 'NONE',  ( 1.050000000000000044, 1.050000000000000044, 0.3499999999999999778 ) ) ;
#1628 = CARTESIAN_POINT ( 'NONE',  ( 0.0000000000000000000, 2.100000000000000089, -0.5500000000000000444 ) ) ;
#1629 = VERTEX_POINT ( 'NONE', #1558 ) ;
#1630 = FILL_AREA_STYLE ('',( #2726 ) ) ;
#1631 = CARTESIAN_POINT ( 'NONE',  ( 0.0000000000000000000, 0.5000000000000001110, -0.5500000000000000444 ) ) ;
#1632 = SURFACE_STYLE_FILL_AREA ( #2302 ) ;
#1633 = STYLED_ITEM ( 'NONE', ( #1356 ), #1775 ) ;
#1634 = VECTOR ( 'NONE', #746, 1000.000000000000000 ) ;
#1635 = CARTESIAN_POINT ( 'NONE',  ( 1.300000000000000266, 2.100000000000000533, -0.5500000000000000444 ) ) ;
#1636 = STYLED_ITEM ( 'NONE', ( #2395 ), #2790 ) ;
#1637 = EDGE_LOOP ( 'NONE', ( #846, #2764, #1215, #1001 ) ) ;
#1638 = LINE ( 'NONE', #991, #428 ) ;
#1639 = LINE ( 'NONE', #776, #2528 ) ;
#1640 = LINE ( 'NONE', #1628, #1623 ) ;
#1641 = DIRECTION ( 'NONE',  ( -1.000000000000000000, -1.262015613444851489E-16, 0.0000000000000000000 ) ) ;
#1642 = PRESENTATION_LAYER_ASSIGNMENT (  '', '', ( #593 ) ) ;
#1643 = ADVANCED_FACE ( 'NONE', ( #1989 ), #1573, .F. ) ;
#1644 = VERTEX_POINT ( 'NONE', #1164 ) ;
#1645 = LINE ( 'NONE', #982, #1912 ) ;
#1646 = CARTESIAN_POINT ( 'NONE',  ( 1.800000000000000266, 1.600000000000000755, -0.05000000000000000278 ) ) ;
#1647 = UNCERTAINTY_MEASURE_WITH_UNIT (LENGTH_MEASURE( 1.000000000000000082E-05 ), #286, 'distance_accuracy_value', 'NONE');
#1648 = FILL_AREA_STYLE ('',( #516 ) ) ;
#1649 = PRODUCT_RELATED_PRODUCT_CATEGORY ( 'part', '', ( #794 ) ) ;
#1650 = ORIENTED_EDGE ( 'NONE', *, *, #2162, .F. ) ;
#1651 = CARTESIAN_POINT ( 'NONE',  ( 0.3000000000000001554, 2.100000000000000533, -0.5500000000000000444 ) ) ;
#1652 = ORIENTED_EDGE ( 'NONE', *, *, #1544, .T. ) ;
#1653 = DIRECTION ( 'NONE',  ( 1.000000000000000000, 0.0000000000000000000, 0.0000000000000000000 ) ) ;
#1654 = PRESENTATION_STYLE_ASSIGNMENT (( #2286 ) ) ;
#1655 = CARTESIAN_POINT ( 'NONE',  ( 0.3000000000000003775, 0.0000000000000000000, -0.5500000000000000444 ) ) ;
#1656 = SURFACE_STYLE_FILL_AREA ( #2687 ) ;
#1657 = SURFACE_SIDE_STYLE ('',( #2756 ) ) ;
#1658 = ADVANCED_FACE ( 'NONE', ( #2233 ), #1114, .T. ) ;
#1659 = VERTEX_POINT ( 'NONE', #2699 ) ;
#1660 = PLANE ( 'NONE',  #2516 ) ;
#1661 = ORIENTED_EDGE ( 'NONE', *, *, #191, .F. ) ;
#1662 = FACE_OUTER_BOUND ( 'NONE', #2231, .T. ) ;
#1663 =( LENGTH_UNIT ( ) NAMED_UNIT ( * ) SI_UNIT ( .MILLI., .METRE. ) );
#1664 = ORIENTED_EDGE ( 'NONE', *, *, #747, .T. ) ;
#1665 = PRESENTATION_STYLE_ASSIGNMENT (( #2720 ) ) ;
#1666 = DIRECTION ( 'NONE',  ( 0.0000000000000000000, -1.000000000000000000, 0.0000000000000000000 ) ) ;
#1667 = DIRECTION ( 'NONE',  ( 0.0000000000000000000, 1.000000000000000000, 0.0000000000000000000 ) ) ;
#1668 = COLOUR_RGB ( '',0.7803921568627451011, 0.7607843137254901578, 0.7411764705882353255 ) ;
#1669 = VERTEX_POINT ( 'NONE', #19 ) ;
#1670 = LINE ( 'NONE', #1012, #1180 ) ;
#1671 = DIRECTION ( 'NONE',  ( 0.0000000000000000000, 0.0000000000000000000, -1.000000000000000000 ) ) ;
#1672 = SURFACE_STYLE_USAGE ( .BOTH. , #2129 ) ;
#1673 = FILL_AREA_STYLE_COLOUR ( '', #1428 ) ;
#1674 = ORIENTED_EDGE ( 'NONE', *, *, #244, .F. ) ;
#1675 = EDGE_CURVE ( 'NONE', #1, #2238, #238, .T. ) ;
#1676 =( NAMED_UNIT ( * ) PLANE_ANGLE_UNIT ( ) SI_UNIT ( $, .RADIAN. ) );
#1677 = COLOUR_RGB ( '',0.7803921568627451011, 0.7607843137254901578, 0.7411764705882353255 ) ;
#1678 = FACE_OUTER_BOUND ( 'NONE', #1706, .T. ) ;
#1679 = ADVANCED_FACE ( 'NONE', ( #2680 ), #1592, .T. ) ;
#1680 = VECTOR ( 'NONE', #2791, 1000.000000000000000 ) ;
#1681 = VECTOR ( 'NONE', #938, 1000.000000000000000 ) ;
#1682 = ORIENTED_EDGE ( 'NONE', *, *, #1981, .F. ) ;
#1683 = VECTOR ( 'NONE', #10, 1000.000000000000000 ) ;
#1684 = SURFACE_SIDE_STYLE ('',( #2102 ) ) ;
#1685 = ORIENTED_EDGE ( 'NONE', *, *, #1675, .F. ) ;
#1686 = VERTEX_POINT ( 'NONE', #2252 ) ;
#1687 = STYLED_ITEM ( 'NONE', ( #948 ), #521 ) ;
#1688 = CARTESIAN_POINT ( 'NONE',  ( 0.0000000000000000000, 0.0000000000000000000, 0.0000000000000000000 ) ) ;
#1689 = EDGE_CURVE ( 'NONE', #1930, #2719, #296, .T. ) ;
#1690 =( NAMED_UNIT ( * ) SI_UNIT ( $, .STERADIAN. ) SOLID_ANGLE_UNIT ( ) );
#1691 = LINE ( 'NONE', #185, #2213 ) ;
#1692 = CARTESIAN_POINT ( 'NONE',  ( 0.0000000000000000000, 0.0000000000000000000, 0.4500000000000000111 ) ) ;
#1693 = VECTOR ( 'NONE', #1033, 1000.000000000000000 ) ;
#1694 = PLANE ( 'NONE',  #26 ) ;
#1695 = DIRECTION ( 'NONE',  ( 1.000000000000000000, 0.0000000000000000000, 0.0000000000000000000 ) ) ;
#1696 = ORIENTED_EDGE ( 'NONE', *, *, #2211, .T. ) ;
#1697 = PRESENTATION_LAYER_ASSIGNMENT (  '', '', ( #1335 ) ) ;
#1698 = ORIENTED_EDGE ( 'NONE', *, *, #1223, .T. ) ;
#1699 = LINE ( 'NONE', #1059, #2668 ) ;
#1700 = VECTOR ( 'NONE', #1598, 1000.000000000000000 ) ;
#1701 = EDGE_CURVE ( 'NONE', #403, #929, #1758, .T. ) ;
#1702 =( NAMED_UNIT ( * ) PLANE_ANGLE_UNIT ( ) SI_UNIT ( $, .RADIAN. ) );
#1703 = STYLED_ITEM ( 'NONE', ( #2837 ), #247 ) ;
#1704 = FILL_AREA_STYLE ('',( #1513 ) ) ;
#1705 = CARTESIAN_POINT ( 'NONE',  ( 2.100000000000000089, 0.0000000000000000000, -0.5500000000000000444 ) ) ;
#1706 = EDGE_LOOP ( 'NONE', ( #784, #2766, #2146, #64 ) ) ;
#1707 = CARTESIAN_POINT ( 'NONE',  ( 0.2999999999999999334, 1.600000000000000977, -0.5500000000000000444 ) ) ;
#1708 = VECTOR ( 'NONE', #712, 1000.000000000000000 ) ;
#1709 = PRESENTATION_LAYER_ASSIGNMENT (  '', '', ( #2447 ) ) ;
#1710 = LINE ( 'NONE', #2357, #1324 ) ;
#1711 = VERTEX_POINT ( 'NONE', #668 ) ;
#1712 = ORIENTED_EDGE ( 'NONE', *, *, #1229, .T. ) ;
#1713 = DIRECTION ( 'NONE',  ( -1.000000000000000000, 0.0000000000000000000, -0.0000000000000000000 ) ) ;
#1714 = EDGE_CURVE ( 'NONE', #2665, #1794, #729, .T. ) ;
#1715 = CARTESIAN_POINT ( 'NONE',  ( 1.800000000000000266, 2.100000000000000533, -0.5500000000000000444 ) ) ;
#1716 = CARTESIAN_POINT ( 'NONE',  ( 0.9500000000000005107, 0.4999999999999990563, 0.2500000000000000000 ) ) ;
#1717 = ORIENTED_EDGE ( 'NONE', *, *, #1476, .F. ) ;
#1718 = LINE ( 'NONE', #187, #807 ) ;
#1719 =( GEOMETRIC_REPRESENTATION_CONTEXT ( 3 ) GLOBAL_UNCERTAINTY_ASSIGNED_CONTEXT ( ( #280 ) ) GLOBAL_UNIT_ASSIGNED_CONTEXT ( ( #202, #1275, #621 ) ) REPRESENTATION_CONTEXT ( 'NONE', 'WORKASPACE' ) );
#1720 = AXIS2_PLACEMENT_3D ( 'NONE', #382, #2053, #1653 ) ;
#1721 = VECTOR ( 'NONE', #292, 1000.000000000000000 ) ;
#1722 = FILL_AREA_STYLE ('',( #1906 ) ) ;
#1723 = ADVANCED_FACE ( 'NONE', ( #1345 ), #1541, .F. ) ;
#1724 = MECHANICAL_DESIGN_GEOMETRIC_PRESENTATION_REPRESENTATION (  '', ( #46 ), #276 ) ;
#1725 = ORIENTED_EDGE ( 'NONE', *, *, #336, .F. ) ;
#1726 = ORIENTED_EDGE ( 'NONE', *, *, #2407, .T. ) ;
#1727 = EDGE_CURVE ( 'NONE', #841, #960, #1143, .T. ) ;
#1728 = CARTESIAN_POINT ( 'NONE',  ( 1.800000000000000266, 1.600000000000000755, -0.5500000000000000444 ) ) ;
#1729 = EDGE_CURVE ( 'NONE', #831, #2376, #496, .T. ) ;
#1730 = STYLED_ITEM ( 'NONE', ( #1917 ), #453 ) ;
#1731 = PLANE ( 'NONE',  #892 ) ;
#1732 =( NAMED_UNIT ( * ) PLANE_ANGLE_UNIT ( ) SI_UNIT ( $, .RADIAN. ) );
#1733 = CARTESIAN_POINT ( 'NONE',  ( 1.800000000000000044, 0.5000000000000001110, -0.5500000000000000444 ) ) ;
#1734 = ORIENTED_EDGE ( 'NONE', *, *, #1805, .T. ) ;
#1735 = CARTESIAN_POINT ( 'NONE',  ( 0.8000000000000000444, 1.600000000000000755, -0.5500000000000000444 ) ) ;
#1736 = EDGE_CURVE ( 'NONE', #1207, #2531, #2709, .T. ) ;
#1737 =( NAMED_UNIT ( * ) PLANE_ANGLE_UNIT ( ) SI_UNIT ( $, .RADIAN. ) );
#1738 = ORIENTED_EDGE ( 'NONE', *, *, #1238, .T. ) ;
#1739 = VERTEX_POINT ( 'NONE', #2027 ) ;
#1740 = PRESENTATION_LAYER_ASSIGNMENT (  '', '', ( #154 ) ) ;
#1741 = CARTESIAN_POINT ( 'NONE',  ( 1.149999999999999689, 1.599999999999999201, 0.2500000000000000000 ) ) ;
#1742 = SURFACE_SIDE_STYLE ('',( #1511 ) ) ;
#1743 = CARTESIAN_POINT ( 'NONE',  ( 2.100000000000000089, 2.100000000000000089, -0.05000000000000000278 ) ) ;
#1744 = FACE_OUTER_BOUND ( 'NONE', #177, .T. ) ;
#1745 = EDGE_LOOP ( 'NONE', ( #29, #1058, #1136, #817 ) ) ;
#1746 = EDGE_CURVE ( 'NONE', #771, #551, #1399, .T. ) ;
#1747 = DIRECTION ( 'NONE',  ( -0.0000000000000000000, 0.0000000000000000000, 1.000000000000000000 ) ) ;
#1748 = LINE ( 'NONE', #889, #1116 ) ;
#1749 = VECTOR ( 'NONE', #2078, 1000.000000000000000 ) ;
#1750 =( NAMED_UNIT ( * ) PLANE_ANGLE_UNIT ( ) SI_UNIT ( $, .RADIAN. ) );
#1751 = ORIENTED_EDGE ( 'NONE', *, *, #542, .F. ) ;
#1752 = COLOUR_RGB ( '',0.7803921568627451011, 0.7607843137254901578, 0.7411764705882353255 ) ;
#1753 = ORIENTED_EDGE ( 'NONE', *, *, #2798, .T. ) ;
#1754 = DIRECTION ( 'NONE',  ( -1.000000000000000000, 0.0000000000000000000, 0.0000000000000000000 ) ) ;
#1755 = CARTESIAN_POINT ( 'NONE',  ( 1.050000000000000044, 1.050000000000000044, 0.3499999999999999778 ) ) ;
#1756 = UNCERTAINTY_MEASURE_WITH_UNIT (LENGTH_MEASURE( 1.000000000000000082E-05 ), #1067, 'distance_accuracy_value', 'NONE');
#1757 = ADVANCED_FACE ( 'NONE', ( #1849 ), #274, .F. ) ;
#1758 = LINE ( 'NONE', #1825, #2835 ) ;
#1759 = EDGE_CURVE ( 'NONE', #1739, #1, #908, .T. ) ;
#1760 = DIRECTION ( 'NONE',  ( 0.0000000000000000000, -1.000000000000000000, -0.0000000000000000000 ) ) ;
#1761 = ORIENTED_EDGE ( 'NONE', *, *, #1437, .T. ) ;
#1762 = ORIENTED_EDGE ( 'NONE', *, *, #2251, .F. ) ;
#1763 = DIRECTION ( 'NONE',  ( -1.000000000000000000, -0.0000000000000000000, -0.0000000000000000000 ) ) ;
#1764 = EDGE_CURVE ( 'NONE', #2551, #2358, #2013, .T. ) ;
#1765 = EDGE_CURVE ( 'NONE', #1256, #1629, #304, .T. ) ;
#1766 = DIRECTION ( 'NONE',  ( -0.0000000000000000000, -0.0000000000000000000, 1.000000000000000000 ) ) ;
#1767 = STYLED_ITEM ( 'NONE', ( #2244 ), #1836 ) ;
#1768 = COLOUR_RGB ( '',0.7803921568627451011, 0.7607843137254901578, 0.7411764705882353255 ) ;
#1769 = VECTOR ( 'NONE', #1125, 1000.000000000000000 ) ;
#1770 = ORIENTED_EDGE ( 'NONE', *, *, #34, .T. ) ;
#1771 = DIRECTION ( 'NONE',  ( 0.0000000000000000000, 0.0000000000000000000, 1.000000000000000000 ) ) ;
#1772 = DIRECTION ( 'NONE',  ( 0.0000000000000000000, 1.000000000000000000, 0.0000000000000000000 ) ) ;
#1773 = VECTOR ( 'NONE', #173, 1000.000000000000000 ) ;
#1774 = FACE_OUTER_BOUND ( 'NONE', #1124, .T. ) ;
#1775 = ADVANCED_FACE ( 'NONE', ( #1998 ), #2042, .T. ) ;
#1776 = SURFACE_SIDE_STYLE ('',( #899 ) ) ;
#1777 = COLOUR_RGB ( '',0.7803921568627451011, 0.7607843137254901578, 0.7411764705882353255 ) ;
#1778 = DIRECTION ( 'NONE',  ( 0.0000000000000000000, -0.0000000000000000000, -1.000000000000000000 ) ) ;
#1779 = ORIENTED_EDGE ( 'NONE', *, *, #31, .F. ) ;
#1780 = EDGE_LOOP ( 'NONE', ( #833, #583, #164, #571 ) ) ;
#1781 =( NAMED_UNIT ( * ) PLANE_ANGLE_UNIT ( ) SI_UNIT ( $, .RADIAN. ) );
#1782 = DIRECTION ( 'NONE',  ( -0.0000000000000000000, -0.0000000000000000000, 1.000000000000000000 ) ) ;
#1783 = PLANE ( 'NONE',  #86 ) ;
#1784 = CARTESIAN_POINT ( 'NONE',  ( 0.0000000000000000000, 0.0000000000000000000, -0.05000000000000000278 ) ) ;
#1785 = PLANE ( 'NONE',  #758 ) ;
#1786 = ORIENTED_EDGE ( 'NONE', *, *, #546, .F. ) ;
#1787 = FILL_AREA_STYLE_COLOUR ( '', #1406 ) ;
#1788 = LINE ( 'NONE', #432, #1105 ) ;
#1789 = AXIS2_PLACEMENT_3D ( 'NONE', #596, #554, #1021 ) ;
#1790 = CARTESIAN_POINT ( 'NONE',  ( 0.0000000000000000000, 0.0000000000000000000, -0.5500000000000000444 ) ) ;
#1791 = CARTESIAN_POINT ( 'NONE',  ( 0.9500000000000005107, 0.7000000000000002887, 0.2500000000000000000 ) ) ;
#1792 = FACE_OUTER_BOUND ( 'NONE', #1578, .T. ) ;
#1793 = ORIENTED_EDGE ( 'NONE', *, *, #191, .T. ) ;
#1794 = VERTEX_POINT ( 'NONE', #2663 ) ;
#1795 = VECTOR ( 'NONE', #603, 1000.000000000000000 ) ;
#1796 = LINE ( 'NONE', #1810, #952 ) ;
#1797 = CARTESIAN_POINT ( 'NONE',  ( 0.8000000000000001554, 2.100000000000000533, -0.5500000000000000444 ) ) ;
#1798 = DIRECTION ( 'NONE',  ( -0.0000000000000000000, -1.000000000000000000, -0.0000000000000000000 ) ) ;
#1799 = FILL_AREA_STYLE_COLOUR ( '', #1348 ) ;
#1800 = ORIENTED_EDGE ( 'NONE', *, *, #465, .F. ) ;
#1801 =( NAMED_UNIT ( * ) PLANE_ANGLE_UNIT ( ) SI_UNIT ( $, .RADIAN. ) );
#1802 = DIRECTION ( 'NONE',  ( -0.0000000000000000000, 0.0000000000000000000, 1.000000000000000000 ) ) ;
#1803 = VECTOR ( 'NONE', #1376, 1000.000000000000000 ) ;
#1804 = ADVANCED_FACE ( 'NONE', ( #690 ), #2443, .F. ) ;
#1805 = EDGE_CURVE ( 'NONE', #326, #929, #2426, .T. ) ;
#1806 = CARTESIAN_POINT ( 'NONE',  ( 0.8000000000000003775, 0.0000000000000000000, -0.5500000000000000444 ) ) ;
#1807 = DIRECTION ( 'NONE',  ( 1.000000000000000000, 0.0000000000000000000, 0.0000000000000000000 ) ) ;
#1808 = VERTEX_POINT ( 'NONE', #466 ) ;
#1809 = EDGE_LOOP ( 'NONE', ( #194, #2425, #884, #2739 ) ) ;
#1810 = CARTESIAN_POINT ( 'NONE',  ( 0.0000000000000000000, 0.0000000000000000000, 0.0000000000000000000 ) ) ;
#1811 = CARTESIAN_POINT ( 'NONE',  ( 2.100000000000000089, 0.0000000000000000000, -0.05000000000000000278 ) ) ;
#1812 = DIRECTION ( 'NONE',  ( 4.336808689942016750E-16, 1.000000000000000000, 0.0000000000000000000 ) ) ;
#1813 = PRESENTATION_STYLE_ASSIGNMENT (( #2272 ) ) ;
#1814 = DIRECTION ( 'NONE',  ( 0.0000000000000000000, -0.0000000000000000000, -1.000000000000000000 ) ) ;
#1815 = EDGE_CURVE ( 'NONE', #1235, #2659, #1142, .T. ) ;
#1816 = CARTESIAN_POINT ( 'NONE',  ( 2.100000000000000089, 0.0000000000000000000, -0.05000000000000000278 ) ) ;
#1817 = ORIENTED_EDGE ( 'NONE', *, *, #423, .T. ) ;
#1818 = EDGE_CURVE ( 'NONE', #1808, #2358, #273, .T. ) ;
#1819 = CARTESIAN_POINT ( 'NONE',  ( 1.050000000000000044, 1.050000000000000044, 0.4500000000000000111 ) ) ;
#1820 = MECHANICAL_DESIGN_GEOMETRIC_PRESENTATION_REPRESENTATION (  '', ( #539 ), #1310 ) ;
#1821 = FACE_OUTER_BOUND ( 'NONE', #918, .T. ) ;
#1822 = UNCERTAINTY_MEASURE_WITH_UNIT (LENGTH_MEASURE( 1.000000000000000082E-05 ), #2427, 'distance_accuracy_value', 'NONE');
#1823 = DIRECTION ( 'NONE',  ( 0.0000000000000000000, 1.000000000000000000, 0.0000000000000000000 ) ) ;
#1824 = MECHANICAL_DESIGN_GEOMETRIC_PRESENTATION_REPRESENTATION (  '', ( #2368 ), #541 ) ;
#1825 = CARTESIAN_POINT ( 'NONE',  ( 0.0000000000000000000, 2.100000000000000089, 0.0000000000000000000 ) ) ;
#1826 = AXIS2_PLACEMENT_3D ( 'NONE', #1631, #1839, #308 ) ;
#1827 = PLANE ( 'NONE',  #651 ) ;
#1828 = VERTEX_POINT ( 'NONE', #1337 ) ;
#1829 = VERTEX_POINT ( 'NONE', #1157 ) ;
#1830 = VECTOR ( 'NONE', #1054, 1000.000000000000000 ) ;
#1831 = PLANE ( 'NONE',  #995 ) ;
#1832 = FILL_AREA_STYLE ('',( #2618 ) ) ;
#1833 = CARTESIAN_POINT ( 'NONE',  ( 0.3000000000000001554, 2.100000000000000533, -0.5500000000000000444 ) ) ;
#1834 =( NAMED_UNIT ( * ) PLANE_ANGLE_UNIT ( ) SI_UNIT ( $, .RADIAN. ) );
#1835 = AXIS2_PLACEMENT_3D ( 'NONE', #829, #2580, #1243 ) ;
#1836 = ADVANCED_FACE ( 'NONE', ( #2442 ), #1783, .T. ) ;
#1837 = EDGE_LOOP ( 'NONE', ( #48, #1042, #1661, #1529 ) ) ;
#1838 = DIRECTION ( 'NONE',  ( 1.000000000000000000, 0.0000000000000000000, 0.0000000000000000000 ) ) ;
#1839 = DIRECTION ( 'NONE',  ( 0.0000000000000000000, -1.000000000000000000, 0.0000000000000000000 ) ) ;
#1840 = DIRECTION ( 'NONE',  ( -1.000000000000000000, -0.0000000000000000000, -0.0000000000000000000 ) ) ;
#1841 = CARTESIAN_POINT ( 'NONE',  ( 0.8000000000000001554, 2.100000000000000533, -0.05000000000000000278 ) ) ;
#1842 = VERTEX_POINT ( 'NONE', #1979 ) ;
#1843 = DIRECTION ( 'NONE',  ( 1.000000000000000000, 0.0000000000000000000, 0.0000000000000000000 ) ) ;
#1844 = PRESENTATION_LAYER_ASSIGNMENT (  '', '', ( #1470 ) ) ;
#1845 = CARTESIAN_POINT ( 'NONE',  ( 1.300000000000000044, 0.0000000000000000000, -0.05000000000000000278 ) ) ;
#1846 = FACE_OUTER_BOUND ( 'NONE', #1312, .T. ) ;
#1847 = FILL_AREA_STYLE_COLOUR ( '', #2080 ) ;
#1848 = COLOUR_RGB ( '',0.7803921568627451011, 0.7607843137254901578, 0.7411764705882353255 ) ;
#1849 = FACE_OUTER_BOUND ( 'NONE', #235, .T. ) ;
#1850 = VECTOR ( 'NONE', #1424, 1000.000000000000000 ) ;
#1851 = ORIENTED_EDGE ( 'NONE', *, *, #2664, .T. ) ;
#1852 = CARTESIAN_POINT ( 'NONE',  ( 1.050000000000000044, 1.050000000000000044, 0.0000000000000000000 ) ) ;
#1853 = PLANE ( 'NONE',  #2561 ) ;
#1854 = UNCERTAINTY_MEASURE_WITH_UNIT (LENGTH_MEASURE( 1.000000000000000082E-05 ), #415, 'distance_accuracy_value', 'NONE');
#1855 = ADVANCED_FACE ( 'NONE', ( #689 ), #1567, .T. ) ;
#1856 = CARTESIAN_POINT ( 'NONE',  ( 1.149999999999999911, 0.7000000000000002887, 0.0000000000000000000 ) ) ;
#1857 = ORIENTED_EDGE ( 'NONE', *, *, #158, .F. ) ;
#1858 = VECTOR ( 'NONE', #2509, 1000.000000000000000 ) ;
#1859 = DIRECTION ( 'NONE',  ( -0.0000000000000000000, 1.000000000000000000, -0.0000000000000000000 ) ) ;
#1860 = EDGE_CURVE ( 'NONE', #204, #1235, #921, .T. ) ;
#1861 =( LENGTH_UNIT ( ) NAMED_UNIT ( * ) SI_UNIT ( .MILLI., .METRE. ) );
#1862 = LINE ( 'NONE', #1197, #561 ) ;
#1863 = VECTOR ( 'NONE', #2165, 1000.000000000000000 ) ;
#1864 = LINE ( 'NONE', #2311, #2840 ) ;
#1865 = ADVANCED_FACE ( 'NONE', ( #495 ), #2197, .F. ) ;
#1866 = ORIENTED_EDGE ( 'NONE', *, *, #822, .F. ) ;
#1867 = SURFACE_STYLE_USAGE ( .BOTH. , #1216 ) ;
#1868 = CARTESIAN_POINT ( 'NONE',  ( 1.800000000000000044, 1.676046441958042464E-17, -0.5500000000000000444 ) ) ;
#1869 = EDGE_CURVE ( 'NONE', #456, #1297, #478, .T. ) ;
#1870 = DIRECTION ( 'NONE',  ( 1.000000000000000000, -0.0000000000000000000, 0.0000000000000000000 ) ) ;
#1871 = PRESENTATION_LAYER_ASSIGNMENT (  '', '', ( #2368 ) ) ;
#1872 = ORIENTED_EDGE ( 'NONE', *, *, #1273, .F. ) ;
#1873 = DIRECTION ( 'NONE',  ( -0.0000000000000000000, -0.0000000000000000000, -1.000000000000000000 ) ) ;
#1874 =( NAMED_UNIT ( * ) SI_UNIT ( $, .STERADIAN. ) SOLID_ANGLE_UNIT ( ) );
#1875 = STYLED_ITEM ( 'NONE', ( #598 ), #1133 ) ;
#1876 =( NAMED_UNIT ( * ) PLANE_ANGLE_UNIT ( ) SI_UNIT ( $, .RADIAN. ) );
#1877 = CARTESIAN_POINT ( 'NONE',  ( 0.2999999999999999334, 1.600000000000000977, -0.5500000000000000444 ) ) ;
#1878 = PRESENTATION_STYLE_ASSIGNMENT (( #330 ) ) ;
#1879 = VERTEX_POINT ( 'NONE', #613 ) ;
#1880 = LINE ( 'NONE', #1892, #628 ) ;
#1881 =( NAMED_UNIT ( * ) SI_UNIT ( $, .STERADIAN. ) SOLID_ANGLE_UNIT ( ) );
#1882 =( NAMED_UNIT ( * ) PLANE_ANGLE_UNIT ( ) SI_UNIT ( $, .RADIAN. ) );
#1883 = VERTEX_POINT ( 'NONE', #1484 ) ;
#1884 = FACE_OUTER_BOUND ( 'NONE', #2650, .T. ) ;
#1885 = SURFACE_SIDE_STYLE ('',( #2365 ) ) ;
#1886 = ORIENTED_EDGE ( 'NONE', *, *, #2224, .T. ) ;
#1887 = LINE ( 'NONE', #975, #406 ) ;
#1888 = CARTESIAN_POINT ( 'NONE',  ( 0.0000000000000000000, 0.0000000000000000000, -0.05000000000000000278 ) ) ;
#1889 = LINE ( 'NONE', #2605, #752 ) ;
#1890 = CLOSED_SHELL ( 'NONE', ( #1553, #2790, #1347, #2772, #1723, #4 ) ) ;
#1891 = ORIENTED_EDGE ( 'NONE', *, *, #2108, .T. ) ;
#1892 = CARTESIAN_POINT ( 'NONE',  ( 1.300000000000000044, 0.0000000000000000000, -0.5500000000000000444 ) ) ;
#1893 = FACE_OUTER_BOUND ( 'NONE', #1415, .T. ) ;
#1894 = EDGE_LOOP ( 'NONE', ( #1119, #379, #482, #427 ) ) ;
#1895 = ORIENTED_EDGE ( 'NONE', *, *, #2401, .F. ) ;
#1896 = CARTESIAN_POINT ( 'NONE',  ( 1.149999999999999911, 0.9500000000000002887, 0.2500000000000000000 ) ) ;
#1897 = ADVANCED_FACE ( 'NONE', ( #1276 ), #2359, .T. ) ;
#1898 =( NAMED_UNIT ( * ) SI_UNIT ( $, .STERADIAN. ) SOLID_ANGLE_UNIT ( ) );
#1899 = DIRECTION ( 'NONE',  ( -1.000000000000000000, 0.0000000000000000000, 0.0000000000000000000 ) ) ;
#1900 = CARTESIAN_POINT ( 'NONE',  ( 0.8000000000000003775, 0.5000000000000001110, -0.5500000000000000444 ) ) ;
#1901 = DIRECTION ( 'NONE',  ( -2.168404344971008868E-16, -1.000000000000000000, 0.0000000000000000000 ) ) ;
#1902 = STYLED_ITEM ( 'NONE', ( #283 ), #2403 ) ;
#1903 =( NAMED_UNIT ( * ) PLANE_ANGLE_UNIT ( ) SI_UNIT ( $, .RADIAN. ) );
#1904 = ORIENTED_EDGE ( 'NONE', *, *, #224, .T. ) ;
#1905 = EDGE_CURVE ( 'NONE', #1297, #456, #393, .T. ) ;
#1906 = FILL_AREA_STYLE_COLOUR ( '', #1677 ) ;
#1907 = DIRECTION ( 'NONE',  ( -1.000000000000000000, 2.168404344971008868E-16, 0.0000000000000000000 ) ) ;
#1908 = EDGE_CURVE ( 'NONE', #269, #1711, #1325, .T. ) ;
#1909 = ORIENTED_EDGE ( 'NONE', *, *, #2319, .T. ) ;
#1910 = CARTESIAN_POINT ( 'NONE',  ( 2.100000000000000089, 2.100000000000000089, -0.05000000000000000278 ) ) ;
#1911 = LINE ( 'NONE', #1061, #1680 ) ;
#1912 = VECTOR ( 'NONE', #2498, 1000.000000000000000 ) ;
#1913 = DIRECTION ( 'NONE',  ( 0.0000000000000000000, 1.000000000000000000, 0.0000000000000000000 ) ) ;
#1914 = DIRECTION ( 'NONE',  ( 0.0000000000000000000, -1.000000000000000000, 0.0000000000000000000 ) ) ;
#1915 = AXIS2_PLACEMENT_3D ( 'NONE', #2287, #113, #980 ) ;
#1916 = VECTOR ( 'NONE', #1106, 1000.000000000000000 ) ;
#1917 = PRESENTATION_STYLE_ASSIGNMENT (( #402 ) ) ;
#1918 = EDGE_CURVE ( 'NONE', #2100, #2596, #1640, .T. ) ;
#1919 = ORIENTED_EDGE ( 'NONE', *, *, #2242, .T. ) ;
#1920 = ORIENTED_EDGE ( 'NONE', *, *, #2224, .F. ) ;
#1921 = FACE_OUTER_BOUND ( 'NONE', #1992, .T. ) ;
#1922 = FILL_AREA_STYLE ('',( #2366 ) ) ;
#1923 = CARTESIAN_POINT ( 'NONE',  ( 0.0000000000000000000, 0.0000000000000000000, -0.05000000000000000278 ) ) ;
#1924 = DIRECTION ( 'NONE',  ( 0.0000000000000000000, 1.000000000000000000, 0.0000000000000000000 ) ) ;
#1925 = ORIENTED_EDGE ( 'NONE', *, *, #2108, .F. ) ;
#1926 = FACE_OUTER_BOUND ( 'NONE', #1152, .T. ) ;
#1927 = CLOSED_SHELL ( 'NONE', ( #1565, #506, #1804, #297, #1897, #2698 ) ) ;
#1928 = CARTESIAN_POINT ( 'NONE',  ( 2.100000000000000089, 2.100000000000000089, -0.05000000000000000278 ) ) ;
#1929 = ORIENTED_EDGE ( 'NONE', *, *, #2264, .T. ) ;
#1930 = VERTEX_POINT ( 'NONE', #2533 ) ;
#1931 = DIRECTION ( 'NONE',  ( 1.000000000000000000, 0.0000000000000000000, 0.0000000000000000000 ) ) ;
#1932 = VECTOR ( 'NONE', #2054, 1000.000000000000000 ) ;
#1933 = CARTESIAN_POINT ( 'NONE',  ( 0.9500000000000005107, 1.399999999999999689, 0.2500000000000000000 ) ) ;
#1934 = DIRECTION ( 'NONE',  ( 0.0000000000000000000, 0.0000000000000000000, 1.000000000000000000 ) ) ;
#1935 = VERTEX_POINT ( 'NONE', #344 ) ;
#1936 = EDGE_CURVE ( 'NONE', #1629, #418, #1600, .T. ) ;
#1937 = LINE ( 'NONE', #2830, #1916 ) ;
#1938 = VECTOR ( 'NONE', #1004, 1000.000000000000000 ) ;
#1939 = DIRECTION ( 'NONE',  ( 0.0000000000000000000, -0.0000000000000000000, 1.000000000000000000 ) ) ;
#1940 =( GEOMETRIC_REPRESENTATION_CONTEXT ( 3 ) GLOBAL_UNCERTAINTY_ASSIGNED_CONTEXT ( ( #503 ) ) GLOBAL_UNIT_ASSIGNED_CONTEXT ( ( #851, #1732, #2193 ) ) REPRESENTATION_CONTEXT ( 'NONE', 'WORKASPACE' ) );
#1941 = VERTEX_POINT ( 'NONE', #1211 ) ;
#1942 = VERTEX_POINT ( 'NONE', #303 ) ;
#1943 = DIRECTION ( 'NONE',  ( -0.0000000000000000000, 0.0000000000000000000, 1.000000000000000000 ) ) ;
#1944 = FILL_AREA_STYLE ('',( #1301 ) ) ;
#1945 = DIRECTION ( 'NONE',  ( -1.000000000000000000, -0.0000000000000000000, -0.0000000000000000000 ) ) ;
#1946 = EDGE_CURVE ( 'NONE', #2719, #1879, #512, .T. ) ;
#1947 = SURFACE_SIDE_STYLE ('',( #631 ) ) ;
#1948 = FILL_AREA_STYLE_COLOUR ( '', #1668 ) ;
#1949 = ORIENTED_EDGE ( 'NONE', *, *, #2038, .T. ) ;
#1950 = DIRECTION ( 'NONE',  ( -1.000000000000000000, 3.252606517456519613E-15, -0.0000000000000000000 ) ) ;
#1951 = AXIS2_PLACEMENT_3D ( 'NONE', #2677, #148, #2226 ) ;
#1952 =( GEOMETRIC_REPRESENTATION_CONTEXT ( 3 ) GLOBAL_UNCERTAINTY_ASSIGNED_CONTEXT ( ( #2451 ) ) GLOBAL_UNIT_ASSIGNED_CONTEXT ( ( #2418, #836, #897 ) ) REPRESENTATION_CONTEXT ( 'NONE', 'WORKASPACE' ) );
#1953 = FACE_OUTER_BOUND ( 'NONE', #2171, .T. ) ;
#1954 = CLOSED_SHELL ( 'NONE', ( #1409, #453, #1060, #656, #1172, #2745 ) ) ;
#1955 = VERTEX_POINT ( 'NONE', #72 ) ;
#1956 = EDGE_LOOP ( 'NONE', ( #1173, #1286 ) ) ;
#1957 = DIRECTION ( 'NONE',  ( 1.000000000000000000, 0.0000000000000000000, 0.0000000000000000000 ) ) ;
#1958 = SURFACE_STYLE_FILL_AREA ( #1944 ) ;
#1959 = VECTOR ( 'NONE', #2332, 1000.000000000000000 ) ;
#1960 = DIRECTION ( 'NONE',  ( 0.0000000000000000000, -1.000000000000000000, 0.0000000000000000000 ) ) ;
#1961 = DIRECTION ( 'NONE',  ( 4.336808689942019708E-16, 1.000000000000000000, 0.0000000000000000000 ) ) ;
#1962 = VERTEX_POINT ( 'NONE', #2708 ) ;
#1963 = CARTESIAN_POINT ( 'NONE',  ( 0.0000000000000000000, 0.0000000000000000000, -0.5500000000000000444 ) ) ;
#1964 = DIRECTION ( 'NONE',  ( 0.0000000000000000000, -1.000000000000000000, 0.0000000000000000000 ) ) ;
#1965 = ADVANCED_FACE ( 'NONE', ( #538 ), #965, .T. ) ;
#1966 = ORIENTED_EDGE ( 'NONE', *, *, #1306, .T. ) ;
#1967 = ORIENTED_EDGE ( 'NONE', *, *, #214, .T. ) ;
#1968 = ADVANCED_FACE ( 'NONE', ( #2309 ), #555, .F. ) ;
#1969 = CARTESIAN_POINT ( 'NONE',  ( 1.300000000000000266, 1.600000000000000755, -0.5500000000000000444 ) ) ;
#1970 = VECTOR ( 'NONE', #861, 1000.000000000000000 ) ;
#1971 =( LENGTH_UNIT ( ) NAMED_UNIT ( * ) SI_UNIT ( .MILLI., .METRE. ) );
#1972 = PRODUCT_DEFINITION ( 'UNKNOWN', '', #1308, #2301 ) ;
#1973 = PRESENTATION_LAYER_ASSIGNMENT (  '', '', ( #1338 ) ) ;
#1974 = CARTESIAN_POINT ( 'NONE',  ( 0.9500000000000005107, 0.7000000000000002887, 0.0000000000000000000 ) ) ;
#1975 = CARTESIAN_POINT ( 'NONE',  ( 1.149999999999999689, 1.599999999999999201, 0.0000000000000000000 ) ) ;
#1976 = VERTEX_POINT ( 'NONE', #994 ) ;
#1977 = ORIENTED_EDGE ( 'NONE', *, *, #2715, .F. ) ;
#1978 = DIRECTION ( 'NONE',  ( -0.0000000000000000000, -0.0000000000000000000, -1.000000000000000000 ) ) ;
#1979 = CARTESIAN_POINT ( 'NONE',  ( 0.2999999999999999334, 1.600000000000000977, -0.5500000000000000444 ) ) ;
#1980 = MECHANICAL_DESIGN_GEOMETRIC_PRESENTATION_REPRESENTATION (  '', ( #1390 ), #2466 ) ;
#1981 = EDGE_CURVE ( 'NONE', #2028, #1842, #2151, .T. ) ;
#1982 = ORIENTED_EDGE ( 'NONE', *, *, #1186, .T. ) ;
#1983 = SURFACE_STYLE_USAGE ( .BOTH. , #925 ) ;
#1984 = CARTESIAN_POINT ( 'NONE',  ( 2.100000000000000089, 0.0000000000000000000, -0.05000000000000000278 ) ) ;
#1985 = UNCERTAINTY_MEASURE_WITH_UNIT (LENGTH_MEASURE( 1.000000000000000082E-05 ), #2526, 'distance_accuracy_value', 'NONE');
#1986 =( GEOMETRIC_REPRESENTATION_CONTEXT ( 3 ) GLOBAL_UNCERTAINTY_ASSIGNED_CONTEXT ( ( #663 ) ) GLOBAL_UNIT_ASSIGNED_CONTEXT ( ( #231, #722, #1093 ) ) REPRESENTATION_CONTEXT ( 'NONE', 'WORKASPACE' ) );
#1987 = VECTOR ( 'NONE', #447, 1000.000000000000000 ) ;
#1988 = PRESENTATION_STYLE_ASSIGNMENT (( #6 ) ) ;
#1989 = FACE_OUTER_BOUND ( 'NONE', #699, .T. ) ;
#1990 = SURFACE_SIDE_STYLE ('',( #1134 ) ) ;
#1991 = DIRECTION ( 'NONE',  ( -1.000000000000000000, 0.0000000000000000000, -0.0000000000000000000 ) ) ;
#1992 = EDGE_LOOP ( 'NONE', ( #352, #2186, #2086, #1734 ) ) ;
#1993 = ORIENTED_EDGE ( 'NONE', *, *, #1981, .T. ) ;
#1994 = SURFACE_STYLE_FILL_AREA ( #1367 ) ;
#1995 = PLANE ( 'NONE',  #1549 ) ;
#1996 = DIRECTION ( 'NONE',  ( 0.0000000000000000000, 1.000000000000000000, 0.0000000000000000000 ) ) ;
#1997 = VECTOR ( 'NONE', #1371, 1000.000000000000000 ) ;
#1998 = FACE_OUTER_BOUND ( 'NONE', #2746, .T. ) ;
#1999 = SHAPE_DEFINITION_REPRESENTATION ( #394, #2041 ) ;
#2000 = VECTOR ( 'NONE', #2521, 1000.000000000000000 ) ;
#2001 =( GEOMETRIC_REPRESENTATION_CONTEXT ( 3 ) GLOBAL_UNCERTAINTY_ASSIGNED_CONTEXT ( ( #51 ) ) GLOBAL_UNIT_ASSIGNED_CONTEXT ( ( #2087, #374, #2774 ) ) REPRESENTATION_CONTEXT ( 'NONE', 'WORKASPACE' ) );
#2002 = EDGE_LOOP ( 'NONE', ( #858, #2414, #1546, #543 ) ) ;
#2003 =( LENGTH_UNIT ( ) NAMED_UNIT ( * ) SI_UNIT ( .MILLI., .METRE. ) );
#2004 = EDGE_CURVE ( 'NONE', #1942, #2674, #797, .T. ) ;
#2005 = PRESENTATION_LAYER_ASSIGNMENT (  '', '', ( #46 ) ) ;
#2006 = FACE_OUTER_BOUND ( 'NONE', #679, .T. ) ;
#2007 = DIRECTION ( 'NONE',  ( 0.0000000000000000000, -1.000000000000000000, 0.0000000000000000000 ) ) ;
#2008 = PLANE ( 'NONE',  #1255 ) ;
#2009 = ORIENTED_EDGE ( 'NONE', *, *, #2578, .T. ) ;
#2010 = ORIENTED_EDGE ( 'NONE', *, *, #1727, .T. ) ;
#2011 = DIRECTION ( 'NONE',  ( -1.000000000000000000, -0.0000000000000000000, -0.0000000000000000000 ) ) ;
#2012 = CARTESIAN_POINT ( 'NONE',  ( 0.0000000000000000000, 0.0000000000000000000, -0.05000000000000000278 ) ) ;
#2013 = LINE ( 'NONE', #2689, #2511 ) ;
#2014 = DIRECTION ( 'NONE',  ( -0.0000000000000000000, -0.0000000000000000000, 1.000000000000000000 ) ) ;
#2015 = EDGE_LOOP ( 'NONE', ( #331, #791, #1473, #1929 ) ) ;
#2016 = PLANE ( 'NONE',  #1037 ) ;
#2017 = LINE ( 'NONE', #2262, #1681 ) ;
#2018 = CARTESIAN_POINT ( 'NONE',  ( 1.150000000000000133, 1.149999999999999689, 0.0000000000000000000 ) ) ;
#2019 = ORIENTED_EDGE ( 'NONE', *, *, #1514, .F. ) ;
#2020 = VERTEX_POINT ( 'NONE', #840 ) ;
#2021 = FACE_OUTER_BOUND ( 'NONE', #687, .T. ) ;
#2022 = VECTOR ( 'NONE', #770, 1000.000000000000000 ) ;
#2023 = LINE ( 'NONE', #1811, #1700 ) ;
#2024 = DIRECTION ( 'NONE',  ( 1.000000000000000000, 0.0000000000000000000, 0.0000000000000000000 ) ) ;
#2025 = EDGE_CURVE ( 'NONE', #2406, #2221, #2549, .T. ) ;
#2026 = SURFACE_SIDE_STYLE ('',( #1656 ) ) ;
#2027 = CARTESIAN_POINT ( 'NONE',  ( 0.9500000000000005107, 0.9500000000000002887, 0.0000000000000000000 ) ) ;
#2028 = VERTEX_POINT ( 'NONE', #2563 ) ;
#2029 = EDGE_CURVE ( 'NONE', #615, #715, #1889, .T. ) ;
#2030 = PRESENTATION_STYLE_ASSIGNMENT (( #1983 ) ) ;
#2031 = CARTESIAN_POINT ( 'NONE',  ( 1.050000000000000044, 1.050000000000000044, 0.3499999999999999778 ) ) ;
#2032 = DIRECTION ( 'NONE',  ( 0.0000000000000000000, -1.000000000000000000, 0.0000000000000000000 ) ) ;
#2033 = VECTOR ( 'NONE', #928, 1000.000000000000000 ) ;
#2034 = CARTESIAN_POINT ( 'NONE',  ( 0.0000000000000000000, 0.5000000000000001110, -0.05000000000000000278 ) ) ;
#2035 = LINE ( 'NONE', #1635, #436 ) ;
#2036 = ORIENTED_EDGE ( 'NONE', *, *, #711, .T. ) ;
#2037 = ORIENTED_EDGE ( 'NONE', *, *, #2319, .F. ) ;
#2038 = EDGE_CURVE ( 'NONE', #930, #731, #786, .T. ) ;
#2039 = SURFACE_STYLE_FILL_AREA ( #2269 ) ;
#2040 = DIRECTION ( 'NONE',  ( 1.000000000000000000, 0.0000000000000000000, 0.0000000000000000000 ) ) ;
#2041 = ADVANCED_BREP_SHAPE_REPRESENTATION ( 'FM-B2020RGBA-HG', ( #521, #2494, #2403, #2454, #2510, #1547, #1475, #564, #533, #1530, #2421, #32 ), #1261 ) ;
#2042 = PLANE ( 'NONE',  #2738 ) ;
#2043 = ORIENTED_EDGE ( 'NONE', *, *, #2807, .F. ) ;
#2044 = CARTESIAN_POINT ( 'NONE',  ( 0.0000000000000000000, 0.0000000000000000000, 0.0000000000000000000 ) ) ;
#2045 = MECHANICAL_DESIGN_GEOMETRIC_PRESENTATION_REPRESENTATION (  '', ( #1633 ), #941 ) ;
#2046 = DIRECTION ( 'NONE',  ( -0.0000000000000000000, -0.0000000000000000000, -1.000000000000000000 ) ) ;
#2047 = VECTOR ( 'NONE', #2415, 1000.000000000000000 ) ;
#2048 = PRESENTATION_LAYER_ASSIGNMENT (  '', '', ( #1453 ) ) ;
#2049 = COLOUR_RGB ( '',0.7803921568627451011, 0.7607843137254901578, 0.7411764705882353255 ) ;
#2050 = FACE_OUTER_BOUND ( 'NONE', #1015, .T. ) ;
#2051 = EDGE_LOOP ( 'NONE', ( #2375, #1761, #1615, #1993 ) ) ;
#2052 = VECTOR ( 'NONE', #655, 1000.000000000000000 ) ;
#2053 = DIRECTION ( 'NONE',  ( -0.0000000000000000000, 0.0000000000000000000, 1.000000000000000000 ) ) ;
#2054 = DIRECTION ( 'NONE',  ( -0.0000000000000000000, -1.000000000000000000, -0.0000000000000000000 ) ) ;
#2055 = CARTESIAN_POINT ( 'NONE',  ( 0.0000000000000000000, 0.0000000000000000000, -0.5500000000000000444 ) ) ;
#2056 = VECTOR ( 'NONE', #1599, 1000.000000000000000 ) ;
#2057 = ORIENTED_EDGE ( 'NONE', *, *, #2465, .F. ) ;
#2058 = ADVANCED_FACE ( 'NONE', ( #2370, #1034 ), #2812, .F. ) ;
#2059 = DIRECTION ( 'NONE',  ( 1.000000000000000000, 0.0000000000000000000, 0.0000000000000000000 ) ) ;
#2060 = DIRECTION ( 'NONE',  ( 1.000000000000000000, 0.0000000000000000000, 0.0000000000000000000 ) ) ;
#2061 = EDGE_CURVE ( 'NONE', #269, #513, #2769, .T. ) ;
#2062 = FILL_AREA_STYLE ('',( #530 ) ) ;
#2063 = ORIENTED_EDGE ( 'NONE', *, *, #412, .T. ) ;
#2064 = EDGE_CURVE ( 'NONE', #1686, #178, #1691, .T. ) ;
#2065 = CARTESIAN_POINT ( 'NONE',  ( 1.300000000000000266, 2.100000000000000089, -0.05000000000000000278 ) ) ;
#2066 = DIRECTION ( 'NONE',  ( -0.0000000000000000000, -0.0000000000000000000, 1.000000000000000000 ) ) ;
#2067 =( NAMED_UNIT ( * ) SI_UNIT ( $, .STERADIAN. ) SOLID_ANGLE_UNIT ( ) );
#2068 = SURFACE_SIDE_STYLE ('',( #540 ) ) ;
#2069 = VECTOR ( 'NONE', #2263, 1000.000000000000000 ) ;
#2070 = AXIS2_PLACEMENT_3D ( 'NONE', #226, #1087, #7 ) ;
#2071 = VERTEX_POINT ( 'NONE', #2797 ) ;
#2072 = CARTESIAN_POINT ( 'NONE',  ( 0.9500000000000005107, 1.150000000000000355, 0.2500000000000000000 ) ) ;
#2073 = FILL_AREA_STYLE ('',( #66 ) ) ;
#2074 = UNCERTAINTY_MEASURE_WITH_UNIT (LENGTH_MEASURE( 1.000000000000000082E-05 ), #677, 'distance_accuracy_value', 'NONE');
#2075 = PLANE ( 'NONE',  #1248 ) ;
#2076 = EDGE_CURVE ( 'NONE', #924, #816, #1252, .T. ) ;
#2077 = CIRCLE ( 'NONE', #1212, 0.8250000000000001776 ) ;
#2078 = DIRECTION ( 'NONE',  ( 1.084202172485507589E-15, 1.000000000000000000, -0.0000000000000000000 ) ) ;
#2079 = ORIENTED_EDGE ( 'NONE', *, *, #1869, .T. ) ;
#2080 = COLOUR_RGB ( '',0.8588235294117646523, 0.8588235294117646523, 0.8588235294117646523 ) ;
#2081 =( NAMED_UNIT ( * ) SI_UNIT ( $, .STERADIAN. ) SOLID_ANGLE_UNIT ( ) );
#2082 = SURFACE_SIDE_STYLE ('',( #2753 ) ) ;
#2083 =( NAMED_UNIT ( * ) SI_UNIT ( $, .STERADIAN. ) SOLID_ANGLE_UNIT ( ) );
#2084 =( NAMED_UNIT ( * ) PLANE_ANGLE_UNIT ( ) SI_UNIT ( $, .RADIAN. ) );
#2085 = FILL_AREA_STYLE_COLOUR ( '', #1596 ) ;
#2086 = ORIENTED_EDGE ( 'NONE', *, *, #214, .F. ) ;
#2087 =( LENGTH_UNIT ( ) NAMED_UNIT ( * ) SI_UNIT ( .MILLI., .METRE. ) );
#2088 =( NAMED_UNIT ( * ) SI_UNIT ( $, .STERADIAN. ) SOLID_ANGLE_UNIT ( ) );
#2089 = ORIENTED_EDGE ( 'NONE', *, *, #423, .F. ) ;
#2090 =( GEOMETRIC_REPRESENTATION_CONTEXT ( 3 ) GLOBAL_UNCERTAINTY_ASSIGNED_CONTEXT ( ( #2074 ) ) GLOBAL_UNIT_ASSIGNED_CONTEXT ( ( #677, #1107, #2461 ) ) REPRESENTATION_CONTEXT ( 'NONE', 'WORKASPACE' ) );
#2091 = DIRECTION ( 'NONE',  ( -0.0000000000000000000, -0.0000000000000000000, 1.000000000000000000 ) ) ;
#2092 = MECHANICAL_DESIGN_GEOMETRIC_PRESENTATION_REPRESENTATION (  '', ( #1636 ), #1402 ) ;
#2093 = MECHANICAL_DESIGN_GEOMETRIC_PRESENTATION_REPRESENTATION (  '', ( #2602 ), #1590 ) ;
#2094 = DIRECTION ( 'NONE',  ( -0.0000000000000000000, -0.0000000000000000000, -1.000000000000000000 ) ) ;
#2095 = AXIS2_PLACEMENT_3D ( 'NONE', #1651, #1031, #196 ) ;
#2096 = ORIENTED_EDGE ( 'NONE', *, *, #1433, .F. ) ;
#2097 =( LENGTH_UNIT ( ) NAMED_UNIT ( * ) SI_UNIT ( .MILLI., .METRE. ) );
#2098 = CARTESIAN_POINT ( 'NONE',  ( 0.0000000000000000000, 0.0000000000000000000, 0.4500000000000000111 ) ) ;
#2099 = DIRECTION ( 'NONE',  ( -1.000000000000000000, 4.336808689942016750E-16, -0.0000000000000000000 ) ) ;
#2100 = VERTEX_POINT ( 'NONE', #811 ) ;
#2101 = FILL_AREA_STYLE_COLOUR ( '', #2049 ) ;
#2102 = SURFACE_STYLE_FILL_AREA ( #1260 ) ;
#2103 = VERTEX_POINT ( 'NONE', #2380 ) ;
#2104 = ORIENTED_EDGE ( 'NONE', *, *, #1433, .T. ) ;
#2105 = DIRECTION ( 'NONE',  ( 1.000000000000000000, 0.0000000000000000000, -0.0000000000000000000 ) ) ;
#2106 =( NAMED_UNIT ( * ) SI_UNIT ( $, .STERADIAN. ) SOLID_ANGLE_UNIT ( ) );
#2107 = LINE ( 'NONE', #1423, #1227 ) ;
#2108 = EDGE_CURVE ( 'NONE', #340, #1879, #413, .T. ) ;
#2109 = CARTESIAN_POINT ( 'NONE',  ( 0.2999999999999992117, -1.301042606982602609E-16, -0.5500000000000000444 ) ) ;
#2110 = CARTESIAN_POINT ( 'NONE',  ( 0.8000000000000003775, 0.5000000000000001110, -0.05000000000000000278 ) ) ;
#2111 = DIRECTION ( 'NONE',  ( 1.000000000000000000, 0.0000000000000000000, -0.0000000000000000000 ) ) ;
#2112 = ADVANCED_FACE ( 'NONE', ( #1284 ), #1065, .F. ) ;
#2113 = STYLED_ITEM ( 'NONE', ( #94 ), #656 ) ;
#2114 = VERTEX_POINT ( 'NONE', #172 ) ;
#2115 = CARTESIAN_POINT ( 'NONE',  ( 0.0000000000000000000, 0.0000000000000000000, -0.05000000000000000278 ) ) ;
#2116 = DIRECTION ( 'NONE',  ( 1.000000000000000000, 0.0000000000000000000, 0.0000000000000000000 ) ) ;
#2117 = PRESENTATION_STYLE_ASSIGNMENT (( #1245 ) ) ;
#2118 = EDGE_LOOP ( 'NONE', ( #2622, #2725, #1104, #2063 ) ) ;
#2119 = DIRECTION ( 'NONE',  ( 0.0000000000000000000, 0.0000000000000000000, 1.000000000000000000 ) ) ;
#2120 = SURFACE_STYLE_USAGE ( .BOTH. , #2601 ) ;
#2121 = VECTOR ( 'NONE', #2838, 1000.000000000000000 ) ;
#2122 = CARTESIAN_POINT ( 'NONE',  ( 1.300000000000000044, 0.0000000000000000000, -0.5500000000000000444 ) ) ;
#2123 = CARTESIAN_POINT ( 'NONE',  ( 0.2999999999999999334, 1.600000000000000977, -0.5500000000000000444 ) ) ;
#2124 = VECTOR ( 'NONE', #579, 1000.000000000000000 ) ;
#2125 = ADVANCED_FACE ( 'NONE', ( #1678 ), #1450, .T. ) ;
#2126 = PRESENTATION_LAYER_ASSIGNMENT (  '', '', ( #2781 ) ) ;
#2127 = VERTEX_POINT ( 'NONE', #2110 ) ;
#2128 = SURFACE_STYLE_USAGE ( .BOTH. , #1257 ) ;
#2129 = SURFACE_SIDE_STYLE ('',( #574 ) ) ;
#2130 = EDGE_LOOP ( 'NONE', ( #14, #474, #1726, #1891 ) ) ;
#2131 = ORIENTED_EDGE ( 'NONE', *, *, #2076, .F. ) ;
#2132 = CARTESIAN_POINT ( 'NONE',  ( 1.800000000000000266, 2.100000000000000533, -0.05000000000000000278 ) ) ;
#2133 = VECTOR ( 'NONE', #1582, 1000.000000000000000 ) ;
#2134 = LINE ( 'NONE', #1933, #1084 ) ;
#2135 = DIRECTION ( 'NONE',  ( -0.0000000000000000000, -0.0000000000000000000, 1.000000000000000000 ) ) ;
#2136 = AXIS2_PLACEMENT_3D ( 'NONE', #2285, #1006, #99 ) ;
#2137 = MECHANICAL_DESIGN_GEOMETRIC_PRESENTATION_REPRESENTATION (  '', ( #445 ), #1719 ) ;
#2138 = SURFACE_STYLE_USAGE ( .BOTH. , #1947 ) ;
#2139 = DIRECTION ( 'NONE',  ( 0.0000000000000000000, 0.0000000000000000000, -1.000000000000000000 ) ) ;
#2140 = VERTEX_POINT ( 'NONE', #597 ) ;
#2141 = CARTESIAN_POINT ( 'NONE',  ( 1.800000000000000044, 0.5000000000000001110, -0.5500000000000000444 ) ) ;
#2142 = VECTOR ( 'NONE', #560, 1000.000000000000000 ) ;
#2143 = MECHANICAL_DESIGN_GEOMETRIC_PRESENTATION_REPRESENTATION (  '', ( #593 ), #1139 ) ;
#2144 = CARTESIAN_POINT ( 'NONE',  ( 0.8000000000000003775, 8.147048265945289351E-17, -0.5500000000000000444 ) ) ;
#2145 = CARTESIAN_POINT ( 'NONE',  ( 1.300000000000000044, 1.676046441958042464E-17, -0.05000000000000000278 ) ) ;
#2146 = ORIENTED_EDGE ( 'NONE', *, *, #2757, .T. ) ;
#2147 = ORIENTED_EDGE ( 'NONE', *, *, #1176, .T. ) ;
#2148 = CARTESIAN_POINT ( 'NONE',  ( 1.300000000000000266, 2.100000000000000533, -0.5500000000000000444 ) ) ;
#2149 = EDGE_CURVE ( 'NONE', #1471, #2551, #632, .T. ) ;
#2150 = CARTESIAN_POINT ( 'NONE',  ( 0.8000000000000003775, 0.0000000000000000000, -0.5500000000000000444 ) ) ;
#2151 = LINE ( 'NONE', #2123, #524 ) ;
#2152 = EDGE_CURVE ( 'NONE', #1486, #558, #156, .T. ) ;
#2153 = ORIENTED_EDGE ( 'NONE', *, *, #1045, .T. ) ;
#2154 = DIRECTION ( 'NONE',  ( 0.0000000000000000000, 1.000000000000000000, 0.0000000000000000000 ) ) ;
#2155 = VECTOR ( 'NONE', #1439, 1000.000000000000000 ) ;
#2156 = FILL_AREA_STYLE ('',( #416 ) ) ;
#2157 = PLANE ( 'NONE',  #635 ) ;
#2158 = ORIENTED_EDGE ( 'NONE', *, *, #448, .T. ) ;
#2159 = MECHANICAL_DESIGN_GEOMETRIC_PRESENTATION_REPRESENTATION (  '', ( #2113 ), #2485 ) ;
#2160 = ORIENTED_EDGE ( 'NONE', *, *, #1094, .T. ) ;
#2161 = CARTESIAN_POINT ( 'NONE',  ( 2.100000000000000089, 2.100000000000000089, -0.5500000000000000444 ) ) ;
#2162 = EDGE_CURVE ( 'NONE', #1118, #1739, #2779, .T. ) ;
#2163 = DIRECTION ( 'NONE',  ( -0.0000000000000000000, -0.0000000000000000000, 1.000000000000000000 ) ) ;
#2164 = SURFACE_STYLE_FILL_AREA ( #1922 ) ;
#2165 = DIRECTION ( 'NONE',  ( 1.000000000000000000, 0.0000000000000000000, 0.0000000000000000000 ) ) ;
#2166 = CARTESIAN_POINT ( 'NONE',  ( 1.300000000000000266, 2.100000000000000089, -0.5500000000000000444 ) ) ;
#2167 = ORIENTED_EDGE ( 'NONE', *, *, #2675, .F. ) ;
#2168 = CARTESIAN_POINT ( 'NONE',  ( 0.9500000000000005107, 1.599999999999999201, 0.2500000000000000000 ) ) ;
#2169 = MECHANICAL_DESIGN_GEOMETRIC_PRESENTATION_REPRESENTATION (  '', ( #1902 ), #2265 ) ;
#2170 = FACE_OUTER_BOUND ( 'NONE', #357, .T. ) ;
#2171 = EDGE_LOOP ( 'NONE', ( #441, #1717, #1610, #1738 ) ) ;
#2172 = VERTEX_POINT ( 'NONE', #1705 ) ;
#2173 = ORIENTED_EDGE ( 'NONE', *, *, #822, .T. ) ;
#2174 = SURFACE_STYLE_USAGE ( .BOTH. , #251 ) ;
#2175 = PRESENTATION_STYLE_ASSIGNMENT (( #1086 ) ) ;
#2176 =( NAMED_UNIT ( * ) PLANE_ANGLE_UNIT ( ) SI_UNIT ( $, .RADIAN. ) );
#2177 = ORIENTED_EDGE ( 'NONE', *, *, #1869, .F. ) ;
#2178 = CARTESIAN_POINT ( 'NONE',  ( 0.0000000000000000000, 0.0000000000000000000, -0.05000000000000000278 ) ) ;
#2179 = STYLED_ITEM ( 'NONE', ( #2290 ), #2745 ) ;
#2180 = EDGE_CURVE ( 'NONE', #841, #2406, #2351, .T. ) ;
#2181 = VECTOR ( 'NONE', #2190, 1000.000000000000000 ) ;
#2182 = PRESENTATION_STYLE_ASSIGNMENT (( #1339 ) ) ;
#2183 = PRESENTATION_LAYER_ASSIGNMENT (  '', '', ( #2325 ) ) ;
#2184 = VECTOR ( 'NONE', #2488, 1000.000000000000000 ) ;
#2185 = ORIENTED_EDGE ( 'NONE', *, *, #224, .F. ) ;
#2186 = ORIENTED_EDGE ( 'NONE', *, *, #920, .F. ) ;
#2187 = ADVANCED_FACE ( 'NONE', ( #1792 ), #268, .T. ) ;
#2188 = LINE ( 'NONE', #2637, #1410 ) ;
#2189 = UNCERTAINTY_MEASURE_WITH_UNIT (LENGTH_MEASURE( 1.000000000000000082E-05 ), #1663, 'distance_accuracy_value', 'NONE');
#2190 = DIRECTION ( 'NONE',  ( -0.0000000000000000000, -0.0000000000000000000, 1.000000000000000000 ) ) ;
#2191 = VECTOR ( 'NONE', #301, 1000.000000000000000 ) ;
#2192 = LINE ( 'NONE', #2670, #990 ) ;
#2193 =( NAMED_UNIT ( * ) SI_UNIT ( $, .STERADIAN. ) SOLID_ANGLE_UNIT ( ) );
#2194 = ORIENTED_EDGE ( 'NONE', *, *, #2180, .F. ) ;
#2195 = LINE ( 'NONE', #1078, #1830 ) ;
#2196 = ADVANCED_FACE ( 'NONE', ( #254 ), #1135, .F. ) ;
#2197 = PLANE ( 'NONE',  #2502 ) ;
#2198 = CARTESIAN_POINT ( 'NONE',  ( 0.2250000000000000611, 1.050000000000000044, 0.0000000000000000000 ) ) ;
#2199 = EDGE_CURVE ( 'NONE', #1299, #924, #461, .T. ) ;
#2200 = ORIENTED_EDGE ( 'NONE', *, *, #920, .T. ) ;
#2201 = DIRECTION ( 'NONE',  ( 1.000000000000000000, 0.0000000000000000000, 0.0000000000000000000 ) ) ;
#2202 = AXIS2_PLACEMENT_3D ( 'NONE', #1289, #16, #1943 ) ;
#2203 = DIRECTION ( 'NONE',  ( 0.0000000000000000000, -0.0000000000000000000, 1.000000000000000000 ) ) ;
#2204 =( GEOMETRIC_REPRESENTATION_CONTEXT ( 3 ) GLOBAL_UNCERTAINTY_ASSIGNED_CONTEXT ( ( #2713 ) ) GLOBAL_UNIT_ASSIGNED_CONTEXT ( ( #2685, #658, #1579 ) ) REPRESENTATION_CONTEXT ( 'NONE', 'WORKASPACE' ) );
#2205 =( NAMED_UNIT ( * ) PLANE_ANGLE_UNIT ( ) SI_UNIT ( $, .RADIAN. ) );
#2206 = ORIENTED_EDGE ( 'NONE', *, *, #426, .F. ) ;
#2207 = ORIENTED_EDGE ( 'NONE', *, *, #1524, .T. ) ;
#2208 = PRESENTATION_STYLE_ASSIGNMENT (( #83 ) ) ;
#2209 = DIRECTION ( 'NONE',  ( 1.000000000000000000, 0.0000000000000000000, -0.0000000000000000000 ) ) ;
#2210 = FILL_AREA_STYLE_COLOUR ( '', #317 ) ;
#2211 = EDGE_CURVE ( 'NONE', #945, #178, #2077, .T. ) ;
#2212 = CARTESIAN_POINT ( 'NONE',  ( 6.938893903907231336E-16, 1.600000000000001199, -0.5500000000000000444 ) ) ;
#2213 = VECTOR ( 'NONE', #820, 1000.000000000000000 ) ;
#2214 = VERTEX_POINT ( 'NONE', #685 ) ;
#2215 = AXIS2_PLACEMENT_3D ( 'NONE', #2803, #815, #1695 ) ;
#2216 = DIRECTION ( 'NONE',  ( 0.0000000000000000000, -1.000000000000000000, 0.0000000000000000000 ) ) ;
#2217 = UNCERTAINTY_MEASURE_WITH_UNIT (LENGTH_MEASURE( 1.000000000000000082E-05 ), #978, 'distance_accuracy_value', 'NONE');
#2218 = DIRECTION ( 'NONE',  ( 0.0000000000000000000, 1.000000000000000000, 0.0000000000000000000 ) ) ;
#2219 = PLANE ( 'NONE',  #2654 ) ;
#2220 = SURFACE_STYLE_USAGE ( .BOTH. , #1560 ) ;
#2221 = VERTEX_POINT ( 'NONE', #2166 ) ;
#2222 = ORIENTED_EDGE ( 'NONE', *, *, #2199, .F. ) ;
#2223 = PLANE ( 'NONE',  #906 ) ;
#2224 = EDGE_CURVE ( 'NONE', #2020, #2221, #1088, .T. ) ;
#2225 = DIRECTION ( 'NONE',  ( -1.000000000000000000, -1.262015613444851489E-16, 0.0000000000000000000 ) ) ;
#2226 = DIRECTION ( 'NONE',  ( -1.084202172485507589E-15, -1.000000000000000000, 0.0000000000000000000 ) ) ;
#2227 = PRESENTATION_LAYER_ASSIGNMENT (  '', '', ( #1448 ) ) ;
#2228 = CARTESIAN_POINT ( 'NONE',  ( 1.800000000000000266, 1.600000000000000755, -0.5500000000000000444 ) ) ;
#2229 = VECTOR ( 'NONE', #1195, 1000.000000000000000 ) ;
#2230 = MECHANICAL_DESIGN_GEOMETRIC_PRESENTATION_REPRESENTATION (  '', ( #2179 ), #2603 ) ;
#2231 = EDGE_LOOP ( 'NONE', ( #1570, #1753, #1696, #654 ) ) ;
#2232 = DIRECTION ( 'NONE',  ( 1.000000000000000000, -0.0000000000000000000, -0.0000000000000000000 ) ) ;
#2233 = FACE_OUTER_BOUND ( 'NONE', #1780, .T. ) ;
#2234 = ADVANCED_FACE ( 'NONE', ( #1349 ), #2008, .T. ) ;
#2235 = MECHANICAL_DESIGN_GEOMETRIC_PRESENTATION_REPRESENTATION (  '', ( #188 ), #1372 ) ;
#2236 =( LENGTH_UNIT ( ) NAMED_UNIT ( * ) SI_UNIT ( .MILLI., .METRE. ) );
#2237 =( LENGTH_UNIT ( ) NAMED_UNIT ( * ) SI_UNIT ( .MILLI., .METRE. ) );
#2238 = VERTEX_POINT ( 'NONE', #437 ) ;
#2239 = EDGE_LOOP ( 'NONE', ( #937, #1341, #767, #1966 ) ) ;
#2240 = CARTESIAN_POINT ( 'NONE',  ( 1.800000000000000266, 2.100000000000000533, -0.5500000000000000444 ) ) ;
#2241 = LINE ( 'NONE', #871, #2818 ) ;
#2242 = EDGE_CURVE ( 'NONE', #1644, #1669, #2390, .T. ) ;
#2243 = DIRECTION ( 'NONE',  ( 0.0000000000000000000, 0.0000000000000000000, 1.000000000000000000 ) ) ;
#2244 = PRESENTATION_STYLE_ASSIGNMENT (( #60 ) ) ;
#2245 =( NAMED_UNIT ( * ) SI_UNIT ( $, .STERADIAN. ) SOLID_ANGLE_UNIT ( ) );
#2246 = ORIENTED_EDGE ( 'NONE', *, *, #2574, .T. ) ;
#2247 = CARTESIAN_POINT ( 'NONE',  ( 0.0000000000000000000, 0.0000000000000000000, -0.05000000000000000278 ) ) ;
#2248 = LINE ( 'NONE', #2695, #589 ) ;
#2249 = UNCERTAINTY_MEASURE_WITH_UNIT (LENGTH_MEASURE( 1.000000000000000082E-05 ), #1233, 'distance_accuracy_value', 'NONE');
#2250 = DIRECTION ( 'NONE',  ( 0.0000000000000000000, 0.0000000000000000000, -1.000000000000000000 ) ) ;
#2251 = EDGE_CURVE ( 'NONE', #1327, #1962, #916, .T. ) ;
#2252 = CARTESIAN_POINT ( 'NONE',  ( 1.875000000000000444, 1.050000000000000044, 0.0000000000000000000 ) ) ;
#2253 = PLANE ( 'NONE',  #1480 ) ;
#2254 = ORIENTED_EDGE ( 'NONE', *, *, #2730, .F. ) ;
#2255 = VERTEX_POINT ( 'NONE', #1975 ) ;
#2256 = CARTESIAN_POINT ( 'NONE',  ( 1.800000000000000266, 2.100000000000000533, -0.5500000000000000444 ) ) ;
#2257 = COLOUR_RGB ( '',0.2862745098039215508, 0.6627450980392156632, 0.3294117647058823484 ) ;
#2258 = SURFACE_STYLE_FILL_AREA ( #1832 ) ;
#2259 = CARTESIAN_POINT ( 'NONE',  ( 0.0000000000000000000, 0.0000000000000000000, -0.05000000000000000278 ) ) ;
#2260 = ORIENTED_EDGE ( 'NONE', *, *, #792, .F. ) ;
#2261 = DIRECTION ( 'NONE',  ( 0.0000000000000000000, 0.0000000000000000000, -1.000000000000000000 ) ) ;
#2262 = CARTESIAN_POINT ( 'NONE',  ( 2.100000000000000089, 0.0000000000000000000, -0.05000000000000000278 ) ) ;
#2263 = DIRECTION ( 'NONE',  ( 1.000000000000000000, 0.0000000000000000000, 0.0000000000000000000 ) ) ;
#2264 = EDGE_CURVE ( 'NONE', #373, #2214, #1076, .T. ) ;
#2265 =( GEOMETRIC_REPRESENTATION_CONTEXT ( 3 ) GLOBAL_UNCERTAINTY_ASSIGNED_CONTEXT ( ( #2515 ) ) GLOBAL_UNIT_ASSIGNED_CONTEXT ( ( #2237, #1702, #1690 ) ) REPRESENTATION_CONTEXT ( 'NONE', 'WORKASPACE' ) );
#2266 = DIRECTION ( 'NONE',  ( 1.000000000000000000, -0.0000000000000000000, 0.0000000000000000000 ) ) ;
#2267 = ORIENTED_EDGE ( 'NONE', *, *, #557, .T. ) ;
#2268 = LINE ( 'NONE', #24, #324 ) ;
#2269 = FILL_AREA_STYLE ('',( #315 ) ) ;
#2270 = ADVANCED_FACE ( 'NONE', ( #866, #1744 ), #21, .T. ) ;
#2271 = DIRECTION ( 'NONE',  ( 0.0000000000000000000, 1.000000000000000000, 0.0000000000000000000 ) ) ;
#2272 = SURFACE_STYLE_USAGE ( .BOTH. , #934 ) ;
#2273 = CARTESIAN_POINT ( 'NONE',  ( 0.3000000000000003775, 0.0000000000000000000, -0.05000000000000000278 ) ) ;
#2274 = ADVANCED_FACE ( 'NONE', ( #852 ), #37, .T. ) ;
#2275 = ORIENTED_EDGE ( 'NONE', *, *, #387, .T. ) ;
#2276 = LINE ( 'NONE', #1616, #2279 ) ;
#2277 = PRESENTATION_LAYER_ASSIGNMENT (  '', '', ( #1767 ) ) ;
#2278 = UNCERTAINTY_MEASURE_WITH_UNIT (LENGTH_MEASURE( 1.000000000000000082E-05 ), #2778, 'distance_accuracy_value', 'NONE');
#2279 = VECTOR ( 'NONE', #2740, 1000.000000000000000 ) ;
#2280 = EDGE_CURVE ( 'NONE', #1247, #2665, #2283, .T. ) ;
#2281 = VECTOR ( 'NONE', #76, 1000.000000000000000 ) ;
#2282 = AXIS2_PLACEMENT_3D ( 'NONE', #355, #1035, #1009 ) ;
#2283 = LINE ( 'NONE', #1856, #1749 ) ;
#2284 = ORIENTED_EDGE ( 'NONE', *, *, #1306, .F. ) ;
#2285 = CARTESIAN_POINT ( 'NONE',  ( 0.0000000000000000000, 0.0000000000000000000, -0.05000000000000000278 ) ) ;
#2286 = SURFACE_STYLE_USAGE ( .BOTH. , #2082 ) ;
#2287 = CARTESIAN_POINT ( 'NONE',  ( 1.800000000000000044, 1.676046441958042464E-17, -0.5500000000000000444 ) ) ;
#2288 = VECTOR ( 'NONE', #2460, 1000.000000000000000 ) ;
#2289 = VERTEX_POINT ( 'NONE', #760 ) ;
#2290 = PRESENTATION_STYLE_ASSIGNMENT (( #1416 ) ) ;
#2291 = VECTOR ( 'NONE', #2066, 1000.000000000000000 ) ;
#2292 = FACE_OUTER_BOUND ( 'NONE', #193, .T. ) ;
#2293 = EDGE_LOOP ( 'NONE', ( #499, #2284, #1682, #1460 ) ) ;
#2294 = SURFACE_STYLE_FILL_AREA ( #762 ) ;
#2295 = CARTESIAN_POINT ( 'NONE',  ( 0.2250000000000000611, 1.050000000000000044, 0.0000000000000000000 ) ) ;
#2296 = DIRECTION ( 'NONE',  ( 4.336808689942016750E-16, 1.000000000000000000, 0.0000000000000000000 ) ) ;
#2297 = VECTOR ( 'NONE', #576, 1000.000000000000000 ) ;
#2298 = FACE_OUTER_BOUND ( 'NONE', #1350, .T. ) ;
#2299 = VECTOR ( 'NONE', #1311, 1000.000000000000000 ) ;
#2300 = ORIENTED_EDGE ( 'NONE', *, *, #594, .F. ) ;
#2301 = PRODUCT_DEFINITION_CONTEXT ( 'detailed design', #664, 'design' ) ;
#2302 = FILL_AREA_STYLE ('',( #971 ) ) ;
#2303 = ORIENTED_EDGE ( 'NONE', *, *, #972, .F. ) ;
#2304 = AXIS2_PLACEMENT_3D ( 'NONE', #2642, #671, #1991 ) ;
#2305 = FILL_AREA_STYLE ('',( #1435 ) ) ;
#2306 = ORIENTED_EDGE ( 'NONE', *, *, #1444, .T. ) ;
#2307 = CARTESIAN_POINT ( 'NONE',  ( 0.3000000000000003775, 0.5000000000000001110, -0.5500000000000000444 ) ) ;
#2308 = PLANE ( 'NONE',  #1263 ) ;
#2309 = FACE_OUTER_BOUND ( 'NONE', #2293, .T. ) ;
#2310 = EDGE_CURVE ( 'NONE', #1081, #1669, #507, .T. ) ;
#2311 = CARTESIAN_POINT ( 'NONE',  ( 2.100000000000000089, 0.0000000000000000000, -0.5500000000000000444 ) ) ;
#2312 = ORIENTED_EDGE ( 'NONE', *, *, #1342, .T. ) ;
#2313 = DIRECTION ( 'NONE',  ( -0.0000000000000000000, -0.0000000000000000000, 1.000000000000000000 ) ) ;
#2314 =( LENGTH_UNIT ( ) NAMED_UNIT ( * ) SI_UNIT ( .MILLI., .METRE. ) );
#2315 = DIRECTION ( 'NONE',  ( -1.262015613444851489E-16, 1.000000000000000000, 0.0000000000000000000 ) ) ;
#2316 = ORIENTED_EDGE ( 'NONE', *, *, #1514, .T. ) ;
#2317 = VECTOR ( 'NONE', #25, 1000.000000000000000 ) ;
#2318 = FILL_AREA_STYLE ('',( #1474 ) ) ;
#2319 = EDGE_CURVE ( 'NONE', #601, #1930, #973, .T. ) ;
#2320 = CIRCLE ( 'NONE', #766, 0.8250000000000001776 ) ;
#2321 = CARTESIAN_POINT ( 'NONE',  ( 1.300000000000000266, 1.600000000000000755, -0.5500000000000000444 ) ) ;
#2322 = PRESENTATION_LAYER_ASSIGNMENT (  '', '', ( #717 ) ) ;
#2323 =( NAMED_UNIT ( * ) PLANE_ANGLE_UNIT ( ) SI_UNIT ( $, .RADIAN. ) );
#2324 = EDGE_CURVE ( 'NONE', #1181, #692, #2035, .T. ) ;
#2325 = STYLED_ITEM ( 'NONE', ( #1175 ), #1023 ) ;
#2326 = CARTESIAN_POINT ( 'NONE',  ( 1.800000000000000266, 1.600000000000000755, -0.5500000000000000444 ) ) ;
#2327 = DIRECTION ( 'NONE',  ( -0.0000000000000000000, -0.0000000000000000000, -1.000000000000000000 ) ) ;
#2328 = AXIS2_PLACEMENT_3D ( 'NONE', #1121, #101, #2024 ) ;
#2329 = EDGE_LOOP ( 'NONE', ( #624, #659 ) ) ;
#2330 = FACE_OUTER_BOUND ( 'NONE', #404, .T. ) ;
#2331 = FILL_AREA_STYLE_COLOUR ( '', #803 ) ;
#2332 = DIRECTION ( 'NONE',  ( 1.000000000000000000, 0.0000000000000000000, 0.0000000000000000000 ) ) ;
#2333 = DIRECTION ( 'NONE',  ( -1.000000000000000000, 0.0000000000000000000, 0.0000000000000000000 ) ) ;
#2334 = VERTEX_POINT ( 'NONE', #1841 ) ;
#2335 = EDGE_CURVE ( 'NONE', #1711, #285, #2681, .T. ) ;
#2336 = CARTESIAN_POINT ( 'NONE',  ( 0.2249999999999998390, 1.050000000000000044, 0.3499999999999999778 ) ) ;
#2337 = DIRECTION ( 'NONE',  ( -0.0000000000000000000, -0.0000000000000000000, 1.000000000000000000 ) ) ;
#2338 = LINE ( 'NONE', #1900, #1199 ) ;
#2339 = CARTESIAN_POINT ( 'NONE',  ( 0.9500000000000005107, 0.9500000000000002887, 0.2500000000000000000 ) ) ;
#2340 =( NAMED_UNIT ( * ) SI_UNIT ( $, .STERADIAN. ) SOLID_ANGLE_UNIT ( ) );
#2341 = VECTOR ( 'NONE', #1772, 1000.000000000000000 ) ;
#2342 = ORIENTED_EDGE ( 'NONE', *, *, #1524, .F. ) ;
#2343 = CARTESIAN_POINT ( 'NONE',  ( 0.8000000000000001554, 2.100000000000000533, -0.5500000000000000444 ) ) ;
#2344 = ORIENTED_EDGE ( 'NONE', *, *, #1340, .F. ) ;
#2345 = EDGE_LOOP ( 'NONE', ( #804, #788, #57, #1664 ) ) ;
#2346 = DIRECTION ( 'NONE',  ( -0.0000000000000000000, 0.0000000000000000000, 1.000000000000000000 ) ) ;
#2347 = ADVANCED_FACE ( 'NONE', ( #80 ), #942, .F. ) ;
#2348 =( LENGTH_UNIT ( ) NAMED_UNIT ( * ) SI_UNIT ( .MILLI., .METRE. ) );
#2349 = VECTOR ( 'NONE', #1293, 1000.000000000000000 ) ;
#2350 = LINE ( 'NONE', #1923, #1987 ) ;
#2351 = LINE ( 'NONE', #1270, #832 ) ;
#2352 = AXIS2_PLACEMENT_3D ( 'NONE', #1426, #2296, #2479 ) ;
#2353 = DIRECTION ( 'NONE',  ( -0.0000000000000000000, -0.0000000000000000000, -1.000000000000000000 ) ) ;
#2354 = ADVANCED_FACE ( 'NONE', ( #2292 ), #1827, .F. ) ;
#2355 = DIRECTION ( 'NONE',  ( 1.000000000000000000, -3.252606517456520007E-15, 0.0000000000000000000 ) ) ;
#2356 = ADVANCED_FACE ( 'NONE', ( #122 ), #2253, .F. ) ;
#2357 = CARTESIAN_POINT ( 'NONE',  ( 0.9500000000000005107, 0.7000000000000002887, 0.2500000000000000000 ) ) ;
#2358 = VERTEX_POINT ( 'NONE', #339 ) ;
#2359 = PLANE ( 'NONE',  #120 ) ;
#2360 = FILL_AREA_STYLE ('',( #1673 ) ) ;
#2361 = EDGE_LOOP ( 'NONE', ( #2829, #1029, #2612, #1467 ) ) ;
#2362 = DIRECTION ( 'NONE',  ( 4.336808689942019708E-16, 1.000000000000000000, 0.0000000000000000000 ) ) ;
#2363 = ADVANCED_FACE ( 'NONE', ( #1609 ), #2701, .F. ) ;
#2364 = MECHANICAL_DESIGN_GEOMETRIC_PRESENTATION_REPRESENTATION (  '', ( #1448 ), #179 ) ;
#2365 = SURFACE_STYLE_FILL_AREA ( #1488 ) ;
#2366 = FILL_AREA_STYLE_COLOUR ( '', #2646 ) ;
#2367 = VECTOR ( 'NONE', #2547, 1000.000000000000000 ) ;
#2368 = STYLED_ITEM ( 'NONE', ( #2030 ), #2620 ) ;
#2369 = LINE ( 'NONE', #1269, #1353 ) ;
#2370 = FACE_BOUND ( 'NONE', #1519, .T. ) ;
#2371 = VERTEX_POINT ( 'NONE', #325 ) ;
#2372 = CARTESIAN_POINT ( 'NONE',  ( 0.9500000000000005107, 1.150000000000000355, 0.0000000000000000000 ) ) ;
#2373 = STYLED_ITEM ( 'NONE', ( #1457 ), #1060 ) ;
#2374 = ADVANCED_FACE ( 'NONE', ( #2050 ), #97, .F. ) ;
#2375 = ORIENTED_EDGE ( 'NONE', *, *, #2638, .T. ) ;
#2376 = VERTEX_POINT ( 'NONE', #1206 ) ;
#2377 = LINE ( 'NONE', #380, #1382 ) ;
#2378 = PRESENTATION_STYLE_ASSIGNMENT (( #2120 ) ) ;
#2379 = DIRECTION ( 'NONE',  ( 0.0000000000000000000, -0.0000000000000000000, -1.000000000000000000 ) ) ;
#2380 = CARTESIAN_POINT ( 'NONE',  ( 0.8000000000000003775, 0.0000000000000000000, -0.05000000000000000278 ) ) ;
#2381 = EDGE_LOOP ( 'NONE', ( #2556, #2776, #2206, #1137 ) ) ;
#2382 = CARTESIAN_POINT ( 'NONE',  ( 1.150000000000000133, 1.149999999999999689, 0.2500000000000000000 ) ) ;
#2383 = FACE_OUTER_BOUND ( 'NONE', #1745, .T. ) ;
#2384 = CLOSED_SHELL ( 'NONE', ( #536, #1133, #877, #2196, #314, #1775 ) ) ;
#2385 = ORIENTED_EDGE ( 'NONE', *, *, #549, .T. ) ;
#2386 = ORIENTED_EDGE ( 'NONE', *, *, #1764, .T. ) ;
#2387 = SURFACE_SIDE_STYLE ('',( #1300 ) ) ;
#2388 = PRESENTATION_LAYER_ASSIGNMENT (  '', '', ( #1687 ) ) ;
#2389 = SURFACE_STYLE_FILL_AREA ( #2305 ) ;
#2390 = LINE ( 'NONE', #1304, #2445 ) ;
#2391 = VERTEX_POINT ( 'NONE', #987 ) ;
#2392 = VECTOR ( 'NONE', #1575, 1000.000000000000000 ) ;
#2393 = CARTESIAN_POINT ( 'NONE',  ( 1.149999999999999689, 1.599999999999999201, 0.2500000000000000000 ) ) ;
#2394 = MECHANICAL_DESIGN_GEOMETRIC_PRESENTATION_REPRESENTATION (  '', ( #2499 ), #979 ) ;
#2395 = PRESENTATION_STYLE_ASSIGNMENT (( #1517 ) ) ;
#2396 = DIRECTION ( 'NONE',  ( 0.0000000000000000000, 0.0000000000000000000, 1.000000000000000000 ) ) ;
#2397 = ORIENTED_EDGE ( 'NONE', *, *, #2401, .T. ) ;
#2398 = VERTEX_POINT ( 'NONE', #744 ) ;
#2399 = ORIENTED_EDGE ( 'NONE', *, *, #2064, .T. ) ;
#2400 = SURFACE_SIDE_STYLE ('',( #1525 ) ) ;
#2401 = EDGE_CURVE ( 'NONE', #732, #2071, #1621, .T. ) ;
#2402 = CARTESIAN_POINT ( 'NONE',  ( 0.9500000000000005107, 1.599999999999999201, 0.2500000000000000000 ) ) ;
#2403 = MANIFOLD_SOLID_BREP ( 'Boss-Extrude3[2]', #2608 ) ;
#2404 = DIRECTION ( 'NONE',  ( 0.0000000000000000000, -1.000000000000000000, 0.0000000000000000000 ) ) ;
#2405 = DIRECTION ( 'NONE',  ( 1.000000000000000000, -4.336808689942019708E-16, 0.0000000000000000000 ) ) ;
#2406 = VERTEX_POINT ( 'NONE', #2321 ) ;
#2407 = EDGE_CURVE ( 'NONE', #246, #340, #2474, .T. ) ;
#2408 = LINE ( 'NONE', #2393, #2412 ) ;
#2409 = VECTOR ( 'NONE', #259, 1000.000000000000000 ) ;
#2410 = AXIS2_PLACEMENT_3D ( 'NONE', #1481, #813, #2783 ) ;
#2411 = DIRECTION ( 'NONE',  ( 0.0000000000000000000, 0.0000000000000000000, 1.000000000000000000 ) ) ;
#2412 = VECTOR ( 'NONE', #1307, 1000.000000000000000 ) ;
#2413 = VERTEX_POINT ( 'NONE', #2336 ) ;
#2414 = ORIENTED_EDGE ( 'NONE', *, *, #2489, .F. ) ;
#2415 = DIRECTION ( 'NONE',  ( 4.336808689942019708E-16, 1.000000000000000000, -0.0000000000000000000 ) ) ;
#2416 = DIRECTION ( 'NONE',  ( -0.0000000000000000000, -0.0000000000000000000, 1.000000000000000000 ) ) ;
#2417 = UNCERTAINTY_MEASURE_WITH_UNIT (LENGTH_MEASURE( 1.000000000000000082E-05 ), #726, 'distance_accuracy_value', 'NONE');
#2418 =( LENGTH_UNIT ( ) NAMED_UNIT ( * ) SI_UNIT ( .MILLI., .METRE. ) );
#2419 =( GEOMETRIC_REPRESENTATION_CONTEXT ( 3 ) GLOBAL_UNCERTAINTY_ASSIGNED_CONTEXT ( ( #250 ) ) GLOBAL_UNIT_ASSIGNED_CONTEXT ( ( #2236, #2205, #36 ) ) REPRESENTATION_CONTEXT ( 'NONE', 'WORKASPACE' ) );
#2420 = FILL_AREA_STYLE_COLOUR ( '', #1768 ) ;
#2421 = MANIFOLD_SOLID_BREP ( 'Boss-Extrude7', #2815 ) ;
#2422 = ADVANCED_FACE ( 'NONE', ( #139 ), #2530, .F. ) ;
#2423 = CARTESIAN_POINT ( 'NONE',  ( 0.8000000000000001554, 2.100000000000000533, -0.5500000000000000444 ) ) ;
#2424 = ORIENTED_EDGE ( 'NONE', *, *, #1729, .T. ) ;
#2425 = ORIENTED_EDGE ( 'NONE', *, *, #2666, .F. ) ;
#2426 = LINE ( 'NONE', #1928, #1359 ) ;
#2427 =( LENGTH_UNIT ( ) NAMED_UNIT ( * ) SI_UNIT ( .MILLI., .METRE. ) );
#2428 = VECTOR ( 'NONE', #2735, 1000.000000000000000 ) ;
#2429 = ORIENTED_EDGE ( 'NONE', *, *, #557, .F. ) ;
#2430 = DIRECTION ( 'NONE',  ( 0.0000000000000000000, -1.000000000000000000, 0.0000000000000000000 ) ) ;
#2431 = FACE_OUTER_BOUND ( 'NONE', #1894, .T. ) ;
#2432 =( GEOMETRIC_REPRESENTATION_CONTEXT ( 3 ) GLOBAL_UNCERTAINTY_ASSIGNED_CONTEXT ( ( #956 ) ) GLOBAL_UNIT_ASSIGNED_CONTEXT ( ( #2003, #1329, #1127 ) ) REPRESENTATION_CONTEXT ( 'NONE', 'WORKASPACE' ) );
#2433 = EDGE_CURVE ( 'NONE', #816, #1659, #1911, .T. ) ;
#2434 = DIRECTION ( 'NONE',  ( 1.000000000000000000, 0.0000000000000000000, 0.0000000000000000000 ) ) ;
#2435 = PRESENTATION_LAYER_ASSIGNMENT (  '', '', ( #295 ) ) ;
#2436 = PLANE ( 'NONE',  #855 ) ;
#2437 = CARTESIAN_POINT ( 'NONE',  ( 0.0000000000000000000, 2.100000000000000089, -0.5500000000000000444 ) ) ;
#2438 = ORIENTED_EDGE ( 'NONE', *, *, #1759, .T. ) ;
#2439 = ORIENTED_EDGE ( 'NONE', *, *, #42, .F. ) ;
#2440 = MECHANICAL_DESIGN_GEOMETRIC_PRESENTATION_REPRESENTATION (  '', ( #1703 ), #1940 ) ;
#2441 = DIRECTION ( 'NONE',  ( 0.0000000000000000000, -1.000000000000000000, 0.0000000000000000000 ) ) ;
#2442 = FACE_OUTER_BOUND ( 'NONE', #1188, .T. ) ;
#2443 = PLANE ( 'NONE',  #1951 ) ;
#2444 =( LENGTH_UNIT ( ) NAMED_UNIT ( * ) SI_UNIT ( .MILLI., .METRE. ) );
#2445 = VECTOR ( 'NONE', #1117, 1000.000000000000000 ) ;
#2446 = ORIENTED_EDGE ( 'NONE', *, *, #2541, .F. ) ;
#2447 = STYLED_ITEM ( 'NONE', ( #1170 ), #1965 ) ;
#2448 = EDGE_CURVE ( 'NONE', #1235, #2140, #808, .T. ) ;
#2449 = DIRECTION ( 'NONE',  ( 0.0000000000000000000, 1.000000000000000000, 0.0000000000000000000 ) ) ;
#2450 = CARTESIAN_POINT ( 'NONE',  ( 1.800000000000000044, 1.676046441958042464E-17, -0.05000000000000000278 ) ) ;
#2451 = UNCERTAINTY_MEASURE_WITH_UNIT (LENGTH_MEASURE( 1.000000000000000082E-05 ), #2418, 'distance_accuracy_value', 'NONE');
#2452 = EDGE_CURVE ( 'NONE', #2531, #2542, #2134, .T. ) ;
#2453 = CARTESIAN_POINT ( 'NONE',  ( 0.0000000000000000000, 0.0000000000000000000, -0.5500000000000000444 ) ) ;
#2454 = MANIFOLD_SOLID_BREP ( 'Boss-Extrude3[3]', #1890 ) ;
#2455 = CARTESIAN_POINT ( 'NONE',  ( 1.149999999999999911, 0.7000000000000002887, 0.2500000000000000000 ) ) ;
#2456 = DIRECTION ( 'NONE',  ( 0.0000000000000000000, 0.0000000000000000000, -1.000000000000000000 ) ) ;
#2457 = ORIENTED_EDGE ( 'NONE', *, *, #1746, .T. ) ;
#2458 = ORIENTED_EDGE ( 'NONE', *, *, #759, .T. ) ;
#2459 = SURFACE_STYLE_USAGE ( .BOTH. , #176 ) ;
#2460 = DIRECTION ( 'NONE',  ( 0.0000000000000000000, 1.000000000000000000, 0.0000000000000000000 ) ) ;
#2461 =( NAMED_UNIT ( * ) SI_UNIT ( $, .STERADIAN. ) SOLID_ANGLE_UNIT ( ) );
#2462 = VECTOR ( 'NONE', #951, 1000.000000000000000 ) ;
#2463 =( NAMED_UNIT ( * ) PLANE_ANGLE_UNIT ( ) SI_UNIT ( $, .RADIAN. ) );
#2464 = VECTOR ( 'NONE', #1899, 1000.000000000000000 ) ;
#2465 = EDGE_CURVE ( 'NONE', #2100, #2398, #566, .T. ) ;
#2466 =( GEOMETRIC_REPRESENTATION_CONTEXT ( 3 ) GLOBAL_UNCERTAINTY_ASSIGNED_CONTEXT ( ( #309 ) ) GLOBAL_UNIT_ASSIGNED_CONTEXT ( ( #2348, #409, #1898 ) ) REPRESENTATION_CONTEXT ( 'NONE', 'WORKASPACE' ) );
#2467 = ORIENTED_EDGE ( 'NONE', *, *, #1266, .F. ) ;
#2468 =( NAMED_UNIT ( * ) SI_UNIT ( $, .STERADIAN. ) SOLID_ANGLE_UNIT ( ) );
#2469 = CYLINDRICAL_SURFACE ( 'NONE', #1182, 0.8250000000000001776 ) ;
#2470 = DIRECTION ( 'NONE',  ( 0.0000000000000000000, -1.000000000000000000, -0.0000000000000000000 ) ) ;
#2471 = MECHANICAL_DESIGN_GEOMETRIC_PRESENTATION_REPRESENTATION (  '', ( #1875 ), #1454 ) ;
#2472 = DIRECTION ( 'NONE',  ( 0.0000000000000000000, -0.0000000000000000000, -1.000000000000000000 ) ) ;
#2473 = AXIS2_PLACEMENT_3D ( 'NONE', #915, #2671, #2656 ) ;
#2474 = LINE ( 'NONE', #2558, #1938 ) ;
#2475 = EDGE_LOOP ( 'NONE', ( #805, #298, #1053, #489 ) ) ;
#2476 = ORIENTED_EDGE ( 'NONE', *, *, #1444, .F. ) ;
#2477 = CARTESIAN_POINT ( 'NONE',  ( 6.938893903907231336E-16, 1.600000000000001199, -0.05000000000000000278 ) ) ;
#2478 = CARTESIAN_POINT ( 'NONE',  ( 0.2999999999999999334, 1.600000000000000977, -0.05000000000000000278 ) ) ;
#2479 = DIRECTION ( 'NONE',  ( -1.000000000000000000, 4.336808689942016750E-16, 0.0000000000000000000 ) ) ;
#2480 = ORIENTED_EDGE ( 'NONE', *, *, #2587, .F. ) ;
#2481 = FACE_OUTER_BOUND ( 'NONE', #2475, .T. ) ;
#2482 = LINE ( 'NONE', #1868, #949 ) ;
#2483 = LINE ( 'NONE', #1403, #2069 ) ;
#2484 = EDGE_CURVE ( 'NONE', #2214, #2334, #642, .T. ) ;
#2485 =( GEOMETRIC_REPRESENTATION_CONTEXT ( 3 ) GLOBAL_UNCERTAINTY_ASSIGNED_CONTEXT ( ( #895 ) ) GLOBAL_UNIT_ASSIGNED_CONTEXT ( ( #1204, #1219, #2088 ) ) REPRESENTATION_CONTEXT ( 'NONE', 'WORKASPACE' ) );
#2486 = DIRECTION ( 'NONE',  ( 0.0000000000000000000, 0.0000000000000000000, 1.000000000000000000 ) ) ;
#2487 = EDGE_LOOP ( 'NONE', ( #1221, #1167, #563, #1066, #1166, #2458, #351, #2043, #1674, #2457, #1160, #2036, #216, #1909, #981, #1506, #38, #525, #2300, #2555 ) ) ;
#2488 = DIRECTION ( 'NONE',  ( -0.0000000000000000000, -0.0000000000000000000, 1.000000000000000000 ) ) ;
#2489 = EDGE_CURVE ( 'NONE', #1829, #403, #1290, .T. ) ;
#2490 =( GEOMETRIC_REPRESENTATION_CONTEXT ( 3 ) GLOBAL_UNCERTAINTY_ASSIGNED_CONTEXT ( ( #528 ) ) GLOBAL_UNIT_ASSIGNED_CONTEXT ( ( #429, #1750, #287 ) ) REPRESENTATION_CONTEXT ( 'NONE', 'WORKASPACE' ) );
#2491 = SURFACE_SIDE_STYLE ('',( #2258 ) ) ;
#2492 = FACE_OUTER_BOUND ( 'NONE', #291, .T. ) ;
#2493 =( NAMED_UNIT ( * ) PLANE_ANGLE_UNIT ( ) SI_UNIT ( $, .RADIAN. ) );
#2494 = MANIFOLD_SOLID_BREP ( 'Boss-Extrude3[1]', #1954 ) ;
#2495 = DIRECTION ( 'NONE',  ( 0.0000000000000000000, -1.000000000000000000, 0.0000000000000000000 ) ) ;
#2496 = ADVANCED_FACE ( 'NONE', ( #1774 ), #237, .F. ) ;
#2497 = EDGE_LOOP ( 'NONE', ( #754, #1762, #1507, #312 ) ) ;
#2498 = DIRECTION ( 'NONE',  ( -1.000000000000000000, 3.252606517456519613E-15, -0.0000000000000000000 ) ) ;
#2499 = STYLED_ITEM ( 'NONE', ( #55 ), #2196 ) ;
#2500 = CARTESIAN_POINT ( 'NONE',  ( 2.100000000000000089, 0.0000000000000000000, -0.5500000000000000444 ) ) ;
#2501 = SURFACE_SIDE_STYLE ('',( #1632 ) ) ;
#2502 = AXIS2_PLACEMENT_3D ( 'NONE', #2581, #1370, #830 ) ;
#2503 = EDGE_CURVE ( 'NONE', #1935, #1955, #1330, .T. ) ;
#2504 = DIRECTION ( 'NONE',  ( 0.0000000000000000000, -0.0000000000000000000, 1.000000000000000000 ) ) ;
#2505 = ORIENTED_EDGE ( 'NONE', *, *, #1493, .T. ) ;
#2506 = CARTESIAN_POINT ( 'NONE',  ( 1.300000000000000044, 1.676046441958042464E-17, -0.5500000000000000444 ) ) ;
#2507 = LINE ( 'NONE', #535, #1850 ) ;
#2508 = CARTESIAN_POINT ( 'NONE',  ( 1.800000000000000044, 0.5000000000000001110, -0.05000000000000000278 ) ) ;
#2509 = DIRECTION ( 'NONE',  ( 0.0000000000000000000, -1.000000000000000000, 0.0000000000000000000 ) ) ;
#2510 = MANIFOLD_SOLID_BREP ( 'Boss-Extrude3[4]', #2384 ) ;
#2511 = VECTOR ( 'NONE', #751, 1000.000000000000000 ) ;
#2512 = ORIENTED_EDGE ( 'NONE', *, *, #465, .T. ) ;
#2513 = SURFACE_STYLE_FILL_AREA ( #1630 ) ;
#2514 = PRESENTATION_LAYER_ASSIGNMENT (  '', '', ( #896 ) ) ;
#2515 = UNCERTAINTY_MEASURE_WITH_UNIT (LENGTH_MEASURE( 1.000000000000000082E-05 ), #2237, 'distance_accuracy_value', 'NONE');
#2516 = AXIS2_PLACEMENT_3D ( 'NONE', #2044, #2537, #1838 ) ;
#2517 = VECTOR ( 'NONE', #2060, 1000.000000000000000 ) ;
#2518 = CARTESIAN_POINT ( 'NONE',  ( 1.149999999999999689, 1.599999999999999201, 0.2500000000000000000 ) ) ;
#2519 = EDGE_LOOP ( 'NONE', ( #1096, #391, #455, #591 ) ) ;
#2520 = MECHANICAL_DESIGN_GEOMETRIC_PRESENTATION_REPRESENTATION (  '', ( #450 ), #847 ) ;
#2521 = DIRECTION ( 'NONE',  ( -1.000000000000000000, 0.0000000000000000000, 0.0000000000000000000 ) ) ;
#2522 = EDGE_CURVE ( 'NONE', #2674, #1828, #2626, .T. ) ;
#2523 = FACE_OUTER_BOUND ( 'NONE', #1333, .T. ) ;
#2524 = ORIENTED_EDGE ( 'NONE', *, *, #1918, .T. ) ;
#2525 = LINE ( 'NONE', #116, #1131 ) ;
#2526 =( LENGTH_UNIT ( ) NAMED_UNIT ( * ) SI_UNIT ( .MILLI., .METRE. ) );
#2527 = ORIENTED_EDGE ( 'NONE', *, *, #932, .F. ) ;
#2528 = VECTOR ( 'NONE', #1425, 1000.000000000000000 ) ;
#2529 = EDGE_CURVE ( 'NONE', #1935, #277, #1571, .T. ) ;
#2530 = PLANE ( 'NONE',  #2095 ) ;
#2531 = VERTEX_POINT ( 'NONE', #49 ) ;
#2532 = DIRECTION ( 'NONE',  ( 0.0000000000000000000, 0.0000000000000000000, -1.000000000000000000 ) ) ;
#2533 = CARTESIAN_POINT ( 'NONE',  ( 1.300000000000000044, 0.5000000000000001110, -0.05000000000000000278 ) ) ;
#2534 = VECTOR ( 'NONE', #2362, 1000.000000000000000 ) ;
#2535 = SURFACE_SIDE_STYLE ('',( #2780 ) ) ;
#2536 = ORIENTED_EDGE ( 'NONE', *, *, #954, .F. ) ;
#2537 = DIRECTION ( 'NONE',  ( -0.0000000000000000000, 0.0000000000000000000, 1.000000000000000000 ) ) ;
#2538 = CARTESIAN_POINT ( 'NONE',  ( 0.3000000000000003775, 0.5000000000000001110, -0.5500000000000000444 ) ) ;
#2539 = UNCERTAINTY_MEASURE_WITH_UNIT (LENGTH_MEASURE( 1.000000000000000082E-05 ), #209, 'distance_accuracy_value', 'NONE');
#2540 =( NAMED_UNIT ( * ) PLANE_ANGLE_UNIT ( ) SI_UNIT ( $, .RADIAN. ) );
#2541 = EDGE_CURVE ( 'NONE', #1256, #558, #278, .T. ) ;
#2542 = VERTEX_POINT ( 'NONE', #1343 ) ;
#2543 = FACE_OUTER_BOUND ( 'NONE', #890, .T. ) ;
#2544 = VECTOR ( 'NONE', #1901, 1000.000000000000000 ) ;
#2545 = EDGE_CURVE ( 'NONE', #1686, #104, #2320, .T. ) ;
#2546 = EDGE_CURVE ( 'NONE', #115, #81, #483, .T. ) ;
#2547 = DIRECTION ( 'NONE',  ( -0.0000000000000000000, -0.0000000000000000000, 1.000000000000000000 ) ) ;
#2548 = LINE ( 'NONE', #2754, #2428 ) ;
#2549 = LINE ( 'NONE', #1478, #881 ) ;
#2550 = PLANE ( 'NONE',  #2794 ) ;
#2551 = VERTEX_POINT ( 'NONE', #693 ) ;
#2552 = DIRECTION ( 'NONE',  ( -0.0000000000000000000, -0.0000000000000000000, 1.000000000000000000 ) ) ;
#2553 = DIRECTION ( 'NONE',  ( -2.168404344971008868E-16, -1.000000000000000000, 0.0000000000000000000 ) ) ;
#2554 = EDGE_CURVE ( 'NONE', #2358, #405, #307, .T. ) ;
#2555 = ORIENTED_EDGE ( 'NONE', *, *, #158, .T. ) ;
#2556 = ORIENTED_EDGE ( 'NONE', *, *, #1149, .T. ) ;
#2557 = DIRECTION ( 'NONE',  ( -0.0000000000000000000, 0.0000000000000000000, -1.000000000000000000 ) ) ;
#2558 = CARTESIAN_POINT ( 'NONE',  ( 1.800000000000000044, 0.0000000000000000000, -0.5500000000000000444 ) ) ;
#2559 = COLOUR_RGB ( '',0.7960784313725489669, 0.8235294117647058432, 0.9372549019607843146 ) ;
#2560 = LINE ( 'NONE', #1020, #626 ) ;
#2561 = AXIS2_PLACEMENT_3D ( 'NONE', #926, #545, #1802 ) ;
#2562 = FACE_OUTER_BOUND ( 'NONE', #1561, .T. ) ;
#2563 = CARTESIAN_POINT ( 'NONE',  ( 0.8000000000000000444, 1.600000000000000755, -0.5500000000000000444 ) ) ;
#2564 = PRESENTATION_LAYER_ASSIGNMENT (  '', '', ( #188 ) ) ;
#2565 = ORIENTED_EDGE ( 'NONE', *, *, #2675, .T. ) ;
#2566 = DIRECTION ( 'NONE',  ( -3.252606517456520007E-15, -1.000000000000000000, 0.0000000000000000000 ) ) ;
#2567 = FACE_OUTER_BOUND ( 'NONE', #2118, .T. ) ;
#2568 = ORIENTED_EDGE ( 'NONE', *, *, #604, .F. ) ;
#2569 = ORIENTED_EDGE ( 'NONE', *, *, #2587, .T. ) ;
#2570 = LINE ( 'NONE', #2148, #1472 ) ;
#2571 = EDGE_CURVE ( 'NONE', #2596, #2172, #1328, .T. ) ;
#2572 = DIRECTION ( 'NONE',  ( -0.0000000000000000000, 0.0000000000000000000, 1.000000000000000000 ) ) ;
#2573 = CARTESIAN_POINT ( 'NONE',  ( 2.100000000000000089, 0.0000000000000000000, 0.4500000000000000111 ) ) ;
#2574 = EDGE_CURVE ( 'NONE', #601, #2103, #248, .T. ) ;
#2575 = CARTESIAN_POINT ( 'NONE',  ( 0.9500000000000005107, 0.9500000000000002887, 0.2500000000000000000 ) ) ;
#2576 =( GEOMETRIC_REPRESENTATION_CONTEXT ( 3 ) GLOBAL_UNCERTAINTY_ASSIGNED_CONTEXT ( ( #18 ) ) GLOBAL_UNIT_ASSIGNED_CONTEXT ( ( #795, #1462, #1523 ) ) REPRESENTATION_CONTEXT ( 'NONE', 'WORKASPACE' ) );
#2577 = SURFACE_SIDE_STYLE ('',( #1038 ) ) ;
#2578 = EDGE_CURVE ( 'NONE', #98, #2542, #500, .T. ) ;
#2579 = PRESENTATION_LAYER_ASSIGNMENT (  '', '', ( #1568 ) ) ;
#2580 = DIRECTION ( 'NONE',  ( -9.215718466126825554E-15, 1.000000000000000000, 0.0000000000000000000 ) ) ;
#2581 = CARTESIAN_POINT ( 'NONE',  ( 0.0000000000000000000, 2.100000000000000089, -0.5500000000000000444 ) ) ;
#2582 = ORIENTED_EDGE ( 'NONE', *, *, #87, .F. ) ;
#2583 = ORIENTED_EDGE ( 'NONE', *, *, #2503, .T. ) ;
#2584 = COLOUR_RGB ( '',0.7803921568627451011, 0.7607843137254901578, 0.7411764705882353255 ) ;
#2585 = LINE ( 'NONE', #782, #2534 ) ;
#2586 = AXIS2_PLACEMENT_3D ( 'NONE', #1226, #609, #2828 ) ;
#2587 = EDGE_CURVE ( 'NONE', #1455, #456, #911, .T. ) ;
#2588 = CARTESIAN_POINT ( 'NONE',  ( 2.100000000000000089, 0.0000000000000000000, 0.0000000000000000000 ) ) ;
#2589 = DIRECTION ( 'NONE',  ( -1.000000000000000000, 4.336808689942016750E-16, -0.0000000000000000000 ) ) ;
#2590 = ORIENTED_EDGE ( 'NONE', *, *, #666, .F. ) ;
#2591 =( NAMED_UNIT ( * ) SI_UNIT ( $, .STERADIAN. ) SOLID_ANGLE_UNIT ( ) );
#2592 = MECHANICAL_DESIGN_GEOMETRIC_PRESENTATION_REPRESENTATION (  '', ( #2781 ), #1986 ) ;
#2593 = AXIS2_PLACEMENT_3D ( 'NONE', #819, #1489, #1477 ) ;
#2594 = FILL_AREA_STYLE ('',( #377 ) ) ;
#2595 = EDGE_LOOP ( 'NONE', ( #2037, #2167, #1279, #463 ) ) ;
#2596 = VERTEX_POINT ( 'NONE', #2636 ) ;
#2597 = CARTESIAN_POINT ( 'NONE',  ( 0.9500000000000005107, 1.150000000000000355, 0.2500000000000000000 ) ) ;
#2598 = VECTOR ( 'NONE', #2135, 1000.000000000000000 ) ;
#2599 = DIRECTION ( 'NONE',  ( -0.0000000000000000000, 0.0000000000000000000, -1.000000000000000000 ) ) ;
#2600 = PRESENTATION_LAYER_ASSIGNMENT (  '', '', ( #713 ) ) ;
#2601 = SURFACE_SIDE_STYLE ('',( #435 ) ) ;
#2602 = STYLED_ITEM ( 'NONE', ( #1665 ), #1475 ) ;
#2603 =( GEOMETRIC_REPRESENTATION_CONTEXT ( 3 ) GLOBAL_UNCERTAINTY_ASSIGNED_CONTEXT ( ( #2743 ) ) GLOBAL_UNIT_ASSIGNED_CONTEXT ( ( #347, #1737, #400 ) ) REPRESENTATION_CONTEXT ( 'NONE', 'WORKASPACE' ) );
#2604 = CARTESIAN_POINT ( 'NONE',  ( 2.100000000000000089, 0.0000000000000000000, -0.05000000000000000278 ) ) ;
#2605 = CARTESIAN_POINT ( 'NONE',  ( 0.2999999999999999334, 1.600000000000000977, -0.05000000000000000278 ) ) ;
#2606 = ORIENTED_EDGE ( 'NONE', *, *, #1254, .F. ) ;
#2607 = LINE ( 'NONE', #1479, #1281 ) ;
#2608 = CLOSED_SHELL ( 'NONE', ( #652, #2422, #457, #1968, #247, #1836 ) ) ;
#2609 = PLANE ( 'NONE',  #41 ) ;
#2610 = SURFACE_STYLE_USAGE ( .BOTH. , #844 ) ;
#2611 = EDGE_LOOP ( 'NONE', ( #902, #1442, #2682, #724 ) ) ;
#2612 = ORIENTED_EDGE ( 'NONE', *, *, #2503, .F. ) ;
#2613 = CARTESIAN_POINT ( 'NONE',  ( 0.0000000000000000000, 2.100000000000000089, -0.05000000000000000278 ) ) ;
#2614 = DIRECTION ( 'NONE',  ( 1.000000000000000000, 0.0000000000000000000, 0.0000000000000000000 ) ) ;
#2615 = ORIENTED_EDGE ( 'NONE', *, *, #1140, .T. ) ;
#2616 = PRESENTATION_STYLE_ASSIGNMENT (( #570 ) ) ;
#2617 = PRESENTATION_LAYER_ASSIGNMENT (  '', '', ( #2113 ) ) ;
#2618 = FILL_AREA_STYLE_COLOUR ( '', #2257 ) ;
#2619 = CLOSED_SHELL ( 'NONE', ( #743, #1259, #399, #2761, #1469, #11 ) ) ;
#2620 = ADVANCED_FACE ( 'NONE', ( #891 ), #2016, .T. ) ;
#2621 = ORIENTED_EDGE ( 'NONE', *, *, #1544, .F. ) ;
#2622 = ORIENTED_EDGE ( 'NONE', *, *, #958, .T. ) ;
#2623 = SURFACE_STYLE_USAGE ( .BOTH. , #2387 ) ;
#2624 = PRESENTATION_LAYER_ASSIGNMENT (  '', '', ( #17 ) ) ;
#2625 = ADVANCED_FACE ( 'NONE', ( #2481 ), #514, .F. ) ;
#2626 = LINE ( 'NONE', #913, #2281 ) ;
#2627 = FILL_AREA_STYLE_COLOUR ( '', #223 ) ;
#2628 = CARTESIAN_POINT ( 'NONE',  ( 0.9500000000000005107, 0.4999999999999990563, 0.0000000000000000000 ) ) ;
#2629 = ORIENTED_EDGE ( 'NONE', *, *, #1463, .F. ) ;
#2630 = PRESENTATION_LAYER_ASSIGNMENT (  '', '', ( #1902 ) ) ;
#2631 = CARTESIAN_POINT ( 'NONE',  ( 0.9500000000000005107, 1.399999999999999689, 0.0000000000000000000 ) ) ;
#2632 = PRESENTATION_LAYER_ASSIGNMENT (  '', '', ( #700 ) ) ;
#2633 = DIRECTION ( 'NONE',  ( 1.000000000000000000, 0.0000000000000000000, 0.0000000000000000000 ) ) ;
#2634 = ORIENTED_EDGE ( 'NONE', *, *, #864, .F. ) ;
#2635 = ORIENTED_EDGE ( 'NONE', *, *, #1463, .T. ) ;
#2636 = CARTESIAN_POINT ( 'NONE',  ( 2.100000000000000089, 2.100000000000000089, -0.5500000000000000444 ) ) ;
#2637 = CARTESIAN_POINT ( 'NONE',  ( 1.800000000000000044, 1.676046441958042464E-17, -0.5500000000000000444 ) ) ;
#2638 = EDGE_CURVE ( 'NONE', #1842, #373, #1174, .T. ) ;
#2639 = PRESENTATION_STYLE_ASSIGNMENT (( #2174 ) ) ;
#2640 = CARTESIAN_POINT ( 'NONE',  ( 1.800000000000000044, 0.5000000000000001110, -0.5500000000000000444 ) ) ;
#2641 = CARTESIAN_POINT ( 'NONE',  ( 1.149999999999999689, 1.399999999999999689, 0.0000000000000000000 ) ) ;
#2642 = CARTESIAN_POINT ( 'NONE',  ( 0.0000000000000000000, 0.0000000000000000000, 0.0000000000000000000 ) ) ;
#2643 = ORIENTED_EDGE ( 'NONE', *, *, #1534, .F. ) ;
#2644 = ORIENTED_EDGE ( 'NONE', *, *, #1048, .T. ) ;
#2645 = LINE ( 'NONE', #2477, #676 ) ;
#2646 = COLOUR_RGB ( '',0.7803921568627451011, 0.7607843137254901578, 0.7411764705882353255 ) ;
#2647 = FACE_OUTER_BOUND ( 'NONE', #1089, .T. ) ;
#2648 =( GEOMETRIC_REPRESENTATION_CONTEXT ( 3 ) GLOBAL_UNCERTAINTY_ASSIGNED_CONTEXT ( ( #2652 ) ) GLOBAL_UNIT_ASSIGNED_CONTEXT ( ( #2314, #1431, #1881 ) ) REPRESENTATION_CONTEXT ( 'NONE', 'WORKASPACE' ) );
#2649 = AXIS2_PLACEMENT_3D ( 'NONE', #2575, #2154, #1516 ) ;
#2650 = EDGE_LOOP ( 'NONE', ( #270, #262, #1407, #1552 ) ) ;
#2651 = DIRECTION ( 'NONE',  ( -0.0000000000000000000, 1.000000000000000000, -0.0000000000000000000 ) ) ;
#2652 = UNCERTAINTY_MEASURE_WITH_UNIT (LENGTH_MEASURE( 1.000000000000000082E-05 ), #2314, 'distance_accuracy_value', 'NONE');
#2653 = FILL_AREA_STYLE_COLOUR ( '', #134 ) ;
#2654 = AXIS2_PLACEMENT_3D ( 'NONE', #2055, #964, #2209 ) ;
#2655 = CARTESIAN_POINT ( 'NONE',  ( 0.0000000000000000000, 0.5000000000000001110, -0.5500000000000000444 ) ) ;
#2656 = DIRECTION ( 'NONE',  ( 0.0000000000000000000, 0.0000000000000000000, -1.000000000000000000 ) ) ;
#2657 =( NAMED_UNIT ( * ) SI_UNIT ( $, .STERADIAN. ) SOLID_ANGLE_UNIT ( ) );
#2658 = ORIENTED_EDGE ( 'NONE', *, *, #1765, .T. ) ;
#2659 = VERTEX_POINT ( 'NONE', #458 ) ;
#2660 = CARTESIAN_POINT ( 'NONE',  ( 6.938893903907231336E-16, 1.600000000000001199, -0.5500000000000000444 ) ) ;
#2661 = ADVANCED_FACE ( 'NONE', ( #755 ), #768, .F. ) ;
#2662 = DIRECTION ( 'NONE',  ( 1.000000000000000000, 0.0000000000000000000, -0.0000000000000000000 ) ) ;
#2663 = CARTESIAN_POINT ( 'NONE',  ( 0.9500000000000005107, 0.7000000000000002887, 0.0000000000000000000 ) ) ;
#2664 = EDGE_CURVE ( 'NONE', #199, #771, #1670, .T. ) ;
#2665 = VERTEX_POINT ( 'NONE', #1189 ) ;
#2666 = EDGE_CURVE ( 'NONE', #81, #1930, #1232, .T. ) ;
#2667 = CARTESIAN_POINT ( 'NONE',  ( 2.100000000000000089, 0.0000000000000000000, -0.5500000000000000444 ) ) ;
#2668 = VECTOR ( 'NONE', #616, 1000.000000000000000 ) ;
#2669 =( NAMED_UNIT ( * ) SI_UNIT ( $, .STERADIAN. ) SOLID_ANGLE_UNIT ( ) );
#2670 = CARTESIAN_POINT ( 'NONE',  ( 0.8000000000000001554, 2.100000000000000089, -0.5500000000000000444 ) ) ;
#2671 = DIRECTION ( 'NONE',  ( 1.000000000000000000, 0.0000000000000000000, 0.0000000000000000000 ) ) ;
#2672 = CARTESIAN_POINT ( 'NONE',  ( 0.0000000000000000000, 0.0000000000000000000, 0.2500000000000000000 ) ) ;
#2673 = ORIENTED_EDGE ( 'NONE', *, *, #2038, .F. ) ;
#2674 = VERTEX_POINT ( 'NONE', #1456 ) ;
#2675 = EDGE_CURVE ( 'NONE', #115, #601, #1880, .T. ) ;
#2676 = SURFACE_SIDE_STYLE ('',( #1056 ) ) ;
#2677 = CARTESIAN_POINT ( 'NONE',  ( 1.149999999999999911, 0.7000000000000002887, 0.2500000000000000000 ) ) ;
#2678 = ORIENTED_EDGE ( 'NONE', *, *, #1905, .T. ) ;
#2679 = LINE ( 'NONE', #501, #998 ) ;
#2680 = FACE_OUTER_BOUND ( 'NONE', #1809, .T. ) ;
#2681 = LINE ( 'NONE', #1179, #2033 ) ;
#2682 = ORIENTED_EDGE ( 'NONE', *, *, #2004, .F. ) ;
#2683 = VERTEX_POINT ( 'NONE', #2072 ) ;
#2684 = LINE ( 'NONE', #2256, #2184 ) ;
#2685 =( LENGTH_UNIT ( ) NAMED_UNIT ( * ) SI_UNIT ( .MILLI., .METRE. ) );
#2686 = CARTESIAN_POINT ( 'NONE',  ( 0.9500000000000005107, 1.150000000000000355, 0.2500000000000000000 ) ) ;
#2687 = FILL_AREA_STYLE ('',( #1847 ) ) ;
#2688 = AXIS2_PLACEMENT_3D ( 'NONE', #2453, #927, #281 ) ;
#2689 = CARTESIAN_POINT ( 'NONE',  ( 1.300000000000000044, 0.5000000000000001110, -0.5500000000000000444 ) ) ;
#2690 =( NAMED_UNIT ( * ) SI_UNIT ( $, .STERADIAN. ) SOLID_ANGLE_UNIT ( ) );
#2691 = VECTOR ( 'NONE', #1945, 1000.000000000000000 ) ;
#2692 = MECHANICAL_DESIGN_GEOMETRIC_PRESENTATION_REPRESENTATION (  '', ( #717 ), #1362 ) ;
#2693 = ORIENTED_EDGE ( 'NONE', *, *, #261, .F. ) ;
#2694 = DIRECTION ( 'NONE',  ( 1.000000000000000000, 0.0000000000000000000, -0.0000000000000000000 ) ) ;
#2695 = CARTESIAN_POINT ( 'NONE',  ( 0.8000000000000001554, 2.100000000000000533, -0.05000000000000000278 ) ) ;
#2696 = CARTESIAN_POINT ( 'NONE',  ( 1.800000000000000266, 2.100000000000000533, -0.5500000000000000444 ) ) ;
#2697 = COLOUR_RGB ( '',0.8588235294117646523, 0.8588235294117646523, 0.8588235294117646523 ) ;
#2698 = ADVANCED_FACE ( 'NONE', ( #2330 ), #1660, .F. ) ;
#2699 = CARTESIAN_POINT ( 'NONE',  ( 0.8000000000000003775, 8.147048265945289351E-17, -0.05000000000000000278 ) ) ;
#2700 = VECTOR ( 'NONE', #1782, 1000.000000000000000 ) ;
#2701 = PLANE ( 'NONE',  #790 ) ;
#2702 = ORIENTED_EDGE ( 'NONE', *, *, #426, .T. ) ;
#2703 = ORIENTED_EDGE ( 'NONE', *, *, #2076, .T. ) ;
#2704 = EDGE_CURVE ( 'NONE', #831, #1181, #2525, .T. ) ;
#2705 = PRESENTATION_STYLE_ASSIGNMENT (( #1120 ) ) ;
#2706 = SURFACE_STYLE_USAGE ( .BOTH. , #2491 ) ;
#2707 = CARTESIAN_POINT ( 'NONE',  ( 1.300000000000000266, 1.600000000000000755, -0.05000000000000000278 ) ) ;
#2708 = CARTESIAN_POINT ( 'NONE',  ( 1.800000000000000044, 1.676046441958042464E-17, -0.05000000000000000278 ) ) ;
#2709 = LINE ( 'NONE', #922, #2462 ) ;
#2710 = ORIENTED_EDGE ( 'NONE', *, *, #1759, .F. ) ;
#2711 = CARTESIAN_POINT ( 'NONE',  ( 1.300000000000000044, 0.5000000000000001110, -0.5500000000000000444 ) ) ;
#2712 = CARTESIAN_POINT ( 'NONE',  ( 1.800000000000000044, 1.676046441958042464E-17, -0.05000000000000000278 ) ) ;
#2713 = UNCERTAINTY_MEASURE_WITH_UNIT (LENGTH_MEASURE( 1.000000000000000082E-05 ), #2685, 'distance_accuracy_value', 'NONE');
#2714 = LINE ( 'NONE', #939, #740 ) ;
#2715 = EDGE_CURVE ( 'NONE', #2391, #68, #2276, .T. ) ;
#2716 = EDGE_CURVE ( 'NONE', #2114, #2683, #1645, .T. ) ;
#2717 = VECTOR ( 'NONE', #2834, 1000.000000000000000 ) ;
#2718 = DIRECTION ( 'NONE',  ( 0.0000000000000000000, -1.000000000000000000, 0.0000000000000000000 ) ) ;
#2719 = VERTEX_POINT ( 'NONE', #526 ) ;
#2720 = SURFACE_STYLE_USAGE ( .BOTH. , #1408 ) ;
#2721 = MECHANICAL_DESIGN_GEOMETRIC_PRESENTATION_REPRESENTATION (  '', ( #1687 ), #2204 ) ;
#2722 = LINE ( 'NONE', #2707, #1601 ) ;
#2723 = FILL_AREA_STYLE ('',( #1412 ) ) ;
#2724 = CARTESIAN_POINT ( 'NONE',  ( 1.300000000000000266, 1.600000000000000755, -0.5500000000000000444 ) ) ;
#2725 = ORIENTED_EDGE ( 'NONE', *, *, #1040, .F. ) ;
#2726 = FILL_AREA_STYLE_COLOUR ( '', #584 ) ;
#2727 = SURFACE_STYLE_FILL_AREA ( #2073 ) ;
#2728 = FACE_OUTER_BOUND ( 'NONE', #203, .T. ) ;
#2729 = AXIS2_PLACEMENT_3D ( 'NONE', #397, #2139, #144 ) ;
#2730 = EDGE_CURVE ( 'NONE', #1071, #2289, #559, .T. ) ;
#2731 = CARTESIAN_POINT ( 'NONE',  ( 1.300000000000000044, 0.0000000000000000000, -0.05000000000000000278 ) ) ;
#2732 = ORIENTED_EDGE ( 'NONE', *, *, #2004, .T. ) ;
#2733 = CARTESIAN_POINT ( 'NONE',  ( 0.0000000000000000000, 0.0000000000000000000, -0.5500000000000000444 ) ) ;
#2734 =( NAMED_UNIT ( * ) PLANE_ANGLE_UNIT ( ) SI_UNIT ( $, .RADIAN. ) );
#2735 = DIRECTION ( 'NONE',  ( 0.0000000000000000000, -1.000000000000000000, 0.0000000000000000000 ) ) ;
#2736 =( NAMED_UNIT ( * ) SI_UNIT ( $, .STERADIAN. ) SOLID_ANGLE_UNIT ( ) );
#2737 = DIRECTION ( 'NONE',  ( -0.0000000000000000000, -0.0000000000000000000, 1.000000000000000000 ) ) ;
#2738 = AXIS2_PLACEMENT_3D ( 'NONE', #1784, #1122, #44 ) ;
#2739 = ORIENTED_EDGE ( 'NONE', *, *, #1201, .T. ) ;
#2740 = DIRECTION ( 'NONE',  ( -0.0000000000000000000, -0.0000000000000000000, 1.000000000000000000 ) ) ;
#2741 = VECTOR ( 'NONE', #1447, 1000.000000000000000 ) ;
#2742 = LINE ( 'NONE', #2712, #229 ) ;
#2743 = UNCERTAINTY_MEASURE_WITH_UNIT (LENGTH_MEASURE( 1.000000000000000082E-05 ), #347, 'distance_accuracy_value', 'NONE');
#2744 = CARTESIAN_POINT ( 'NONE',  ( 1.300000000000000266, 1.600000000000000755, -0.5500000000000000444 ) ) ;
#2745 = ADVANCED_FACE ( 'NONE', ( #105 ), #968, .T. ) ;
#2746 = EDGE_LOOP ( 'NONE', ( #2303, #602, #1373, #1866 ) ) ;
#2747 = PRESENTATION_LAYER_ASSIGNMENT (  '', '', ( #2373 ) ) ;
#2748 = DIRECTION ( 'NONE',  ( 0.0000000000000000000, 0.0000000000000000000, -1.000000000000000000 ) ) ;
#2749 = ORIENTED_EDGE ( 'NONE', *, *, #174, .F. ) ;
#2750 =( GEOMETRIC_REPRESENTATION_CONTEXT ( 3 ) GLOBAL_UNCERTAINTY_ASSIGNED_CONTEXT ( ( #1854 ) ) GLOBAL_UNIT_ASSIGNED_CONTEXT ( ( #415, #634, #2591 ) ) REPRESENTATION_CONTEXT ( 'NONE', 'WORKASPACE' ) );
#2751 = FACE_OUTER_BOUND ( 'NONE', #590, .T. ) ;
#2752 = PRESENTATION_LAYER_ASSIGNMENT (  '', '', ( #727 ) ) ;
#2753 = SURFACE_STYLE_FILL_AREA ( #1196 ) ;
#2754 = CARTESIAN_POINT ( 'NONE',  ( 0.9500000000000005107, 0.7000000000000002887, 0.2500000000000000000 ) ) ;
#2755 = DIRECTION ( 'NONE',  ( -0.0000000000000000000, -0.0000000000000000000, 1.000000000000000000 ) ) ;
#2756 = SURFACE_STYLE_FILL_AREA ( #996 ) ;
#2757 = EDGE_CURVE ( 'NONE', #2020, #1256, #856, .T. ) ;
#2758 = ORIENTED_EDGE ( 'NONE', *, *, #2407, .F. ) ;
#2759 = FILL_AREA_STYLE ('',( #1401 ) ) ;
#2760 = DIRECTION ( 'NONE',  ( 1.000000000000000000, -0.0000000000000000000, 0.0000000000000000000 ) ) ;
#2761 = ADVANCED_FACE ( 'NONE', ( #1953 ), #2609, .F. ) ;
#2762 =( LENGTH_UNIT ( ) NAMED_UNIT ( * ) SI_UNIT ( .MILLI., .METRE. ) );
#2763 = EDGE_CURVE ( 'NONE', #2659, #1043, #637, .T. ) ;
#2764 = ORIENTED_EDGE ( 'NONE', *, *, #1936, .F. ) ;
#2765 = PLANE ( 'NONE',  #923 ) ;
#2766 = ORIENTED_EDGE ( 'NONE', *, *, #1606, .F. ) ;
#2767 = FILL_AREA_STYLE_COLOUR ( '', #764 ) ;
#2768 = LINE ( 'NONE', #785, #28 ) ;
#2769 = LINE ( 'NONE', #1716, #1482 ) ;
#2770 = DIRECTION ( 'NONE',  ( 0.0000000000000000000, 0.0000000000000000000, 1.000000000000000000 ) ) ;
#2771 =( GEOMETRIC_REPRESENTATION_CONTEXT ( 3 ) GLOBAL_UNCERTAINTY_ASSIGNED_CONTEXT ( ( #107 ) ) GLOBAL_UNIT_ASSIGNED_CONTEXT ( ( #1861, #2734, #1874 ) ) REPRESENTATION_CONTEXT ( 'NONE', 'WORKASPACE' ) );
#2772 = ADVANCED_FACE ( 'NONE', ( #2383 ), #1468, .F. ) ;
#2773 = EDGE_LOOP ( 'NONE', ( #1077, #1153, #2399, #2160 ) ) ;
#2774 =( NAMED_UNIT ( * ) SI_UNIT ( $, .STERADIAN. ) SOLID_ANGLE_UNIT ( ) );
#2775 = ORIENTED_EDGE ( 'NONE', *, *, #1714, .F. ) ;
#2776 = ORIENTED_EDGE ( 'NONE', *, *, #103, .F. ) ;
#2777 = AXIS2_PLACEMENT_3D ( 'NONE', #1733, #1760, #883 ) ;
#2778 =( LENGTH_UNIT ( ) NAMED_UNIT ( * ) SI_UNIT ( .MILLI., .METRE. ) );
#2779 = LINE ( 'NONE', #1465, #1113 ) ;
#2780 = SURFACE_STYLE_FILL_AREA ( #556 ) ;
#2781 = STYLED_ITEM ( 'NONE', ( #2182 ), #2041 ) ;
#2782 = ORIENTED_EDGE ( 'NONE', *, *, #1765, .F. ) ;
#2783 = DIRECTION ( 'NONE',  ( 0.0000000000000000000, -0.0000000000000000000, 1.000000000000000000 ) ) ;
#2784 = DIRECTION ( 'NONE',  ( -1.000000000000000000, -0.0000000000000000000, -0.0000000000000000000 ) ) ;
#2785 = EDGE_CURVE ( 'NONE', #284, #2028, #2841, .T. ) ;
#2786 = ORIENTED_EDGE ( 'NONE', *, *, #789, .T. ) ;
#2787 = EDGE_LOOP ( 'NONE', ( #2476, #1725, #1895, #1515 ) ) ;
#2788 = CYLINDRICAL_SURFACE ( 'NONE', #245, 0.8250000000000001776 ) ;
#2789 = VECTOR ( 'NONE', #2232, 1000.000000000000000 ) ;
#2790 = ADVANCED_FACE ( 'NONE', ( #2170 ), #1694, .F. ) ;
#2791 = DIRECTION ( 'NONE',  ( -0.0000000000000000000, -0.0000000000000000000, 1.000000000000000000 ) ) ;
#2792 = AXIS2_PLACEMENT_3D ( 'NONE', #1499, #1099, #2599 ) ;
#2793 =( NAMED_UNIT ( * ) PLANE_ANGLE_UNIT ( ) SI_UNIT ( $, .RADIAN. ) );
#2794 = AXIS2_PLACEMENT_3D ( 'NONE', #777, #2770, #2111 ) ;
#2795 = PRESENTATION_LAYER_ASSIGNMENT (  '', '', ( #450 ) ) ;
#2796 = LINE ( 'NONE', #1974, #395 ) ;
#2797 = CARTESIAN_POINT ( 'NONE',  ( 1.800000000000000266, 1.600000000000000755, -0.05000000000000000278 ) ) ;
#2798 = EDGE_CURVE ( 'NONE', #104, #945, #936, .T. ) ;
#2799 = PLANE ( 'NONE',  #1915 ) ;
#2800 = VECTOR ( 'NONE', #2333, 1000.000000000000000 ) ;
#2801 = PRESENTATION_STYLE_ASSIGNMENT (( #2128 ) ) ;
#2802 = FACE_OUTER_BOUND ( 'NONE', #2497, .T. ) ;
#2803 = CARTESIAN_POINT ( 'NONE',  ( 1.050000000000000044, 1.050000000000000044, 0.4500000000000000111 ) ) ;
#2804 = ORIENTED_EDGE ( 'NONE', *, *, #1815, .F. ) ;
#2805 = ORIENTED_EDGE ( 'NONE', *, *, #92, .T. ) ;
#2806 = DIRECTION ( 'NONE',  ( 0.0000000000000000000, 0.0000000000000000000, -1.000000000000000000 ) ) ;
#2807 = EDGE_CURVE ( 'NONE', #1287, #974, #1748, .T. ) ;
#2808 = FILL_AREA_STYLE_COLOUR ( '', #523 ) ;
#2809 = SURFACE_SIDE_STYLE ('',( #2164 ) ) ;
#2810 =( GEOMETRIC_REPRESENTATION_CONTEXT ( 3 ) GLOBAL_UNCERTAINTY_ASSIGNED_CONTEXT ( ( #2278 ) ) GLOBAL_UNIT_ASSIGNED_CONTEXT ( ( #2778, #1876, #2083 ) ) REPRESENTATION_CONTEXT ( 'NONE', 'WORKASPACE' ) );
#2811 = CARTESIAN_POINT ( 'NONE',  ( 1.800000000000000044, 0.5000000000000001110, -0.5500000000000000444 ) ) ;
#2812 = PLANE ( 'NONE',  #2729 ) ;
#2813 = ORIENTED_EDGE ( 'NONE', *, *, #1109, .F. ) ;
#2814 = LINE ( 'NONE', #1707, #1414 ) ;
#2815 = CLOSED_SHELL ( 'NONE', ( #1965, #1023, #1092, #2620 ) ) ;
#2816 = AXIS2_PLACEMENT_3D ( 'NONE', #249, #50, #848 ) ;
#2817 = CARTESIAN_POINT ( 'NONE',  ( 0.9500000000000005107, 1.150000000000000355, 0.2500000000000000000 ) ) ;
#2818 = VECTOR ( 'NONE', #1155, 1000.000000000000000 ) ;
#2819 = FACE_OUTER_BOUND ( 'NONE', #22, .T. ) ;
#2820 = CARTESIAN_POINT ( 'NONE',  ( 0.0000000000000000000, 0.0000000000000000000, 0.2500000000000000000 ) ) ;
#2821 = VERTEX_POINT ( 'NONE', #1583 ) ;
#2822 = VERTEX_POINT ( 'NONE', #1551 ) ;
#2823 = CARTESIAN_POINT ( 'NONE',  ( 0.3000000000000003775, 0.0000000000000000000, -0.05000000000000000278 ) ) ;
#2824 = DIRECTION ( 'NONE',  ( -0.0000000000000000000, -0.0000000000000000000, -1.000000000000000000 ) ) ;
#2825 = PRESENTATION_STYLE_ASSIGNMENT (( #410 ) ) ;
#2826 = AXIS2_PLACEMENT_3D ( 'NONE', #311, #2718, #772 ) ;
#2827 = CARTESIAN_POINT ( 'NONE',  ( 1.875000000000000444, 1.050000000000000044, 0.4500000000000000111 ) ) ;
#2828 = DIRECTION ( 'NONE',  ( -2.168404344971008868E-16, -1.000000000000000000, 0.0000000000000000000 ) ) ;
#2829 = ORIENTED_EDGE ( 'NONE', *, *, #864, .T. ) ;
#2830 = CARTESIAN_POINT ( 'NONE',  ( 1.149999999999999911, 0.9500000000000002887, 0.2500000000000000000 ) ) ;
#2831 = CARTESIAN_POINT ( 'NONE',  ( 2.100000000000000089, 0.0000000000000000000, 0.4500000000000000111 ) ) ;
#2832 = ORIENTED_EDGE ( 'NONE', *, *, #1176, .F. ) ;
#2833 = ORIENTED_EDGE ( 'NONE', *, *, #580, .T. ) ;
#2834 = DIRECTION ( 'NONE',  ( -0.0000000000000000000, -0.0000000000000000000, -1.000000000000000000 ) ) ;
#2835 = VECTOR ( 'NONE', #682, 1000.000000000000000 ) ;
#2836 = AXIS2_PLACEMENT_3D ( 'NONE', #661, #1385, #2261 ) ;
#2837 = PRESENTATION_STYLE_ASSIGNMENT (( #2138 ) ) ;
#2838 = DIRECTION ( 'NONE',  ( 1.000000000000000000, 0.0000000000000000000, 0.0000000000000000000 ) ) ;
#2839 = ORIENTED_EDGE ( 'NONE', *, *, #542, .T. ) ;
#2840 = VECTOR ( 'NONE', #2737, 1000.000000000000000 ) ;
#2841 = LINE ( 'NONE', #2343, #488 ) ;
#2842 = ADVANCED_FACE ( 'NONE', ( #2647 ), #1785, .F. ) ;
ENDSEC;
END-ISO-10303-21;
