ISO-10303-21;
HEADER;
FILE_DESCRIPTION (( 'STEP AP214' ),
    '1' );
FILE_NAME ('User Library-TACT SMD 6X6.STEP',
    '2019-12-06T13:05:15',
    ( '' ),
    ( '' ),
    'SwSTEP 2.0',
    'SolidWorks 2019',
    '' );
FILE_SCHEMA (( 'AUTOMOTIVE_DESIGN' ));
ENDSEC;

DATA;
#1 = PRESENTATION_LAYER_ASSIGNMENT (  '', '', ( #2769 ) ) ;
#2 = CARTESIAN_POINT ( 'NONE',  ( 2.966133037562165509, 3.684274223613091426, -2.687237217269609513 ) ) ;
#3 = ORIENTED_EDGE ( 'NONE', *, *, #1671, .T. ) ;
#4 = SURFACE_STYLE_USAGE ( .BOTH. , #188 ) ;
#5 = CARTESIAN_POINT ( 'NONE',  ( 2.267569795552039302, 3.699999999999999289, 2.945823244380103123 ) ) ;
#6 = VECTOR ( 'NONE', #2211, 1000.000000000000000 ) ;
#7 = CARTESIAN_POINT ( 'NONE',  ( -2.500000000000016431, 4.099999999999999645, -1.999999999999999556 ) ) ;
#8 = VECTOR ( 'NONE', #1644, 1000.000000000000000 ) ;
#9 = ORIENTED_EDGE ( 'NONE', *, *, #222, .F. ) ;
#10 = CARTESIAN_POINT ( 'NONE',  ( 3.000000000000000000, 3.600000000000000089, -2.168337520964483733 ) ) ;
#11 = LINE ( 'NONE', #971, #1993 ) ;
#12 = ORIENTED_EDGE ( 'NONE', *, *, #2561, .T. ) ;
#13 = ADVANCED_FACE ( 'NONE', ( #1053 ), #2101, .F. ) ;
#14 = CARTESIAN_POINT ( 'NONE',  ( -2.945078047713307168, 3.699999602836188561, -2.733553630692893588 ) ) ;
#15 = CARTESIAN_POINT ( 'NONE',  ( -2.685882249516247100, 3.683794204368510350, 2.966658480787232932 ) ) ;
#16 = DIRECTION ( 'NONE',  ( -0.0000000000000000000, -1.000000000000000000, -0.0000000000000000000 ) ) ;
#17 = FACE_OUTER_BOUND ( 'NONE', #642, .T. ) ;
#18 = ORIENTED_EDGE ( 'NONE', *, *, #974, .T. ) ;
#19 = CARTESIAN_POINT ( 'NONE',  ( 4.999999999999985789, 0.5000000000000000000, -2.586772398101813142 ) ) ;
#20 = DIRECTION ( 'NONE',  ( -1.239088197126291655E-15, 0.0000000000000000000, -1.000000000000000000 ) ) ;
#21 =( GEOMETRIC_REPRESENTATION_CONTEXT ( 3 ) GLOBAL_UNCERTAINTY_ASSIGNED_CONTEXT ( ( #879 ) ) GLOBAL_UNIT_ASSIGNED_CONTEXT ( ( #1125, #2620, #1437 ) ) REPRESENTATION_CONTEXT ( 'NONE', 'WORKASPACE' ) );
#22 = ORIENTED_EDGE ( 'NONE', *, *, #1622, .T. ) ;
#23 = FACE_OUTER_BOUND ( 'NONE', #2497, .T. ) ;
#24 = LINE ( 'NONE', #1445, #626 ) ;
#25 = CARTESIAN_POINT ( 'NONE',  ( -2.993569762768217846, 3.645869444099532064, -2.593334011254254889 ) ) ;
#26 = LINE ( 'NONE', #499, #2251 ) ;
#27 = DIRECTION ( 'NONE',  ( 0.0000000000000000000, 0.0000000000000000000, 1.000000000000000000 ) ) ;
#28 = ADVANCED_FACE ( 'NONE', ( #341 ), #2127, .T. ) ;
#29 = AXIS2_PLACEMENT_3D ( 'NONE', #722, #497, #1990 ) ;
#30 = CARTESIAN_POINT ( 'NONE',  ( -2.593334011254233129, 3.645869444099551604, 2.993569762768205411 ) ) ;
#31 = FACE_OUTER_BOUND ( 'NONE', #2511, .T. ) ;
#32 = VECTOR ( 'NONE', #3050, 1000.000000000000000 ) ;
#33 =( GEOMETRIC_REPRESENTATION_CONTEXT ( 3 ) GLOBAL_UNCERTAINTY_ASSIGNED_CONTEXT ( ( #1962 ) ) GLOBAL_UNIT_ASSIGNED_CONTEXT ( ( #483, #2499, #1021 ) ) REPRESENTATION_CONTEXT ( 'NONE', 'WORKASPACE' ) );
#34 = EDGE_CURVE ( 'NONE', #133, #2748, #2956, .T. ) ;
#35 = CIRCLE ( 'NONE', #340, 0.09999999999999989453 ) ;
#36 = CARTESIAN_POINT ( 'NONE',  ( -3.000000000000013767, 0.5000000000000000000, -2.586772398101757187 ) ) ;
#37 = SURFACE_STYLE_USAGE ( .BOTH. , #291 ) ;
#38 = CARTESIAN_POINT ( 'NONE',  ( -2.999999999999999112, 0.5000000000000000000, 2.613227601898243435 ) ) ;
#39 = ORIENTED_EDGE ( 'NONE', *, *, #1212, .F. ) ;
#40 = LINE ( 'NONE', #1749, #868 ) ;
#41 = VECTOR ( 'NONE', #1605, 1000.000000000000000 ) ;
#42 = LINE ( 'NONE', #1690, #1764 ) ;
#43 = CARTESIAN_POINT ( 'NONE',  ( -3.000000000000000000, 3.600000000000000089, -2.999999999999999556 ) ) ;
#44 = CARTESIAN_POINT ( 'NONE',  ( 4.999999999999985789, 0.0000000000000000000, -1.886772398101812964 ) ) ;
#45 = CARTESIAN_POINT ( 'NONE',  ( -2.776385399196282133, 3.699999999999999734, 2.916666666666667407 ) ) ;
#46 = VERTEX_POINT ( 'NONE', #2785 ) ;
#47 =( LENGTH_UNIT ( ) NAMED_UNIT ( * ) SI_UNIT ( .MILLI., .METRE. ) );
#48 = AXIS2_PLACEMENT_3D ( 'NONE', #2979, #1015, #776 ) ;
#49 = VECTOR ( 'NONE', #558, 1000.000000000000000 ) ;
#50 = CARTESIAN_POINT ( 'NONE',  ( 2.776385399196284798, 3.699999999999999734, 2.916666666666666963 ) ) ;
#51 = VERTEX_POINT ( 'NONE', #3043 ) ;
#52 = CARTESIAN_POINT ( 'NONE',  ( -2.314117750483768443, 3.683794204368510350, -2.966658480787231600 ) ) ;
#53 = EDGE_CURVE ( 'NONE', #2374, #468, #35, .T. ) ;
#54 = DIRECTION ( 'NONE',  ( -1.000000000000000000, 0.0000000000000000000, -0.0000000000000000000 ) ) ;
#55 = AXIS2_PLACEMENT_3D ( 'NONE', #1052, #2269, #1066 ) ;
#56 = STYLED_ITEM ( 'NONE', ( #1829 ), #2345 ) ;
#57 = AXIS2_PLACEMENT_3D ( 'NONE', #36, #1966, #1453 ) ;
#58 = EDGE_LOOP ( 'NONE', ( #446, #1639, #2086, #669 ) ) ;
#59 = CARTESIAN_POINT ( 'NONE',  ( 3.000000000000000000, 0.5000000000000000000, 1.913227601898187968 ) ) ;
#60 = CARTESIAN_POINT ( 'NONE',  ( -3.000000000000014655, 0.0000000000000000000, -1.886772398101757009 ) ) ;
#61 = CARTESIAN_POINT ( 'NONE',  ( 2.500000000000000888, 3.999999999999999112, 2.500000000000000444 ) ) ;
#62 = DIRECTION ( 'NONE',  ( 0.0000000000000000000, 0.0000000000000000000, 1.000000000000000000 ) ) ;
#63 = VERTEX_POINT ( 'NONE', #374 ) ;
#64 = CARTESIAN_POINT ( 'NONE',  ( 2.945823244380103567, 3.699999999999999289, 2.732430204447962474 ) ) ;
#65 = CARTESIAN_POINT ( 'NONE',  ( 2.687237217269633938, 3.684274223613093646, 2.966133037562173502 ) ) ;
#66 = VERTEX_POINT ( 'NONE', #1299 ) ;
#67 = DIRECTION ( 'NONE',  ( -0.0000000000000000000, -1.000000000000000000, -0.0000000000000000000 ) ) ;
#68 = EDGE_CURVE ( 'NONE', #2150, #1661, #2301, .T. ) ;
#69 = ORIENTED_EDGE ( 'NONE', *, *, #1130, .F. ) ;
#70 = FACE_OUTER_BOUND ( 'NONE', #1363, .T. ) ;
#71 = ADVANCED_FACE ( 'NONE', ( #2045 ), #2803, .T. ) ;
#72 = CARTESIAN_POINT ( 'NONE',  ( 0.0000000000000000000, 3.600000000000000089, 0.0000000000000000000 ) ) ;
#73 = SURFACE_STYLE_FILL_AREA ( #2789 ) ;
#74 = LINE ( 'NONE', #1335, #2066 ) ;
#75 = UNCERTAINTY_MEASURE_WITH_UNIT (LENGTH_MEASURE( 1.000000000000000082E-05 ), #1921, 'distance_accuracy_value', 'NONE');
#76 = CARTESIAN_POINT ( 'NONE',  ( 2.500000000000000444, 3.600000000000000089, 3.000000000000000444 ) ) ;
#77 = ORIENTED_EDGE ( 'NONE', *, *, #1471, .T. ) ;
#78 = CARTESIAN_POINT ( 'NONE',  ( 2.452294760260268713, 3.623369864505939564, 3.000000000000000444 ) ) ;
#79 = CARTESIAN_POINT ( 'NONE',  ( -2.999999999999999112, 3.600000000000000089, 3.000000000000000444 ) ) ;
#80 = PRESENTATION_LAYER_ASSIGNMENT (  '', '', ( #1241 ) ) ;
#81 = AXIS2_PLACEMENT_3D ( 'NONE', #1803, #1820, #1295 ) ;
#82 = CARTESIAN_POINT ( 'NONE',  ( -2.499999999999999112, 3.600000000000000089, 3.000000000000000444 ) ) ;
#83 = CARTESIAN_POINT ( 'NONE',  ( 3.000000000000000000, 3.600000000000000089, -2.275315344595881140 ) ) ;
#84 = EDGE_CURVE ( 'NONE', #2745, #2673, #1316, .T. ) ;
#85 = CARTESIAN_POINT ( 'NONE',  ( -2.966133037562175279, 3.684274223613095423, -2.687237217269674794 ) ) ;
#86 = ADVANCED_FACE ( 'NONE', ( #1382 ), #1364, .T. ) ;
#87 = VECTOR ( 'NONE', #394, 1000.000000000000000 ) ;
#88 = CARTESIAN_POINT ( 'NONE',  ( 3.000000000000000888, 3.600000000000000089, 2.500000000000000444 ) ) ;
#89 = DIRECTION ( 'NONE',  ( 1.445602896647339163E-16, 0.0000000000000000000, 1.000000000000000000 ) ) ;
#90 = CARTESIAN_POINT ( 'NONE',  ( 2.500000000000000888, 3.999999999999999112, 2.000000000000000444 ) ) ;
#91 = ORIENTED_EDGE ( 'NONE', *, *, #1525, .F. ) ;
#92 = CARTESIAN_POINT ( 'NONE',  ( 2.500000000000000888, 3.600000000000000089, 3.000000000000000444 ) ) ;
#93 = DIRECTION ( 'NONE',  ( -0.0000000000000000000, -1.000000000000000000, -0.0000000000000000000 ) ) ;
#94 = AXIS2_PLACEMENT_3D ( 'NONE', #906, #1405, #700 ) ;
#95 = DIRECTION ( 'NONE',  ( -1.000000000000000000, -0.0000000000000000000, -0.0000000000000000000 ) ) ;
#96 = AXIS2_PLACEMENT_3D ( 'NONE', #2562, #1117, #458 ) ;
#97 = LINE ( 'NONE', #1783, #1500 ) ;
#98 = DIRECTION ( 'NONE',  ( 0.0000000000000000000, 1.000000000000000000, 0.0000000000000000000 ) ) ;
#99 = EDGE_CURVE ( 'NONE', #2385, #2673, #1876, .T. ) ;
#100 = DIRECTION ( 'NONE',  ( -1.000000000000000000, 0.0000000000000000000, 0.0000000000000000000 ) ) ;
#101 = ORIENTED_EDGE ( 'NONE', *, *, #99, .F. ) ;
#102 = CARTESIAN_POINT ( 'NONE',  ( 2.831662479035540692, 3.600000000000000089, 3.000000000000000444 ) ) ;
#103 = UNCERTAINTY_MEASURE_WITH_UNIT (LENGTH_MEASURE( 1.000000000000000082E-05 ), #1242, 'distance_accuracy_value', 'NONE');
#104 = EDGE_CURVE ( 'NONE', #1037, #349, #2165, .T. ) ;
#105 = CARTESIAN_POINT ( 'NONE',  ( 2.776385399196284354, 3.699999999999999734, 2.916666666666667407 ) ) ;
#106 = ORIENTED_EDGE ( 'NONE', *, *, #660, .F. ) ;
#107 = CARTESIAN_POINT ( 'NONE',  ( -2.499999999999999112, 3.999999999999999112, 3.000000000000000444 ) ) ;
#108 = DIRECTION ( 'NONE',  ( -0.0000000000000000000, -1.000000000000000000, -0.0000000000000000000 ) ) ;
#109 = AXIS2_PLACEMENT_3D ( 'NONE', #2105, #3118, #178 ) ;
#110 =( BOUNDED_SURFACE ( )  B_SPLINE_SURFACE ( 3, 2, ( 
 ( #2841, #648, #2357 ),
 ( #154, #467, #894 ),
 ( #1869, #2889, #663 ),
 ( #2392, #2873, #2655 ),
 ( #941, #415, #1914 ),
 ( #1414, #3090, #1608 ) ),
 .UNSPECIFIED., .F., .F., .F. ) 
 B_SPLINE_SURFACE_WITH_KNOTS ( ( 4, 2, 4 ),
 ( 3, 3 ),
 ( 0.0002026797876447660482, 0.0003878795832598727362, 0.0005730793788749794513 ),
 ( 0.0000000000000000000, 1.000000000000000000 ),
 .UNSPECIFIED. ) 
 GEOMETRIC_REPRESENTATION_ITEM ( )  RATIONAL_B_SPLINE_SURFACE ( (
 ( 1.000000000000000000, 0.7071067811865462405, 1.000000000000000000),
 ( 1.000000000000000000, 0.8076804016272237652, 1.000000000000000000),
 ( 1.000000000000000000, 0.8813333892563541827, 1.000000000000000000),
 ( 1.000000000000000000, 0.9768264690301671216, 1.000000000000000000),
 ( 1.000000000000000000, 0.9997049196372971291, 1.000000000000000000),
 ( 1.000000000000000000, 1.000000000000000000, 1.000000000000000000) ) ) 
 REPRESENTATION_ITEM ( '' )  SURFACE ( )  );
#111 = ORIENTED_EDGE ( 'NONE', *, *, #53, .T. ) ;
#112 = CARTESIAN_POINT ( 'NONE',  ( -2.945827323110184803, 3.700000000000000178, 2.732424055531006868 ) ) ;
#113 =( NAMED_UNIT ( * ) SI_UNIT ( $, .STERADIAN. ) SOLID_ANGLE_UNIT ( ) );
#114 = FACE_OUTER_BOUND ( 'NONE', #131, .T. ) ;
#115 =( GEOMETRIC_REPRESENTATION_CONTEXT ( 3 ) GLOBAL_UNCERTAINTY_ASSIGNED_CONTEXT ( ( #1607 ) ) GLOBAL_UNIT_ASSIGNED_CONTEXT ( ( #47, #1979, #236 ) ) REPRESENTATION_CONTEXT ( 'NONE', 'WORKASPACE' ) );
#116 = CARTESIAN_POINT ( 'NONE',  ( 3.000000000000000000, 3.600000000000000089, -2.499999999999999556 ) ) ;
#117 = ORIENTED_EDGE ( 'NONE', *, *, #163, .T. ) ;
#118 = DIRECTION ( 'NONE',  ( 0.0000000000000000000, 1.000000000000000000, 0.0000000000000000000 ) ) ;
#119 = CARTESIAN_POINT ( 'NONE',  ( -2.500000000000016431, 3.600000000000000089, -2.999999999999999556 ) ) ;
#120 = EDGE_CURVE ( 'NONE', #63, #1560, #2346, .T. ) ;
#121 = CARTESIAN_POINT ( 'NONE',  ( 2.932861735364013178, 3.625569324408260741, 2.248028725398017347 ) ) ;
#122 = ORIENTED_EDGE ( 'NONE', *, *, #125, .F. ) ;
#123 = CARTESIAN_POINT ( 'NONE',  ( -2.999999999999998224, 0.0000000000000000000, 1.913227601898243480 ) ) ;
#124 = CARTESIAN_POINT ( 'NONE',  ( -2.999999999999999112, 3.600000000000000089, 3.000000000000000444 ) ) ;
#125 = EDGE_CURVE ( 'NONE', #1080, #2203, #2447, .T. ) ;
#126 = AXIS2_PLACEMENT_3D ( 'NONE', #280, #1183, #2237 ) ;
#127 = DIRECTION ( 'NONE',  ( 0.0000000000000000000, 0.0000000000000000000, 1.000000000000000000 ) ) ;
#128 = DIRECTION ( 'NONE',  ( -0.0000000000000000000, -1.000000000000000000, -0.0000000000000000000 ) ) ;
#129 =( GEOMETRIC_REPRESENTATION_CONTEXT ( 3 ) GLOBAL_UNCERTAINTY_ASSIGNED_CONTEXT ( ( #1004 ) ) GLOBAL_UNIT_ASSIGNED_CONTEXT ( ( #1085, #2068, #1538 ) ) REPRESENTATION_CONTEXT ( 'NONE', 'WORKASPACE' ) );
#130 = SURFACE_SIDE_STYLE ('',( #457 ) ) ;
#131 = EDGE_LOOP ( 'NONE', ( #645, #2483, #1668, #1513 ) ) ;
#132 = LINE ( 'NONE', #644, #683 ) ;
#133 = VERTEX_POINT ( 'NONE', #2132 ) ;
#134 = PRESENTATION_STYLE_ASSIGNMENT (( #1075 ) ) ;
#135 = CARTESIAN_POINT ( 'NONE',  ( 2.499999999999983569, 3.600000000000000089, -2.499999999999999556 ) ) ;
#136 = AXIS2_PLACEMENT_3D ( 'NONE', #3160, #1664, #1456 ) ;
#137 = CARTESIAN_POINT ( 'NONE',  ( 3.000000000000000000, 3.600000000000000089, -2.168337520964484622 ) ) ;
#138 = ORIENTED_EDGE ( 'NONE', *, *, #1494, .T. ) ;
#139 = CARTESIAN_POINT ( 'NONE',  ( -2.999999999999999112, 3.600000000000000089, 2.500000000000000444 ) ) ;
#140 = FILL_AREA_STYLE_COLOUR ( '', #398 ) ;
#141 = ADVANCED_FACE ( 'NONE', ( #1645 ), #1818, .F. ) ;
#142 = ORIENTED_EDGE ( 'NONE', *, *, #1289, .T. ) ;
#143 = CARTESIAN_POINT ( 'NONE',  ( -3.000000000000000000, 3.600000000000000089, -2.386657852715854844 ) ) ;
#144 =( GEOMETRIC_REPRESENTATION_CONTEXT ( 3 ) GLOBAL_UNCERTAINTY_ASSIGNED_CONTEXT ( ( #103 ) ) GLOBAL_UNIT_ASSIGNED_CONTEXT ( ( #1242, #1214, #2689 ) ) REPRESENTATION_CONTEXT ( 'NONE', 'WORKASPACE' ) );
#145 = FILL_AREA_STYLE_COLOUR ( '', #519 ) ;
#146 = EDGE_LOOP ( 'NONE', ( #203, #2501, #2570, #502, #1064, #825, #2678, #1487, #581, #747, #2931, #359, #1616, #851, #399, #1279, #451, #2064 ) ) ;
#147 = CIRCLE ( 'NONE', #411, 0.5999999999999998668 ) ;
#148 = ORIENTED_EDGE ( 'NONE', *, *, #1471, .F. ) ;
#149 = AXIS2_PLACEMENT_3D ( 'NONE', #1139, #1158, #168 ) ;
#150 = CARTESIAN_POINT ( 'NONE',  ( 2.266446369307103303, 3.699999602836188561, -2.945078047713295621 ) ) ;
#151 = CARTESIAN_POINT ( 'NONE',  ( -2.275315344595861156, 3.600000000000000089, -2.999999999999999556 ) ) ;
#152 = VECTOR ( 'NONE', #508, 1000.000000000000000 ) ;
#153 = CIRCLE ( 'NONE', #1947, 0.1000000000000000472 ) ;
#154 = CARTESIAN_POINT ( 'NONE',  ( 2.733553630692868275, 3.699999602836188561, -2.945078047713293401 ) ) ;
#155 = ORIENTED_EDGE ( 'NONE', *, *, #1490, .F. ) ;
#156 =( NAMED_UNIT ( * ) SI_UNIT ( $, .STERADIAN. ) SOLID_ANGLE_UNIT ( ) );
#157 = DIRECTION ( 'NONE',  ( 0.0000000000000000000, 1.000000000000000000, 0.0000000000000000000 ) ) ;
#158 = ORIENTED_EDGE ( 'NONE', *, *, #2960, .T. ) ;
#159 = ADVANCED_FACE ( 'NONE', ( #2398 ), #189, .F. ) ;
#160 = DIRECTION ( 'NONE',  ( 0.5527707983925663759, -3.035766082959415571E-14, 0.8333333333333334814 ) ) ;
#161 = CARTESIAN_POINT ( 'NONE',  ( 2.831662479035522928, 3.699999999999999734, -2.999999999999999556 ) ) ;
#162 = ORIENTED_EDGE ( 'NONE', *, *, #1384, .T. ) ;
#163 = EDGE_CURVE ( 'NONE', #2180, #384, #2462, .T. ) ;
#164 =( NAMED_UNIT ( * ) PLANE_ANGLE_UNIT ( ) SI_UNIT ( $, .RADIAN. ) );
#165 = ORIENTED_EDGE ( 'NONE', *, *, #1109, .F. ) ;
#166 = DIRECTION ( 'NONE',  ( -0.0000000000000000000, -1.000000000000000000, -0.0000000000000000000 ) ) ;
#167 = CARTESIAN_POINT ( 'NONE',  ( -2.499999999999999112, 3.999999999999999112, 2.900000000000000355 ) ) ;
#168 = DIRECTION ( 'NONE',  ( 0.0000000000000000000, 0.0000000000000000000, 1.000000000000000000 ) ) ;
#169 = DIRECTION ( 'NONE',  ( -1.445602896647339163E-16, -0.0000000000000000000, -1.000000000000000000 ) ) ;
#170 = CARTESIAN_POINT ( 'NONE',  ( -3.000051453689767111, 3.611669078428618729, -2.447596228061589496 ) ) ;
#171 = FILL_AREA_STYLE ('',( #145 ) ) ;
#172 = VECTOR ( 'NONE', #2741, 1000.000000000000000 ) ;
#173 =( NAMED_UNIT ( * ) SI_UNIT ( $, .STERADIAN. ) SOLID_ANGLE_UNIT ( ) );
#174 = VERTEX_POINT ( 'NONE', #1029 ) ;
#175 = TOROIDAL_SURFACE ( 'NONE', #81, 0.5999999999999999778, 0.1000000000000000056 ) ;
#176 = COLOUR_RGB ( '',1.000000000000000000, 1.000000000000000000, 1.000000000000000000 ) ;
#177 = EDGE_CURVE ( 'NONE', #46, #3157, #2341, .T. ) ;
#178 = DIRECTION ( 'NONE',  ( 0.0000000000000000000, -0.0000000000000000000, 1.000000000000000000 ) ) ;
#179 = CARTESIAN_POINT ( 'NONE',  ( 2.447596228063059876, 3.611669078434915470, -3.000051453695009585 ) ) ;
#180 = CARTESIAN_POINT ( 'NONE',  ( 0.0000000000000000000, 3.600000000000000089, 0.0000000000000000000 ) ) ;
#181 = LINE ( 'NONE', #1154, #905 ) ;
#182 = ORIENTED_EDGE ( 'NONE', *, *, #1694, .T. ) ;
#183 = CYLINDRICAL_SURFACE ( 'NONE', #1544, 1.750000000000000000 ) ;
#184 = DIRECTION ( 'NONE',  ( -0.0000000000000000000, -1.000000000000000000, -0.0000000000000000000 ) ) ;
#185 = PRESENTATION_LAYER_ASSIGNMENT (  '', '', ( #1465 ) ) ;
#186 = LINE ( 'NONE', #3156, #573 ) ;
#187 = ORIENTED_EDGE ( 'NONE', *, *, #2503, .T. ) ;
#188 = SURFACE_SIDE_STYLE ('',( #670 ) ) ;
#189 = PLANE ( 'NONE',  #2493 ) ;
#190 = VECTOR ( 'NONE', #2187, 1000.000000000000000 ) ;
#191 = CARTESIAN_POINT ( 'NONE',  ( -2.991033313951040107, 3.623612607644060901, -2.393546422386299444 ) ) ;
#192 = AXIS2_PLACEMENT_3D ( 'NONE', #1909, #2883, #2116 ) ;
#193 = DIRECTION ( 'NONE',  ( 0.0000000000000000000, 1.000000000000000000, 0.0000000000000000000 ) ) ;
#194 = SURFACE_SIDE_STYLE ('',( #1600 ) ) ;
#195 = VERTEX_POINT ( 'NONE', #964 ) ;
#196 = LINE ( 'NONE', #2865, #1489 ) ;
#197 = CIRCLE ( 'NONE', #2818, 0.5999999999999998668 ) ;
#198 = LINE ( 'NONE', #1168, #2801 ) ;
#199 = CARTESIAN_POINT ( 'NONE',  ( -3.000000000000000000, 3.600000000000000089, -2.999999999999999556 ) ) ;
#200 = EDGE_CURVE ( 'NONE', #1148, #1418, #1402, .T. ) ;
#201 = UNCERTAINTY_MEASURE_WITH_UNIT (LENGTH_MEASURE( 1.000000000000000082E-05 ), #2082, 'distance_accuracy_value', 'NONE');
#202 = AXIS2_PLACEMENT_3D ( 'NONE', #2980, #2182, #262 ) ;
#203 = ORIENTED_EDGE ( 'NONE', *, *, #1824, .F. ) ;
#204 = DIRECTION ( 'NONE',  ( 2.168404344971006896E-16, -0.0000000000000000000, 1.000000000000000000 ) ) ;
#205 = FACE_OUTER_BOUND ( 'NONE', #2829, .T. ) ;
#206 = COLOUR_RGB ( '',1.000000000000000000, 1.000000000000000000, 1.000000000000000000 ) ;
#207 = EDGE_CURVE ( 'NONE', #2374, #2172, #2518, .T. ) ;
#208 = CARTESIAN_POINT ( 'NONE',  ( -2.999999999999999112, 3.623200201217642302, 2.452640875626990624 ) ) ;
#209 = ORIENTED_EDGE ( 'NONE', *, *, #163, .F. ) ;
#210 = PRESENTATION_STYLE_ASSIGNMENT (( #2520 ) ) ;
#211 = CARTESIAN_POINT ( 'NONE',  ( -2.999999999999999112, 3.623369864505968430, 2.452294760260278483 ) ) ;
#212 = CARTESIAN_POINT ( 'NONE',  ( -2.916666666666666075, 3.699999999999999734, 2.223614600803717423 ) ) ;
#213 = ORIENTED_EDGE ( 'NONE', *, *, #1548, .T. ) ;
#214 = CARTESIAN_POINT ( 'NONE',  ( -2.500000000000016431, 4.099999999999999645, -2.499999999999999556 ) ) ;
#215 = CARTESIAN_POINT ( 'NONE',  ( 2.499999999999983569, 3.600000000000000089, -2.999999999999999556 ) ) ;
#216 = PRESENTATION_STYLE_ASSIGNMENT (( #1693 ) ) ;
#217 = VERTEX_POINT ( 'NONE', #2214 ) ;
#218 = EDGE_CURVE ( 'NONE', #1735, #881, #2682, .T. ) ;
#219 = PRESENTATION_LAYER_ASSIGNMENT (  '', '', ( #1598 ) ) ;
#220 = CARTESIAN_POINT ( 'NONE',  ( 5.000000000000000888, 0.5000000000000000000, 2.613227601898187480 ) ) ;
#221 = CARTESIAN_POINT ( 'NONE',  ( -2.452294760263066919, 3.623369864511618132, 3.000000000000000444 ) ) ;
#222 = EDGE_CURVE ( 'NONE', #300, #2745, #870, .T. ) ;
#223 = SURFACE_SIDE_STYLE ('',( #1442 ) ) ;
#224 = ORIENTED_EDGE ( 'NONE', *, *, #974, .F. ) ;
#225 = CARTESIAN_POINT ( 'NONE',  ( 2.143131898507868297E-16, 3.699999999999999734, 1.750000000000000000 ) ) ;
#226 = CARTESIAN_POINT ( 'NONE',  ( 3.000000000000000000, 0.0000000000000000000, -1.886772398101812964 ) ) ;
#227 = VERTEX_POINT ( 'NONE', #1984 ) ;
#228 = DIRECTION ( 'NONE',  ( 0.8333333333333594606, 0.0000000000000000000, 0.5527707983925272961 ) ) ;
#229 = VECTOR ( 'NONE', #2533, 1000.000000000000000 ) ;
#230 = SURFACE_STYLE_FILL_AREA ( #2257 ) ;
#231 = DIRECTION ( 'NONE',  ( 0.0000000000000000000, 1.000000000000000000, 0.0000000000000000000 ) ) ;
#232 = PRODUCT_DEFINITION_CONTEXT ( 'detailed design', #1379, 'design' ) ;
#233 = VECTOR ( 'NONE', #1123, 1000.000000000000000 ) ;
#234 = PLANE ( 'NONE',  #1971 ) ;
#235 = ORIENTED_EDGE ( 'NONE', *, *, #2757, .F. ) ;
#236 =( NAMED_UNIT ( * ) SI_UNIT ( $, .STERADIAN. ) SOLID_ANGLE_UNIT ( ) );
#237 = CARTESIAN_POINT ( 'NONE',  ( 2.916666666666663854, 3.699999999999999734, -2.776385399196262593 ) ) ;
#238 = CARTESIAN_POINT ( 'NONE',  ( -2.266446369307109965, 3.699999602836188561, 2.945078047713291181 ) ) ;
#239 = DIRECTION ( 'NONE',  ( 0.0000000000000000000, 0.0000000000000000000, 1.000000000000000000 ) ) ;
#240 = PLANE ( 'NONE',  #136 ) ;
#241 = EDGE_CURVE ( 'NONE', #300, #3082, #979, .T. ) ;
#242 =( BOUNDED_SURFACE ( )  B_SPLINE_SURFACE ( 3, 2, ( 
 ( #1160, #3143, #2880 ),
 ( #680, #1919, #238 ),
 ( #1626, #695, #2896 ),
 ( #452, #2151, #3129 ),
 ( #473, #2697, #221 ),
 ( #1419, #1680, #1441 ) ),
 .UNSPECIFIED., .F., .F., .F. ) 
 B_SPLINE_SURFACE_WITH_KNOTS ( ( 4, 2, 4 ),
 ( 3, 3 ),
 ( 0.0002026797876446717768, 0.0003878795832597117864, 0.0005730793788747517688 ),
 ( 0.0000000000000000000, 1.000000000000000000 ),
 .UNSPECIFIED. ) 
 GEOMETRIC_REPRESENTATION_ITEM ( )  RATIONAL_B_SPLINE_SURFACE ( (
 ( 1.000000000000000000, 0.7071067811865475727, 1.000000000000000000),
 ( 1.000000000000000000, 0.8076804016272416398, 1.000000000000000000),
 ( 1.000000000000000000, 0.8813333892563270933, 1.000000000000000000),
 ( 1.000000000000000000, 0.9768264690301955433, 1.000000000000000000),
 ( 1.000000000000000000, 0.9997049196372763680, 1.000000000000000000),
 ( 1.000000000000000000, 1.000000000000000000, 1.000000000000000000) ) ) 
 REPRESENTATION_ITEM ( '' )  SURFACE ( )  );
#243 = PRESENTATION_LAYER_ASSIGNMENT (  '', '', ( #1882 ) ) ;
#244 = ORIENTED_EDGE ( 'NONE', *, *, #207, .F. ) ;
#245 = TOROIDAL_SURFACE ( 'NONE', #1883, 0.5999999999999999778, 0.1000000000000000056 ) ;
#246 = CARTESIAN_POINT ( 'NONE',  ( -2.999999999999999112, 3.600000000008451551, 2.442721890230419746 ) ) ;
#247 = ORIENTED_EDGE ( 'NONE', *, *, #609, .T. ) ;
#248 =( LENGTH_UNIT ( ) NAMED_UNIT ( * ) SI_UNIT ( .MILLI., .METRE. ) );
#249 = SURFACE_STYLE_USAGE ( .BOTH. , #766 ) ;
#250 = MECHANICAL_DESIGN_GEOMETRIC_PRESENTATION_REPRESENTATION (  '', ( #967 ), #1061 ) ;
#251 = SURFACE_SIDE_STYLE ('',( #1963 ) ) ;
#252 = ORIENTED_EDGE ( 'NONE', *, *, #3145, .T. ) ;
#253 = CARTESIAN_POINT ( 'NONE',  ( -2.499999999999999112, 4.099999999999999645, 2.500000000000000444 ) ) ;
#254 = CARTESIAN_POINT ( 'NONE',  ( 2.751971274601967554, 3.625569324408268290, 2.932861735364018951 ) ) ;
#255 = EDGE_LOOP ( 'NONE', ( #1086, #1927, #247 ) ) ;
#256 = FILL_AREA_STYLE_COLOUR ( '', #206 ) ;
#257 =( LENGTH_UNIT ( ) NAMED_UNIT ( * ) SI_UNIT ( .MILLI., .METRE. ) );
#258 = CARTESIAN_POINT ( 'NONE',  ( 0.0000000000000000000, 3.699999999999999734, 0.0000000000000000000 ) ) ;
#259 = ORIENTED_EDGE ( 'NONE', *, *, #2148, .T. ) ;
#260 = CARTESIAN_POINT ( 'NONE',  ( 5.000000000000000888, 0.0000000000000000000, 2.613227601898187480 ) ) ;
#261 = EDGE_CURVE ( 'NONE', #1851, #468, #1951, .T. ) ;
#262 = DIRECTION ( 'NONE',  ( 0.0000000000000000000, 0.0000000000000000000, 1.000000000000000000 ) ) ;
#263 = ORIENTED_EDGE ( 'NONE', *, *, #2141, .T. ) ;
#264 = CARTESIAN_POINT ( 'NONE',  ( -5.000000000000015099, 0.0000000000000000000, -1.886772398101757009 ) ) ;
#265 = CARTESIAN_POINT ( 'NONE',  ( -2.500000000000016431, 3.699999999999999734, -2.499999999999999556 ) ) ;
#266 = EDGE_CURVE ( 'NONE', #2838, #217, #1272, .T. ) ;
#267 =( NAMED_UNIT ( * ) SI_UNIT ( $, .STERADIAN. ) SOLID_ANGLE_UNIT ( ) );
#268 =( GEOMETRIC_REPRESENTATION_CONTEXT ( 3 ) GLOBAL_UNCERTAINTY_ASSIGNED_CONTEXT ( ( #633 ) ) GLOBAL_UNIT_ASSIGNED_CONTEXT ( ( #1120, #1150, #2138 ) ) REPRESENTATION_CONTEXT ( 'NONE', 'WORKASPACE' ) );
#269 = CARTESIAN_POINT ( 'NONE',  ( -2.732424055531022411, 3.700000000000000178, -2.945827323110184359 ) ) ;
#270 = ORIENTED_EDGE ( 'NONE', *, *, #2960, .F. ) ;
#271 = DIRECTION ( 'NONE',  ( 1.224646799147350742E-16, 0.0000000000000000000, -1.000000000000000000 ) ) ;
#272 = CARTESIAN_POINT ( 'NONE',  ( 2.557278109769579810, 3.600000000008451551, 3.000000000000000444 ) ) ;
#273 = ORIENTED_EDGE ( 'NONE', *, *, #1096, .F. ) ;
#274 = PRESENTATION_STYLE_ASSIGNMENT (( #37 ) ) ;
#275 = DIRECTION ( 'NONE',  ( -1.000000000000000000, 0.0000000000000000000, 0.0000000000000000000 ) ) ;
#276 = VECTOR ( 'NONE', #3137, 1000.000000000000000 ) ;
#277 = ORIENTED_EDGE ( 'NONE', *, *, #3167, .T. ) ;
#278 = CARTESIAN_POINT ( 'NONE',  ( -2.999999999999999112, 3.600000000000000089, 2.500000000000000444 ) ) ;
#279 =( NAMED_UNIT ( * ) PLANE_ANGLE_UNIT ( ) SI_UNIT ( $, .RADIAN. ) );
#280 = CARTESIAN_POINT ( 'NONE',  ( -2.499999999999999112, 3.999999999999999112, 2.100000000000000533 ) ) ;
#281 = DIRECTION ( 'NONE',  ( 0.0000000000000000000, 0.0000000000000000000, 1.000000000000000000 ) ) ;
#282 = DIRECTION ( 'NONE',  ( 0.0000000000000000000, 1.000000000000000000, 0.0000000000000000000 ) ) ;
#283 = EDGE_CURVE ( 'NONE', #552, #492, #1368, .T. ) ;
#284 = VECTOR ( 'NONE', #909, 1000.000000000000000 ) ;
#285 = AXIS2_PLACEMENT_3D ( 'NONE', #3134, #1864, #1184 ) ;
#286 = PRESENTATION_LAYER_ASSIGNMENT (  '', '', ( #2445 ) ) ;
#287 = MECHANICAL_DESIGN_GEOMETRIC_PRESENTATION_REPRESENTATION (  '', ( #849 ), #705 ) ;
#288 = VECTOR ( 'NONE', #2078, 1000.000000000000000 ) ;
#289 = CARTESIAN_POINT ( 'NONE',  ( 2.499999999999983569, 3.600000000000000089, -1.899999999999999689 ) ) ;
#290 = ORIENTED_EDGE ( 'NONE', *, *, #1569, .F. ) ;
#291 = SURFACE_SIDE_STYLE ('',( #1714 ) ) ;
#292 = FACE_OUTER_BOUND ( 'NONE', #1844, .T. ) ;
#293 = CIRCLE ( 'NONE', #2137, 0.5000000000000000000 ) ;
#294 = CARTESIAN_POINT ( 'NONE',  ( -2.500000000000016431, 3.699999999999999734, -2.499999999999999556 ) ) ;
#295 = STYLED_ITEM ( 'NONE', ( #1391 ), #2201 ) ;
#296 = CARTESIAN_POINT ( 'NONE',  ( -3.000000000000000000, 0.0000000000000000000, -2.999999999999999556 ) ) ;
#297 = EDGE_LOOP ( 'NONE', ( #1463, #1987, #69, #1904 ) ) ;
#298 = LINE ( 'NONE', #739, #1048 ) ;
#299 = VERTEX_POINT ( 'NONE', #1469 ) ;
#300 = VERTEX_POINT ( 'NONE', #790 ) ;
#301 = EDGE_CURVE ( 'NONE', #1950, #2106, #760, .T. ) ;
#302 = STYLED_ITEM ( 'NONE', ( #2238 ), #1532 ) ;
#303 = ORIENTED_EDGE ( 'NONE', *, *, #3039, .T. ) ;
#304 =( NAMED_UNIT ( * ) PLANE_ANGLE_UNIT ( ) SI_UNIT ( $, .RADIAN. ) );
#305 = DIRECTION ( 'NONE',  ( -0.0000000000000000000, -1.000000000000000000, -0.0000000000000000000 ) ) ;
#306 = VECTOR ( 'NONE', #816, 1000.000000000000000 ) ;
#307 = ADVANCED_FACE ( 'NONE', ( #1731 ), #2826, .T. ) ;
#308 = AXIS2_PLACEMENT_3D ( 'NONE', #2817, #1057, #2033 ) ;
#309 = EDGE_LOOP ( 'NONE', ( #1925, #2430, #252, #561 ) ) ;
#310 =( LENGTH_UNIT ( ) NAMED_UNIT ( * ) SI_UNIT ( .MILLI., .METRE. ) );
#311 = B_SPLINE_CURVE_WITH_KNOTS ( 'NONE', 3,
 ( #860, #1853, #2294, #2839, #2597, #2792 ),
 .UNSPECIFIED., .F., .F.,
 ( 4, 2, 4 ),
 ( -4.474903157251803882E-06, 0.0001522058141937347416, 0.0003088865315447212939 ),
 .UNSPECIFIED. ) ;
#312 = AXIS2_PLACEMENT_3D ( 'NONE', #1486, #2974, #1222 ) ;
#313 = CARTESIAN_POINT ( 'NONE',  ( 0.0000000000000000000, 3.699999999999999734, -1.750000000000000000 ) ) ;
#314 = FACE_OUTER_BOUND ( 'NONE', #297, .T. ) ;
#315 =( LENGTH_UNIT ( ) NAMED_UNIT ( * ) SI_UNIT ( .MILLI., .METRE. ) );
#316 = FILL_AREA_STYLE_COLOUR ( '', #2233 ) ;
#317 = SURFACE_STYLE_FILL_AREA ( #1801 ) ;
#318 = PRODUCT_DEFINITION ( 'UNKNOWN', '', #440, #232 ) ;
#319 = CARTESIAN_POINT ( 'NONE',  ( 2.499999999999983569, 3.600000000000000089, -2.499999999999999556 ) ) ;
#320 = ORIENTED_EDGE ( 'NONE', *, *, #1490, .T. ) ;
#321 = DIRECTION ( 'NONE',  ( 0.0000000000000000000, 0.0000000000000000000, 1.000000000000000000 ) ) ;
#322 = CARTESIAN_POINT ( 'NONE',  ( 2.168337520964461973, 3.600000000000000089, 3.000000000000000444 ) ) ;
#323 =( BOUNDED_SURFACE ( )  B_SPLINE_SURFACE ( 3, 2, ( 
 ( #1559, #1079, #3075 ),
 ( #1576, #121, #1090 ),
 ( #2583, #1339, #1105 ),
 ( #708, #1675, #1886 ),
 ( #1854, #914, #880 ),
 ( #2600, #2144, #1357 ) ),
 .UNSPECIFIED., .F., .F., .F. ) 
 B_SPLINE_SURFACE_WITH_KNOTS ( ( 4, 2, 4 ),
 ( 3, 3 ),
 ( 0.0002026797876446718852, 0.0003878795832597118948, 0.0005730793788747518772 ),
 ( 0.0000000000000000000, 1.000000000000000000 ),
 .UNSPECIFIED. ) 
 GEOMETRIC_REPRESENTATION_ITEM ( )  RATIONAL_B_SPLINE_SURFACE ( (
 ( 1.000000000000000000, 0.7071067811865462405, 1.000000000000000000),
 ( 1.000000000000000000, 0.8076804016272555176, 1.000000000000000000),
 ( 1.000000000000000000, 0.8813333892563109950, 1.000000000000000000),
 ( 1.000000000000000000, 0.9768264690302134179, 1.000000000000000000),
 ( 1.000000000000000000, 0.9997049196372629343, 1.000000000000000000),
 ( 1.000000000000000000, 1.000000000000000000, 1.000000000000000000) ) ) 
 REPRESENTATION_ITEM ( '' )  SURFACE ( )  );
#324 = EDGE_CURVE ( 'NONE', #66, #1825, #772, .T. ) ;
#325 = ORIENTED_EDGE ( 'NONE', *, *, #1438, .F. ) ;
#326 = CARTESIAN_POINT ( 'NONE',  ( -3.000000000000000000, 3.600000000000000089, -2.275315344595810974 ) ) ;
#327 = AXIS2_PLACEMENT_3D ( 'NONE', #709, #2855, #2908 ) ;
#328 = DIRECTION ( 'NONE',  ( 0.0000000000000000000, 0.0000000000000000000, -1.000000000000000000 ) ) ;
#329 =( NAMED_UNIT ( * ) SI_UNIT ( $, .STERADIAN. ) SOLID_ANGLE_UNIT ( ) );
#330 = CARTESIAN_POINT ( 'NONE',  ( 3.000000000000000888, 3.600000000000000089, 2.613342147284127837 ) ) ;
#331 = CARTESIAN_POINT ( 'NONE',  ( -2.386657852715875716, 3.600000000000000089, -2.999999999999999556 ) ) ;
#332 = UNCERTAINTY_MEASURE_WITH_UNIT (LENGTH_MEASURE( 1.000000000000000082E-05 ), #2866, 'distance_accuracy_value', 'NONE');
#333 = CIRCLE ( 'NONE', #3152, 0.09999999999999990841 ) ;
#334 = DIRECTION ( 'NONE',  ( 1.445602896647339163E-16, 0.0000000000000000000, 1.000000000000000000 ) ) ;
#335 = ORIENTED_EDGE ( 'NONE', *, *, #2915, .T. ) ;
#336 = CARTESIAN_POINT ( 'NONE',  ( -2.999999999999999112, 3.600000000000000089, 2.780305378780693726 ) ) ;
#337 =( NAMED_UNIT ( * ) PLANE_ANGLE_UNIT ( ) SI_UNIT ( $, .RADIAN. ) );
#338 = AXIS2_PLACEMENT_3D ( 'NONE', #2404, #2423, #3085 ) ;
#339 = CIRCLE ( 'NONE', #2594, 0.09999999999999989453 ) ;
#340 = AXIS2_PLACEMENT_3D ( 'NONE', #2283, #2573, #623 ) ;
#341 = FACE_OUTER_BOUND ( 'NONE', #2687, .T. ) ;
#342 = CARTESIAN_POINT ( 'NONE',  ( 2.999999999999992006, 3.623369864515029182, -2.452294760264717155 ) ) ;
#343 = ADVANCED_FACE ( 'NONE', ( #292 ), #2446, .T. ) ;
#344 = CARTESIAN_POINT ( 'NONE',  ( 2.500000000000000888, 3.699999999999999734, 2.500000000000000444 ) ) ;
#345 = SURFACE_STYLE_FILL_AREA ( #2992 ) ;
#346 = EDGE_CURVE ( 'NONE', #691, #1353, #2076, .T. ) ;
#347 = CARTESIAN_POINT ( 'NONE',  ( -2.168337520964456644, 3.700000000000002842, 3.000000000000003553 ) ) ;
#348 = CIRCLE ( 'NONE', #2607, 0.1000000000000000472 ) ;
#349 = VERTEX_POINT ( 'NONE', #357 ) ;
#350 = FACE_OUTER_BOUND ( 'NONE', #2535, .T. ) ;
#351 = STYLED_ITEM ( 'NONE', ( #2650 ), #589 ) ;
#352 = DIRECTION ( 'NONE',  ( 0.8333333333333334814, 0.0000000000000000000, 0.5527707983925663759 ) ) ;
#353 =( GEOMETRIC_REPRESENTATION_CONTEXT ( 3 ) GLOBAL_UNCERTAINTY_ASSIGNED_CONTEXT ( ( #3088 ) ) GLOBAL_UNIT_ASSIGNED_CONTEXT ( ( #2528, #2288, #113 ) ) REPRESENTATION_CONTEXT ( 'NONE', 'WORKASPACE' ) );
#354 = FACE_OUTER_BOUND ( 'NONE', #570, .T. ) ;
#355 = ORIENTED_EDGE ( 'NONE', *, *, #1384, .F. ) ;
#356 = FACE_OUTER_BOUND ( 'NONE', #3084, .T. ) ;
#357 = CARTESIAN_POINT ( 'NONE',  ( 3.000000000000000888, 3.600000000000000089, 2.831662479035540247 ) ) ;
#358 =( GEOMETRIC_REPRESENTATION_CONTEXT ( 3 ) GLOBAL_UNCERTAINTY_ASSIGNED_CONTEXT ( ( #395 ) ) GLOBAL_UNIT_ASSIGNED_CONTEXT ( ( #1304, #1767, #1071 ) ) REPRESENTATION_CONTEXT ( 'NONE', 'WORKASPACE' ) );
#359 = ORIENTED_EDGE ( 'NONE', *, *, #529, .F. ) ;
#360 = CARTESIAN_POINT ( 'NONE',  ( -2.999999999999999112, 3.600000000000000089, 2.500000000000000444 ) ) ;
#361 = COLOUR_RGB ( '',1.000000000000000000, 1.000000000000000000, 0.5019607843137254832 ) ;
#362 = EDGE_CURVE ( 'NONE', #439, #1956, #622, .T. ) ;
#363 = DIRECTION ( 'NONE',  ( 0.0000000000000000000, 1.000000000000000000, 0.0000000000000000000 ) ) ;
#364 = CARTESIAN_POINT ( 'NONE',  ( 5.000000000000000888, 0.5000000000000000000, 2.613227601898187480 ) ) ;
#365 = FILL_AREA_STYLE_COLOUR ( '', #361 ) ;
#366 = AXIS2_PLACEMENT_3D ( 'NONE', #2627, #2910, #712 ) ;
#367 = ADVANCED_FACE ( 'NONE', ( #620 ), #1329, .F. ) ;
#368 = CARTESIAN_POINT ( 'NONE',  ( 2.499999999999983569, 3.999999999999999112, -2.499999999999999556 ) ) ;
#369 = EDGE_LOOP ( 'NONE', ( #733, #3146, #908 ) ) ;
#370 = CARTESIAN_POINT ( 'NONE',  ( -2.499999999999999112, 3.999999999999999112, 2.500000000000000444 ) ) ;
#371 = DIRECTION ( 'NONE',  ( 1.224646799147353207E-16, 0.0000000000000000000, -1.000000000000000000 ) ) ;
#372 = CARTESIAN_POINT ( 'NONE',  ( 3.000000000000000000, 3.600000000000000089, -2.999999999999999556 ) ) ;
#373 = ORIENTED_EDGE ( 'NONE', *, *, #461, .F. ) ;
#374 = CARTESIAN_POINT ( 'NONE',  ( -2.999999999999999112, 3.600000000000000089, 2.500000000000000444 ) ) ;
#375 = FILL_AREA_STYLE_COLOUR ( '', #2088 ) ;
#376 = SURFACE_STYLE_USAGE ( .BOTH. , #641 ) ;
#377 = ORIENTED_EDGE ( 'NONE', *, *, #1011, .T. ) ;
#378 = CIRCLE ( 'NONE', #3139, 0.5999999999999998668 ) ;
#379 = CARTESIAN_POINT ( 'NONE',  ( 3.000000000000000444, 0.5000000000000000000, 2.613227601898187480 ) ) ;
#380 = EDGE_LOOP ( 'NONE', ( #703, #631, #263, #730 ) ) ;
#381 = CARTESIAN_POINT ( 'NONE',  ( 2.020667218593132755E-16, 4.899999999999999467, -1.649999999999999911 ) ) ;
#382 = EDGE_CURVE ( 'NONE', #404, #962, #197, .T. ) ;
#383 = CARTESIAN_POINT ( 'NONE',  ( -2.780305378780698611, 3.600000000000000089, -2.999999999999999556 ) ) ;
#384 = VERTEX_POINT ( 'NONE', #2027 ) ;
#385 = DIRECTION ( 'NONE',  ( -1.000000000000000000, 0.0000000000000000000, 0.0000000000000000000 ) ) ;
#386 = VERTEX_POINT ( 'NONE', #1778 ) ;
#387 = ORIENTED_EDGE ( 'NONE', *, *, #2448, .F. ) ;
#388 = CARTESIAN_POINT ( 'NONE',  ( -2.959914156188618417, 3.631789486066349770, -2.296049812379457933 ) ) ;
#389 = SURFACE_STYLE_USAGE ( .BOTH. , #194 ) ;
#390 = ORIENTED_EDGE ( 'NONE', *, *, #1983, .T. ) ;
#391 = SURFACE_STYLE_FILL_AREA ( #2595 ) ;
#392 = VERTEX_POINT ( 'NONE', #2537 ) ;
#393 = CARTESIAN_POINT ( 'NONE',  ( 2.442721890230405535, 3.600000000008451551, -2.999999999999999556 ) ) ;
#394 = DIRECTION ( 'NONE',  ( -0.0000000000000000000, -1.000000000000000000, -0.0000000000000000000 ) ) ;
#395 = UNCERTAINTY_MEASURE_WITH_UNIT (LENGTH_MEASURE( 1.000000000000000082E-05 ), #1304, 'distance_accuracy_value', 'NONE');
#396 = AXIS2_PLACEMENT_3D ( 'NONE', #258, #1922, #2661 ) ;
#397 = LINE ( 'NONE', #1654, #233 ) ;
#398 = COLOUR_RGB ( '',1.000000000000000000, 1.000000000000000000, 1.000000000000000000 ) ;
#399 = ORIENTED_EDGE ( 'NONE', *, *, #605, .F. ) ;
#400 = DIRECTION ( 'NONE',  ( 0.0000000000000000000, 1.000000000000000000, 0.0000000000000000000 ) ) ;
#401 = EDGE_CURVE ( 'NONE', #3128, #1220, #1529, .T. ) ;
#402 =( GEOMETRIC_REPRESENTATION_CONTEXT ( 3 ) GLOBAL_UNCERTAINTY_ASSIGNED_CONTEXT ( ( #2652 ) ) GLOBAL_UNIT_ASSIGNED_CONTEXT ( ( #2851, #2171, #1411 ) ) REPRESENTATION_CONTEXT ( 'NONE', 'WORKASPACE' ) );
#403 = DIRECTION ( 'NONE',  ( -0.0000000000000000000, -1.000000000000000000, -0.0000000000000000000 ) ) ;
#404 = VERTEX_POINT ( 'NONE', #322 ) ;
#405 = EDGE_CURVE ( 'NONE', #635, #2234, #3011, .T. ) ;
#406 = SURFACE_SIDE_STYLE ('',( #696 ) ) ;
#407 = LINE ( 'NONE', #1877, #3061 ) ;
#408 = VECTOR ( 'NONE', #2367, 1000.000000000000000 ) ;
#409 = PLANE ( 'NONE',  #1111 ) ;
#410 = ORIENTED_EDGE ( 'NONE', *, *, #436, .T. ) ;
#411 = AXIS2_PLACEMENT_3D ( 'NONE', #477, #1210, #1194 ) ;
#412 = VECTOR ( 'NONE', #2459, 1000.000000000000000 ) ;
#413 = CARTESIAN_POINT ( 'NONE',  ( 2.312762782730338973, 3.684274223613106525, -2.966133037562169061 ) ) ;
#414 = SURFACE_STYLE_USAGE ( .BOTH. , #1449 ) ;
#415 = CARTESIAN_POINT ( 'NONE',  ( 2.552403771937784782, 3.611669078431037239, -3.000051453690476766 ) ) ;
#416 = ORIENTED_EDGE ( 'NONE', *, *, #1152, .F. ) ;
#417 = CARTESIAN_POINT ( 'NONE',  ( 5.000000000000000888, 0.5000000000000000000, 2.613227601898187480 ) ) ;
#418 = CARTESIAN_POINT ( 'NONE',  ( 3.000000000000000000, 3.600000000000000089, -2.999999999999999556 ) ) ;
#419 = ORIENTED_EDGE ( 'NONE', *, *, #283, .F. ) ;
#420 = CARTESIAN_POINT ( 'NONE',  ( -2.499999999999999112, 3.999999999999999112, 2.500000000000000444 ) ) ;
#421 = EDGE_CURVE ( 'NONE', #691, #3049, #1298, .T. ) ;
#422 = PLANE ( 'NONE',  #2864 ) ;
#423 = ORIENTED_EDGE ( 'NONE', *, *, #567, .T. ) ;
#424 = FILL_AREA_STYLE_COLOUR ( '', #1674 ) ;
#425 = VECTOR ( 'NONE', #16, 1000.000000000000000 ) ;
#426 = CARTESIAN_POINT ( 'NONE',  ( -2.499999999999999112, 3.600000000000000089, 3.000000000000000444 ) ) ;
#427 = EDGE_LOOP ( 'NONE', ( #524, #390, #1800, #1283 ) ) ;
#428 = LINE ( 'NONE', #1393, #2377 ) ;
#429 = CARTESIAN_POINT ( 'NONE',  ( 2.500000000000000888, 4.099999999999999645, 2.500000000000000444 ) ) ;
#430 = PRESENTATION_STYLE_ASSIGNMENT (( #1642 ) ) ;
#431 = CARTESIAN_POINT ( 'NONE',  ( -2.168337520964459308, 3.600000000000000089, 3.000000000000000444 ) ) ;
#432 = SURFACE_STYLE_USAGE ( .BOTH. , #406 ) ;
#433 = DIRECTION ( 'NONE',  ( -0.0000000000000000000, -1.000000000000000000, -0.0000000000000000000 ) ) ;
#434 = STYLED_ITEM ( 'NONE', ( #2004 ), #852 ) ;
#435 = LINE ( 'NONE', #1386, #408 ) ;
#436 = EDGE_CURVE ( 'NONE', #1273, #195, #1795, .T. ) ;
#437 = VECTOR ( 'NONE', #687, 1000.000000000000000 ) ;
#438 = DIRECTION ( 'NONE',  ( 0.0000000000000000000, 1.000000000000000000, 0.0000000000000000000 ) ) ;
#439 = VERTEX_POINT ( 'NONE', #2796 ) ;
#440 = PRODUCT_DEFINITION_FORMATION_WITH_SPECIFIED_SOURCE ( 'ANY', '', #2243, .NOT_KNOWN. ) ;
#441 = PRESENTATION_LAYER_ASSIGNMENT (  '', '', ( #849 ) ) ;
#442 = AXIS2_PLACEMENT_3D ( 'NONE', #1663, #1905, #2381 ) ;
#443 = DIRECTION ( 'NONE',  ( 1.000000000000000000, 0.0000000000000000000, -1.239088197126291655E-15 ) ) ;
#444 = EDGE_CURVE ( 'NONE', #384, #227, #602, .T. ) ;
#445 = FILL_AREA_STYLE_COLOUR ( '', #1196 ) ;
#446 = ORIENTED_EDGE ( 'NONE', *, *, #2784, .F. ) ;
#447 = PLANE ( 'NONE',  #2477 ) ;
#448 = DIRECTION ( 'NONE',  ( 1.000000000000000000, -0.0000000000000000000, -0.0000000000000000000 ) ) ;
#449 = CIRCLE ( 'NONE', #2079, 0.09999999999999989453 ) ;
#450 = DIRECTION ( 'NONE',  ( 1.000000000000000000, 0.0000000000000000000, 0.0000000000000000000 ) ) ;
#451 = ORIENTED_EDGE ( 'NONE', *, *, #405, .T. ) ;
#452 = CARTESIAN_POINT ( 'NONE',  ( -2.386657852715848183, 3.600000000000000089, 3.000000000000000444 ) ) ;
#453 = CARTESIAN_POINT ( 'NONE',  ( 3.000000000000000000, 3.600000000000000089, -2.999999999999999556 ) ) ;
#454 = PRESENTATION_LAYER_ASSIGNMENT (  '', '', ( #965 ) ) ;
#455 = DIRECTION ( 'NONE',  ( -1.239088197126290669E-15, 0.0000000000000000000, 1.000000000000000000 ) ) ;
#456 = STYLED_ITEM ( 'NONE', ( #3115 ), #1689 ) ;
#457 = SURFACE_STYLE_FILL_AREA ( #2663 ) ;
#458 = DIRECTION ( 'NONE',  ( 7.228014483236698330E-15, 0.0000000000000000000, 1.000000000000000000 ) ) ;
#459 = ORIENTED_EDGE ( 'NONE', *, *, #1096, .T. ) ;
#460 = B_SPLINE_CURVE_WITH_KNOTS ( 'NONE', 3,
 ( #958, #1741, #2732, #1199, #1247, #2240 ),
 .UNSPECIFIED., .F., .F.,
 ( 4, 2, 4 ),
 ( -4.474903157225547555E-06, 0.0001522058141937811455, 0.0003088865315447878097 ),
 .UNSPECIFIED. ) ;
#461 = EDGE_CURVE ( 'NONE', #2410, #2588, #2091, .T. ) ;
#462 = CARTESIAN_POINT ( 'NONE',  ( 2.999999999999999556, 3.699999999999999734, -2.168337520964484622 ) ) ;
#463 = VECTOR ( 'NONE', #305, 1000.000000000000000 ) ;
#464 = FACE_OUTER_BOUND ( 'NONE', #506, .T. ) ;
#465 = CARTESIAN_POINT ( 'NONE',  ( 2.500000000000000888, 3.999999999999999112, 2.900000000000000355 ) ) ;
#466 = EDGE_CURVE ( 'NONE', #404, #1418, #1107, .T. ) ;
#467 = CARTESIAN_POINT ( 'NONE',  ( 2.751971274601996864, 3.625569324408314920, -2.932861735364002964 ) ) ;
#468 = VERTEX_POINT ( 'NONE', #2843 ) ;
#469 = CARTESIAN_POINT ( 'NONE',  ( 2.223614600803717867, 3.699999999999999734, 2.916666666666667407 ) ) ;
#470 = AXIS2_PLACEMENT_3D ( 'NONE', #526, #2248, #732 ) ;
#471 = CIRCLE ( 'NONE', #2827, 0.5999999999999998668 ) ;
#472 = CARTESIAN_POINT ( 'NONE',  ( -2.916666666666666075, 3.699999999999999734, 2.223614600803717423 ) ) ;
#473 = CARTESIAN_POINT ( 'NONE',  ( -2.442721890230418413, 3.600000000008451551, 3.000000000000000444 ) ) ;
#474 = CARTESIAN_POINT ( 'NONE',  ( 3.000000000000000888, 3.600000000000000089, 2.500000000000000444 ) ) ;
#475 = ORIENTED_EDGE ( 'NONE', *, *, #2303, .T. ) ;
#476 = CARTESIAN_POINT ( 'NONE',  ( -2.966133037562168173, 3.684274223613094090, 2.312762782730355404 ) ) ;
#477 = CARTESIAN_POINT ( 'NONE',  ( -2.499999999999999112, 3.600000000000000089, 2.500000000000000444 ) ) ;
#478 = VERTEX_POINT ( 'NONE', #2343 ) ;
#479 = DIRECTION ( 'NONE',  ( -0.5527707983925272961, -2.397261202014903405E-15, 0.8333333333333593496 ) ) ;
#480 = CARTESIAN_POINT ( 'NONE',  ( -3.000000000000000000, 3.600000000000000089, -2.999999999999999556 ) ) ;
#481 = SURFACE_STYLE_FILL_AREA ( #2690 ) ;
#482 = CARTESIAN_POINT ( 'NONE',  ( 0.0000000000000000000, 0.0000000000000000000, 0.0000000000000000000 ) ) ;
#483 =( LENGTH_UNIT ( ) NAMED_UNIT ( * ) SI_UNIT ( .MILLI., .METRE. ) );
#484 = ORIENTED_EDGE ( 'NONE', *, *, #2630, .F. ) ;
#485 = DIRECTION ( 'NONE',  ( -1.445602896647339163E-16, -0.0000000000000000000, -1.000000000000000000 ) ) ;
#486 = EDGE_CURVE ( 'NONE', #1080, #552, #1164, .T. ) ;
#487 = CARTESIAN_POINT ( 'NONE',  ( 2.500000000000000888, 3.600000000000000089, 3.000000000000000444 ) ) ;
#488 = VERTEX_POINT ( 'NONE', #2147 ) ;
#489 = DIRECTION ( 'NONE',  ( -2.891205793294679017E-15, 0.0000000000000000000, 1.000000000000000000 ) ) ;
#490 = DIRECTION ( 'NONE',  ( -0.0000000000000000000, -1.000000000000000000, -0.0000000000000000000 ) ) ;
#491 = CARTESIAN_POINT ( 'NONE',  ( 3.000000000000000888, 3.622976176725398734, 2.453098182169033414 ) ) ;
#492 = VERTEX_POINT ( 'NONE', #2095 ) ;
#493 = CARTESIAN_POINT ( 'NONE',  ( 2.916666666666663854, 3.599999999999999201, -2.223614600803736518 ) ) ;
#494 = DIRECTION ( 'NONE',  ( 1.445602896647339163E-16, 0.0000000000000000000, 1.000000000000000000 ) ) ;
#495 = ORIENTED_EDGE ( 'NONE', *, *, #605, .T. ) ;
#496 = MECHANICAL_DESIGN_GEOMETRIC_PRESENTATION_REPRESENTATION (  '', ( #1658 ), #544 ) ;
#497 = DIRECTION ( 'NONE',  ( 0.0000000000000000000, 1.000000000000000000, 0.0000000000000000000 ) ) ;
#498 = STYLED_ITEM ( 'NONE', ( #2121 ), #1389 ) ;
#499 = CARTESIAN_POINT ( 'NONE',  ( 3.000000000000000000, 0.0000000000000000000, -2.999999999999999556 ) ) ;
#500 = UNCERTAINTY_MEASURE_WITH_UNIT (LENGTH_MEASURE( 1.000000000000000082E-05 ), #1787, 'distance_accuracy_value', 'NONE');
#501 = DIRECTION ( 'NONE',  ( -0.8333333333333335924, -2.397261202015073010E-15, -0.5527707983925663759 ) ) ;
#502 = ORIENTED_EDGE ( 'NONE', *, *, #2876, .T. ) ;
#503 = FILL_AREA_STYLE ('',( #1710 ) ) ;
#504 = ADVANCED_FACE ( 'NONE', ( #205 ), #245, .F. ) ;
#505 = CARTESIAN_POINT ( 'NONE',  ( 2.999999999999992006, 3.600000000000000089, -2.499999999999999556 ) ) ;
#506 = EDGE_LOOP ( 'NONE', ( #2218, #2854, #3037 ) ) ;
#507 = CARTESIAN_POINT ( 'NONE',  ( 4.999999999999985789, 0.5000000000000000000, -2.586772398101813142 ) ) ;
#508 = DIRECTION ( 'NONE',  ( 1.239088197126291458E-15, -0.0000000000000000000, 1.000000000000000000 ) ) ;
#509 = CARTESIAN_POINT ( 'NONE',  ( -4.999999999999999112, 0.5000000000000000000, 2.613227601898243435 ) ) ;
#510 = EDGE_CURVE ( 'NONE', #855, #2106, #2621, .T. ) ;
#511 = CIRCLE ( 'NONE', #2963, 0.09999999999999989453 ) ;
#512 = ORIENTED_EDGE ( 'NONE', *, *, #1191, .F. ) ;
#513 = CIRCLE ( 'NONE', #1614, 1.850000000000000089 ) ;
#514 = CARTESIAN_POINT ( 'NONE',  ( -2.993372723763365162, 3.646400741536913959, 2.405548215029400527 ) ) ;
#515 = LINE ( 'NONE', #1941, #1788 ) ;
#516 = EDGE_LOOP ( 'NONE', ( #495, #1451, #876 ) ) ;
#517 = CYLINDRICAL_SURFACE ( 'NONE', #2231, 0.5000000000000000000 ) ;
#518 = CARTESIAN_POINT ( 'NONE',  ( -2.831662479035538471, 3.699999999999999734, 3.000000000000000444 ) ) ;
#519 = COLOUR_RGB ( '',1.000000000000000000, 1.000000000000000000, 0.5019607843137254832 ) ;
#520 = DIRECTION ( 'NONE',  ( 0.0000000000000000000, -0.0000000000000000000, 1.000000000000000000 ) ) ;
#521 = ORIENTED_EDGE ( 'NONE', *, *, #796, .F. ) ;
#522 = SURFACE_STYLE_USAGE ( .BOTH. , #2656 ) ;
#523 = CARTESIAN_POINT ( 'NONE',  ( 2.606453577613707662, 3.623612607644039141, 2.991033313951042771 ) ) ;
#524 = ORIENTED_EDGE ( 'NONE', *, *, #3167, .F. ) ;
#525 =( NAMED_UNIT ( * ) PLANE_ANGLE_UNIT ( ) SI_UNIT ( $, .RADIAN. ) );
#526 = CARTESIAN_POINT ( 'NONE',  ( 0.0000000000000000000, 3.699999999999999734, 0.0000000000000000000 ) ) ;
#527 = EDGE_CURVE ( 'NONE', #386, #2961, #513, .T. ) ;
#528 = PRESENTATION_STYLE_ASSIGNMENT (( #734 ) ) ;
#529 = EDGE_CURVE ( 'NONE', #615, #63, #3108, .T. ) ;
#530 = PRESENTATION_STYLE_ASSIGNMENT (( #1706 ) ) ;
#531 = DIRECTION ( 'NONE',  ( 0.0000000000000000000, -0.0000000000000000000, 1.000000000000000000 ) ) ;
#532 = FACE_OUTER_BOUND ( 'NONE', #2401, .T. ) ;
#533 = CARTESIAN_POINT ( 'NONE',  ( 2.265596578422603100E-16, 3.699999999999999734, -1.850000000000000089 ) ) ;
#534 = CARTESIAN_POINT ( 'NONE',  ( 2.499999999999983569, 3.999999999999999112, -2.999999999999999556 ) ) ;
#535 = VERTEX_POINT ( 'NONE', #2856 ) ;
#536 = CARTESIAN_POINT ( 'NONE',  ( -3.000000000000014655, 0.5000000000000000000, -1.886772398101757009 ) ) ;
#537 = VECTOR ( 'NONE', #3091, 1000.000000000000000 ) ;
#538 = ORIENTED_EDGE ( 'NONE', *, *, #2104, .F. ) ;
#539 = EDGE_CURVE ( 'NONE', #901, #392, #1055, .T. ) ;
#540 = CARTESIAN_POINT ( 'NONE',  ( -3.000051453695518067, 3.611669078426214874, -2.552403771938941190 ) ) ;
#541 = FACE_OUTER_BOUND ( 'NONE', #1936, .T. ) ;
#542 = PLANE ( 'NONE',  #2504 ) ;
#543 = EDGE_LOOP ( 'NONE', ( #2260, #2118, #3123, #3093 ) ) ;
#544 =( GEOMETRIC_REPRESENTATION_CONTEXT ( 3 ) GLOBAL_UNCERTAINTY_ASSIGNED_CONTEXT ( ( #2023 ) ) GLOBAL_UNIT_ASSIGNED_CONTEXT ( ( #248, #1721, #1197 ) ) REPRESENTATION_CONTEXT ( 'NONE', 'WORKASPACE' ) );
#545 = EDGE_CURVE ( 'NONE', #2890, #3117, #2359, .T. ) ;
#546 = DIRECTION ( 'NONE',  ( 0.0000000000000000000, 1.000000000000000000, 0.0000000000000000000 ) ) ;
#547 = EDGE_LOOP ( 'NONE', ( #2183, #998, #325, #1816, #1612 ) ) ;
#548 = SURFACE_STYLE_USAGE ( .BOTH. , #1464 ) ;
#549 = COLOUR_RGB ( '',1.000000000000000000, 1.000000000000000000, 1.000000000000000000 ) ;
#550 = AXIS2_PLACEMENT_3D ( 'NONE', #420, #2099, #946 ) ;
#551 = CARTESIAN_POINT ( 'NONE',  ( 3.000000000000000000, 3.600000000000000089, -2.724684655404103317 ) ) ;
#552 = VERTEX_POINT ( 'NONE', #2395 ) ;
#553 =( NAMED_UNIT ( * ) SI_UNIT ( $, .STERADIAN. ) SOLID_ANGLE_UNIT ( ) );
#554 = ORIENTED_EDGE ( 'NONE', *, *, #527, .F. ) ;
#555 = CARTESIAN_POINT ( 'NONE',  ( 3.000000000000000000, 3.600000000000000089, -2.386657852715862838 ) ) ;
#556 = PRESENTATION_LAYER_ASSIGNMENT (  '', '', ( #1930 ) ) ;
#557 = CARTESIAN_POINT ( 'NONE',  ( -3.000000000000008438, 3.623369864496796211, -2.547705239744221473 ) ) ;
#558 = DIRECTION ( 'NONE',  ( -1.000000000000000000, -0.0000000000000000000, -0.0000000000000000000 ) ) ;
#559 = AXIS2_PLACEMENT_3D ( 'NONE', #180, #1618, #2108 ) ;
#560 = DIRECTION ( 'NONE',  ( -0.0000000000000000000, -1.000000000000000000, -0.0000000000000000000 ) ) ;
#561 = ORIENTED_EDGE ( 'NONE', *, *, #828, .F. ) ;
#562 = ADVANCED_FACE ( 'NONE', ( #3125 ), #666, .T. ) ;
#563 = DIRECTION ( 'NONE',  ( -1.000000000000000000, 0.0000000000000000000, 2.168404344971006896E-16 ) ) ;
#564 = LINE ( 'NONE', #2021, #229 ) ;
#565 = VECTOR ( 'NONE', #1425, 1000.000000000000000 ) ;
#566 = PRESENTATION_STYLE_ASSIGNMENT (( #697 ) ) ;
#567 = EDGE_CURVE ( 'NONE', #3082, #2491, #803, .T. ) ;
#568 = STYLED_ITEM ( 'NONE', ( #611 ), #1582 ) ;
#569 = CARTESIAN_POINT ( 'NONE',  ( -2.831662479035555791, 3.600000000000000089, -2.999999999999999556 ) ) ;
#570 = EDGE_LOOP ( 'NONE', ( #259, #619, #1484, #2790 ) ) ;
#571 =( LENGTH_UNIT ( ) NAMED_UNIT ( * ) SI_UNIT ( .MILLI., .METRE. ) );
#572 = VECTOR ( 'NONE', #2702, 1000.000000000000000 ) ;
#573 = VECTOR ( 'NONE', #2925, 1000.000000000000000 ) ;
#574 = CARTESIAN_POINT ( 'NONE',  ( -2.776385399196283021, 3.599999999999999645, 2.916666666666666519 ) ) ;
#575 = CARTESIAN_POINT ( 'NONE',  ( -3.000000000000000000, 3.600000000000000089, -2.219694621219313380 ) ) ;
#576 = AXIS2_PLACEMENT_3D ( 'NONE', #1010, #1715, #1761 ) ;
#577 = AXIS2_PLACEMENT_3D ( 'NONE', #2787, #2015, #3003 ) ;
#578 = DIRECTION ( 'NONE',  ( 0.0000000000000000000, 0.0000000000000000000, 1.000000000000000000 ) ) ;
#579 = LINE ( 'NONE', #593, #49 ) ;
#580 = SURFACE_SIDE_STYLE ('',( #1072 ) ) ;
#581 = ORIENTED_EDGE ( 'NONE', *, *, #346, .F. ) ;
#582 = CARTESIAN_POINT ( 'NONE',  ( 0.0000000000000000000, 3.699999999999999734, 1.850000000000000089 ) ) ;
#583 = ORIENTED_EDGE ( 'NONE', *, *, #466, .T. ) ;
#584 = CARTESIAN_POINT ( 'NONE',  ( 3.000000000000000888, 3.600000000000000089, 2.724684655404169042 ) ) ;
#585 = CARTESIAN_POINT ( 'NONE',  ( -2.296049812379522770, 3.631789486066381301, -2.959914156188608203 ) ) ;
#586 = CARTESIAN_POINT ( 'NONE',  ( -2.751971274602026618, 3.625569324408294936, -2.932861735363988309 ) ) ;
#587 = ORIENTED_EDGE ( 'NONE', *, *, #1548, .F. ) ;
#588 = CARTESIAN_POINT ( 'NONE',  ( 2.223614600803716979, 3.599999999999999645, 2.916666666666666519 ) ) ;
#589 = ADVANCED_FACE ( 'NONE', ( #1657 ), #2837, .T. ) ;
#590 =( NAMED_UNIT ( * ) SI_UNIT ( $, .STERADIAN. ) SOLID_ANGLE_UNIT ( ) );
#591 = AXIS2_PLACEMENT_3D ( 'NONE', #2602, #400, #1871 ) ;
#592 = DIRECTION ( 'NONE',  ( 0.0000000000000000000, 0.0000000000000000000, 1.000000000000000000 ) ) ;
#593 = CARTESIAN_POINT ( 'NONE',  ( -3.000000000000000000, 3.600000000000000089, -2.999999999999999556 ) ) ;
#594 = DIRECTION ( 'NONE',  ( 0.0000000000000000000, 0.0000000000000000000, 1.000000000000000000 ) ) ;
#595 =( NAMED_UNIT ( * ) PLANE_ANGLE_UNIT ( ) SI_UNIT ( $, .RADIAN. ) );
#596 = DIRECTION ( 'NONE',  ( 0.0000000000000000000, 1.000000000000000000, 0.0000000000000000000 ) ) ;
#597 = CARTESIAN_POINT ( 'NONE',  ( -2.500000000000016431, 3.600000000000000089, -2.999999999999999556 ) ) ;
#598 =( GEOMETRIC_REPRESENTATION_CONTEXT ( 3 ) GLOBAL_UNCERTAINTY_ASSIGNED_CONTEXT ( ( #661 ) ) GLOBAL_UNIT_ASSIGNED_CONTEXT ( ( #2353, #2850, #1615 ) ) REPRESENTATION_CONTEXT ( 'NONE', 'WORKASPACE' ) );
#599 = LINE ( 'NONE', #1775, #2998 ) ;
#600 = ORIENTED_EDGE ( 'NONE', *, *, #2797, .T. ) ;
#601 = CARTESIAN_POINT ( 'NONE',  ( -2.945078047713289404, 3.699999602836188561, 2.733553630692890923 ) ) ;
#602 = LINE ( 'NONE', #1562, #768 ) ;
#603 = PRESENTATION_LAYER_ASSIGNMENT (  '', '', ( #2906 ) ) ;
#604 = CIRCLE ( 'NONE', #2391, 0.1000000000000000472 ) ;
#605 = EDGE_CURVE ( 'NONE', #2156, #2242, #132, .T. ) ;
#606 = PRESENTATION_LAYER_ASSIGNMENT (  '', '', ( #1246 ) ) ;
#607 = DIRECTION ( 'NONE',  ( 0.0000000000000000000, 0.0000000000000000000, 1.000000000000000000 ) ) ;
#608 = CARTESIAN_POINT ( 'NONE',  ( 2.932861735363983868, 3.625569324408324245, -2.248028725397992478 ) ) ;
#609 = EDGE_CURVE ( 'NONE', #1915, #1661, #1900, .T. ) ;
#610 = CARTESIAN_POINT ( 'NONE',  ( 2.500000000000000888, 3.699999999999999734, 2.500000000000000444 ) ) ;
#611 = PRESENTATION_STYLE_ASSIGNMENT (( #1812 ) ) ;
#612 = VECTOR ( 'NONE', #2418, 1000.000000000000000 ) ;
#613 = DIRECTION ( 'NONE',  ( -0.8333333333333330373, -1.678082841410502671E-14, 0.5527707983925672641 ) ) ;
#614 = VECTOR ( 'NONE', #2635, 1000.000000000000000 ) ;
#615 = VERTEX_POINT ( 'NONE', #1408 ) ;
#616 = FILL_AREA_STYLE ('',( #859 ) ) ;
#617 = CARTESIAN_POINT ( 'NONE',  ( 2.081899558550500280E-16, 5.000000000000000000, -1.649999999999999911 ) ) ;
#618 = CARTESIAN_POINT ( 'NONE',  ( -2.724684655404156608, 3.600000000000000089, -2.999999999999999556 ) ) ;
#619 = ORIENTED_EDGE ( 'NONE', *, *, #2384, .F. ) ;
#620 = FACE_OUTER_BOUND ( 'NONE', #1340, .T. ) ;
#621 = CIRCLE ( 'NONE', #1019, 0.3999999999999997446 ) ;
#622 = CIRCLE ( 'NONE', #55, 1.649999999999999911 ) ;
#623 = DIRECTION ( 'NONE',  ( 0.5527707983925663759, -3.035766082959415571E-14, 0.8333333333333334814 ) ) ;
#624 = AXIS2_PLACEMENT_3D ( 'NONE', #2333, #2317, #854 ) ;
#625 = CARTESIAN_POINT ( 'NONE',  ( -3.000000000000008438, 3.600000000000000089, -2.499999999999999556 ) ) ;
#626 = VECTOR ( 'NONE', #2449, 1000.000000000000000 ) ;
#627 = ADVANCED_FACE ( 'NONE', ( #1333 ), #2886, .F. ) ;
#628 = FACE_OUTER_BOUND ( 'NONE', #380, .T. ) ;
#629 = ORIENTED_EDGE ( 'NONE', *, *, #1152, .T. ) ;
#630 = COLOUR_RGB ( '',1.000000000000000000, 1.000000000000000000, 0.5019607843137254832 ) ;
#631 = ORIENTED_EDGE ( 'NONE', *, *, #2119, .F. ) ;
#632 = CARTESIAN_POINT ( 'NONE',  ( 3.000000000000000888, 3.699999999999999734, 2.831662479035540247 ) ) ;
#633 = UNCERTAINTY_MEASURE_WITH_UNIT (LENGTH_MEASURE( 1.000000000000000082E-05 ), #1120, 'distance_accuracy_value', 'NONE');
#634 = CARTESIAN_POINT ( 'NONE',  ( -2.552403771936929466, 3.611669078434913693, -3.000051453695009585 ) ) ;
#635 = VERTEX_POINT ( 'NONE', #3101 ) ;
#636 = CARTESIAN_POINT ( 'NONE',  ( -2.916666666666665630, 3.699999999999999734, 2.776385399196284354 ) ) ;
#637 = CARTESIAN_POINT ( 'NONE',  ( -3.000000000000000000, 3.600000000000000089, -2.999999999999999556 ) ) ;
#638 = CARTESIAN_POINT ( 'NONE',  ( -2.606453577613707662, 3.623612607644040029, 2.991033313951029449 ) ) ;
#639 = CARTESIAN_POINT ( 'NONE',  ( -2.500000000000016431, 3.600000000000000089, -2.999999999999999556 ) ) ;
#640 = DIRECTION ( 'NONE',  ( -0.0000000000000000000, -1.000000000000000000, -0.0000000000000000000 ) ) ;
#641 = SURFACE_SIDE_STYLE ('',( #73 ) ) ;
#642 = EDGE_LOOP ( 'NONE', ( #2611, #864, #373 ) ) ;
#643 = EDGE_CURVE ( 'NONE', #349, #1106, #926, .T. ) ;
#644 = CARTESIAN_POINT ( 'NONE',  ( -3.000000000000000000, 3.600000000000000089, -2.999999999999999556 ) ) ;
#645 = ORIENTED_EDGE ( 'NONE', *, *, #1733, .T. ) ;
#646 = CARTESIAN_POINT ( 'NONE',  ( 2.499999999999983569, 3.999999999999999112, -2.899999999999999467 ) ) ;
#647 = EDGE_CURVE ( 'NONE', #1131, #1446, #196, .T. ) ;
#648 = CARTESIAN_POINT ( 'NONE',  ( 2.776385399196267478, 3.599999999999999645, -2.916666666666665630 ) ) ;
#649 = VERTEX_POINT ( 'NONE', #1862 ) ;
#650 = CARTESIAN_POINT ( 'NONE',  ( 2.393546422386292338, 3.623612607644040029, 2.991033313951029449 ) ) ;
#651 = DIRECTION ( 'NONE',  ( 1.000000000000000000, 0.0000000000000000000, 0.0000000000000000000 ) ) ;
#652 = EDGE_LOOP ( 'NONE', ( #3054, #2863, #2002, #950 ) ) ;
#653 = CARTESIAN_POINT ( 'NONE',  ( -2.993575243856154255, 3.645857703358399426, -2.406691821720713609 ) ) ;
#654 = AXIS2_PLACEMENT_3D ( 'NONE', #2907, #1638, #2636 ) ;
#655 = ORIENTED_EDGE ( 'NONE', *, *, #1188, .F. ) ;
#656 = LINE ( 'NONE', #1166, #284 ) ;
#657 = ORIENTED_EDGE ( 'NONE', *, *, #2072, .T. ) ;
#658 = FACE_OUTER_BOUND ( 'NONE', #146, .T. ) ;
#659 = CARTESIAN_POINT ( 'NONE',  ( 4.999999999999985789, 0.5000000000000000000, -2.586772398101813142 ) ) ;
#660 = EDGE_CURVE ( 'NONE', #2318, #2589, #656, .T. ) ;
#661 = UNCERTAINTY_MEASURE_WITH_UNIT (LENGTH_MEASURE( 1.000000000000000082E-05 ), #2353, 'distance_accuracy_value', 'NONE');
#662 = TOROIDAL_SURFACE ( 'NONE', #1564, 0.3999999999999999112, 0.1000000000000000056 ) ;
#663 = CARTESIAN_POINT ( 'NONE',  ( 2.724684655404138844, 3.600000000000000089, -2.999999999999999556 ) ) ;
#664 = ORIENTED_EDGE ( 'NONE', *, *, #2876, .F. ) ;
#665 = FACE_OUTER_BOUND ( 'NONE', #2393, .T. ) ;
#666 = PLANE ( 'NONE',  #2188 ) ;
#667 = ADVANCED_FACE ( 'NONE', ( #3133 ), #938, .F. ) ;
#668 = DIRECTION ( 'NONE',  ( 1.000000000000000000, 0.0000000000000000000, 0.0000000000000000000 ) ) ;
#669 = ORIENTED_EDGE ( 'NONE', *, *, #759, .F. ) ;
#670 = SURFACE_STYLE_FILL_AREA ( #3111 ) ;
#671 = CYLINDRICAL_SURFACE ( 'NONE', #2417, 0.5000000000000000000 ) ;
#672 = ORIENTED_EDGE ( 'NONE', *, *, #828, .T. ) ;
#673 = STYLED_ITEM ( 'NONE', ( #1822 ), #1093 ) ;
#674 = PRESENTATION_STYLE_ASSIGNMENT (( #1897 ) ) ;
#675 = ORIENTED_EDGE ( 'NONE', *, *, #2306, .T. ) ;
#676 = CARTESIAN_POINT ( 'NONE',  ( 2.499999999999983569, 3.600000000000000089, -2.499999999999999556 ) ) ;
#677 = EDGE_CURVE ( 'NONE', #2601, #2006, #2169, .T. ) ;
#678 = SURFACE_STYLE_FILL_AREA ( #2878 ) ;
#679 = VERTEX_POINT ( 'NONE', #1974 ) ;
#680 = CARTESIAN_POINT ( 'NONE',  ( -2.219694621219316488, 3.600000000000000089, 3.000000000000000444 ) ) ;
#681 = DIRECTION ( 'NONE',  ( 0.0000000000000000000, 1.000000000000000000, 0.0000000000000000000 ) ) ;
#682 = FILL_AREA_STYLE ('',( #2574 ) ) ;
#683 = VECTOR ( 'NONE', #1390, 1000.000000000000000 ) ;
#684 = ADVANCED_FACE ( 'NONE', ( #2220 ), #517, .T. ) ;
#685 = CARTESIAN_POINT ( 'NONE',  ( -2.999999999999999112, 3.600000000000000089, 3.000000000000000444 ) ) ;
#686 = ORIENTED_EDGE ( 'NONE', *, *, #1733, .F. ) ;
#687 = DIRECTION ( 'NONE',  ( -0.0000000000000000000, -1.000000000000000000, -0.0000000000000000000 ) ) ;
#688 = FILL_AREA_STYLE_COLOUR ( '', #2500 ) ;
#689 = AXIS2_PLACEMENT_3D ( 'NONE', #533, #991, #271 ) ;
#690 = UNCERTAINTY_MEASURE_WITH_UNIT (LENGTH_MEASURE( 1.000000000000000082E-05 ), #997, 'distance_accuracy_value', 'NONE');
#691 = VERTEX_POINT ( 'NONE', #1429 ) ;
#692 = DIRECTION ( 'NONE',  ( 0.0000000000000000000, 0.0000000000000000000, 1.000000000000000000 ) ) ;
#693 = DIRECTION ( 'NONE',  ( 0.0000000000000000000, 0.0000000000000000000, 1.000000000000000000 ) ) ;
#694 = ORIENTED_EDGE ( 'NONE', *, *, #1983, .F. ) ;
#695 = CARTESIAN_POINT ( 'NONE',  ( -2.296049812379505006, 3.631789486066379968, 2.959914156188594880 ) ) ;
#696 = SURFACE_STYLE_FILL_AREA ( #2642 ) ;
#697 = SURFACE_STYLE_USAGE ( .BOTH. , #746 ) ;
#698 = EDGE_CURVE ( 'NONE', #2172, #2242, #2270, .T. ) ;
#699 = VECTOR ( 'NONE', #2438, 1000.000000000000000 ) ;
#700 = DIRECTION ( 'NONE',  ( 0.0000000000000000000, 0.0000000000000000000, 1.000000000000000000 ) ) ;
#701 = MECHANICAL_DESIGN_GEOMETRIC_PRESENTATION_REPRESENTATION (  '', ( #498 ), #1094 ) ;
#702 =( NAMED_UNIT ( * ) SI_UNIT ( $, .STERADIAN. ) SOLID_ANGLE_UNIT ( ) );
#703 = ORIENTED_EDGE ( 'NONE', *, *, #850, .F. ) ;
#704 = EDGE_CURVE ( 'NONE', #2203, #492, #949, .T. ) ;
#705 =( GEOMETRIC_REPRESENTATION_CONTEXT ( 3 ) GLOBAL_UNCERTAINTY_ASSIGNED_CONTEXT ( ( #75 ) ) GLOBAL_UNIT_ASSIGNED_CONTEXT ( ( #1921, #1178, #2606 ) ) REPRESENTATION_CONTEXT ( 'NONE', 'WORKASPACE' ) );
#706 = SURFACE_SIDE_STYLE ('',( #2902 ) ) ;
#707 = PLANE ( 'NONE',  #2402 ) ;
#708 = CARTESIAN_POINT ( 'NONE',  ( 3.000000000000000888, 3.600000000000000089, 2.386657852715836192 ) ) ;
#709 = CARTESIAN_POINT ( 'NONE',  ( -2.500000000000016431, 3.600000000000000089, -2.499999999999999556 ) ) ;
#710 =( GEOMETRIC_REPRESENTATION_CONTEXT ( 3 ) GLOBAL_UNCERTAINTY_ASSIGNED_CONTEXT ( ( #690 ) ) GLOBAL_UNIT_ASSIGNED_CONTEXT ( ( #997, #947, #1470 ) ) REPRESENTATION_CONTEXT ( 'NONE', 'WORKASPACE' ) );
#711 = LINE ( 'NONE', #1126, #977 ) ;
#712 = DIRECTION ( 'NONE',  ( 0.0000000000000000000, 0.0000000000000000000, 1.000000000000000000 ) ) ;
#713 = DIRECTION ( 'NONE',  ( -1.000000000000000000, -0.0000000000000000000, -0.0000000000000000000 ) ) ;
#714 = CIRCLE ( 'NONE', #2918, 0.09999999999999989453 ) ;
#715 = MECHANICAL_DESIGN_GEOMETRIC_PRESENTATION_REPRESENTATION (  '', ( #922 ), #2968 ) ;
#716 = ORIENTED_EDGE ( 'NONE', *, *, #2498, .F. ) ;
#717 = CARTESIAN_POINT ( 'NONE',  ( -2.916666666666665630, 3.699999999999999734, 2.223614600803716534 ) ) ;
#718 = DIRECTION ( 'NONE',  ( 1.000000000000000000, -0.0000000000000000000, -0.0000000000000000000 ) ) ;
#719 = ORIENTED_EDGE ( 'NONE', *, *, #2976, .T. ) ;
#720 = AXIS2_PLACEMENT_3D ( 'NONE', #43, #2495, #1752 ) ;
#721 = EDGE_CURVE ( 'NONE', #2491, #3082, #1089, .T. ) ;
#722 = CARTESIAN_POINT ( 'NONE',  ( 2.499999999999983569, 4.099999999999999645, -2.499999999999999556 ) ) ;
#723 = DIRECTION ( 'NONE',  ( 0.0000000000000000000, 1.000000000000000000, 0.0000000000000000000 ) ) ;
#724 = CARTESIAN_POINT ( 'NONE',  ( 2.500000000000000888, 3.999999999999999112, 2.500000000000000444 ) ) ;
#725 =( GEOMETRIC_REPRESENTATION_CONTEXT ( 3 ) GLOBAL_UNCERTAINTY_ASSIGNED_CONTEXT ( ( #1508 ) ) GLOBAL_UNIT_ASSIGNED_CONTEXT ( ( #1903, #2971, #2484 ) ) REPRESENTATION_CONTEXT ( 'NONE', 'WORKASPACE' ) );
#726 = FILL_AREA_STYLE_COLOUR ( '', #549 ) ;
#727 = LINE ( 'NONE', #2427, #1705 ) ;
#728 = VECTOR ( 'NONE', #490, 1000.000000000000000 ) ;
#729 = CARTESIAN_POINT ( 'NONE',  ( -2.999999999999999112, 3.600000000000000089, 2.500000000000000444 ) ) ;
#730 = ORIENTED_EDGE ( 'NONE', *, *, #3080, .F. ) ;
#731 = CARTESIAN_POINT ( 'NONE',  ( -2.500000000000016431, 3.600000000000000089, -2.499999999999999556 ) ) ;
#732 = DIRECTION ( 'NONE',  ( 0.0000000000000000000, 0.0000000000000000000, 1.000000000000000000 ) ) ;
#733 = ORIENTED_EDGE ( 'NONE', *, *, #529, .T. ) ;
#734 = SURFACE_STYLE_USAGE ( .BOTH. , #764 ) ;
#735 = EDGE_LOOP ( 'NONE', ( #1747, #1910, #2579, #1392 ) ) ;
#736 = CARTESIAN_POINT ( 'NONE',  ( -2.916666666666668739, 3.599999999999999645, -2.776385399196303450 ) ) ;
#737 = CARTESIAN_POINT ( 'NONE',  ( -2.500000000000016431, 3.999999999999999112, -2.499999999999999556 ) ) ;
#738 = EDGE_CURVE ( 'NONE', #2168, #649, #1138, .T. ) ;
#739 = CARTESIAN_POINT ( 'NONE',  ( -3.000000000000000000, 3.600000000000000089, -2.999999999999999556 ) ) ;
#740 = EDGE_LOOP ( 'NONE', ( #2334, #1203, #2966, #587 ) ) ;
#741 = PRESENTATION_STYLE_ASSIGNMENT (( #522 ) ) ;
#742 = COLOUR_RGB ( '',1.000000000000000000, 1.000000000000000000, 0.0000000000000000000 ) ;
#743 = EDGE_CURVE ( 'NONE', #195, #2234, #42, .T. ) ;
#744 = DIRECTION ( 'NONE',  ( -0.0000000000000000000, -1.000000000000000000, -0.0000000000000000000 ) ) ;
#745 = DIRECTION ( 'NONE',  ( 0.0000000000000000000, 1.000000000000000000, 0.0000000000000000000 ) ) ;
#746 = SURFACE_SIDE_STYLE ('',( #1047 ) ) ;
#747 = ORIENTED_EDGE ( 'NONE', *, *, #1961, .F. ) ;
#748 = CARTESIAN_POINT ( 'NONE',  ( -2.999999999999999112, 3.600000000000000089, 2.168337520964460197 ) ) ;
#749 =( NAMED_UNIT ( * ) SI_UNIT ( $, .STERADIAN. ) SOLID_ANGLE_UNIT ( ) );
#750 = ORIENTED_EDGE ( 'NONE', *, *, #461, .T. ) ;
#751 = FACE_OUTER_BOUND ( 'NONE', #516, .T. ) ;
#752 = VECTOR ( 'NONE', #1450, 1000.000000000000000 ) ;
#753 =( NAMED_UNIT ( * ) PLANE_ANGLE_UNIT ( ) SI_UNIT ( $, .RADIAN. ) );
#754 = VECTOR ( 'NONE', #95, 1000.000000000000000 ) ;
#755 = CARTESIAN_POINT ( 'NONE',  ( -3.000000000000000000, 0.5000000000000000000, -1.886772398101757009 ) ) ;
#756 = EDGE_CURVE ( 'NONE', #535, #1074, #2688, .T. ) ;
#757 = CARTESIAN_POINT ( 'NONE',  ( 2.613342147284151817, 3.600000000000000089, 3.000000000000000444 ) ) ;
#758 = ORIENTED_EDGE ( 'NONE', *, *, #3004, .F. ) ;
#759 = EDGE_CURVE ( 'NONE', #679, #2890, #333, .T. ) ;
#760 = LINE ( 'NONE', #38, #728 ) ;
#761 = CIRCLE ( 'NONE', #1153, 0.09999999999999982514 ) ;
#762 = EDGE_LOOP ( 'NONE', ( #1625, #416, #2835, #1044 ) ) ;
#763 = CARTESIAN_POINT ( 'NONE',  ( -2.991033313951041439, 3.623612607644026262, 2.393546422386294115 ) ) ;
#764 = SURFACE_SIDE_STYLE ('',( #2932 ) ) ;
#765 = TOROIDAL_SURFACE ( 'NONE', #2406, 1.850000000000000089, 0.1000000000000000056 ) ;
#766 = SURFACE_SIDE_STYLE ('',( #1461 ) ) ;
#767 = SURFACE_STYLE_FILL_AREA ( #1769 ) ;
#768 = VECTOR ( 'NONE', #1394, 1000.000000000000000 ) ;
#769 = CARTESIAN_POINT ( 'NONE',  ( -2.500000000000016431, 4.099999999999999645, -2.499999999999999556 ) ) ;
#770 = CARTESIAN_POINT ( 'NONE',  ( 2.993569762768205411, 3.645869444099551604, 2.593334011254235794 ) ) ;
#771 = CARTESIAN_POINT ( 'NONE',  ( 2.916666666666663410, 3.599999999999999645, -2.776385399196262593 ) ) ;
#772 = LINE ( 'NONE', #1746, #152 ) ;
#773 = CIRCLE ( 'NONE', #1580, 0.09999999999999982514 ) ;
#774 = ADVANCED_FACE ( 'NONE', ( #751 ), #3089, .F. ) ;
#775 = EDGE_LOOP ( 'NONE', ( #1436, #1176, #716, #1236 ) ) ;
#776 = DIRECTION ( 'NONE',  ( 0.0000000000000000000, 0.0000000000000000000, -1.000000000000000000 ) ) ;
#777 = FILL_AREA_STYLE ('',( #3165 ) ) ;
#778 = EDGE_CURVE ( 'NONE', #478, #1148, #2174, .T. ) ;
#779 =( BOUNDED_SURFACE ( )  B_SPLINE_SURFACE ( 3, 2, ( 
 ( #1024, #2008, #2264 ),
 ( #2993, #798, #2277 ),
 ( #1046, #2339, #584 ),
 ( #1539, #2566, #330 ),
 ( #2050, #1556, #1324 ),
 ( #88, #2548, #2321 ) ),
 .UNSPECIFIED., .F., .F., .F. ) 
 B_SPLINE_SURFACE_WITH_KNOTS ( ( 4, 2, 4 ),
 ( 3, 3 ),
 ( 0.0002026797876447661295, 0.0003878795832598728446, 0.0005730793788749795597 ),
 ( 0.0000000000000000000, 1.000000000000000000 ),
 .UNSPECIFIED. ) 
 GEOMETRIC_REPRESENTATION_ITEM ( )  RATIONAL_B_SPLINE_SURFACE ( (
 ( 1.000000000000000000, 0.7071067811865462405, 1.000000000000000000),
 ( 1.000000000000000000, 0.8076804016272411957, 1.000000000000000000),
 ( 1.000000000000000000, 0.8813333892563265382, 1.000000000000000000),
 ( 1.000000000000000000, 0.9768264690301936559, 1.000000000000000000),
 ( 1.000000000000000000, 0.9997049196372758129, 1.000000000000000000),
 ( 1.000000000000000000, 1.000000000000000000, 1.000000000000000000) ) ) 
 REPRESENTATION_ITEM ( '' )  SURFACE ( )  );
#780 = DIRECTION ( 'NONE',  ( -1.000000000000000000, -0.0000000000000000000, -0.0000000000000000000 ) ) ;
#781 = CARTESIAN_POINT ( 'NONE',  ( 2.223614600803700547, 3.699999999999999734, -2.916666666666666519 ) ) ;
#782 = CARTESIAN_POINT ( 'NONE',  ( 0.0000000000000000000, 5.000000000000000000, 0.0000000000000000000 ) ) ;
#783 = UNCERTAINTY_MEASURE_WITH_UNIT (LENGTH_MEASURE( 1.000000000000000082E-05 ), #315, 'distance_accuracy_value', 'NONE');
#784 = CARTESIAN_POINT ( 'NONE',  ( -2.776385399196299453, 3.699999999999999734, -2.916666666666666519 ) ) ;
#785 = SURFACE_STYLE_FILL_AREA ( #503 ) ;
#786 = UNCERTAINTY_MEASURE_WITH_UNIT (LENGTH_MEASURE( 1.000000000000000082E-05 ), #257, 'distance_accuracy_value', 'NONE');
#787 = CARTESIAN_POINT ( 'NONE',  ( 5.000000000000001776, 0.5000000000000000000, 1.913227601898187524 ) ) ;
#788 = ORIENTED_EDGE ( 'NONE', *, *, #120, .T. ) ;
#789 = DIRECTION ( 'NONE',  ( -0.0000000000000000000, -1.000000000000000000, -0.0000000000000000000 ) ) ;
#790 = CARTESIAN_POINT ( 'NONE',  ( 2.499999999999983569, 3.999999999999999112, -1.999999999999999556 ) ) ;
#791 = ORIENTED_EDGE ( 'NONE', *, *, #2428, .T. ) ;
#792 = FILL_AREA_STYLE_COLOUR ( '', #1207 ) ;
#793 = ADVANCED_FACE ( 'NONE', ( #1070 ), #1814, .F. ) ;
#794 = DIRECTION ( 'NONE',  ( -1.000000000000000000, 0.0000000000000000000, 0.0000000000000000000 ) ) ;
#795 = DIRECTION ( 'NONE',  ( 0.0000000000000000000, 0.0000000000000000000, 1.000000000000000000 ) ) ;
#796 = EDGE_CURVE ( 'NONE', #1037, #2633, #97, .T. ) ;
#797 = AXIS2_PLACEMENT_3D ( 'NONE', #2048, #835, #2740 ) ;
#798 = CARTESIAN_POINT ( 'NONE',  ( 2.932861735364051370, 3.625569324408245642, 2.751971274601961781 ) ) ;
#799 = ORIENTED_EDGE ( 'NONE', *, *, #2503, .F. ) ;
#800 = CARTESIAN_POINT ( 'NONE',  ( 2.500000000000000888, 3.600000000000000089, 2.500000000000000444 ) ) ;
#801 = CARTESIAN_POINT ( 'NONE',  ( -2.687237217269641487, 3.684274223613094090, 2.966133037562169950 ) ) ;
#802 =( GEOMETRIC_REPRESENTATION_CONTEXT ( 3 ) GLOBAL_UNCERTAINTY_ASSIGNED_CONTEXT ( ( #1896 ) ) GLOBAL_UNIT_ASSIGNED_CONTEXT ( ( #1383, #2382, #2114 ) ) REPRESENTATION_CONTEXT ( 'NONE', 'WORKASPACE' ) );
#803 = CIRCLE ( 'NONE', #3114, 0.3999999999999997446 ) ;
#804 = DIRECTION ( 'NONE',  ( -0.0000000000000000000, -1.000000000000000000, -0.0000000000000000000 ) ) ;
#805 =( GEOMETRIC_REPRESENTATION_CONTEXT ( 3 ) GLOBAL_UNCERTAINTY_ASSIGNED_CONTEXT ( ( #1412 ) ) GLOBAL_UNIT_ASSIGNED_CONTEXT ( ( #2731, #753, #267 ) ) REPRESENTATION_CONTEXT ( 'NONE', 'WORKASPACE' ) );
#806 = DIRECTION ( 'NONE',  ( 0.0000000000000000000, 0.0000000000000000000, 1.000000000000000000 ) ) ;
#807 = VERTEX_POINT ( 'NONE', #60 ) ;
#808 = ADVANCED_FACE ( 'NONE', ( #1567 ), #2751, .T. ) ;
#809 = CARTESIAN_POINT ( 'NONE',  ( 2.453098182169016539, 3.622976176725396957, -2.999999999999998668 ) ) ;
#810 = SURFACE_SIDE_STYLE ('',( #1833 ) ) ;
#811 = DIRECTION ( 'NONE',  ( -0.0000000000000000000, -1.000000000000000000, -0.0000000000000000000 ) ) ;
#812 = UNCERTAINTY_MEASURE_WITH_UNIT (LENGTH_MEASURE( 1.000000000000000082E-05 ), #1308, 'distance_accuracy_value', 'NONE');
#813 = CARTESIAN_POINT ( 'NONE',  ( -2.547705239736970384, 3.623369864511602589, -2.999999999999999556 ) ) ;
#814 = ORIENTED_EDGE ( 'NONE', *, *, #2018, .F. ) ;
#815 = CARTESIAN_POINT ( 'NONE',  ( 2.312762782730358513, 3.684274223613094090, 2.966133037562169950 ) ) ;
#816 = DIRECTION ( 'NONE',  ( 1.000000000000000000, 0.0000000000000000000, 0.0000000000000000000 ) ) ;
#817 = CIRCLE ( 'NONE', #2924, 0.3999999999999997446 ) ;
#818 = COLOUR_RGB ( '',1.000000000000000000, 1.000000000000000000, 0.0000000000000000000 ) ;
#819 = ORIENTED_EDGE ( 'NONE', *, *, #1321, .F. ) ;
#820 = CARTESIAN_POINT ( 'NONE',  ( 2.999999999999992006, 3.600000000008451551, -2.442721890230497461 ) ) ;
#821 = CARTESIAN_POINT ( 'NONE',  ( -4.999999999999999112, 0.0000000000000000000, 2.613227601898243435 ) ) ;
#822 = CARTESIAN_POINT ( 'NONE',  ( -4.999999999999999112, 0.5000000000000000000, 2.613227601898243435 ) ) ;
#823 = ORIENTED_EDGE ( 'NONE', *, *, #104, .T. ) ;
#824 = DIRECTION ( 'NONE',  ( 0.0000000000000000000, 0.0000000000000000000, 1.000000000000000000 ) ) ;
#825 = ORIENTED_EDGE ( 'NONE', *, *, #2797, .F. ) ;
#826 = FILL_AREA_STYLE_COLOUR ( '', #1815 ) ;
#827 = CARTESIAN_POINT ( 'NONE',  ( -2.405548215029412074, 3.646400741536913959, -2.993372723763364274 ) ) ;
#828 = EDGE_CURVE ( 'NONE', #2961, #386, #1716, .T. ) ;
#829 = ORIENTED_EDGE ( 'NONE', *, *, #721, .F. ) ;
#830 = CARTESIAN_POINT ( 'NONE',  ( 2.168337520964460641, 3.600000000000000089, 3.000000000000000444 ) ) ;
#831 = FILL_AREA_STYLE ('',( #3040 ) ) ;
#832 = ORIENTED_EDGE ( 'NONE', *, *, #1286, .F. ) ;
#833 = CARTESIAN_POINT ( 'NONE',  ( 2.999999999999992006, 3.600000000000000089, -2.499999999999999556 ) ) ;
#834 = B_SPLINE_CURVE_WITH_KNOTS ( 'NONE', 3,
 ( #1417, #2149, #1874, #2429, #2112, #1698 ),
 .UNSPECIFIED., .F., .F.,
 ( 4, 2, 4 ),
 ( 0.0000000000000000000, 0.0001582084005062998238, 0.0003164168010125996476 ),
 .UNSPECIFIED. ) ;
#835 = DIRECTION ( 'NONE',  ( -0.0000000000000000000, -1.000000000000000000, -0.0000000000000000000 ) ) ;
#836 = PLANE ( 'NONE',  #1422 ) ;
#837 = CARTESIAN_POINT ( 'NONE',  ( -2.499999999999999112, 3.699999999999999734, 2.500000000000000444 ) ) ;
#838 = SURFACE_STYLE_USAGE ( .BOTH. , #1280 ) ;
#839 = DIRECTION ( 'NONE',  ( 0.0000000000000000000, 1.000000000000000000, 0.0000000000000000000 ) ) ;
#840 = UNCERTAINTY_MEASURE_WITH_UNIT (LENGTH_MEASURE( 1.000000000000000082E-05 ), #2877, 'distance_accuracy_value', 'NONE');
#841 = COLOUR_RGB ( '',0.7921568627450980005, 0.8196078431372548767, 0.9333333333333333481 ) ;
#842 = DIRECTION ( 'NONE',  ( 0.0000000000000000000, 1.000000000000000000, 0.0000000000000000000 ) ) ;
#843 = VERTEX_POINT ( 'NONE', #1033 ) ;
#844 = SURFACE_STYLE_USAGE ( .BOTH. , #2057 ) ;
#845 = PRESENTATION_STYLE_ASSIGNMENT (( #2997 ) ) ;
#846 = CIRCLE ( 'NONE', #1660, 0.09999999999999989453 ) ;
#847 = B_SPLINE_CURVE_WITH_KNOTS ( 'NONE', 3,
 ( #2987, #995, #52, #2711, #2507, #2268 ),
 .UNSPECIFIED., .F., .F.,
 ( 4, 2, 4 ),
 ( 0.0000000000000000000, 0.0001582084005063000406, 0.0003164168010126000813 ),
 .UNSPECIFIED. ) ;
#848 = MECHANICAL_DESIGN_GEOMETRIC_PRESENTATION_REPRESENTATION (  '', ( #3046 ), #1504 ) ;
#849 = STYLED_ITEM ( 'NONE', ( #2845 ), #159 ) ;
#850 = EDGE_CURVE ( 'NONE', #2842, #649, #2706, .T. ) ;
#851 = ORIENTED_EDGE ( 'NONE', *, *, #2538, .F. ) ;
#852 = MANIFOLD_SOLID_BREP ( 'Radyus6', #1719 ) ;
#853 = CARTESIAN_POINT ( 'NONE',  ( -3.000000000000013767, 0.5000000000000000000, -2.586772398101757187 ) ) ;
#854 = DIRECTION ( 'NONE',  ( 0.0000000000000000000, -0.0000000000000000000, 1.000000000000000000 ) ) ;
#855 = VERTEX_POINT ( 'NONE', #821 ) ;
#856 = CIRCLE ( 'NONE', #1302, 0.5999999999999998668 ) ;
#857 = AXIS2_PLACEMENT_3D ( 'NONE', #782, #282, #2964 ) ;
#858 = EDGE_LOOP ( 'NONE', ( #2721, #1481 ) ) ;
#859 = FILL_AREA_STYLE_COLOUR ( '', #2591 ) ;
#860 = CARTESIAN_POINT ( 'NONE',  ( 3.000000000000000000, 3.600000000000000089, -2.499999999999999556 ) ) ;
#861 = VECTOR ( 'NONE', #3044, 1000.000000000000000 ) ;
#862 = LINE ( 'NONE', #1792, #2824 ) ;
#863 = ORIENTED_EDGE ( 'NONE', *, *, #1174, .F. ) ;
#864 = ORIENTED_EDGE ( 'NONE', *, *, #1212, .T. ) ;
#865 =( GEOMETRIC_REPRESENTATION_CONTEXT ( 3 ) GLOBAL_UNCERTAINTY_ASSIGNED_CONTEXT ( ( #2390 ) ) GLOBAL_UNIT_ASSIGNED_CONTEXT ( ( #571, #2012, #2329 ) ) REPRESENTATION_CONTEXT ( 'NONE', 'WORKASPACE' ) );
#866 = AXIS2_PLACEMENT_3D ( 'NONE', #161, #888, #923 ) ;
#867 = EDGE_CURVE ( 'NONE', #2421, #439, #153, .T. ) ;
#868 = VECTOR ( 'NONE', #718, 1000.000000000000000 ) ;
#869 = PRESENTATION_STYLE_ASSIGNMENT (( #3064 ) ) ;
#870 = CIRCLE ( 'NONE', #2096, 0.5000000000000000000 ) ;
#871 = CARTESIAN_POINT ( 'NONE',  ( 2.500000000000000888, 3.999999999999999112, 2.500000000000000444 ) ) ;
#872 = EDGE_LOOP ( 'NONE', ( #182, #142, #1334, #3166 ) ) ;
#873 = AXIS2_PLACEMENT_3D ( 'NONE', #1745, #67, #321 ) ;
#874 = ADVANCED_FACE ( 'NONE', ( #2514 ), #2568, .T. ) ;
#875 = SURFACE_STYLE_FILL_AREA ( #2085 ) ;
#876 = ORIENTED_EDGE ( 'NONE', *, *, #970, .T. ) ;
#877 = FACE_OUTER_BOUND ( 'NONE', #2326, .T. ) ;
#878 = CARTESIAN_POINT ( 'NONE',  ( -2.312762782730374056, 3.684274223613094090, -2.966133037562169061 ) ) ;
#879 = UNCERTAINTY_MEASURE_WITH_UNIT (LENGTH_MEASURE( 1.000000000000000082E-05 ), #1125, 'distance_accuracy_value', 'NONE');
#880 = CARTESIAN_POINT ( 'NONE',  ( 3.000000000000000888, 3.623369864511577276, 2.452294760263041606 ) ) ;
#881 = VERTEX_POINT ( 'NONE', #313 ) ;
#882 = FACE_OUTER_BOUND ( 'NONE', #1370, .T. ) ;
#883 = DIRECTION ( 'NONE',  ( 0.0000000000000000000, 0.0000000000000000000, 1.000000000000000000 ) ) ;
#884 = EDGE_LOOP ( 'NONE', ( #1506, #2272, #1720, #2194, #959 ) ) ;
#885 = SURFACE_STYLE_USAGE ( .BOTH. , #2152 ) ;
#886 = PRESENTATION_STYLE_ASSIGNMENT (( #2629 ) ) ;
#887 = SURFACE_STYLE_FILL_AREA ( #171 ) ;
#888 = DIRECTION ( 'NONE',  ( 0.8333333333333335924, -2.397261202015073010E-15, 0.5527707983925663759 ) ) ;
#889 = ORIENTED_EDGE ( 'NONE', *, *, #3145, .F. ) ;
#890 = ADVANCED_FACE ( 'NONE', ( #1190 ), #2195, .T. ) ;
#891 = ORIENTED_EDGE ( 'NONE', *, *, #1404, .T. ) ;
#892 = CARTESIAN_POINT ( 'NONE',  ( -2.999999999999999112, 3.699999999999999734, 2.168337520964461085 ) ) ;
#893 = DIRECTION ( 'NONE',  ( 0.0000000000000000000, 0.0000000000000000000, 1.000000000000000000 ) ) ;
#894 = CARTESIAN_POINT ( 'NONE',  ( 2.780305378780655534, 3.600000000000000089, -2.999999999999999556 ) ) ;
#895 = EDGE_LOOP ( 'NONE', ( #1510, #657, #2772 ) ) ;
#896 = FILL_AREA_STYLE_COLOUR ( '', #992 ) ;
#897 = DIRECTION ( 'NONE',  ( 1.445602896647339163E-16, 0.0000000000000000000, 1.000000000000000000 ) ) ;
#898 =( BOUNDED_SURFACE ( )  B_SPLINE_SURFACE ( 3, 2, ( 
 ( #1359, #588, #830 ),
 ( #3025, #2553, #2328 ),
 ( #815, #3038, #3076 ),
 ( #1081, #650, #1051 ),
 ( #78, #2026, #1794 ),
 ( #1545, #1856, #92 ) ),
 .UNSPECIFIED., .F., .F., .F. ) 
 B_SPLINE_SURFACE_WITH_KNOTS ( ( 4, 2, 4 ),
 ( 3, 3 ),
 ( 0.0002026797876447660482, 0.0003878795832598727362, 0.0005730793788749794513 ),
 ( 0.0000000000000000000, 1.000000000000000000 ),
 .UNSPECIFIED. ) 
 GEOMETRIC_REPRESENTATION_ITEM ( )  RATIONAL_B_SPLINE_SURFACE ( (
 ( 1.000000000000000000, 0.7071067811865475727, 1.000000000000000000),
 ( 1.000000000000000000, 0.8076804016272346454, 1.000000000000000000),
 ( 1.000000000000000000, 0.8813333892563365302, 1.000000000000000000),
 ( 1.000000000000000000, 0.9768264690301832198, 1.000000000000000000),
 ( 1.000000000000000000, 0.9997049196372853608, 1.000000000000000000),
 ( 1.000000000000000000, 1.000000000000000000, 1.000000000000000000) ) ) 
 REPRESENTATION_ITEM ( '' )  SURFACE ( )  );
#899 = CARTESIAN_POINT ( 'NONE',  ( -5.000000000000015987, 0.0000000000000000000, -2.586772398101756743 ) ) ;
#900 = PRESENTATION_LAYER_ASSIGNMENT (  '', '', ( #498 ) ) ;
#901 = VERTEX_POINT ( 'NONE', #920 ) ;
#902 = CARTESIAN_POINT ( 'NONE',  ( -3.000000000000008438, 3.600000000000000089, -2.499999999999999556 ) ) ;
#903 =( LENGTH_UNIT ( ) NAMED_UNIT ( * ) SI_UNIT ( .MILLI., .METRE. ) );
#904 = CARTESIAN_POINT ( 'NONE',  ( -2.993372723763382037, 3.646400741536888201, -2.405548215029392534 ) ) ;
#905 = VECTOR ( 'NONE', #3122, 1000.000000000000000 ) ;
#906 = CARTESIAN_POINT ( 'NONE',  ( -2.500000000000016431, 4.099999999999999645, -2.499999999999999556 ) ) ;
#907 = FACE_OUTER_BOUND ( 'NONE', #2947, .T. ) ;
#908 = ORIENTED_EDGE ( 'NONE', *, *, #1438, .T. ) ;
#909 = DIRECTION ( 'NONE',  ( 1.000000000000000000, -0.0000000000000000000, -0.0000000000000000000 ) ) ;
#910 = CARTESIAN_POINT ( 'NONE',  ( 2.393546422386276351, 3.623612607644026706, -2.991033313951041439 ) ) ;
#911 = LINE ( 'NONE', #2616, #1013 ) ;
#912 = EDGE_CURVE ( 'NONE', #2978, #66, #2926, .T. ) ;
#913 = VECTOR ( 'NONE', #89, 1000.000000000000000 ) ;
#914 = CARTESIAN_POINT ( 'NONE',  ( 3.000051453690472325, 3.611669078434867064, 2.447596228063068757 ) ) ;
#915 = VECTOR ( 'NONE', #1888, 1000.000000000000000 ) ;
#916 = ORIENTED_EDGE ( 'NONE', *, *, #346, .T. ) ;
#917 = CARTESIAN_POINT ( 'NONE',  ( 3.000000000000000000, 3.600000000000000089, -2.999999999999999556 ) ) ;
#918 = CARTESIAN_POINT ( 'NONE',  ( -2.999999999999999112, 0.0000000000000000000, 2.613227601898243435 ) ) ;
#919 = PLANE ( 'NONE',  #57 ) ;
#920 = CARTESIAN_POINT ( 'NONE',  ( 2.776385399196284354, 3.699999999999999734, 2.916666666666667407 ) ) ;
#921 = CARTESIAN_POINT ( 'NONE',  ( -2.966664292743226294, 3.683790028687280671, -2.314130757359040835 ) ) ;
#922 = STYLED_ITEM ( 'NONE', ( #869 ), #1711 ) ;
#923 = DIRECTION ( 'NONE',  ( 0.5527707983925663759, 0.0000000000000000000, -0.8333333333333334814 ) ) ;
#924 = ORIENTED_EDGE ( 'NONE', *, *, #1606, .T. ) ;
#925 = COLOUR_RGB ( '',0.0000000000000000000, 0.0000000000000000000, 0.0000000000000000000 ) ;
#926 = LINE ( 'NONE', #1602, #1077 ) ;
#927 = CARTESIAN_POINT ( 'NONE',  ( -5.000000000000000000, 0.0000000000000000000, 1.913227601898243924 ) ) ;
#928 = DIRECTION ( 'NONE',  ( -1.000000000000000000, 0.0000000000000000000, 0.0000000000000000000 ) ) ;
#929 = CARTESIAN_POINT ( 'NONE',  ( -2.500000000000016431, 3.600000000000000089, -2.999999999999999556 ) ) ;
#930 = VERTEX_POINT ( 'NONE', #431 ) ;
#931 = SURFACE_STYLE_USAGE ( .BOTH. , #2146 ) ;
#932 = ADVANCED_FACE ( 'NONE', ( #1891 ), #242, .F. ) ;
#933 = DIRECTION ( 'NONE',  ( 0.0000000000000000000, 1.000000000000000000, 0.0000000000000000000 ) ) ;
#934 = ORIENTED_EDGE ( 'NONE', *, *, #2815, .T. ) ;
#935 = EDGE_CURVE ( 'NONE', #46, #2030, #2468, .T. ) ;
#936 = FACE_OUTER_BOUND ( 'NONE', #2660, .T. ) ;
#937 = ORIENTED_EDGE ( 'NONE', *, *, #2667, .T. ) ;
#938 = PLANE ( 'NONE',  #2122 ) ;
#939 = CARTESIAN_POINT ( 'NONE',  ( 2.248028725397984040, 3.625569324408306926, -2.932861735363995859 ) ) ;
#940 = DIRECTION ( 'NONE',  ( 0.0000000000000000000, 0.0000000000000000000, 1.000000000000000000 ) ) ;
#941 = CARTESIAN_POINT ( 'NONE',  ( 2.547705239739715743, 3.623369864505939564, -2.999999999999999556 ) ) ;
#942 = CARTESIAN_POINT ( 'NONE',  ( -2.499999999999999112, 4.099999999999999645, 3.000000000000000444 ) ) ;
#943 = DIRECTION ( 'NONE',  ( -0.8333333333333594606, -3.035766082959414940E-14, 0.5527707983925272961 ) ) ;
#944 = FACE_OUTER_BOUND ( 'NONE', #543, .T. ) ;
#945 = CARTESIAN_POINT ( 'NONE',  ( -3.000000000000000000, 3.699999999999999734, -2.831662479035564228 ) ) ;
#946 = DIRECTION ( 'NONE',  ( 0.0000000000000000000, 0.0000000000000000000, 1.000000000000000000 ) ) ;
#947 =( NAMED_UNIT ( * ) PLANE_ANGLE_UNIT ( ) SI_UNIT ( $, .RADIAN. ) );
#948 = ADVANCED_FACE ( 'NONE', ( #1177 ), #1119, .F. ) ;
#949 = CIRCLE ( 'NONE', #126, 0.09999999999999982514 ) ;
#950 = ORIENTED_EDGE ( 'NONE', *, *, #2815, .F. ) ;
#951 =( NAMED_UNIT ( * ) PLANE_ANGLE_UNIT ( ) SI_UNIT ( $, .RADIAN. ) );
#952 = ORIENTED_EDGE ( 'NONE', *, *, #3100, .T. ) ;
#953 = VECTOR ( 'NONE', #1307, 1000.000000000000000 ) ;
#954 = CARTESIAN_POINT ( 'NONE',  ( -2.966658480787241814, 3.683794204368507241, -2.685882249516265308 ) ) ;
#955 = CARTESIAN_POINT ( 'NONE',  ( 2.275315344595843392, 3.600000000000000089, -2.999999999999999556 ) ) ;
#956 = DIRECTION ( 'NONE',  ( -1.000000000000000000, 0.0000000000000000000, 2.168404344971006896E-16 ) ) ;
#957 = B_SPLINE_CURVE_WITH_KNOTS ( 'NONE', 3,
 ( #2348, #2590, #653, #921, #1112, #3060 ),
 .UNSPECIFIED., .F., .F.,
 ( 4, 2, 4 ),
 ( -4.474903157198744891E-06, 0.0001522058141938279017, 0.0003088865315448545423 ),
 .UNSPECIFIED. ) ;
#958 = CARTESIAN_POINT ( 'NONE',  ( -2.499999999999999112, 3.600000000000000089, 3.000000000000000444 ) ) ;
#959 = ORIENTED_EDGE ( 'NONE', *, *, #200, .T. ) ;
#960 = AXIS2_PLACEMENT_3D ( 'NONE', #646, #3007, #1325 ) ;
#961 = CARTESIAN_POINT ( 'NONE',  ( 0.0000000000000000000, 4.899999999999999467, 0.0000000000000000000 ) ) ;
#962 = VERTEX_POINT ( 'NONE', #2444 ) ;
#963 = DIRECTION ( 'NONE',  ( -0.5527707983926084534, -1.744539914549419138E-14, -0.8333333333333058368 ) ) ;
#964 = CARTESIAN_POINT ( 'NONE',  ( 3.000000000000000000, 0.0000000000000000000, -2.999999999999999556 ) ) ;
#965 = STYLED_ITEM ( 'NONE', ( #2454 ), #2249 ) ;
#966 =( NAMED_UNIT ( * ) PLANE_ANGLE_UNIT ( ) SI_UNIT ( $, .RADIAN. ) );
#967 = STYLED_ITEM ( 'NONE', ( #3164 ), #1750 ) ;
#968 = ORIENTED_EDGE ( 'NONE', *, *, #677, .T. ) ;
#969 = SURFACE_STYLE_FILL_AREA ( #1180 ) ;
#970 = EDGE_CURVE ( 'NONE', #2172, #2156, #2205, .T. ) ;
#971 = CARTESIAN_POINT ( 'NONE',  ( -3.000000000000000000, 0.0000000000000000000, -2.999999999999999556 ) ) ;
#972 = ORIENTED_EDGE ( 'NONE', *, *, #241, .T. ) ;
#973 = MECHANICAL_DESIGN_GEOMETRIC_PRESENTATION_REPRESENTATION (  '', ( #568 ), #353 ) ;
#974 = EDGE_CURVE ( 'NONE', #2156, #468, #471, .T. ) ;
#975 = SURFACE_STYLE_USAGE ( .BOTH. , #2743 ) ;
#976 = AXIS2_PLACEMENT_3D ( 'NONE', #1650, #2135, #3081 ) ;
#977 = VECTOR ( 'NONE', #668, 1000.000000000000000 ) ;
#978 = CARTESIAN_POINT ( 'NONE',  ( -2.732430204447960254, 3.699999999999999289, 2.945823244380103123 ) ) ;
#979 = CIRCLE ( 'NONE', #2773, 0.09999999999999982514 ) ;
#980 = MECHANICAL_DESIGN_GEOMETRIC_PRESENTATION_REPRESENTATION (  '', ( #3074 ), #2098 ) ;
#981 = CARTESIAN_POINT ( 'NONE',  ( 2.999999999999992006, 3.623369864520662009, -2.547705239732498406 ) ) ;
#982 = ORIENTED_EDGE ( 'NONE', *, *, #2695, .T. ) ;
#983 = SURFACE_STYLE_FILL_AREA ( #1038 ) ;
#984 = DIRECTION ( 'NONE',  ( -0.0000000000000000000, -1.000000000000000000, -0.0000000000000000000 ) ) ;
#985 = CARTESIAN_POINT ( 'NONE',  ( -2.223614600803733410, 3.699999999999999734, -2.916666666666666519 ) ) ;
#986 = ORIENTED_EDGE ( 'NONE', *, *, #1149, .T. ) ;
#987 = EDGE_LOOP ( 'NONE', ( #2736, #3142 ) ) ;
#988 = DIRECTION ( 'NONE',  ( 2.168404344971006896E-16, -0.0000000000000000000, 1.000000000000000000 ) ) ;
#989 = EDGE_CURVE ( 'NONE', #1793, #2895, #1204, .T. ) ;
#990 = CARTESIAN_POINT ( 'NONE',  ( -2.499999999999999112, 3.600000000000000089, 3.000000000000000444 ) ) ;
#991 = DIRECTION ( 'NONE',  ( 1.000000000000000000, -0.0000000000000000000, 1.224646799147353207E-16 ) ) ;
#992 = COLOUR_RGB ( '',1.000000000000000000, 1.000000000000000000, 0.5019607843137254832 ) ;
#993 = CARTESIAN_POINT ( 'NONE',  ( 2.724684655404141953, 3.600000000000000089, 3.000000000000000444 ) ) ;
#994 = ORIENTED_EDGE ( 'NONE', *, *, #1245, .T. ) ;
#995 = CARTESIAN_POINT ( 'NONE',  ( -2.267569795552054401, 3.699999999999999289, -2.945823244380102679 ) ) ;
#996 = CARTESIAN_POINT ( 'NONE',  ( -2.499999999999999112, 4.099999999999999645, 2.500000000000000444 ) ) ;
#997 =( LENGTH_UNIT ( ) NAMED_UNIT ( * ) SI_UNIT ( .MILLI., .METRE. ) );
#998 = ORIENTED_EDGE ( 'NONE', *, *, #2466, .F. ) ;
#999 = SURFACE_SIDE_STYLE ('',( #969 ) ) ;
#1000 = DIRECTION ( 'NONE',  ( 1.000000000000000000, -0.0000000000000000000, -0.0000000000000000000 ) ) ;
#1001 = MECHANICAL_DESIGN_GEOMETRIC_PRESENTATION_REPRESENTATION (  '', ( #434 ), #2798 ) ;
#1002 =( BOUNDED_SURFACE ( )  B_SPLINE_SURFACE ( 3, 2, ( 
 ( #569, #3008, #3036 ),
 ( #383, #586, #1542 ),
 ( #618, #2534, #2551 ),
 ( #2793, #2325, #1312 ),
 ( #2296, #634, #813 ),
 ( #1063, #2040, #3023 ) ),
 .UNSPECIFIED., .F., .F., .F. ) 
 B_SPLINE_SURFACE_WITH_KNOTS ( ( 4, 2, 4 ),
 ( 3, 3 ),
 ( 0.0002026797876446726442, 0.0003878795832597122200, 0.0005730793788747517688 ),
 ( 0.0000000000000000000, 1.000000000000000000 ),
 .UNSPECIFIED. ) 
 GEOMETRIC_REPRESENTATION_ITEM ( )  RATIONAL_B_SPLINE_SURFACE ( (
 ( 1.000000000000000000, 0.7071067811865475727, 1.000000000000000000),
 ( 1.000000000000000000, 0.8076804016272436382, 1.000000000000000000),
 ( 1.000000000000000000, 0.8813333892563316452, 1.000000000000000000),
 ( 1.000000000000000000, 0.9768264690301932118, 1.000000000000000000),
 ( 1.000000000000000000, 0.9997049196372780333, 1.000000000000000000),
 ( 1.000000000000000000, 1.000000000000000000, 1.000000000000000000) ) ) 
 REPRESENTATION_ITEM ( '' )  SURFACE ( )  );
#1003 =( GEOMETRIC_REPRESENTATION_CONTEXT ( 3 ) GLOBAL_UNCERTAINTY_ASSIGNED_CONTEXT ( ( #812 ) ) GLOBAL_UNIT_ASSIGNED_CONTEXT ( ( #1308, #2310, #2293 ) ) REPRESENTATION_CONTEXT ( 'NONE', 'WORKASPACE' ) );
#1004 = UNCERTAINTY_MEASURE_WITH_UNIT (LENGTH_MEASURE( 1.000000000000000082E-05 ), #1085, 'distance_accuracy_value', 'NONE');
#1005 = LINE ( 'NONE', #1724, #752 ) ;
#1006 = ORIENTED_EDGE ( 'NONE', *, *, #324, .T. ) ;
#1007 = ADVANCED_FACE ( 'NONE', ( #1496 ), #2461, .F. ) ;
#1008 = CARTESIAN_POINT ( 'NONE',  ( 2.999999999999992006, 3.600000000008451551, -2.557278109769490104 ) ) ;
#1009 = FACE_OUTER_BOUND ( 'NONE', #2529, .T. ) ;
#1010 = CARTESIAN_POINT ( 'NONE',  ( 0.0000000000000000000, 4.899999999999999467, 0.0000000000000000000 ) ) ;
#1011 = EDGE_CURVE ( 'NONE', #174, #299, #773, .T. ) ;
#1012 = CIRCLE ( 'NONE', #2662, 0.5999999999999998668 ) ;
#1013 = VECTOR ( 'NONE', #956, 1000.000000000000000 ) ;
#1014 = ORIENTED_EDGE ( 'NONE', *, *, #743, .T. ) ;
#1015 = DIRECTION ( 'NONE',  ( -0.0000000000000000000, -1.000000000000000000, -0.0000000000000000000 ) ) ;
#1016 = AXIS2_PLACEMENT_3D ( 'NONE', #1147, #2400, #160 ) ;
#1017 = LINE ( 'NONE', #1991, #172 ) ;
#1018 = CARTESIAN_POINT ( 'NONE',  ( -2.499999999999999112, 3.699999999999999734, 2.500000000000000444 ) ) ;
#1019 = AXIS2_PLACEMENT_3D ( 'NONE', #2545, #98, #795 ) ;
#1020 = VECTOR ( 'NONE', #93, 1000.000000000000000 ) ;
#1021 =( NAMED_UNIT ( * ) SI_UNIT ( $, .STERADIAN. ) SOLID_ANGLE_UNIT ( ) );
#1022 = ORIENTED_EDGE ( 'NONE', *, *, #1249, .T. ) ;
#1023 = MECHANICAL_DESIGN_GEOMETRIC_PRESENTATION_REPRESENTATION (  '', ( #3067 ), #2036 ) ;
#1024 = CARTESIAN_POINT ( 'NONE',  ( 2.916666666666667407, 3.699999999999999734, 2.776385399196284354 ) ) ;
#1025 = STYLED_ITEM ( 'NONE', ( #430 ), #2726 ) ;
#1026 = EDGE_CURVE ( 'NONE', #1915, #1851, #847, .T. ) ;
#1027 = CARTESIAN_POINT ( 'NONE',  ( 2.959914156188612644, 3.631789486066397288, -2.703950187620456358 ) ) ;
#1028 = ORIENTED_EDGE ( 'NONE', *, *, #1433, .T. ) ;
#1029 = CARTESIAN_POINT ( 'NONE',  ( -2.500000000000016431, 3.999999999999999112, -2.999999999999999556 ) ) ;
#1030 = AXIS2_PLACEMENT_3D ( 'NONE', #945, #2431, #3158 ) ;
#1031 = EDGE_CURVE ( 'NONE', #2203, #1080, #3018, .T. ) ;
#1032 =( NAMED_UNIT ( * ) SI_UNIT ( $, .STERADIAN. ) SOLID_ANGLE_UNIT ( ) );
#1033 = CARTESIAN_POINT ( 'NONE',  ( 4.999999999999985789, 0.0000000000000000000, -1.886772398101812964 ) ) ;
#1034 = UNCERTAINTY_MEASURE_WITH_UNIT (LENGTH_MEASURE( 1.000000000000000082E-05 ), #2884, 'distance_accuracy_value', 'NONE');
#1035 = LINE ( 'NONE', #2319, #953 ) ;
#1036 = CARTESIAN_POINT ( 'NONE',  ( 2.552403771936922361, 3.611669078434930125, 3.000051453692761605 ) ) ;
#1037 = VERTEX_POINT ( 'NONE', #1485 ) ;
#1038 = FILL_AREA_STYLE ('',( #256 ) ) ;
#1039 = CARTESIAN_POINT ( 'NONE',  ( -2.776385399196283021, 3.699999999999999734, 2.916666666666666963 ) ) ;
#1040 = ADVANCED_FACE ( 'NONE', ( #1009 ), #2523, .T. ) ;
#1041 =( LENGTH_UNIT ( ) NAMED_UNIT ( * ) SI_UNIT ( .MILLI., .METRE. ) );
#1042 = FILL_AREA_STYLE ('',( #375 ) ) ;
#1043 =( NAMED_UNIT ( * ) PLANE_ANGLE_UNIT ( ) SI_UNIT ( $, .RADIAN. ) );
#1044 = ORIENTED_EDGE ( 'NONE', *, *, #1824, .T. ) ;
#1045 = AXIS2_PLACEMENT_3D ( 'NONE', #1060, #3034, #1589 ) ;
#1046 = CARTESIAN_POINT ( 'NONE',  ( 2.966133037562166397, 3.684274223613094090, 2.687237217269658807 ) ) ;
#1047 = SURFACE_STYLE_FILL_AREA ( #1939 ) ;
#1048 = VECTOR ( 'NONE', #1709, 1000.000000000000000 ) ;
#1049 = DIRECTION ( 'NONE',  ( -1.445602896647339163E-16, -0.0000000000000000000, -1.000000000000000000 ) ) ;
#1050 = ORIENTED_EDGE ( 'NONE', *, *, #2466, .T. ) ;
#1051 = CARTESIAN_POINT ( 'NONE',  ( 2.386657852715860173, 3.600000000000000089, 3.000000000000000444 ) ) ;
#1052 = CARTESIAN_POINT ( 'NONE',  ( 0.0000000000000000000, 5.000000000000000000, 0.0000000000000000000 ) ) ;
#1053 = FACE_OUTER_BOUND ( 'NONE', #1875, .T. ) ;
#1054 = CARTESIAN_POINT ( 'NONE',  ( 2.999999999999992006, 3.600000000000000089, -2.499999999999999556 ) ) ;
#1055 = CIRCLE ( 'NONE', #2029, 0.5000000000000000000 ) ;
#1056 = EDGE_CURVE ( 'NONE', #2842, #478, #2229, .T. ) ;
#1057 = DIRECTION ( 'NONE',  ( -1.000000000000000000, 0.0000000000000000000, -1.239088197126290669E-15 ) ) ;
#1058 = ORIENTED_EDGE ( 'NONE', *, *, #53, .F. ) ;
#1059 = ADVANCED_FACE ( 'NONE', ( #2782 ), #898, .F. ) ;
#1060 = CARTESIAN_POINT ( 'NONE',  ( 2.500000000000000888, 4.099999999999999645, 2.500000000000000444 ) ) ;
#1061 =( GEOMETRIC_REPRESENTATION_CONTEXT ( 3 ) GLOBAL_UNCERTAINTY_ASSIGNED_CONTEXT ( ( #2053 ) ) GLOBAL_UNIT_ASSIGNED_CONTEXT ( ( #1488, #3147, #1237 ) ) REPRESENTATION_CONTEXT ( 'NONE', 'WORKASPACE' ) );
#1062 = LINE ( 'NONE', #3035, #913 ) ;
#1063 = CARTESIAN_POINT ( 'NONE',  ( -2.500000000000016431, 3.600000000000000089, -2.999999999999999556 ) ) ;
#1064 = ORIENTED_EDGE ( 'NONE', *, *, #756, .F. ) ;
#1065 = CARTESIAN_POINT ( 'NONE',  ( -2.993372723763362053, 3.646400741536913515, 2.594451784970611019 ) ) ;
#1066 = DIRECTION ( 'NONE',  ( 0.0000000000000000000, 0.0000000000000000000, 1.000000000000000000 ) ) ;
#1067 = CIRCLE ( 'NONE', #96, 0.5999999999999998668 ) ;
#1068 = CARTESIAN_POINT ( 'NONE',  ( -2.594451784970603025, 3.646400741536913959, 2.993372723763365162 ) ) ;
#1069 = CYLINDRICAL_SURFACE ( 'NONE', #2670, 1.750000000000000000 ) ;
#1070 = FACE_OUTER_BOUND ( 'NONE', #1786, .T. ) ;
#1071 =( NAMED_UNIT ( * ) SI_UNIT ( $, .STERADIAN. ) SOLID_ANGLE_UNIT ( ) );
#1072 = SURFACE_STYLE_FILL_AREA ( #1584 ) ;
#1073 = PRODUCT_RELATED_PRODUCT_CATEGORY ( 'part', '', ( #2243 ) ) ;
#1074 = VERTEX_POINT ( 'NONE', #123 ) ;
#1075 = SURFACE_STYLE_USAGE ( .BOTH. , #810 ) ;
#1076 = CARTESIAN_POINT ( 'NONE',  ( -2.168337520964476184, 3.600000000000000089, -2.999999999999999556 ) ) ;
#1077 = VECTOR ( 'NONE', #1635, 1000.000000000000000 ) ;
#1078 = ADVANCED_FACE ( 'NONE', ( #882 ), #2425, .F. ) ;
#1079 = CARTESIAN_POINT ( 'NONE',  ( 2.916666666666666963, 3.599999999999999645, 2.223614600803716979 ) ) ;
#1080 = VERTEX_POINT ( 'NONE', #107 ) ;
#1081 = CARTESIAN_POINT ( 'NONE',  ( 2.405548215029396975, 3.646400741536913959, 2.993372723763365162 ) ) ;
#1082 = CARTESIAN_POINT ( 'NONE',  ( -2.780305378780670189, 3.600000000000000089, 3.000000000000000444 ) ) ;
#1083 = CARTESIAN_POINT ( 'NONE',  ( -2.916666666666666075, 3.699999999999999734, 2.776385399196283910 ) ) ;
#1084 = PLANE ( 'NONE',  #624 ) ;
#1085 =( LENGTH_UNIT ( ) NAMED_UNIT ( * ) SI_UNIT ( .MILLI., .METRE. ) );
#1086 = ORIENTED_EDGE ( 'NONE', *, *, #1188, .T. ) ;
#1087 = CARTESIAN_POINT ( 'NONE',  ( 2.499999999999983569, 4.099999999999999645, -1.999999999999999556 ) ) ;
#1088 = CARTESIAN_POINT ( 'NONE',  ( -2.248028725398005800, 3.625569324408317584, -2.932861735363997635 ) ) ;
#1089 = CIRCLE ( 'NONE', #29, 0.3999999999999997446 ) ;
#1090 = CARTESIAN_POINT ( 'NONE',  ( 2.945078047713290736, 3.699999602836188561, 2.266446369307109521 ) ) ;
#1091 = ORIENTED_EDGE ( 'NONE', *, *, #1326, .F. ) ;
#1092 = CARTESIAN_POINT ( 'NONE',  ( -2.999999999999999112, 3.600000000000000089, 2.724684655404127742 ) ) ;
#1093 = ADVANCED_FACE ( 'NONE', ( #356 ), #1314, .T. ) ;
#1094 =( GEOMETRIC_REPRESENTATION_CONTEXT ( 3 ) GLOBAL_UNCERTAINTY_ASSIGNED_CONTEXT ( ( #1574 ) ) GLOBAL_UNIT_ASSIGNED_CONTEXT ( ( #1151, #2596, #2634 ) ) REPRESENTATION_CONTEXT ( 'NONE', 'WORKASPACE' ) );
#1095 = VECTOR ( 'NONE', #2988, 1000.000000000000000 ) ;
#1096 = EDGE_CURVE ( 'NONE', #1446, #855, #1187, .T. ) ;
#1097 = CARTESIAN_POINT ( 'NONE',  ( 2.499999999999983569, 4.099999999999999645, -2.999999999999999556 ) ) ;
#1098 = CARTESIAN_POINT ( 'NONE',  ( -2.168337520964476628, 3.600000000000000089, -2.999999999999999556 ) ) ;
#1099 = ORIENTED_EDGE ( 'NONE', *, *, #778, .F. ) ;
#1100 = DIRECTION ( 'NONE',  ( 0.0000000000000000000, 0.0000000000000000000, 1.000000000000000000 ) ) ;
#1101 = MECHANICAL_DESIGN_GEOMETRIC_PRESENTATION_REPRESENTATION (  '', ( #1930 ), #402 ) ;
#1102 = ORIENTED_EDGE ( 'NONE', *, *, #867, .F. ) ;
#1103 = DIRECTION ( 'NONE',  ( 4.336808689942018525E-15, 0.0000000000000000000, 1.000000000000000000 ) ) ;
#1104 = AXIS2_PLACEMENT_3D ( 'NONE', #364, #1583, #1330 ) ;
#1105 = CARTESIAN_POINT ( 'NONE',  ( 2.966133037562173946, 3.684274223613106525, 2.312762782730367839 ) ) ;
#1106 = VERTEX_POINT ( 'NONE', #1677 ) ;
#1107 = LINE ( 'NONE', #2657, #2513 ) ;
#1108 = PRESENTATION_LAYER_ASSIGNMENT (  '', '', ( #2510 ) ) ;
#1109 = EDGE_CURVE ( 'NONE', #1661, #488, #2739, .T. ) ;
#1110 = ORIENTED_EDGE ( 'NONE', *, *, #2712, .T. ) ;
#1111 = AXIS2_PLACEMENT_3D ( 'NONE', #2167, #1369, #2916 ) ;
#1112 = CARTESIAN_POINT ( 'NONE',  ( -2.945827323110191465, 3.700000000000000622, -2.267575944468974480 ) ) ;
#1113 = ADVANCED_FACE ( 'NONE', ( #665 ), #447, .F. ) ;
#1114 = AXIS2_PLACEMENT_3D ( 'NONE', #2361, #157, #2857 ) ;
#1115 =( LENGTH_UNIT ( ) NAMED_UNIT ( * ) SI_UNIT ( .MILLI., .METRE. ) );
#1116 = PRESENTATION_LAYER_ASSIGNMENT (  '', '', ( #3073 ) ) ;
#1117 = DIRECTION ( 'NONE',  ( -0.0000000000000000000, -1.000000000000000000, -0.0000000000000000000 ) ) ;
#1118 = EDGE_LOOP ( 'NONE', ( #1588, #1942, #3110, #1754 ) ) ;
#1119 = TOROIDAL_SURFACE ( 'NONE', #366, 0.5999999999999999778, 0.1000000000000000056 ) ;
#1120 =( LENGTH_UNIT ( ) NAMED_UNIT ( * ) SI_UNIT ( .MILLI., .METRE. ) );
#1121 = CARTESIAN_POINT ( 'NONE',  ( 2.168337520964444209, 3.600000000000000089, -2.999999999999999556 ) ) ;
#1122 = DIRECTION ( 'NONE',  ( -0.0000000000000000000, -1.000000000000000000, -0.0000000000000000000 ) ) ;
#1123 = DIRECTION ( 'NONE',  ( -1.000000000000000000, 0.0000000000000000000, 2.168404344971006896E-16 ) ) ;
#1124 = ORIENTED_EDGE ( 'NONE', *, *, #362, .T. ) ;
#1125 =( LENGTH_UNIT ( ) NAMED_UNIT ( * ) SI_UNIT ( .MILLI., .METRE. ) );
#1126 = CARTESIAN_POINT ( 'NONE',  ( -2.999999999999999112, 3.600000000000000089, 3.000000000000000444 ) ) ;
#1127 = EDGE_LOOP ( 'NONE', ( #1849, #1332, #3106 ) ) ;
#1128 = PLANE ( 'NONE',  #1350 ) ;
#1129 = CARTESIAN_POINT ( 'NONE',  ( 0.0000000000000000000, 3.699999999999999734, 0.0000000000000000000 ) ) ;
#1130 = EDGE_CURVE ( 'NONE', #3128, #2700, #2110, .T. ) ;
#1131 = VERTEX_POINT ( 'NONE', #1378 ) ;
#1132 = ORIENTED_EDGE ( 'NONE', *, *, #1808, .F. ) ;
#1133 = SURFACE_SIDE_STYLE ('',( #2424 ) ) ;
#1134 =( NAMED_UNIT ( * ) SI_UNIT ( $, .STERADIAN. ) SOLID_ANGLE_UNIT ( ) );
#1135 = ORIENTED_EDGE ( 'NONE', *, *, #68, .F. ) ;
#1136 = DIRECTION ( 'NONE',  ( 0.5527707983925672641, -1.744539914549286925E-14, 0.8333333333333330373 ) ) ;
#1137 = DIRECTION ( 'NONE',  ( 0.0000000000000000000, 1.000000000000000000, 0.0000000000000000000 ) ) ;
#1138 = CIRCLE ( 'NONE', #2065, 0.3999999999999997446 ) ;
#1139 = CARTESIAN_POINT ( 'NONE',  ( 2.500000000000000888, 3.999999999999999112, 2.500000000000000444 ) ) ;
#1140 = AXIS2_PLACEMENT_3D ( 'NONE', #480, #2452, #2221 ) ;
#1141 = ORIENTED_EDGE ( 'NONE', *, *, #2599, .F. ) ;
#1142 = DIRECTION ( 'NONE',  ( 0.0000000000000000000, 1.000000000000000000, 0.0000000000000000000 ) ) ;
#1143 = VECTOR ( 'NONE', #563, 1000.000000000000000 ) ;
#1144 = CARTESIAN_POINT ( 'NONE',  ( -3.000000000000000000, 3.600000000000000089, -2.999999999999999556 ) ) ;
#1145 = CARTESIAN_POINT ( 'NONE',  ( -3.000000000000008438, 3.600000000000000089, -2.499999999999999556 ) ) ;
#1146 = AXIS2_PLACEMENT_3D ( 'NONE', #2767, #2812, #607 ) ;
#1147 = CARTESIAN_POINT ( 'NONE',  ( 2.168337520964441989, 3.700000000000002842, -3.000000000000003109 ) ) ;
#1148 = VERTEX_POINT ( 'NONE', #469 ) ;
#1149 = EDGE_CURVE ( 'NONE', #1080, #2940, #2375, .T. ) ;
#1150 =( NAMED_UNIT ( * ) PLANE_ANGLE_UNIT ( ) SI_UNIT ( $, .RADIAN. ) );
#1151 =( LENGTH_UNIT ( ) NAMED_UNIT ( * ) SI_UNIT ( .MILLI., .METRE. ) );
#1152 = EDGE_CURVE ( 'NONE', #66, #2601, #727, .T. ) ;
#1153 = AXIS2_PLACEMENT_3D ( 'NONE', #465, #928, #940 ) ;
#1154 = CARTESIAN_POINT ( 'NONE',  ( 5.000000000000000888, 0.0000000000000000000, 2.613227601898187480 ) ) ;
#1155 = EDGE_LOOP ( 'NONE', ( #1014, #1687, #1269, #1165, #655, #1135, #2901, #101, #290, #410 ) ) ;
#1156 = FILL_AREA_STYLE_COLOUR ( '', #742 ) ;
#1157 = CARTESIAN_POINT ( 'NONE',  ( 2.499999999999983569, 4.099999999999999645, -2.499999999999999556 ) ) ;
#1158 = DIRECTION ( 'NONE',  ( 0.0000000000000000000, 1.000000000000000000, 0.0000000000000000000 ) ) ;
#1159 = ORIENTED_EDGE ( 'NONE', *, *, #68, .T. ) ;
#1160 = CARTESIAN_POINT ( 'NONE',  ( -2.168337520964458864, 3.600000000000000089, 3.000000000000000444 ) ) ;
#1161 = FILL_AREA_STYLE_COLOUR ( '', #1507 ) ;
#1162 =( LENGTH_UNIT ( ) NAMED_UNIT ( * ) SI_UNIT ( .MILLI., .METRE. ) );
#1163 = AXIS2_PLACEMENT_3D ( 'NONE', #294, #723, #1227 ) ;
#1164 = CIRCLE ( 'NONE', #1466, 0.09999999999999982514 ) ;
#1165 = ORIENTED_EDGE ( 'NONE', *, *, #261, .F. ) ;
#1166 = CARTESIAN_POINT ( 'NONE',  ( 4.999999999999985789, 0.5000000000000000000, -1.886772398101812964 ) ) ;
#1167 = AXIS2_PLACEMENT_3D ( 'NONE', #2380, #1142, #1399 ) ;
#1168 = CARTESIAN_POINT ( 'NONE',  ( 2.999999999999984901, 0.5000000000000000000, -1.886772398101812964 ) ) ;
#1169 = DIRECTION ( 'NONE',  ( 0.0000000000000000000, 0.0000000000000000000, 1.000000000000000000 ) ) ;
#1170 = LINE ( 'NONE', #2159, #3153 ) ;
#1171 = ORIENTED_EDGE ( 'NONE', *, *, #643, .T. ) ;
#1172 = LINE ( 'NONE', #1916, #1957 ) ;
#1173 = CARTESIAN_POINT ( 'NONE',  ( 0.0000000000000000000, 3.600000000000000089, 0.0000000000000000000 ) ) ;
#1174 = EDGE_CURVE ( 'NONE', #1780, #962, #2111, .T. ) ;
#1175 = CARTESIAN_POINT ( 'NONE',  ( 2.916666666666663854, 3.699999999999999734, -2.223614600803736963 ) ) ;
#1176 = ORIENTED_EDGE ( 'NONE', *, *, #301, .F. ) ;
#1177 = FACE_OUTER_BOUND ( 'NONE', #2714, .T. ) ;
#1178 =( NAMED_UNIT ( * ) PLANE_ANGLE_UNIT ( ) SI_UNIT ( $, .RADIAN. ) );
#1179 = SURFACE_SIDE_STYLE ('',( #2433 ) ) ;
#1180 = FILL_AREA_STYLE ('',( #2728 ) ) ;
#1181 = CARTESIAN_POINT ( 'NONE',  ( 2.143131898507868297E-16, 4.899999999999999467, 1.750000000000000000 ) ) ;
#1182 = ORIENTED_EDGE ( 'NONE', *, *, #1806, .T. ) ;
#1183 = DIRECTION ( 'NONE',  ( 1.000000000000000000, -0.0000000000000000000, 1.224646799147353207E-16 ) ) ;
#1184 = DIRECTION ( 'NONE',  ( 0.8333333333333334814, -3.035766082959415571E-14, -0.5527707983925663759 ) ) ;
#1185 = CARTESIAN_POINT ( 'NONE',  ( 2.168337520964443765, 3.600000000000000089, -2.999999999999999556 ) ) ;
#1186 = VECTOR ( 'NONE', #1934, 1000.000000000000000 ) ;
#1187 = LINE ( 'NONE', #1415, #537 ) ;
#1188 = EDGE_CURVE ( 'NONE', #1661, #1851, #1172, .T. ) ;
#1189 = CARTESIAN_POINT ( 'NONE',  ( 3.000000000000000000, 3.600000000000000089, -2.499999999999999556 ) ) ;
#1190 = FACE_OUTER_BOUND ( 'NONE', #2162, .T. ) ;
#1191 = EDGE_CURVE ( 'NONE', #962, #2890, #2694, .T. ) ;
#1192 = EDGE_LOOP ( 'NONE', ( #1124, #2844 ) ) ;
#1193 = SURFACE_STYLE_USAGE ( .BOTH. , #999 ) ;
#1194 = DIRECTION ( 'NONE',  ( 0.0000000000000000000, 0.0000000000000000000, 1.000000000000000000 ) ) ;
#1195 = ORIENTED_EDGE ( 'NONE', *, *, #2691, .T. ) ;
#1196 = COLOUR_RGB ( '',0.0000000000000000000, 0.0000000000000000000, 0.0000000000000000000 ) ;
#1197 =( NAMED_UNIT ( * ) SI_UNIT ( $, .STERADIAN. ) SOLID_ANGLE_UNIT ( ) );
#1198 = SURFACE_SIDE_STYLE ('',( #230 ) ) ;
#1199 = CARTESIAN_POINT ( 'NONE',  ( -2.314130757359057267, 3.683790028687282447, 2.966664292743216969 ) ) ;
#1200 = ORIENTED_EDGE ( 'NONE', *, *, #2481, .T. ) ;
#1201 = COLOUR_RGB ( '',1.000000000000000000, 1.000000000000000000, 0.5019607843137254832 ) ;
#1202 = PRESENTATION_LAYER_ASSIGNMENT (  '', '', ( #351 ) ) ;
#1203 = ORIENTED_EDGE ( 'NONE', *, *, #1433, .F. ) ;
#1204 = LINE ( 'NONE', #1730, #2981 ) ;
#1205 = FILL_AREA_STYLE_COLOUR ( '', #1843 ) ;
#1206 = CIRCLE ( 'NONE', #857, 1.649999999999999911 ) ;
#1207 = COLOUR_RGB ( '',1.000000000000000000, 1.000000000000000000, 0.0000000000000000000 ) ;
#1208 = EDGE_LOOP ( 'NONE', ( #2450, #18, #1603 ) ) ;
#1209 = CARTESIAN_POINT ( 'NONE',  ( 2.916666666666663410, 3.699999999999999734, -2.223614600803736074 ) ) ;
#1210 = DIRECTION ( 'NONE',  ( -0.0000000000000000000, -1.000000000000000000, -0.0000000000000000000 ) ) ;
#1211 = EDGE_LOOP ( 'NONE', ( #277, #2019, #2637, #1110, #2363, #1261, #2074, #2753 ) ) ;
#1212 = EDGE_CURVE ( 'NONE', #3117, #2588, #428, .T. ) ;
#1213 = CARTESIAN_POINT ( 'NONE',  ( -2.916666666666669183, 3.699999999999999734, -2.776385399196303450 ) ) ;
#1214 =( NAMED_UNIT ( * ) PLANE_ANGLE_UNIT ( ) SI_UNIT ( $, .RADIAN. ) );
#1215 = VECTOR ( 'NONE', #2436, 1000.000000000000000 ) ;
#1216 = VECTOR ( 'NONE', #450, 1000.000000000000000 ) ;
#1217 = ORIENTED_EDGE ( 'NONE', *, *, #867, .T. ) ;
#1218 = CARTESIAN_POINT ( 'NONE',  ( 2.916666666666667851, 3.699999999999999734, 2.776385399196283910 ) ) ;
#1219 = MECHANICAL_DESIGN_GEOMETRIC_PRESENTATION_REPRESENTATION (  '', ( #1531 ), #1796 ) ;
#1220 = VERTEX_POINT ( 'NONE', #2875 ) ;
#1221 = SURFACE_SIDE_STYLE ('',( #983 ) ) ;
#1222 = DIRECTION ( 'NONE',  ( 0.0000000000000000000, 0.0000000000000000000, 1.000000000000000000 ) ) ;
#1223 = CARTESIAN_POINT ( 'NONE',  ( -3.000000000000014655, 0.5000000000000000000, -1.886772398101757009 ) ) ;
#1224 = ORIENTED_EDGE ( 'NONE', *, *, #2644, .T. ) ;
#1225 = EDGE_CURVE ( 'NONE', #2890, #2748, #378, .T. ) ;
#1226 = SURFACE_STYLE_FILL_AREA ( #1493 ) ;
#1227 = DIRECTION ( 'NONE',  ( 0.0000000000000000000, 0.0000000000000000000, 1.000000000000000000 ) ) ;
#1228 = LINE ( 'NONE', #44, #190 ) ;
#1229 = ADVANCED_FACE ( 'NONE', ( #2394 ), #183, .T. ) ;
#1230 = SURFACE_STYLE_USAGE ( .BOTH. , #251 ) ;
#1231 = VERTEX_POINT ( 'NONE', #1756 ) ;
#1232 = CARTESIAN_POINT ( 'NONE',  ( 4.999999999999985789, 0.5000000000000000000, -2.586772398101813142 ) ) ;
#1233 = ORIENTED_EDGE ( 'NONE', *, *, #362, .F. ) ;
#1234 = DIRECTION ( 'NONE',  ( 0.0000000000000000000, 0.0000000000000000000, -1.000000000000000000 ) ) ;
#1235 = DIRECTION ( 'NONE',  ( -1.000000000000000000, -0.0000000000000000000, -0.0000000000000000000 ) ) ;
#1236 = ORIENTED_EDGE ( 'NONE', *, *, #2104, .T. ) ;
#1237 =( NAMED_UNIT ( * ) SI_UNIT ( $, .STERADIAN. ) SOLID_ANGLE_UNIT ( ) );
#1238 = DIRECTION ( 'NONE',  ( 0.0000000000000000000, 1.000000000000000000, 0.0000000000000000000 ) ) ;
#1239 = COLOUR_RGB ( '',1.000000000000000000, 1.000000000000000000, 1.000000000000000000 ) ;
#1240 = CARTESIAN_POINT ( 'NONE',  ( -3.000000000000000000, 3.600000000000000089, -2.499999999999999556 ) ) ;
#1241 = STYLED_ITEM ( 'NONE', ( #134 ), #1344 ) ;
#1242 =( LENGTH_UNIT ( ) NAMED_UNIT ( * ) SI_UNIT ( .MILLI., .METRE. ) );
#1243 = VECTOR ( 'NONE', #2190, 1000.000000000000000 ) ;
#1244 =( LENGTH_UNIT ( ) NAMED_UNIT ( * ) SI_UNIT ( .MILLI., .METRE. ) );
#1245 = EDGE_CURVE ( 'NONE', #2203, #1585, #2760, .T. ) ;
#1246 = STYLED_ITEM ( 'NONE', ( #3094 ), #86 ) ;
#1247 = CARTESIAN_POINT ( 'NONE',  ( -2.267575944468994020, 3.700000000000000178, 2.945827323110186136 ) ) ;
#1248 = FACE_OUTER_BOUND ( 'NONE', #987, .T. ) ;
#1249 = EDGE_CURVE ( 'NONE', #881, #2961, #1757, .T. ) ;
#1250 = CARTESIAN_POINT ( 'NONE',  ( -3.000000000000014655, 0.0000000000000000000, -1.886772398101757009 ) ) ;
#1251 = ORIENTED_EDGE ( 'NONE', *, *, #647, .T. ) ;
#1252 = DIRECTION ( 'NONE',  ( 2.168404344971006896E-16, -0.0000000000000000000, 1.000000000000000000 ) ) ;
#1253 = CARTESIAN_POINT ( 'NONE',  ( -2.500000000000016431, 3.699999999999999734, -2.499999999999999556 ) ) ;
#1254 = VECTOR ( 'NONE', #1432, 1000.000000000000000 ) ;
#1255 = TOROIDAL_SURFACE ( 'NONE', #2609, 0.3999999999999999112, 0.1000000000000000056 ) ;
#1256 = CARTESIAN_POINT ( 'NONE',  ( -5.000000000000015099, 0.5000000000000000000, -1.886772398101757009 ) ) ;
#1257 = VECTOR ( 'NONE', #1763, 1000.000000000000000 ) ;
#1258 = CARTESIAN_POINT ( 'NONE',  ( -3.000000000000000000, 3.600000000000000089, -2.724684655404175704 ) ) ;
#1259 = SURFACE_STYLE_USAGE ( .BOTH. , #1198 ) ;
#1260 = CARTESIAN_POINT ( 'NONE',  ( 5.000000000000001776, 0.5000000000000000000, 1.913227601898187524 ) ) ;
#1261 = ORIENTED_EDGE ( 'NONE', *, *, #1326, .T. ) ;
#1262 =( GEOMETRIC_REPRESENTATION_CONTEXT ( 3 ) GLOBAL_UNCERTAINTY_ASSIGNED_CONTEXT ( ( #2324 ) ) GLOBAL_UNIT_ASSIGNED_CONTEXT ( ( #3170, #1722, #329 ) ) REPRESENTATION_CONTEXT ( 'NONE', 'WORKASPACE' ) );
#1263 = DIRECTION ( 'NONE',  ( 0.0000000000000000000, 0.0000000000000000000, 1.000000000000000000 ) ) ;
#1264 = ORIENTED_EDGE ( 'NONE', *, *, #2265, .T. ) ;
#1265 = MECHANICAL_DESIGN_GEOMETRIC_PRESENTATION_REPRESENTATION (  '', ( #56 ), #1315 ) ;
#1266 = DIRECTION ( 'NONE',  ( 0.0000000000000000000, 1.000000000000000000, 0.0000000000000000000 ) ) ;
#1267 = CIRCLE ( 'NONE', #1526, 1.750000000000000000 ) ;
#1268 = CARTESIAN_POINT ( 'NONE',  ( 2.733553630692890479, 3.699999602836188561, 2.945078047713291181 ) ) ;
#1269 = ORIENTED_EDGE ( 'NONE', *, *, #2623, .F. ) ;
#1270 = ADVANCED_FACE ( 'NONE', ( #1248 ), #2502, .T. ) ;
#1271 = DIRECTION ( 'NONE',  ( -1.000000000000000000, 0.0000000000000000000, -0.0000000000000000000 ) ) ;
#1272 = CIRCLE ( 'NONE', #312, 0.09999999999999982514 ) ;
#1273 = VERTEX_POINT ( 'NONE', #1773 ) ;
#1274 = CARTESIAN_POINT ( 'NONE',  ( -3.000000000000008438, 3.600000000000000089, -2.499999999999999556 ) ) ;
#1275 = SURFACE_STYLE_FILL_AREA ( #1042 ) ;
#1276 = DIRECTION ( 'NONE',  ( 0.0000000000000000000, 0.0000000000000000000, 1.000000000000000000 ) ) ;
#1277 = EDGE_LOOP ( 'NONE', ( #2275, #209, #2120, #2297 ) ) ;
#1278 = CARTESIAN_POINT ( 'NONE',  ( 3.000000000000000000, 0.0000000000000000000, -2.999999999999999556 ) ) ;
#1279 = ORIENTED_EDGE ( 'NONE', *, *, #2582, .F. ) ;
#1280 = SURFACE_SIDE_STYLE ('',( #317 ) ) ;
#1281 = FILL_AREA_STYLE_COLOUR ( '', #1201 ) ;
#1282 = CARTESIAN_POINT ( 'NONE',  ( 2.732424055531006868, 3.700000000000000178, 2.945827323110186136 ) ) ;
#1283 = ORIENTED_EDGE ( 'NONE', *, *, #241, .F. ) ;
#1284 = CARTESIAN_POINT ( 'NONE',  ( -2.500000000000016431, 3.999999999999999112, -2.899999999999999467 ) ) ;
#1285 = CARTESIAN_POINT ( 'NONE',  ( -3.000000000000000000, 3.600000000000000089, -2.999999999999999556 ) ) ;
#1286 = EDGE_CURVE ( 'NONE', #392, #1106, #1492, .T. ) ;
#1287 = DIRECTION ( 'NONE',  ( 0.0000000000000000000, 0.0000000000000000000, 1.000000000000000000 ) ) ;
#1288 = CARTESIAN_POINT ( 'NONE',  ( -2.945078047713305391, 3.699999602836188561, -2.266446369307102859 ) ) ;
#1289 = EDGE_CURVE ( 'NONE', #2180, #51, #2967, .T. ) ;
#1290 = CARTESIAN_POINT ( 'NONE',  ( -3.000000000000008438, 3.600000000000000089, -2.499999999999999556 ) ) ;
#1291 = AXIS2_PLACEMENT_3D ( 'NONE', #2087, #596, #3071 ) ;
#1292 = AXIS2_PLACEMENT_3D ( 'NONE', #2984, #546, #1263 ) ;
#1293 = ORIENTED_EDGE ( 'NONE', *, *, #3002, .T. ) ;
#1294 = CARTESIAN_POINT ( 'NONE',  ( -2.442721890230426407, 3.600000000008451551, -2.999999999999999556 ) ) ;
#1295 = DIRECTION ( 'NONE',  ( 0.0000000000000000000, 0.0000000000000000000, 1.000000000000000000 ) ) ;
#1296 = ORIENTED_EDGE ( 'NONE', *, *, #2003, .F. ) ;
#1297 = CARTESIAN_POINT ( 'NONE',  ( -2.959914156188607759, 3.631789486066379968, 2.703950187620477674 ) ) ;
#1298 = LINE ( 'NONE', #79, #306 ) ;
#1299 = CARTESIAN_POINT ( 'NONE',  ( -5.000000000000015987, 0.5000000000000000000, -2.586772398101756743 ) ) ;
#1300 = CARTESIAN_POINT ( 'NONE',  ( 2.993372723763351395, 3.646400741536941048, -2.405548215029413406 ) ) ;
#1301 = ADVANCED_FACE ( 'NONE', ( #31 ), #779, .F. ) ;
#1302 = AXIS2_PLACEMENT_3D ( 'NONE', #3051, #1835, #2322 ) ;
#1303 =( GEOMETRIC_REPRESENTATION_CONTEXT ( 3 ) GLOBAL_UNCERTAINTY_ASSIGNED_CONTEXT ( ( #840 ) ) GLOBAL_UNIT_ASSIGNED_CONTEXT ( ( #2877, #1416, #156 ) ) REPRESENTATION_CONTEXT ( 'NONE', 'WORKASPACE' ) );
#1304 =( LENGTH_UNIT ( ) NAMED_UNIT ( * ) SI_UNIT ( .MILLI., .METRE. ) );
#1305 = ADVANCED_FACE ( 'NONE', ( #1852 ), #1398, .T. ) ;
#1306 = CARTESIAN_POINT ( 'NONE',  ( 0.0000000000000000000, 4.899999999999999467, 0.0000000000000000000 ) ) ;
#1307 = DIRECTION ( 'NONE',  ( -0.0000000000000000000, -1.000000000000000000, -0.0000000000000000000 ) ) ;
#1308 =( LENGTH_UNIT ( ) NAMED_UNIT ( * ) SI_UNIT ( .MILLI., .METRE. ) );
#1309 = PRESENTATION_LAYER_ASSIGNMENT (  '', '', ( #2723 ) ) ;
#1310 = FACE_OUTER_BOUND ( 'NONE', #58, .T. ) ;
#1311 = UNCERTAINTY_MEASURE_WITH_UNIT (LENGTH_MEASURE( 1.000000000000000082E-05 ), #2397, 'distance_accuracy_value', 'NONE');
#1312 = CARTESIAN_POINT ( 'NONE',  ( -2.594451784970614128, 3.646400741536899748, -2.993372723763366050 ) ) ;
#1313 = ORIENTED_EDGE ( 'NONE', *, *, #1902, .F. ) ;
#1314 = PLANE ( 'NONE',  #591 ) ;
#1315 =( GEOMETRIC_REPRESENTATION_CONTEXT ( 3 ) GLOBAL_UNCERTAINTY_ASSIGNED_CONTEXT ( ( #783 ) ) GLOBAL_UNIT_ASSIGNED_CONTEXT ( ( #315, #1043, #2290 ) ) REPRESENTATION_CONTEXT ( 'NONE', 'WORKASPACE' ) );
#1316 = LINE ( 'NONE', #1097, #288 ) ;
#1317 = CARTESIAN_POINT ( 'NONE',  ( -2.999999999999998224, 3.622976176725355657, 2.546901817830987902 ) ) ;
#1318 = FILL_AREA_STYLE ('',( #1766 ) ) ;
#1319 = SURFACE_SIDE_STYLE ('',( #1275 ) ) ;
#1320 = CARTESIAN_POINT ( 'NONE',  ( 3.000000000000000000, 0.5000000000000000000, -1.886772398101812964 ) ) ;
#1321 = EDGE_CURVE ( 'NONE', #300, #133, #2070, .T. ) ;
#1322 = DIRECTION ( 'NONE',  ( 0.0000000000000000000, 0.0000000000000000000, 1.000000000000000000 ) ) ;
#1323 = EDGE_LOOP ( 'NONE', ( #2858, #1050, #1725, #2437, #1744, #2794, #934, #1159, #2458, #1894 ) ) ;
#1324 = CARTESIAN_POINT ( 'NONE',  ( 3.000000000000000888, 3.600000000008451551, 2.557278109769601127 ) ) ;
#1325 = DIRECTION ( 'NONE',  ( 0.0000000000000000000, 0.0000000000000000000, -1.000000000000000000 ) ) ;
#1326 = EDGE_CURVE ( 'NONE', #2410, #2443, #2441, .T. ) ;
#1327 = ORIENTED_EDGE ( 'NONE', *, *, #444, .T. ) ;
#1328 =( NAMED_UNIT ( * ) SI_UNIT ( $, .STERADIAN. ) SOLID_ANGLE_UNIT ( ) );
#1329 = PLANE ( 'NONE',  #3065 ) ;
#1330 = DIRECTION ( 'NONE',  ( -1.000000000000000000, 0.0000000000000000000, -0.0000000000000000000 ) ) ;
#1331 =( NAMED_UNIT ( * ) SI_UNIT ( $, .STERADIAN. ) SOLID_ANGLE_UNIT ( ) );
#1332 = ORIENTED_EDGE ( 'NONE', *, *, #2648, .F. ) ;
#1333 = FACE_OUTER_BOUND ( 'NONE', #1474, .T. ) ;
#1334 = ORIENTED_EDGE ( 'NONE', *, *, #1454, .T. ) ;
#1335 = CARTESIAN_POINT ( 'NONE',  ( -3.000000000000000000, 0.0000000000000000000, -2.999999999999999556 ) ) ;
#1336 = LINE ( 'NONE', #1557, #1672 ) ;
#1337 = EDGE_CURVE ( 'NONE', #1106, #962, #564, .T. ) ;
#1338 = AXIS2_PLACEMENT_3D ( 'NONE', #2559, #363, #578 ) ;
#1339 = CARTESIAN_POINT ( 'NONE',  ( 2.959914156188609535, 3.631789486066395067, 2.296049812379519661 ) ) ;
#1340 = EDGE_LOOP ( 'NONE', ( #1200, #521, #2805, #1358, #2576, #2831, #1967, #814, #1996, #916 ) ) ;
#1341 = AXIS2_PLACEMENT_3D ( 'NONE', #1253, #2230, #1969 ) ;
#1342 = CARTESIAN_POINT ( 'NONE',  ( 2.499999999999983569, 3.699999999999999734, -2.499999999999999556 ) ) ;
#1343 = VECTOR ( 'NONE', #334, 1000.000000000000000 ) ;
#1344 = ADVANCED_FACE ( 'NONE', ( #350 ), #2791, .T. ) ;
#1345 = ORIENTED_EDGE ( 'NONE', *, *, #3140, .F. ) ;
#1346 = CARTESIAN_POINT ( 'NONE',  ( -3.000000000000008438, 3.600000000000000089, -2.499999999999999556 ) ) ;
#1347 = LINE ( 'NONE', #2833, #565 ) ;
#1348 =( NAMED_UNIT ( * ) PLANE_ANGLE_UNIT ( ) SI_UNIT ( $, .RADIAN. ) );
#1349 = ORIENTED_EDGE ( 'NONE', *, *, #2667, .F. ) ;
#1350 = AXIS2_PLACEMENT_3D ( 'NONE', #509, #2912, #20 ) ;
#1351 = PRESENTATION_STYLE_ASSIGNMENT (( #2370 ) ) ;
#1352 = CIRCLE ( 'NONE', #3168, 0.5000000000000000000 ) ;
#1353 = VERTEX_POINT ( 'NONE', #2037 ) ;
#1354 = DIRECTION ( 'NONE',  ( -0.8333333333333334814, 0.0000000000000000000, -0.5527707983925663759 ) ) ;
#1355 = CARTESIAN_POINT ( 'NONE',  ( -5.000000000000015099, 0.0000000000000000000, -1.886772398101757009 ) ) ;
#1356 = PRESENTATION_LAYER_ASSIGNMENT (  '', '', ( #967 ) ) ;
#1357 = CARTESIAN_POINT ( 'NONE',  ( 3.000000000000000888, 3.600000000000000089, 2.500000000000000444 ) ) ;
#1358 = ORIENTED_EDGE ( 'NONE', *, *, #2644, .F. ) ;
#1359 = CARTESIAN_POINT ( 'NONE',  ( 2.223614600803716979, 3.699999999999999734, 2.916666666666666963 ) ) ;
#1360 = MECHANICAL_DESIGN_GEOMETRIC_PRESENTATION_REPRESENTATION (  '', ( #2510 ), #358 ) ;
#1361 = EDGE_CURVE ( 'NONE', #2106, #1353, #74, .T. ) ;
#1362 = CARTESIAN_POINT ( 'NONE',  ( 3.000000000000000888, 0.0000000000000000000, 3.000000000000000444 ) ) ;
#1363 = EDGE_LOOP ( 'NONE', ( #2358, #1830, #2083 ) ) ;
#1364 = CYLINDRICAL_SURFACE ( 'NONE', #442, 0.5000000000000000000 ) ;
#1365 =( GEOMETRIC_REPRESENTATION_CONTEXT ( 3 ) GLOBAL_UNCERTAINTY_ASSIGNED_CONTEXT ( ( #2456 ) ) GLOBAL_UNIT_ASSIGNED_CONTEXT ( ( #2646, #1348, #173 ) ) REPRESENTATION_CONTEXT ( 'NONE', 'WORKASPACE' ) );
#1366 = SURFACE_STYLE_FILL_AREA ( #682 ) ;
#1367 = VECTOR ( 'NONE', #1679, 1000.000000000000000 ) ;
#1368 = CIRCLE ( 'NONE', #1691, 0.3999999999999997446 ) ;
#1369 = DIRECTION ( 'NONE',  ( 0.0000000000000000000, 1.000000000000000000, 0.0000000000000000000 ) ) ;
#1370 = EDGE_LOOP ( 'NONE', ( #1440, #788, #148 ) ) ;
#1371 =( GEOMETRIC_REPRESENTATION_CONTEXT ( 3 ) GLOBAL_UNCERTAINTY_ASSIGNED_CONTEXT ( ( #1311 ) ) GLOBAL_UNIT_ASSIGNED_CONTEXT ( ( #2397, #2131, #2163 ) ) REPRESENTATION_CONTEXT ( 'NONE', 'WORKASPACE' ) );
#1372 = SURFACE_SIDE_STYLE ('',( #391 ) ) ;
#1373 = EDGE_LOOP ( 'NONE', ( #2605, #719, #165, #1762 ) ) ;
#1374 = DIRECTION ( 'NONE',  ( 0.5527707983925663759, -2.397261202015073010E-15, -0.8333333333333335924 ) ) ;
#1375 = CARTESIAN_POINT ( 'NONE',  ( -3.000000000000000000, 3.600000000000000089, -2.831662479035564228 ) ) ;
#1376 = UNCERTAINTY_MEASURE_WITH_UNIT (LENGTH_MEASURE( 1.000000000000000082E-05 ), #903, 'distance_accuracy_value', 'NONE');
#1377 = FILL_AREA_STYLE ('',( #445 ) ) ;
#1378 = CARTESIAN_POINT ( 'NONE',  ( -5.000000000000000000, 0.5000000000000000000, 1.913227601898243924 ) ) ;
#1379 = APPLICATION_CONTEXT ( 'automotive_design' ) ;
#1380 = CARTESIAN_POINT ( 'NONE',  ( -2.999999999999999112, 3.600000000000000089, 3.000000000000000444 ) ) ;
#1381 = EDGE_LOOP ( 'NONE', ( #2710, #2885, #2716, #1443 ) ) ;
#1382 = FACE_OUTER_BOUND ( 'NONE', #1759, .T. ) ;
#1383 =( LENGTH_UNIT ( ) NAMED_UNIT ( * ) SI_UNIT ( .MILLI., .METRE. ) );
#1384 = EDGE_CURVE ( 'NONE', #881, #1735, #1970, .T. ) ;
#1385 = STYLED_ITEM ( 'NONE', ( #1621 ), #1113 ) ;
#1386 = CARTESIAN_POINT ( 'NONE',  ( -2.999999999999998224, 0.5000000000000000000, 1.913227601898243480 ) ) ;
#1387 = CARTESIAN_POINT ( 'NONE',  ( 2.831662479035522484, 3.600000000000000089, -2.999999999999999556 ) ) ;
#1388 = ORIENTED_EDGE ( 'NONE', *, *, #3002, .F. ) ;
#1389 = ADVANCED_FACE ( 'NONE', ( #877 ), #1523, .F. ) ;
#1390 = DIRECTION ( 'NONE',  ( 1.445602896647339163E-16, 0.0000000000000000000, 1.000000000000000000 ) ) ;
#1391 = PRESENTATION_STYLE_ASSIGNMENT (( #414 ) ) ;
#1392 = ORIENTED_EDGE ( 'NONE', *, *, #1808, .T. ) ;
#1393 = CARTESIAN_POINT ( 'NONE',  ( 3.000000000000000000, 3.600000000000000089, -2.999999999999999556 ) ) ;
#1394 = DIRECTION ( 'NONE',  ( -1.000000000000000000, 0.0000000000000000000, 2.168404344971006896E-16 ) ) ;
#1395 = COLOUR_RGB ( '',1.000000000000000000, 1.000000000000000000, 0.5019607843137254832 ) ;
#1396 = B_SPLINE_CURVE_WITH_KNOTS ( 'NONE', 3,
 ( #2563, #809, #1522, #1555, #2578, #1771 ),
 .UNSPECIFIED., .F., .F.,
 ( 4, 2, 4 ),
 ( -4.474903157225547555E-06, 0.0001522058141937809828, 0.0003088865315447874844 ),
 .UNSPECIFIED. ) ;
#1397 = CARTESIAN_POINT ( 'NONE',  ( 2.499999999999984013, 3.600000000000000089, -2.999999999999999556 ) ) ;
#1398 = TOROIDAL_SURFACE ( 'NONE', #2286, 0.3999999999999999112, 0.1000000000000000056 ) ;
#1399 = DIRECTION ( 'NONE',  ( 0.0000000000000000000, -0.0000000000000000000, 1.000000000000000000 ) ) ;
#1400 = CARTESIAN_POINT ( 'NONE',  ( 2.499999999999983569, 3.699999999999999734, -2.499999999999999556 ) ) ;
#1401 = DIRECTION ( 'NONE',  ( 0.0000000000000000000, 0.0000000000000000000, -1.000000000000000000 ) ) ;
#1402 = B_SPLINE_CURVE_WITH_KNOTS ( 'NONE', 3,
 ( #2196, #5, #2942, #3159, #2750, #2698 ),
 .UNSPECIFIED., .F., .F.,
 ( 4, 2, 4 ),
 ( 0.0000000000000000000, 0.0001582084005062998238, 0.0003164168010125996476 ),
 .UNSPECIFIED. ) ;
#1403 = VECTOR ( 'NONE', #713, 1000.000000000000000 ) ;
#1404 = EDGE_CURVE ( 'NONE', #2733, #881, #2139, .T. ) ;
#1405 = DIRECTION ( 'NONE',  ( 0.0000000000000000000, 1.000000000000000000, 0.0000000000000000000 ) ) ;
#1406 = ORIENTED_EDGE ( 'NONE', *, *, #2265, .F. ) ;
#1407 = ADVANCED_FACE ( 'NONE', ( #464 ), #2870, .F. ) ;
#1408 = CARTESIAN_POINT ( 'NONE',  ( -2.999999999999999112, 3.600000000000000089, 2.168337520964461529 ) ) ;
#1409 = CARTESIAN_POINT ( 'NONE',  ( 2.500000000000000444, 3.600000000000000089, 3.000000000000000444 ) ) ;
#1410 =( GEOMETRIC_REPRESENTATION_CONTEXT ( 3 ) GLOBAL_UNCERTAINTY_ASSIGNED_CONTEXT ( ( #3120 ) ) GLOBAL_UNIT_ASSIGNED_CONTEXT ( ( #1162, #2882, #1646 ) ) REPRESENTATION_CONTEXT ( 'NONE', 'WORKASPACE' ) );
#1411 =( NAMED_UNIT ( * ) SI_UNIT ( $, .STERADIAN. ) SOLID_ANGLE_UNIT ( ) );
#1412 = UNCERTAINTY_MEASURE_WITH_UNIT (LENGTH_MEASURE( 1.000000000000000082E-05 ), #2731, 'distance_accuracy_value', 'NONE');
#1413 = MECHANICAL_DESIGN_GEOMETRIC_PRESENTATION_REPRESENTATION (  '', ( #295 ), #805 ) ;
#1414 = CARTESIAN_POINT ( 'NONE',  ( 2.499999999999983569, 3.600000000000000089, -2.999999999999999556 ) ) ;
#1415 = CARTESIAN_POINT ( 'NONE',  ( -4.999999999999999112, 0.0000000000000000000, 2.613227601898243435 ) ) ;
#1416 =( NAMED_UNIT ( * ) PLANE_ANGLE_UNIT ( ) SI_UNIT ( $, .RADIAN. ) );
#1417 = CARTESIAN_POINT ( 'NONE',  ( 2.776385399196266590, 3.699999999999999734, -2.916666666666666519 ) ) ;
#1418 = VERTEX_POINT ( 'NONE', #1409 ) ;
#1419 = CARTESIAN_POINT ( 'NONE',  ( -2.499999999999999112, 3.600000000000000089, 3.000000000000000444 ) ) ;
#1420 =( NAMED_UNIT ( * ) SI_UNIT ( $, .STERADIAN. ) SOLID_ANGLE_UNIT ( ) );
#1421 = FACE_OUTER_BOUND ( 'NONE', #872, .T. ) ;
#1422 = AXIS2_PLACEMENT_3D ( 'NONE', #72, #1784, #2756 ) ;
#1423 = VECTOR ( 'NONE', #2572, 1000.000000000000000 ) ;
#1424 = AXIS2_PLACEMENT_3D ( 'NONE', #837, #1799, #1276 ) ;
#1425 = DIRECTION ( 'NONE',  ( 1.239088197126290669E-15, 0.0000000000000000000, -1.000000000000000000 ) ) ;
#1426 = CARTESIAN_POINT ( 'NONE',  ( 2.916666666666664298, 3.699999999999999734, -2.776385399196262149 ) ) ;
#1427 = ORIENTED_EDGE ( 'NONE', *, *, #1847, .F. ) ;
#1428 = MECHANICAL_DESIGN_GEOMETRIC_PRESENTATION_REPRESENTATION (  '', ( #1025 ), #725 ) ;
#1429 = CARTESIAN_POINT ( 'NONE',  ( -2.999999999999999112, 3.600000000000000089, 3.000000000000000444 ) ) ;
#1430 = COLOUR_RGB ( '',1.000000000000000000, 1.000000000000000000, 0.5019607843137254832 ) ;
#1431 = CARTESIAN_POINT ( 'NONE',  ( 2.452294760263028728, 3.623369864511603033, -2.999999999999999556 ) ) ;
#1432 = DIRECTION ( 'NONE',  ( -0.0000000000000000000, -1.000000000000000000, -0.0000000000000000000 ) ) ;
#1433 = EDGE_CURVE ( 'NONE', #2838, #174, #1502, .T. ) ;
#1434 = SHAPE_DEFINITION_REPRESENTATION ( #3161, #2649 ) ;
#1435 = FACE_OUTER_BOUND ( 'NONE', #3163, .T. ) ;
#1436 = ORIENTED_EDGE ( 'NONE', *, *, #510, .T. ) ;
#1437 =( NAMED_UNIT ( * ) SI_UNIT ( $, .STERADIAN. ) SOLID_ANGLE_UNIT ( ) );
#1438 = EDGE_CURVE ( 'NONE', #2396, #615, #846, .T. ) ;
#1439 = CARTESIAN_POINT ( 'NONE',  ( 2.999999999999984013, 3.623200201225613704, -2.452640875630898609 ) ) ;
#1440 = ORIENTED_EDGE ( 'NONE', *, *, #1806, .F. ) ;
#1441 = CARTESIAN_POINT ( 'NONE',  ( -2.499999999999999112, 3.600000000000000089, 3.000000000000000444 ) ) ;
#1442 = SURFACE_STYLE_FILL_AREA ( #2735 ) ;
#1443 = ORIENTED_EDGE ( 'NONE', *, *, #1404, .F. ) ;
#1444 = DIRECTION ( 'NONE',  ( 1.239088197126290669E-15, 0.0000000000000000000, -1.000000000000000000 ) ) ;
#1445 = CARTESIAN_POINT ( 'NONE',  ( -3.000000000000000000, 3.600000000000000089, -2.999999999999999556 ) ) ;
#1446 = VERTEX_POINT ( 'NONE', #927 ) ;
#1447 = CARTESIAN_POINT ( 'NONE',  ( -2.945823244380109784, 3.699999999999998845, -2.732430204447980682 ) ) ;
#1448 = FILL_AREA_STYLE ('',( #1707 ) ) ;
#1449 = SURFACE_SIDE_STYLE ('',( #481 ) ) ;
#1450 = DIRECTION ( 'NONE',  ( -1.000000000000000000, 0.0000000000000000000, 2.168404344971006896E-16 ) ) ;
#1451 = ORIENTED_EDGE ( 'NONE', *, *, #698, .F. ) ;
#1452 = DIRECTION ( 'NONE',  ( -0.0000000000000000000, -1.000000000000000000, -0.0000000000000000000 ) ) ;
#1453 = DIRECTION ( 'NONE',  ( 1.000000000000000000, 0.0000000000000000000, -2.168404344971006896E-16 ) ) ;
#1454 = EDGE_CURVE ( 'NONE', #51, #2318, #198, .T. ) ;
#1455 = DIRECTION ( 'NONE',  ( 0.0000000000000000000, 0.0000000000000000000, 1.000000000000000000 ) ) ;
#1456 = DIRECTION ( 'NONE',  ( 0.0000000000000000000, -0.0000000000000000000, 1.000000000000000000 ) ) ;
#1457 = VECTOR ( 'NONE', #2226, 1000.000000000000000 ) ;
#1458 = ORIENTED_EDGE ( 'NONE', *, *, #2001, .F. ) ;
#1459 = ORIENTED_EDGE ( 'NONE', *, *, #324, .F. ) ;
#1460 = AXIS2_PLACEMENT_3D ( 'NONE', #319, #2054, #2024 ) ;
#1461 = SURFACE_STYLE_FILL_AREA ( #1448 ) ;
#1462 = DIRECTION ( 'NONE',  ( -0.5527707983925663759, 0.0000000000000000000, 0.8333333333333334814 ) ) ;
#1463 = ORIENTED_EDGE ( 'NONE', *, *, #2953, .T. ) ;
#1464 = SURFACE_SIDE_STYLE ('',( #785 ) ) ;
#1465 = STYLED_ITEM ( 'NONE', ( #210 ), #1944 ) ;
#1466 = AXIS2_PLACEMENT_3D ( 'NONE', #167, #385, #1872 ) ;
#1467 = LINE ( 'NONE', #1250, #412 ) ;
#1468 = ORIENTED_EDGE ( 'NONE', *, *, #796, .T. ) ;
#1469 = CARTESIAN_POINT ( 'NONE',  ( -2.500000000000016431, 4.099999999999999645, -2.899999999999999467 ) ) ;
#1470 =( NAMED_UNIT ( * ) SI_UNIT ( $, .STERADIAN. ) SOLID_ANGLE_UNIT ( ) );
#1471 = EDGE_CURVE ( 'NONE', #1609, #1560, #2848, .T. ) ;
#1472 = ORIENTED_EDGE ( 'NONE', *, *, #125, .T. ) ;
#1473 = CARTESIAN_POINT ( 'NONE',  ( -2.932861735363994082, 3.625569324408275840, 2.248028725398032890 ) ) ;
#1474 = EDGE_LOOP ( 'NONE', ( #1863, #1839, #1980, #1296 ) ) ;
#1475 = ADVANCED_FACE ( 'NONE', ( #658 ), #1911, .F. ) ;
#1476 = CARTESIAN_POINT ( 'NONE',  ( -3.000000000000000000, 3.600000000000000089, -2.780305378780696390 ) ) ;
#1477 = PLANE ( 'NONE',  #720 ) ;
#1478 = DIRECTION ( 'NONE',  ( -0.8333333333333335924, -0.0000000000000000000, -0.5527707983925663759 ) ) ;
#1479 = TOROIDAL_SURFACE ( 'NONE', #2356, 0.3999999999999999112, 0.1000000000000000056 ) ;
#1480 = FILL_AREA_STYLE ('',( #726 ) ) ;
#1481 = ORIENTED_EDGE ( 'NONE', *, *, #3080, .T. ) ;
#1482 = CARTESIAN_POINT ( 'NONE',  ( 0.0000000000000000000, 5.000000000000000000, 0.0000000000000000000 ) ) ;
#1483 = CARTESIAN_POINT ( 'NONE',  ( 2.500000000000000888, 3.600000000000000089, 3.000000000000000444 ) ) ;
#1484 = ORIENTED_EDGE ( 'NONE', *, *, #2058, .F. ) ;
#1485 = CARTESIAN_POINT ( 'NONE',  ( 3.000000000000000888, 3.600000000000000089, 3.000000000000000444 ) ) ;
#1486 = CARTESIAN_POINT ( 'NONE',  ( -2.500000000000016431, 3.999999999999999112, -2.100000000000000089 ) ) ;
#1487 = ORIENTED_EDGE ( 'NONE', *, *, #1361, .T. ) ;
#1488 =( LENGTH_UNIT ( ) NAMED_UNIT ( * ) SI_UNIT ( .MILLI., .METRE. ) );
#1489 = VECTOR ( 'NONE', #3083, 1000.000000000000000 ) ;
#1490 = EDGE_CURVE ( 'NONE', #174, #1851, #1017, .T. ) ;
#1491 = CARTESIAN_POINT ( 'NONE',  ( 2.499999999999983569, 4.099999999999999645, -2.899999999999999467 ) ) ;
#1492 = B_SPLINE_CURVE_WITH_KNOTS ( 'NONE', 3,
 ( #1218, #64, #2209, #770, #2722, #2244 ),
 .UNSPECIFIED., .F., .F.,
 ( 4, 2, 4 ),
 ( 0.0000000000000000000, 0.0001582084005062999593, 0.0003164168010125999186 ),
 .UNSPECIFIED. ) ;
#1493 = FILL_AREA_STYLE ('',( #2948 ) ) ;
#1494 = EDGE_CURVE ( 'NONE', #3157, #1915, #2954, .T. ) ;
#1495 = EDGE_LOOP ( 'NONE', ( #1458, #2473, #1217, #2517 ) ) ;
#1496 = FACE_OUTER_BOUND ( 'NONE', #2267, .T. ) ;
#1497 = DIRECTION ( 'NONE',  ( 0.0000000000000000000, 0.0000000000000000000, 1.000000000000000000 ) ) ;
#1498 = ORIENTED_EDGE ( 'NONE', *, *, #704, .F. ) ;
#1499 = CARTESIAN_POINT ( 'NONE',  ( -2.966664292743216969, 3.683790028687282447, 2.685869242640942289 ) ) ;
#1500 = VECTOR ( 'NONE', #804, 1000.000000000000000 ) ;
#1501 = CARTESIAN_POINT ( 'NONE',  ( 2.500000000000000888, 3.999999999999999112, 2.100000000000000533 ) ) ;
#1502 = CIRCLE ( 'NONE', #338, 0.5000000000000000000 ) ;
#1503 = FILL_AREA_STYLE_COLOUR ( '', #2969 ) ;
#1504 =( GEOMETRIC_REPRESENTATION_CONTEXT ( 3 ) GLOBAL_UNCERTAINTY_ASSIGNED_CONTEXT ( ( #500 ) ) GLOBAL_UNIT_ASSIGNED_CONTEXT ( ( #1787, #595, #3032 ) ) REPRESENTATION_CONTEXT ( 'NONE', 'WORKASPACE' ) );
#1505 = FACE_OUTER_BOUND ( 'NONE', #547, .T. ) ;
#1506 = ORIENTED_EDGE ( 'NONE', *, *, #1671, .F. ) ;
#1507 = COLOUR_RGB ( '',1.000000000000000000, 1.000000000000000000, 0.5019607843137254832 ) ;
#1508 = UNCERTAINTY_MEASURE_WITH_UNIT (LENGTH_MEASURE( 1.000000000000000082E-05 ), #1903, 'distance_accuracy_value', 'NONE');
#1509 = ADVANCED_FACE ( 'NONE', ( #2718 ), #1553, .F. ) ;
#1510 = ORIENTED_EDGE ( 'NONE', *, *, #1569, .T. ) ;
#1511 = UNCERTAINTY_MEASURE_WITH_UNIT (LENGTH_MEASURE( 1.000000000000000082E-05 ), #2011, 'distance_accuracy_value', 'NONE');
#1512 = CARTESIAN_POINT ( 'NONE',  ( 3.000000000000000000, 3.600000000000000089, -2.613342147284146932 ) ) ;
#1513 = ORIENTED_EDGE ( 'NONE', *, *, #2577, .T. ) ;
#1514 = PRESENTATION_LAYER_ASSIGNMENT (  '', '', ( #2347 ) ) ;
#1515 = TOROIDAL_SURFACE ( 'NONE', #2762, 0.5999999999999999778, 0.1000000000000000056 ) ;
#1516 = VERTEX_POINT ( 'NONE', #781 ) ;
#1517 = CARTESIAN_POINT ( 'NONE',  ( 3.000000000000000000, 3.600000000000000089, -2.219694621219336472 ) ) ;
#1518 = PRESENTATION_LAYER_ASSIGNMENT (  '', '', ( #1678 ) ) ;
#1519 = DIRECTION ( 'NONE',  ( 0.0000000000000000000, 1.000000000000000000, 0.0000000000000000000 ) ) ;
#1520 = DIRECTION ( 'NONE',  ( 0.0000000000000000000, 1.000000000000000000, 0.0000000000000000000 ) ) ;
#1521 = STYLED_ITEM ( 'NONE', ( #2185 ), #1541 ) ;
#1522 = CARTESIAN_POINT ( 'NONE',  ( 2.406691821720718050, 3.645857703358418078, -2.993575243856142265 ) ) ;
#1523 = PLANE ( 'NONE',  #3097 ) ;
#1524 = FACE_OUTER_BOUND ( 'NONE', #309, .T. ) ;
#1525 = EDGE_CURVE ( 'NONE', #227, #195, #26, .T. ) ;
#1526 = AXIS2_PLACEMENT_3D ( 'NONE', #961, #403, #693 ) ;
#1527 = DIRECTION ( 'NONE',  ( 0.0000000000000000000, 0.0000000000000000000, 1.000000000000000000 ) ) ;
#1528 = ORIENTED_EDGE ( 'NONE', *, *, #2481, .F. ) ;
#1529 = LINE ( 'NONE', #2525, #1423 ) ;
#1530 = AXIS2_PLACEMENT_3D ( 'NONE', #2927, #2000, #1455 ) ;
#1531 = STYLED_ITEM ( 'NONE', ( #274 ), #1007 ) ;
#1532 = ADVANCED_FACE ( 'NONE', ( #1959 ), #1477, .F. ) ;
#1533 = CARTESIAN_POINT ( 'NONE',  ( -2.499999999999999112, 3.600000000000000089, 3.000000000000000444 ) ) ;
#1534 = CARTESIAN_POINT ( 'NONE',  ( -2.932861735364002076, 3.625569324408329130, -2.248028725397989369 ) ) ;
#1535 = DIRECTION ( 'NONE',  ( 1.000000000000000000, -0.0000000000000000000, 1.224646799147353207E-16 ) ) ;
#1536 = DIRECTION ( 'NONE',  ( 0.0000000000000000000, 0.0000000000000000000, 1.000000000000000000 ) ) ;
#1537 = UNCERTAINTY_MEASURE_WITH_UNIT (LENGTH_MEASURE( 1.000000000000000082E-05 ), #1619, 'distance_accuracy_value', 'NONE');
#1538 =( NAMED_UNIT ( * ) SI_UNIT ( $, .STERADIAN. ) SOLID_ANGLE_UNIT ( ) );
#1539 = CARTESIAN_POINT ( 'NONE',  ( 2.993372723763369603, 3.646400741536913959, 2.594451784970589259 ) ) ;
#1540 = CARTESIAN_POINT ( 'NONE',  ( -2.266446369307132169, 3.699999602836188561, -2.945078047713293845 ) ) ;
#1541 = ADVANCED_FACE ( 'NONE', ( #541 ), #2206, .T. ) ;
#1542 = CARTESIAN_POINT ( 'NONE',  ( -2.733553630692898473, 3.699999602836188561, -2.945078047713295177 ) ) ;
#1543 = ORIENTED_EDGE ( 'NONE', *, *, #1149, .F. ) ;
#1544 = AXIS2_PLACEMENT_3D ( 'NONE', #1482, #1452, #2440 ) ;
#1545 = CARTESIAN_POINT ( 'NONE',  ( 2.500000000000000888, 3.600000000000000089, 3.000000000000000444 ) ) ;
#1546 =( BOUNDED_SURFACE ( )  B_SPLINE_SURFACE ( 3, 2, ( 
 ( #717, #1685, #748 ),
 ( #2946, #1473, #2166 ),
 ( #476, #1736, #1954 ),
 ( #514, #763, #2200 ),
 ( #211, #2737, #246 ),
 ( #278, #2216, #2962 ) ),
 .UNSPECIFIED., .F., .F., .F. ) 
 B_SPLINE_SURFACE_WITH_KNOTS ( ( 4, 2, 4 ),
 ( 3, 3 ),
 ( 0.0002026797876447658314, 0.0003878795832598725736, 0.0005730793788749793428 ),
 ( 0.0000000000000000000, 1.000000000000000000 ),
 .UNSPECIFIED. ) 
 GEOMETRIC_REPRESENTATION_ITEM ( )  RATIONAL_B_SPLINE_SURFACE ( (
 ( 1.000000000000000000, 0.7071067811865462405, 1.000000000000000000),
 ( 1.000000000000000000, 0.8076804016272162157, 1.000000000000000000),
 ( 1.000000000000000000, 0.8813333892563646188, 1.000000000000000000),
 ( 1.000000000000000000, 0.9768264690301571296, 1.000000000000000000),
 ( 1.000000000000000000, 0.9997049196373033464, 1.000000000000000000),
 ( 1.000000000000000000, 1.000000000000000000, 1.000000000000000000) ) ) 
 REPRESENTATION_ITEM ( '' )  SURFACE ( )  );
#1547 = DIRECTION ( 'NONE',  ( 0.0000000000000000000, 0.0000000000000000000, -1.000000000000000000 ) ) ;
#1548 = EDGE_CURVE ( 'NONE', #299, #217, #621, .T. ) ;
#1549 = CARTESIAN_POINT ( 'NONE',  ( -2.547705239739731287, 3.623369864505939564, 3.000000000000000444 ) ) ;
#1550 = DIRECTION ( 'NONE',  ( 0.0000000000000000000, 1.000000000000000000, 0.0000000000000000000 ) ) ;
#1551 = DIRECTION ( 'NONE',  ( -0.0000000000000000000, -1.000000000000000000, -0.0000000000000000000 ) ) ;
#1552 = PRESENTATION_LAYER_ASSIGNMENT (  '', '', ( #434 ) ) ;
#1553 = TOROIDAL_SURFACE ( 'NONE', #1163, 0.5999999999999999778, 0.1000000000000000056 ) ;
#1554 = STYLED_ITEM ( 'NONE', ( #674 ), #2936 ) ;
#1555 = CARTESIAN_POINT ( 'NONE',  ( 2.314130757359041723, 3.683790028687282447, -2.966664292743216969 ) ) ;
#1556 = CARTESIAN_POINT ( 'NONE',  ( 3.000051453690478098, 3.611669078430910673, 2.552403771937842070 ) ) ;
#1557 = CARTESIAN_POINT ( 'NONE',  ( -4.999999999999999112, 0.5000000000000000000, 2.613227601898243435 ) ) ;
#1558 = AXIS2_PLACEMENT_3D ( 'NONE', #2555, #2526, #1287 ) ;
#1559 = CARTESIAN_POINT ( 'NONE',  ( 3.000000000000000888, 3.600000000000000089, 2.168337520964460197 ) ) ;
#1560 = VERTEX_POINT ( 'NONE', #2062 ) ;
#1561 = CARTESIAN_POINT ( 'NONE',  ( -2.999999999999999112, 3.600000000000000089, 2.500000000000000444 ) ) ;
#1562 = CARTESIAN_POINT ( 'NONE',  ( 4.999999999999985789, 0.0000000000000000000, -2.586772398101813142 ) ) ;
#1563 = CARTESIAN_POINT ( 'NONE',  ( -3.000000000000000000, 3.600000000000000089, -2.999999999999999556 ) ) ;
#1564 = AXIS2_PLACEMENT_3D ( 'NONE', #1931, #2389, #893 ) ;
#1565 = FACE_OUTER_BOUND ( 'NONE', #1381, .T. ) ;
#1566 = ADVANCED_FACE ( 'NONE', ( #3029, #2515 ), #836, .T. ) ;
#1567 = FACE_OUTER_BOUND ( 'NONE', #1953, .T. ) ;
#1568 = DIRECTION ( 'NONE',  ( 0.0000000000000000000, -0.0000000000000000000, 1.000000000000000000 ) ) ;
#1569 = EDGE_CURVE ( 'NONE', #1273, #2385, #579, .T. ) ;
#1570 = CIRCLE ( 'NONE', #94, 0.3999999999999997446 ) ;
#1571 = ORIENTED_EDGE ( 'NONE', *, *, #261, .T. ) ;
#1572 = DIRECTION ( 'NONE',  ( 0.0000000000000000000, 1.000000000000000000, 0.0000000000000000000 ) ) ;
#1573 = CARTESIAN_POINT ( 'NONE',  ( -2.219694621219344466, 3.600000000000000089, -2.999999999999999556 ) ) ;
#1574 = UNCERTAINTY_MEASURE_WITH_UNIT (LENGTH_MEASURE( 1.000000000000000082E-05 ), #1151, 'distance_accuracy_value', 'NONE');
#1575 = AXIS2_PLACEMENT_3D ( 'NONE', #2508, #1841, #2043 ) ;
#1576 = CARTESIAN_POINT ( 'NONE',  ( 3.000000000000000888, 3.600000000000000089, 2.219694621219308495 ) ) ;
#1577 = ORIENTED_EDGE ( 'NONE', *, *, #3058, .T. ) ;
#1578 = FILL_AREA_STYLE_COLOUR ( '', #2044 ) ;
#1579 = CIRCLE ( 'NONE', #202, 0.5000000000000000000 ) ;
#1580 = AXIS2_PLACEMENT_3D ( 'NONE', #1284, #1982, #2749 ) ;
#1581 = PRESENTATION_STYLE_ASSIGNMENT (( #2859 ) ) ;
#1582 = ADVANCED_FACE ( 'NONE', ( #314 ), #2816, .F. ) ;
#1583 = DIRECTION ( 'NONE',  ( 0.0000000000000000000, 0.0000000000000000000, -1.000000000000000000 ) ) ;
#1584 = FILL_AREA_STYLE ('',( #365 ) ) ;
#1585 = VERTEX_POINT ( 'NONE', #2332 ) ;
#1586 = ADVANCED_FACE ( 'NONE', ( #1846 ), #765, .F. ) ;
#1587 = SURFACE_STYLE_FILL_AREA ( #2020 ) ;
#1588 = ORIENTED_EDGE ( 'NONE', *, *, #3062, .T. ) ;
#1589 = DIRECTION ( 'NONE',  ( 0.0000000000000000000, 0.0000000000000000000, -1.000000000000000000 ) ) ;
#1590 = CARTESIAN_POINT ( 'NONE',  ( -2.999999999999999112, 3.600000000000000089, 3.000000000000000444 ) ) ;
#1591 = FACE_OUTER_BOUND ( 'NONE', #2113, .T. ) ;
#1592 = ORIENTED_EDGE ( 'NONE', *, *, #1454, .F. ) ;
#1593 = CARTESIAN_POINT ( 'NONE',  ( -2.932861735364014510, 3.625569324408278060, 2.751971274601991091 ) ) ;
#1594 = DIRECTION ( 'NONE',  ( 0.5527707983925259638, -1.664631207815326886E-14, 0.8333333333333603488 ) ) ;
#1595 = ORIENTED_EDGE ( 'NONE', *, *, #2970, .F. ) ;
#1596 = ORIENTED_EDGE ( 'NONE', *, *, #1525, .T. ) ;
#1597 = FILL_AREA_STYLE ('',( #2399 ) ) ;
#1598 = STYLED_ITEM ( 'NONE', ( #2952 ), #1270 ) ;
#1599 = SURFACE_STYLE_USAGE ( .BOTH. , #1878 ) ;
#1600 = SURFACE_STYLE_FILL_AREA ( #2632 ) ;
#1601 = ORIENTED_EDGE ( 'NONE', *, *, #989, .F. ) ;
#1602 = CARTESIAN_POINT ( 'NONE',  ( 3.000000000000000000, 3.600000000000000089, -2.999999999999999556 ) ) ;
#1603 = ORIENTED_EDGE ( 'NONE', *, *, #2623, .T. ) ;
#1604 = CARTESIAN_POINT ( 'NONE',  ( 2.499999999999983569, 3.600000000000000089, -2.999999999999999556 ) ) ;
#1605 = DIRECTION ( 'NONE',  ( 1.000000000000000000, 0.0000000000000000000, 0.0000000000000000000 ) ) ;
#1606 = EDGE_CURVE ( 'NONE', #217, #299, #1570, .T. ) ;
#1607 = UNCERTAINTY_MEASURE_WITH_UNIT (LENGTH_MEASURE( 1.000000000000000082E-05 ), #47, 'distance_accuracy_value', 'NONE');
#1608 = CARTESIAN_POINT ( 'NONE',  ( 2.499999999999983569, 3.600000000000000089, -2.999999999999999556 ) ) ;
#1609 = VERTEX_POINT ( 'NONE', #2134 ) ;
#1610 = FILL_AREA_STYLE ('',( #140 ) ) ;
#1611 = PRESENTATION_LAYER_ASSIGNMENT (  '', '', ( #1554 ) ) ;
#1612 = ORIENTED_EDGE ( 'NONE', *, *, #2303, .F. ) ;
#1613 = ORIENTED_EDGE ( 'NONE', *, *, #3062, .F. ) ;
#1614 = AXIS2_PLACEMENT_3D ( 'NONE', #1173, #184, #1857 ) ;
#1615 =( NAMED_UNIT ( * ) SI_UNIT ( $, .STERADIAN. ) SOLID_ANGLE_UNIT ( ) );
#1616 = ORIENTED_EDGE ( 'NONE', *, *, #3042, .F. ) ;
#1617 = FILL_AREA_STYLE_COLOUR ( '', #2489 ) ;
#1618 = DIRECTION ( 'NONE',  ( 0.0000000000000000000, 1.000000000000000000, 0.0000000000000000000 ) ) ;
#1619 =( LENGTH_UNIT ( ) NAMED_UNIT ( * ) SI_UNIT ( .MILLI., .METRE. ) );
#1620 = ORIENTED_EDGE ( 'NONE', *, *, #2115, .F. ) ;
#1621 = PRESENTATION_STYLE_ASSIGNMENT (( #931 ) ) ;
#1622 = EDGE_CURVE ( 'NONE', #2940, #930, #1649, .T. ) ;
#1623 = DIRECTION ( 'NONE',  ( 0.0000000000000000000, 1.000000000000000000, 0.0000000000000000000 ) ) ;
#1624 = CARTESIAN_POINT ( 'NONE',  ( -2.966658480787231156, 3.683794204368510350, 2.314117750483752456 ) ) ;
#1625 = ORIENTED_EDGE ( 'NONE', *, *, #2898, .T. ) ;
#1626 = CARTESIAN_POINT ( 'NONE',  ( -2.275315344595858491, 3.600000000000000089, 3.000000000000000444 ) ) ;
#1627 = EDGE_CURVE ( 'NONE', #535, #1131, #435, .T. ) ;
#1628 = CARTESIAN_POINT ( 'NONE',  ( -3.000000000000000000, 3.600000000000000089, -2.999999999999999556 ) ) ;
#1629 = SURFACE_SIDE_STYLE ('',( #1366 ) ) ;
#1630 = AXIS2_PLACEMENT_3D ( 'NONE', #2311, #842, #1527 ) ;
#1631 =( NAMED_UNIT ( * ) SI_UNIT ( $, .STERADIAN. ) SOLID_ANGLE_UNIT ( ) );
#1632 = FILL_AREA_STYLE_COLOUR ( '', #2821 ) ;
#1633 = ORIENTED_EDGE ( 'NONE', *, *, #2599, .T. ) ;
#1634 = AXIS2_PLACEMENT_3D ( 'NONE', #2996, #2474, #1234 ) ;
#1635 = DIRECTION ( 'NONE',  ( -1.445602896647339163E-16, -0.0000000000000000000, -1.000000000000000000 ) ) ;
#1636 = CARTESIAN_POINT ( 'NONE',  ( -5.000000000000015099, 0.5000000000000000000, -1.886772398101757009 ) ) ;
#1637 = UNCERTAINTY_MEASURE_WITH_UNIT (LENGTH_MEASURE( 1.000000000000000082E-05 ), #2610, 'distance_accuracy_value', 'NONE');
#1638 = DIRECTION ( 'NONE',  ( -1.000000000000000000, 0.0000000000000000000, 1.445602896647339163E-16 ) ) ;
#1639 = ORIENTED_EDGE ( 'NONE', *, *, #34, .T. ) ;
#1640 = DIRECTION ( 'NONE',  ( -0.0000000000000000000, -1.000000000000000000, -0.0000000000000000000 ) ) ;
#1641 = AXIS2_PLACEMENT_3D ( 'NONE', #2157, #2613, #1100 ) ;
#1642 = SURFACE_STYLE_USAGE ( .BOTH. , #2640 ) ;
#1643 = ORIENTED_EDGE ( 'NONE', *, *, #510, .F. ) ;
#1644 = DIRECTION ( 'NONE',  ( -1.000000000000000000, 0.0000000000000000000, 2.168404344971006896E-16 ) ) ;
#1645 = FACE_OUTER_BOUND ( 'NONE', #652, .T. ) ;
#1646 =( NAMED_UNIT ( * ) SI_UNIT ( $, .STERADIAN. ) SOLID_ANGLE_UNIT ( ) );
#1647 = EDGE_CURVE ( 'NONE', #2700, #2292, #1347, .T. ) ;
#1648 = PRESENTATION_LAYER_ASSIGNMENT (  '', '', ( #1385 ) ) ;
#1649 = LINE ( 'NONE', #685, #2612 ) ;
#1650 = CARTESIAN_POINT ( 'NONE',  ( -2.499999999999999112, 3.699999999999999734, 2.500000000000000444 ) ) ;
#1651 = ORIENTED_EDGE ( 'NONE', *, *, #2164, .F. ) ;
#1652 = DIRECTION ( 'NONE',  ( 0.5527707983925663759, 0.0000000000000000000, -0.8333333333333334814 ) ) ;
#1653 = CARTESIAN_POINT ( 'NONE',  ( 2.223614600803700991, 3.599999999999999645, -2.916666666666666519 ) ) ;
#1654 = CARTESIAN_POINT ( 'NONE',  ( -3.000000000000013767, 0.0000000000000000000, -2.586772398101757187 ) ) ;
#1655 = ORIENTED_EDGE ( 'NONE', *, *, #436, .F. ) ;
#1656 = DIRECTION ( 'NONE',  ( -1.000000000000000000, -0.0000000000000000000, -0.0000000000000000000 ) ) ;
#1657 = FACE_OUTER_BOUND ( 'NONE', #895, .T. ) ;
#1658 = STYLED_ITEM ( 'NONE', ( #530 ), #684 ) ;
#1659 = LINE ( 'NONE', #2909, #2360 ) ;
#1660 = AXIS2_PLACEMENT_3D ( 'NONE', #892, #1374, #1354 ) ;
#1661 = VERTEX_POINT ( 'NONE', #1098 ) ;
#1662 = DIRECTION ( 'NONE',  ( 0.8333333333333055037, -3.035766082959408629E-14, -0.5527707983926084534 ) ) ;
#1663 = CARTESIAN_POINT ( 'NONE',  ( -2.500000000000016431, 4.099999999999999645, -2.499999999999999556 ) ) ;
#1664 = DIRECTION ( 'NONE',  ( 0.0000000000000000000, 1.000000000000000000, 0.0000000000000000000 ) ) ;
#1665 = FILL_AREA_STYLE_COLOUR ( '', #2250 ) ;
#1666 = EDGE_CURVE ( 'NONE', #1516, #2150, #2557, .T. ) ;
#1667 = CARTESIAN_POINT ( 'NONE',  ( -2.499999999999999112, 3.699999999999999734, 2.500000000000000444 ) ) ;
#1668 = ORIENTED_EDGE ( 'NONE', *, *, #1647, .F. ) ;
#1669 = FILL_AREA_STYLE_COLOUR ( '', #1727 ) ;
#1670 = PRESENTATION_STYLE_ASSIGNMENT (( #2170 ) ) ;
#1671 = EDGE_CURVE ( 'NONE', #2460, #1418, #2350, .T. ) ;
#1672 = VECTOR ( 'NONE', #2825, 1000.000000000000000 ) ;
#1673 = CARTESIAN_POINT ( 'NONE',  ( -2.999999999999999112, 0.0000000000000000000, 2.613227601898243435 ) ) ;
#1674 = COLOUR_RGB ( '',1.000000000000000000, 1.000000000000000000, 1.000000000000000000 ) ;
#1675 = CARTESIAN_POINT ( 'NONE',  ( 2.991033313951030781, 3.623612607644028039, 2.393546422386281236 ) ) ;
#1676 = ORIENTED_EDGE ( 'NONE', *, *, #177, .T. ) ;
#1677 = CARTESIAN_POINT ( 'NONE',  ( 3.000000000000000888, 3.600000000000000089, 2.500000000000000444 ) ) ;
#1678 = STYLED_ITEM ( 'NONE', ( #1581 ), #1868 ) ;
#1679 = DIRECTION ( 'NONE',  ( -0.0000000000000000000, -1.000000000000000000, -0.0000000000000000000 ) ) ;
#1680 = CARTESIAN_POINT ( 'NONE',  ( -2.499999999999999112, 3.600000000000000089, 3.000000000000000444 ) ) ;
#1681 = FILL_AREA_STYLE ('',( #1161 ) ) ;
#1682 = VECTOR ( 'NONE', #1807, 1000.000000000000000 ) ;
#1683 = PRESENTATION_LAYER_ASSIGNMENT (  '', '', ( #56 ) ) ;
#1684 = ORIENTED_EDGE ( 'NONE', *, *, #2245, .F. ) ;
#1685 = CARTESIAN_POINT ( 'NONE',  ( -2.916666666666665186, 3.599999999999999645, 2.223614600803716979 ) ) ;
#1686 = LINE ( 'NONE', #220, #1367 ) ;
#1687 = ORIENTED_EDGE ( 'NONE', *, *, #405, .F. ) ;
#1688 = MECHANICAL_DESIGN_GEOMETRIC_PRESENTATION_REPRESENTATION (  '', ( #1943 ), #2928 ) ;
#1689 = ADVANCED_FACE ( 'NONE', ( #3130 ), #2847, .F. ) ;
#1690 = CARTESIAN_POINT ( 'NONE',  ( -3.000000000000000000, 0.0000000000000000000, -2.999999999999999556 ) ) ;
#1691 = AXIS2_PLACEMENT_3D ( 'NONE', #996, #745, #2958 ) ;
#1692 = DIRECTION ( 'NONE',  ( -1.445602896647339163E-16, -0.0000000000000000000, -1.000000000000000000 ) ) ;
#1693 = SURFACE_STYLE_USAGE ( .BOTH. , #1133 ) ;
#1694 = EDGE_CURVE ( 'NONE', #2589, #2180, #2899, .T. ) ;
#1695 = DIRECTION ( 'NONE',  ( 0.0000000000000000000, 1.000000000000000000, 0.0000000000000000000 ) ) ;
#1696 = ORIENTED_EDGE ( 'NONE', *, *, #2115, .T. ) ;
#1697 = CARTESIAN_POINT ( 'NONE',  ( 3.000000000000003997, 3.700000000000002842, 2.168337520964457976 ) ) ;
#1698 = CARTESIAN_POINT ( 'NONE',  ( 2.499999999999984013, 3.600000000000000089, -2.999999999999999556 ) ) ;
#1699 = DIRECTION ( 'NONE',  ( -0.0000000000000000000, -1.000000000000000000, -0.0000000000000000000 ) ) ;
#1700 = CARTESIAN_POINT ( 'NONE',  ( 2.499999999999983569, 3.999999999999999112, -2.499999999999999556 ) ) ;
#1701 = PLANE ( 'NONE',  #2028 ) ;
#1702 = ORIENTED_EDGE ( 'NONE', *, *, #1130, .T. ) ;
#1703 =( LENGTH_UNIT ( ) NAMED_UNIT ( * ) SI_UNIT ( .MILLI., .METRE. ) );
#1704 = EDGE_LOOP ( 'NONE', ( #694, #9, #972, #829 ) ) ;
#1705 = VECTOR ( 'NONE', #166, 1000.000000000000000 ) ;
#1706 = SURFACE_STYLE_USAGE ( .BOTH. , #2467 ) ;
#1707 = FILL_AREA_STYLE_COLOUR ( '', #2671 ) ;
#1708 = UNCERTAINTY_MEASURE_WITH_UNIT (LENGTH_MEASURE( 1.000000000000000082E-05 ), #1244, 'distance_accuracy_value', 'NONE');
#1709 = DIRECTION ( 'NONE',  ( 1.445602896647339163E-16, 0.0000000000000000000, 1.000000000000000000 ) ) ;
#1710 = FILL_AREA_STYLE_COLOUR ( '', #2991 ) ;
#1711 = ADVANCED_FACE ( 'NONE', ( #2631 ), #422, .F. ) ;
#1712 = CARTESIAN_POINT ( 'NONE',  ( 2.991033313951006356, 3.623612607644029371, -2.606453577613701444 ) ) ;
#1713 = ORIENTED_EDGE ( 'NONE', *, *, #444, .F. ) ;
#1714 = SURFACE_STYLE_FILL_AREA ( #1760 ) ;
#1715 = DIRECTION ( 'NONE',  ( 0.0000000000000000000, 1.000000000000000000, 0.0000000000000000000 ) ) ;
#1716 = CIRCLE ( 'NONE', #797, 1.850000000000000089 ) ;
#1717 = MECHANICAL_DESIGN_GEOMETRIC_PRESENTATION_REPRESENTATION (  '', ( #2445 ), #33 ) ;
#1718 = EDGE_LOOP ( 'NONE', ( #583, #2724, #2055 ) ) ;
#1719 = CLOSED_SHELL ( 'NONE', ( #28, #1586, #874, #2077, #808, #1509, #2604, #2100, #2388, #86, #1344, #343, #1770, #589, #1566, #2160, #2442, #1541, #1475, #2936, #2345, #1113, #1582, #2342, #1711, #1532, #367, #2249, #1889, #1689, #890, #1944, #1007, #667, #1928, #2726, #1389, #159, #1093, #1229, #2543, #1750, #1270, #1868, #562, #684, #3022, #1040, #2201, #932, #2271, #1728, #1078, #2323, #13, #1305, #2779, #2852, #1301, #2892, #793, #1059, #2366, #1828, #627, #1965, #2881, #948, #774, #2207, #1407, #141, #1765, #2742, #504, #2920, #71, #1924, #307 ) ) ;
#1720 = ORIENTED_EDGE ( 'NONE', *, *, #1056, .T. ) ;
#1721 =( NAMED_UNIT ( * ) PLANE_ANGLE_UNIT ( ) SI_UNIT ( $, .RADIAN. ) );
#1722 =( NAMED_UNIT ( * ) PLANE_ANGLE_UNIT ( ) SI_UNIT ( $, .RADIAN. ) );
#1723 =( NAMED_UNIT ( * ) PLANE_ANGLE_UNIT ( ) SI_UNIT ( $, .RADIAN. ) );
#1724 = CARTESIAN_POINT ( 'NONE',  ( 5.000000000000001776, 0.5000000000000000000, 1.913227601898187524 ) ) ;
#1725 = ORIENTED_EDGE ( 'NONE', *, *, #2820, .T. ) ;
#1726 = DIRECTION ( 'NONE',  ( 0.0000000000000000000, -0.0000000000000000000, 1.000000000000000000 ) ) ;
#1727 = COLOUR_RGB ( '',0.0000000000000000000, 0.0000000000000000000, 0.0000000000000000000 ) ;
#1728 = ADVANCED_FACE ( 'NONE', ( #2435 ), #1546, .F. ) ;
#1729 = CARTESIAN_POINT ( 'NONE',  ( 0.0000000000000000000, 4.899999999999999467, -1.750000000000000000 ) ) ;
#1730 = CARTESIAN_POINT ( 'NONE',  ( 3.000000000000000000, 0.5000000000000000000, 1.913227601898187968 ) ) ;
#1731 = FACE_OUTER_BOUND ( 'NONE', #1495, .T. ) ;
#1732 = PRESENTATION_LAYER_ASSIGNMENT (  '', '', ( #922 ) ) ;
#1733 = EDGE_CURVE ( 'NONE', #2995, #2811, #2464, .T. ) ;
#1734 =( GEOMETRIC_REPRESENTATION_CONTEXT ( 3 ) GLOBAL_UNCERTAINTY_ASSIGNED_CONTEXT ( ( #2808 ) ) GLOBAL_UNIT_ASSIGNED_CONTEXT ( ( #310, #3013, #1032 ) ) REPRESENTATION_CONTEXT ( 'NONE', 'WORKASPACE' ) );
#1735 = VERTEX_POINT ( 'NONE', #225 ) ;
#1736 = CARTESIAN_POINT ( 'NONE',  ( -2.959914156188593992, 3.631789486066395511, 2.296049812379507671 ) ) ;
#1737 = LINE ( 'NONE', #1955, #572 ) ;
#1738 = CARTESIAN_POINT ( 'NONE',  ( -3.000000000000016875, 3.623200201209671789, -2.547359124376917805 ) ) ;
#1739 = DIRECTION ( 'NONE',  ( 0.0000000000000000000, 0.0000000000000000000, 1.000000000000000000 ) ) ;
#1740 = COLOUR_RGB ( '',1.000000000000000000, 1.000000000000000000, 0.5019607843137254832 ) ;
#1741 = CARTESIAN_POINT ( 'NONE',  ( -2.453098182169031638, 3.622976176725396957, 3.000000000000000000 ) ) ;
#1742 = ORIENTED_EDGE ( 'NONE', *, *, #3004, .T. ) ;
#1743 = CARTESIAN_POINT ( 'NONE',  ( 2.993372723763348286, 3.646400741536940160, -2.594451784970598585 ) ) ;
#1744 = ORIENTED_EDGE ( 'NONE', *, *, #1191, .T. ) ;
#1745 = CARTESIAN_POINT ( 'NONE',  ( -2.499999999999999112, 3.999999999999999112, 2.500000000000000444 ) ) ;
#1746 = CARTESIAN_POINT ( 'NONE',  ( -5.000000000000015099, 0.5000000000000000000, -1.886772398101757009 ) ) ;
#1747 = ORIENTED_EDGE ( 'NONE', *, *, #2757, .T. ) ;
#1748 = FACE_OUTER_BOUND ( 'NONE', #2126, .T. ) ;
#1749 = CARTESIAN_POINT ( 'NONE',  ( 4.999999999999985789, 0.0000000000000000000, -1.886772398101812964 ) ) ;
#1750 = ADVANCED_FACE ( 'NONE', ( #23 ), #2701, .T. ) ;
#1751 = CARTESIAN_POINT ( 'NONE',  ( 2.500000000000000888, 4.099999999999999645, 2.500000000000000444 ) ) ;
#1752 = DIRECTION ( 'NONE',  ( 1.000000000000000000, 0.0000000000000000000, -0.0000000000000000000 ) ) ;
#1753 = FACE_OUTER_BOUND ( 'NONE', #740, .T. ) ;
#1754 = ORIENTED_EDGE ( 'NONE', *, *, #756, .T. ) ;
#1755 = CARTESIAN_POINT ( 'NONE',  ( -2.500000000000016431, 3.699999999999999734, -1.899999999999999689 ) ) ;
#1756 = CARTESIAN_POINT ( 'NONE',  ( -2.223614600803715646, 3.699999999999999734, 2.916666666666667407 ) ) ;
#1757 = CIRCLE ( 'NONE', #689, 0.1000000000000000472 ) ;
#1758 = CARTESIAN_POINT ( 'NONE',  ( 3.000000000000000000, 3.600000000000000089, -2.780305378780670633 ) ) ;
#1759 = EDGE_LOOP ( 'NONE', ( #187, #2989, #138, #2764, #155 ) ) ;
#1760 = FILL_AREA_STYLE ('',( #2486 ) ) ;
#1761 = DIRECTION ( 'NONE',  ( 0.0000000000000000000, 0.0000000000000000000, 1.000000000000000000 ) ) ;
#1762 = ORIENTED_EDGE ( 'NONE', *, *, #609, .F. ) ;
#1763 = DIRECTION ( 'NONE',  ( -0.0000000000000000000, -1.000000000000000000, -0.0000000000000000000 ) ) ;
#1764 = VECTOR ( 'NONE', #780, 1000.000000000000000 ) ;
#1765 = ADVANCED_FACE ( 'NONE', ( #1748 ), #2752, .F. ) ;
#1766 = FILL_AREA_STYLE_COLOUR ( '', #841 ) ;
#1767 =( NAMED_UNIT ( * ) PLANE_ANGLE_UNIT ( ) SI_UNIT ( $, .RADIAN. ) );
#1768 = AXIS2_PLACEMENT_3D ( 'NONE', #368, #2822, #1322 ) ;
#1769 = FILL_AREA_STYLE ('',( #2949 ) ) ;
#1770 = ADVANCED_FACE ( 'NONE', ( #1565 ), #1069, .T. ) ;
#1771 = CARTESIAN_POINT ( 'NONE',  ( 2.223614600803700547, 3.699999999999999734, -2.916666666666666519 ) ) ;
#1772 = EDGE_LOOP ( 'NONE', ( #2010, #1224, #2819 ) ) ;
#1773 = CARTESIAN_POINT ( 'NONE',  ( 3.000000000000000000, 3.600000000000000089, -2.999999999999999556 ) ) ;
#1774 = CARTESIAN_POINT ( 'NONE',  ( 4.999999999999985789, 0.5000000000000000000, -1.886772398101812964 ) ) ;
#1775 = CARTESIAN_POINT ( 'NONE',  ( -2.999999999999999112, 3.600000000000000089, 3.000000000000000444 ) ) ;
#1776 = EDGE_LOOP ( 'NONE', ( #77, #1620, #1406, #2823 ) ) ;
#1777 = CARTESIAN_POINT ( 'NONE',  ( 2.500000000000000888, 4.099999999999999645, 2.000000000000000444 ) ) ;
#1778 = CARTESIAN_POINT ( 'NONE',  ( 0.0000000000000000000, 3.600000000000000089, 1.850000000000000089 ) ) ;
#1779 = STYLED_ITEM ( 'NONE', ( #2587 ), #562 ) ;
#1780 = VERTEX_POINT ( 'NONE', #2284 ) ;
#1781 = CARTESIAN_POINT ( 'NONE',  ( -2.916666666666669183, 3.699999999999999734, -2.223614600803695662 ) ) ;
#1782 = COLOUR_RGB ( '',1.000000000000000000, 1.000000000000000000, 1.000000000000000000 ) ;
#1783 = CARTESIAN_POINT ( 'NONE',  ( 3.000000000000000888, 3.600000000000000089, 3.000000000000000444 ) ) ;
#1784 = DIRECTION ( 'NONE',  ( 0.0000000000000000000, 1.000000000000000000, 0.0000000000000000000 ) ) ;
#1785 =( NAMED_UNIT ( * ) PLANE_ANGLE_UNIT ( ) SI_UNIT ( $, .RADIAN. ) );
#1786 = EDGE_LOOP ( 'NONE', ( #2308, #2665, #1595, #1099, #1349 ) ) ;
#1787 =( LENGTH_UNIT ( ) NAMED_UNIT ( * ) SI_UNIT ( .MILLI., .METRE. ) );
#1788 = VECTOR ( 'NONE', #1000, 1000.000000000000000 ) ;
#1789 = CARTESIAN_POINT ( 'NONE',  ( -2.452294760260284701, 3.623369864505939120, -2.999999999999999556 ) ) ;
#1790 = EDGE_CURVE ( 'NONE', #2421, #1735, #2527, .T. ) ;
#1791 = VECTOR ( 'NONE', #744, 1000.000000000000000 ) ;
#1792 = CARTESIAN_POINT ( 'NONE',  ( -2.999999999999999112, 0.5000000000000000000, 2.613227601898243435 ) ) ;
#1793 = VERTEX_POINT ( 'NONE', #59 ) ;
#1794 = CARTESIAN_POINT ( 'NONE',  ( 2.442721890230409976, 3.600000000008451551, 3.000000000000000444 ) ) ;
#1795 = LINE ( 'NONE', #2299, #1020 ) ;
#1796 =( GEOMETRIC_REPRESENTATION_CONTEXT ( 3 ) GLOBAL_UNCERTAINTY_ASSIGNED_CONTEXT ( ( #2581 ) ) GLOBAL_UNIT_ASSIGNED_CONTEXT ( ( #2281, #304, #553 ) ) REPRESENTATION_CONTEXT ( 'NONE', 'WORKASPACE' ) );
#1797 = CARTESIAN_POINT ( 'NONE',  ( -2.831662479035539359, 3.600000000000000089, 3.000000000000000444 ) ) ;
#1798 = CARTESIAN_POINT ( 'NONE',  ( 0.0000000000000000000, 4.899999999999999467, 1.649999999999999911 ) ) ;
#1799 = DIRECTION ( 'NONE',  ( 0.0000000000000000000, 1.000000000000000000, 0.0000000000000000000 ) ) ;
#1800 = ORIENTED_EDGE ( 'NONE', *, *, #567, .F. ) ;
#1801 = FILL_AREA_STYLE ('',( #826 ) ) ;
#1802 = CARTESIAN_POINT ( 'NONE',  ( -3.000000000000000000, 3.600000000000000089, -2.168337520964434884 ) ) ;
#1803 = CARTESIAN_POINT ( 'NONE',  ( 2.500000000000000888, 3.699999999999999734, 2.500000000000000444 ) ) ;
#1804 = ORIENTED_EDGE ( 'NONE', *, *, #1056, .F. ) ;
#1805 = CARTESIAN_POINT ( 'NONE',  ( -2.999999999999999112, 3.600000000000000089, 2.831662479035540692 ) ) ;
#1806 = EDGE_CURVE ( 'NONE', #63, #1609, #2919, .T. ) ;
#1807 = DIRECTION ( 'NONE',  ( -0.0000000000000000000, -1.000000000000000000, -0.0000000000000000000 ) ) ;
#1808 = EDGE_CURVE ( 'NONE', #1825, #2006, #2060, .T. ) ;
#1809 = CARTESIAN_POINT ( 'NONE',  ( -2.557278109769591357, 3.600000000008451551, 3.000000000000000444 ) ) ;
#1810 = CARTESIAN_POINT ( 'NONE',  ( 2.143131898507868297E-16, 5.000000000000000000, 1.750000000000000000 ) ) ;
#1811 = CARTESIAN_POINT ( 'NONE',  ( -2.959914156188604650, 3.631789486066392403, -2.703950187620528745 ) ) ;
#1812 = SURFACE_STYLE_USAGE ( .BOTH. , #1319 ) ;
#1813 = FACE_OUTER_BOUND ( 'NONE', #1776, .T. ) ;
#1814 = TOROIDAL_SURFACE ( 'NONE', #2903, 0.5999999999999999778, 0.1000000000000000056 ) ;
#1815 = COLOUR_RGB ( '',1.000000000000000000, 1.000000000000000000, 0.5019607843137254832 ) ;
#1816 = ORIENTED_EDGE ( 'NONE', *, *, #2407, .F. ) ;
#1817 = DIRECTION ( 'NONE',  ( 0.0000000000000000000, 0.0000000000000000000, 1.000000000000000000 ) ) ;
#1818 = TOROIDAL_SURFACE ( 'NONE', #3001, 0.5999999999999999778, 0.1000000000000000056 ) ;
#1819 = MECHANICAL_DESIGN_GEOMETRIC_PRESENTATION_REPRESENTATION (  '', ( #1246 ), #3047 ) ;
#1820 = DIRECTION ( 'NONE',  ( 0.0000000000000000000, 1.000000000000000000, 0.0000000000000000000 ) ) ;
#1821 = ORIENTED_EDGE ( 'NONE', *, *, #677, .F. ) ;
#1822 = PRESENTATION_STYLE_ASSIGNMENT (( #844 ) ) ;
#1823 = DIRECTION ( 'NONE',  ( 0.0000000000000000000, 0.0000000000000000000, 1.000000000000000000 ) ) ;
#1824 = EDGE_CURVE ( 'NONE', #2978, #2693, #2754, .T. ) ;
#1825 = VERTEX_POINT ( 'NONE', #2492 ) ;
#1826 = CIRCLE ( 'NONE', #960, 0.09999999999999982514 ) ;
#1827 = DIRECTION ( 'NONE',  ( -0.0000000000000000000, -1.000000000000000000, -0.0000000000000000000 ) ) ;
#1828 = ADVANCED_FACE ( 'NONE', ( #70 ), #1879, .F. ) ;
#1829 = PRESENTATION_STYLE_ASSIGNMENT (( #3030 ) ) ;
#1830 = ORIENTED_EDGE ( 'NONE', *, *, #2538, .T. ) ;
#1831 = MECHANICAL_DESIGN_GEOMETRIC_PRESENTATION_REPRESENTATION (  '', ( #2723 ), #1734 ) ;
#1832 = ORIENTED_EDGE ( 'NONE', *, *, #2164, .T. ) ;
#1833 = SURFACE_STYLE_FILL_AREA ( #616 ) ;
#1834 = PRESENTATION_LAYER_ASSIGNMENT (  '', '', ( #302 ) ) ;
#1835 = DIRECTION ( 'NONE',  ( -0.0000000000000000000, -1.000000000000000000, -0.0000000000000000000 ) ) ;
#1836 = MECHANICAL_DESIGN_GEOMETRIC_PRESENTATION_REPRESENTATION (  '', ( #2254 ), #865 ) ;
#1837 = STYLED_ITEM ( 'NONE', ( #2664 ), #2388 ) ;
#1838 = CARTESIAN_POINT ( 'NONE',  ( -3.000000000000000000, 0.0000000000000000000, -2.999999999999999556 ) ) ;
#1839 = ORIENTED_EDGE ( 'NONE', *, *, #177, .F. ) ;
#1840 =( LENGTH_UNIT ( ) NAMED_UNIT ( * ) SI_UNIT ( .MILLI., .METRE. ) );
#1841 = DIRECTION ( 'NONE',  ( -0.0000000000000000000, -1.000000000000000000, -0.0000000000000000000 ) ) ;
#1842 = PRESENTATION_LAYER_ASSIGNMENT (  '', '', ( #1943 ) ) ;
#1843 = COLOUR_RGB ( '',1.000000000000000000, 1.000000000000000000, 1.000000000000000000 ) ;
#1844 = EDGE_LOOP ( 'NONE', ( #2312, #986, #303, #475, #1933 ) ) ;
#1845 = CARTESIAN_POINT ( 'NONE',  ( -2.499999999999999112, 3.600000000000000089, 3.000000000000000444 ) ) ;
#1846 = FACE_OUTER_BOUND ( 'NONE', #2874, .T. ) ;
#1847 = EDGE_CURVE ( 'NONE', #51, #227, #407, .T. ) ;
#1848 = DIRECTION ( 'NONE',  ( 0.0000000000000000000, 1.000000000000000000, 0.0000000000000000000 ) ) ;
#1849 = ORIENTED_EDGE ( 'NONE', *, *, #99, .T. ) ;
#1850 = SURFACE_STYLE_USAGE ( .BOTH. , #2887 ) ;
#1851 = VERTEX_POINT ( 'NONE', #639 ) ;
#1852 = FACE_OUTER_BOUND ( 'NONE', #2093, .T. ) ;
#1853 = CARTESIAN_POINT ( 'NONE',  ( 2.999999999999982236, 3.622976176733291087, -2.546901817827092351 ) ) ;
#1854 = CARTESIAN_POINT ( 'NONE',  ( 3.000000000000000888, 3.600000000008451551, 2.442721890230430404 ) ) ;
#1855 = ORIENTED_EDGE ( 'NONE', *, *, #643, .F. ) ;
#1856 = CARTESIAN_POINT ( 'NONE',  ( 2.500000000000000888, 3.600000000000000089, 3.000000000000000444 ) ) ;
#1857 = DIRECTION ( 'NONE',  ( 0.0000000000000000000, 0.0000000000000000000, 1.000000000000000000 ) ) ;
#1858 =( NAMED_UNIT ( * ) PLANE_ANGLE_UNIT ( ) SI_UNIT ( $, .RADIAN. ) );
#1859 = SURFACE_STYLE_USAGE ( .BOTH. , #2102 ) ;
#1860 = ORIENTED_EDGE ( 'NONE', *, *, #2915, .F. ) ;
#1861 = EDGE_CURVE ( 'NONE', #2242, #46, #957, .T. ) ;
#1862 = CARTESIAN_POINT ( 'NONE',  ( 2.500000000000000888, 4.099999999999999645, 2.100000000000000533 ) ) ;
#1863 = ORIENTED_EDGE ( 'NONE', *, *, #2976, .F. ) ;
#1864 = DIRECTION ( 'NONE',  ( -0.5527707983925672641, -1.664631207815453419E-14, -0.8333333333333330373 ) ) ;
#1865 = PRESENTATION_LAYER_ASSIGNMENT (  '', '', ( #2488 ) ) ;
#1866 = PLANE ( 'NONE',  #559 ) ;
#1867 = MECHANICAL_DESIGN_GEOMETRIC_PRESENTATION_REPRESENTATION (  '', ( #1241 ), #1003 ) ;
#1868 = ADVANCED_FACE ( 'NONE', ( #2133 ), #2331, .T. ) ;
#1869 = CARTESIAN_POINT ( 'NONE',  ( 2.687237217269626388, 3.684274223613094090, -2.966133037562169061 ) ) ;
#1870 = ORIENTED_EDGE ( 'NONE', *, *, #2836, .F. ) ;
#1871 = DIRECTION ( 'NONE',  ( 0.0000000000000000000, -0.0000000000000000000, 1.000000000000000000 ) ) ;
#1872 = DIRECTION ( 'NONE',  ( 0.0000000000000000000, 0.0000000000000000000, 1.000000000000000000 ) ) ;
#1873 = CIRCLE ( 'NONE', #2124, 0.1000000000000000472 ) ;
#1874 = CARTESIAN_POINT ( 'NONE',  ( 2.685882249516232445, 3.683794204368510350, -2.966658480787231600 ) ) ;
#1875 = EDGE_LOOP ( 'NONE', ( #2619, #1388, #1264 ) ) ;
#1876 = LINE ( 'NONE', #1628, #1403 ) ;
#1877 = CARTESIAN_POINT ( 'NONE',  ( 2.999999999999984457, 0.5000000000000000000, -2.586772398101812698 ) ) ;
#1878 = SURFACE_SIDE_STYLE ('',( #887 ) ) ;
#1879 =( BOUNDED_SURFACE ( )  B_SPLINE_SURFACE ( 3, 2, ( 
 ( #2013, #3000, #1781 ),
 ( #575, #1534, #1288 ),
 ( #326, #388, #1906 ),
 ( #143, #191, #904 ),
 ( #3113, #170, #2846 ),
 ( #1346, #625, #1145 ) ),
 .UNSPECIFIED., .F., .F., .F. ) 
 B_SPLINE_SURFACE_WITH_KNOTS ( ( 4, 2, 4 ),
 ( 3, 3 ),
 ( 0.0002026797876446656240, 0.0003878795832597171532, 0.0005730793788747686824 ),
 ( 0.0000000000000000000, 1.000000000000000000 ),
 .UNSPECIFIED. ) 
 GEOMETRIC_REPRESENTATION_ITEM ( )  RATIONAL_B_SPLINE_SURFACE ( (
 ( 1.000000000000000000, 0.7071067811865462405, 1.000000000000000000),
 ( 1.000000000000000000, 0.8076804016272448594, 1.000000000000000000),
 ( 1.000000000000000000, 0.8813333892563620653, 1.000000000000000000),
 ( 1.000000000000000000, 0.9768264690302109754, 1.000000000000000000),
 ( 1.000000000000000000, 0.9997049196373481994, 1.000000000000000000),
 ( 1.000000000000000000, 1.000000000000000000, 1.000000000000000000) ) ) 
 REPRESENTATION_ITEM ( '' )  SURFACE ( )  );
#1880 = DIRECTION ( 'NONE',  ( 0.0000000000000000000, 1.000000000000000000, 0.0000000000000000000 ) ) ;
#1881 = ORIENTED_EDGE ( 'NONE', *, *, #2001, .T. ) ;
#1882 = STYLED_ITEM ( 'NONE', ( #886 ), #1889 ) ;
#1883 = AXIS2_PLACEMENT_3D ( 'NONE', #1342, #2830, #883 ) ;
#1884 = DIRECTION ( 'NONE',  ( 6.195440985631457289E-16, -0.0000000000000000000, 1.000000000000000000 ) ) ;
#1885 = VECTOR ( 'NONE', #640, 1000.000000000000000 ) ;
#1886 = CARTESIAN_POINT ( 'NONE',  ( 2.993372723763363830, 3.646400741536899748, 2.405548215029390313 ) ) ;
#1887 = DIRECTION ( 'NONE',  ( -1.445602896647339163E-16, -0.0000000000000000000, -1.000000000000000000 ) ) ;
#1888 = DIRECTION ( 'NONE',  ( -1.445602896647339163E-16, -0.0000000000000000000, -1.000000000000000000 ) ) ;
#1889 = ADVANCED_FACE ( 'NONE', ( #936 ), #1128, .F. ) ;
#1890 = FILL_AREA_STYLE_COLOUR ( '', #2771 ) ;
#1891 = FACE_OUTER_BOUND ( 'NONE', #2986, .T. ) ;
#1892 = PRESENTATION_LAYER_ASSIGNMENT (  '', '', ( #1837 ) ) ;
#1893 = CARTESIAN_POINT ( 'NONE',  ( 2.499999999999983569, 4.099999999999999645, -2.499999999999999556 ) ) ;
#1894 = ORIENTED_EDGE ( 'NONE', *, *, #2003, .T. ) ;
#1895 = DIRECTION ( 'NONE',  ( 7.228014483236697541E-16, 0.0000000000000000000, 1.000000000000000000 ) ) ;
#1896 = UNCERTAINTY_MEASURE_WITH_UNIT (LENGTH_MEASURE( 1.000000000000000082E-05 ), #1383, 'distance_accuracy_value', 'NONE');
#1897 = SURFACE_STYLE_USAGE ( .BOTH. , #2853 ) ;
#1898 = ORIENTED_EDGE ( 'NONE', *, *, #1790, .F. ) ;
#1899 = SURFACE_STYLE_FILL_AREA ( #3124 ) ;
#1900 = CIRCLE ( 'NONE', #2047, 0.09999999999999989453 ) ;
#1901 = CARTESIAN_POINT ( 'NONE',  ( 2.500000000000000888, 3.699999999999999734, 2.500000000000000444 ) ) ;
#1902 = EDGE_CURVE ( 'NONE', #2838, #3157, #2197, .T. ) ;
#1903 =( LENGTH_UNIT ( ) NAMED_UNIT ( * ) SI_UNIT ( .MILLI., .METRE. ) );
#1904 = ORIENTED_EDGE ( 'NONE', *, *, #401, .T. ) ;
#1905 = DIRECTION ( 'NONE',  ( -0.0000000000000000000, -1.000000000000000000, -0.0000000000000000000 ) ) ;
#1906 = CARTESIAN_POINT ( 'NONE',  ( -2.966133037562176611, 3.684274223613094978, -2.312762782730329203 ) ) ;
#1907 = EDGE_CURVE ( 'NONE', #1106, #1780, #2658, .T. ) ;
#1908 = AXIS2_PLACEMENT_3D ( 'NONE', #253, #1266, #1726 ) ;
#1909 = CARTESIAN_POINT ( 'NONE',  ( -2.999999999999999112, 0.5000000000000000000, 2.613227601898243435 ) ) ;
#1910 = ORIENTED_EDGE ( 'NONE', *, *, #2052, .F. ) ;
#1911 = PLANE ( 'NONE',  #1140 ) ;
#1912 = FACE_OUTER_BOUND ( 'NONE', #1208, .T. ) ;
#1913 = APPLICATION_PROTOCOL_DEFINITION ( 'draft international standard', 'automotive_design', 1998, #2681 ) ;
#1914 = CARTESIAN_POINT ( 'NONE',  ( 2.557278109769573593, 3.600000000008451551, -2.999999999999999556 ) ) ;
#1915 = VERTEX_POINT ( 'NONE', #985 ) ;
#1916 = CARTESIAN_POINT ( 'NONE',  ( -3.000000000000000000, 3.600000000000000089, -2.999999999999999556 ) ) ;
#1917 = CARTESIAN_POINT ( 'NONE',  ( -3.000000000000000000, 3.600000000000000089, -2.999999999999999556 ) ) ;
#1918 = ORIENTED_EDGE ( 'NONE', *, *, #1961, .T. ) ;
#1919 = CARTESIAN_POINT ( 'NONE',  ( -2.248028725398032890, 3.625569324408267402, 2.932861735364019395 ) ) ;
#1920 = AXIS2_PLACEMENT_3D ( 'NONE', #482, #2142, #2871 ) ;
#1921 =( LENGTH_UNIT ( ) NAMED_UNIT ( * ) SI_UNIT ( .MILLI., .METRE. ) );
#1922 = DIRECTION ( 'NONE',  ( 0.0000000000000000000, 1.000000000000000000, 0.0000000000000000000 ) ) ;
#1923 = VECTOR ( 'NONE', #169, 1000.000000000000000 ) ;
#1924 = ADVANCED_FACE ( 'NONE', ( #1524 ), #2554, .F. ) ;
#1925 = ORIENTED_EDGE ( 'NONE', *, *, #1249, .F. ) ;
#1926 = PRESENTATION_STYLE_ASSIGNMENT (( #1859 ) ) ;
#1927 = ORIENTED_EDGE ( 'NONE', *, *, #1026, .F. ) ;
#1928 = ADVANCED_FACE ( 'NONE', ( #1421 ), #240, .T. ) ;
#1929 = DIRECTION ( 'NONE',  ( 0.0000000000000000000, 1.000000000000000000, 0.0000000000000000000 ) ) ;
#1930 = STYLED_ITEM ( 'NONE', ( #216 ), #2160 ) ;
#1931 = CARTESIAN_POINT ( 'NONE',  ( -2.499999999999999112, 3.999999999999999112, 2.500000000000000444 ) ) ;
#1932 = PRESENTATION_STYLE_ASSIGNMENT (( #1230 ) ) ;
#1933 = ORIENTED_EDGE ( 'NONE', *, *, #1245, .F. ) ;
#1934 = DIRECTION ( 'NONE',  ( -0.0000000000000000000, -1.000000000000000000, -0.0000000000000000000 ) ) ;
#1935 = CARTESIAN_POINT ( 'NONE',  ( -3.000000000000000000, 0.0000000000000000000, -2.586772398101757631 ) ) ;
#1936 = EDGE_LOOP ( 'NONE', ( #2415, #1696, #1918 ) ) ;
#1937 = FILL_AREA_STYLE_COLOUR ( '', #630 ) ;
#1938 = DIRECTION ( 'NONE',  ( 0.0000000000000000000, 0.0000000000000000000, -1.000000000000000000 ) ) ;
#1939 = FILL_AREA_STYLE ('',( #1281 ) ) ;
#1940 = ORIENTED_EDGE ( 'NONE', *, *, #104, .F. ) ;
#1941 = CARTESIAN_POINT ( 'NONE',  ( -2.999999999999999112, 0.5000000000000000000, 2.613227601898243435 ) ) ;
#1942 = ORIENTED_EDGE ( 'NONE', *, *, #647, .F. ) ;
#1943 = STYLED_ITEM ( 'NONE', ( #528 ), #2543 ) ;
#1944 = ADVANCED_FACE ( 'NONE', ( #2278 ), #1701, .F. ) ;
#1945 = DIRECTION ( 'NONE',  ( -0.0000000000000000000, -1.000000000000000000, -0.0000000000000000000 ) ) ;
#1946 =( GEOMETRIC_REPRESENTATION_CONTEXT ( 3 ) GLOBAL_UNCERTAINTY_ASSIGNED_CONTEXT ( ( #786 ) ) GLOBAL_UNIT_ASSIGNED_CONTEXT ( ( #257, #337, #590 ) ) REPRESENTATION_CONTEXT ( 'NONE', 'WORKASPACE' ) );
#1947 = AXIS2_PLACEMENT_3D ( 'NONE', #1798, #794, #592 ) ;
#1948 = CARTESIAN_POINT ( 'NONE',  ( 3.000000000000000444, 0.5000000000000000000, 2.613227601898187480 ) ) ;
#1949 = LINE ( 'NONE', #1998, #6 ) ;
#1950 = VERTEX_POINT ( 'NONE', #3021 ) ;
#1951 = LINE ( 'NONE', #2725, #2929 ) ;
#1952 = CARTESIAN_POINT ( 'NONE',  ( 2.945827323110186580, 3.700000000000000178, 2.267575944468994908 ) ) ;
#1953 = EDGE_LOOP ( 'NONE', ( #799, #377, #2320, #2945 ) ) ;
#1954 = CARTESIAN_POINT ( 'NONE',  ( -2.999999999999999112, 3.600000000000000089, 2.275315344595858935 ) ) ;
#1955 = CARTESIAN_POINT ( 'NONE',  ( -2.999999999999999112, 0.0000000000000000000, 3.000000000000000444 ) ) ;
#1956 = VERTEX_POINT ( 'NONE', #617 ) ;
#1957 = VECTOR ( 'NONE', #1656, 1000.000000000000000 ) ;
#1958 = CARTESIAN_POINT ( 'NONE',  ( -2.932861735364062916, 3.625569324408273619, -2.751971274602015072 ) ) ;
#1959 = FACE_OUTER_BOUND ( 'NONE', #1155, .T. ) ;
#1960 = CARTESIAN_POINT ( 'NONE',  ( 2.499999999999983569, 4.099999999999999645, -2.499999999999999556 ) ) ;
#1961 = EDGE_CURVE ( 'NONE', #1560, #691, #1062, .T. ) ;
#1962 = UNCERTAINTY_MEASURE_WITH_UNIT (LENGTH_MEASURE( 1.000000000000000082E-05 ), #483, 'distance_accuracy_value', 'NONE');
#1963 = SURFACE_STYLE_FILL_AREA ( #1480 ) ;
#1964 =( NAMED_UNIT ( * ) PLANE_ANGLE_UNIT ( ) SI_UNIT ( $, .RADIAN. ) );
#1965 = ADVANCED_FACE ( 'NONE', ( #2038 ), #3068, .F. ) ;
#1966 = DIRECTION ( 'NONE',  ( 2.168404344971006896E-16, -0.0000000000000000000, 1.000000000000000000 ) ) ;
#1967 = ORIENTED_EDGE ( 'NONE', *, *, #1622, .F. ) ;
#1968 = PRESENTATION_STYLE_ASSIGNMENT (( #2213 ) ) ;
#1969 = DIRECTION ( 'NONE',  ( 0.0000000000000000000, 0.0000000000000000000, 1.000000000000000000 ) ) ;
#1970 = CIRCLE ( 'NONE', #1291, 1.750000000000000000 ) ;
#1971 = AXIS2_PLACEMENT_3D ( 'NONE', #769, #1695, #520 ) ;
#1972 = ORIENTED_EDGE ( 'NONE', *, *, #2712, .F. ) ;
#1973 = CARTESIAN_POINT ( 'NONE',  ( 0.0000000000000000000, 5.000000000000000000, 0.0000000000000000000 ) ) ;
#1974 = CARTESIAN_POINT ( 'NONE',  ( 2.916666666666663854, 3.699999999999999734, -2.223614600803736963 ) ) ;
#1975 = DIRECTION ( 'NONE',  ( -0.5527707983925663759, 0.0000000000000000000, 0.8333333333333334814 ) ) ;
#1976 = AXIS2_PLACEMENT_3D ( 'NONE', #2051, #839, #1817 ) ;
#1977 = ORIENTED_EDGE ( 'NONE', *, *, #1031, .F. ) ;
#1978 = B_SPLINE_CURVE_WITH_KNOTS ( 'NONE', 3,
 ( #45, #978, #15, #30, #2457, #990 ),
 .UNSPECIFIED., .F., .F.,
 ( 4, 2, 4 ),
 ( 0.0000000000000000000, 0.0001582084005062998238, 0.0003164168010125996476 ),
 .UNSPECIFIED. ) ;
#1979 =( NAMED_UNIT ( * ) PLANE_ANGLE_UNIT ( ) SI_UNIT ( $, .RADIAN. ) );
#1980 = ORIENTED_EDGE ( 'NONE', *, *, #935, .T. ) ;
#1981 = PRESENTATION_LAYER_ASSIGNMENT (  '', '', ( #295 ) ) ;
#1982 = DIRECTION ( 'NONE',  ( 1.000000000000000000, -0.0000000000000000000, 1.224646799147353207E-16 ) ) ;
#1983 = EDGE_CURVE ( 'NONE', #2745, #2491, #1826, .T. ) ;
#1984 = CARTESIAN_POINT ( 'NONE',  ( 2.999999999999984457, 0.0000000000000000000, -2.586772398101812698 ) ) ;
#1985 = VECTOR ( 'NONE', #1444, 1000.000000000000000 ) ;
#1986 = AXIS2_PLACEMENT_3D ( 'NONE', #2560, #1519, #1568 ) ;
#1987 = ORIENTED_EDGE ( 'NONE', *, *, #2577, .F. ) ;
#1988 = DIRECTION ( 'NONE',  ( 0.0000000000000000000, -0.0000000000000000000, 1.000000000000000000 ) ) ;
#1989 = CARTESIAN_POINT ( 'NONE',  ( -2.776385399196282133, 3.699999999999999734, 2.916666666666667407 ) ) ;
#1990 = DIRECTION ( 'NONE',  ( 0.0000000000000000000, 0.0000000000000000000, 1.000000000000000000 ) ) ;
#1991 = CARTESIAN_POINT ( 'NONE',  ( -2.500000000000016431, 4.099999999999999645, -2.999999999999999556 ) ) ;
#1992 = DIRECTION ( 'NONE',  ( 0.0000000000000000000, 1.000000000000000000, 0.0000000000000000000 ) ) ;
#1993 = VECTOR ( 'NONE', #494, 1000.000000000000000 ) ;
#1994 = MECHANICAL_DESIGN_GEOMETRIC_PRESENTATION_REPRESENTATION (  '', ( #2519 ), #1371 ) ;
#1995 = CARTESIAN_POINT ( 'NONE',  ( -2.831662479035538471, 3.600000000000000089, 3.000000000000000444 ) ) ;
#1996 = ORIENTED_EDGE ( 'NONE', *, *, #421, .F. ) ;
#1997 =( LENGTH_UNIT ( ) NAMED_UNIT ( * ) SI_UNIT ( .MILLI., .METRE. ) );
#1998 = CARTESIAN_POINT ( 'NONE',  ( -3.000000000000014655, 0.5000000000000000000, -1.886772398101757009 ) ) ;
#1999 = ORIENTED_EDGE ( 'NONE', *, *, #1647, .T. ) ;
#2000 = DIRECTION ( 'NONE',  ( 0.0000000000000000000, 1.000000000000000000, 0.0000000000000000000 ) ) ;
#2001 = EDGE_CURVE ( 'NONE', #2733, #1956, #348, .T. ) ;
#2002 = ORIENTED_EDGE ( 'NONE', *, *, #1666, .T. ) ;
#2003 = EDGE_CURVE ( 'NONE', #488, #2030, #856, .T. ) ;
#2004 = PRESENTATION_STYLE_ASSIGNMENT (( #2316 ) ) ;
#2005 = PRESENTATION_STYLE_ASSIGNMENT (( #2032 ) ) ;
#2006 = VERTEX_POINT ( 'NONE', #1355 ) ;
#2007 = PRESENTATION_STYLE_ASSIGNMENT (( #2531 ) ) ;
#2008 = CARTESIAN_POINT ( 'NONE',  ( 2.916666666666666963, 3.599999999999999645, 2.776385399196283910 ) ) ;
#2009 = CARTESIAN_POINT ( 'NONE',  ( 2.547705239736934413, 3.623369864511618577, 3.000000000000000444 ) ) ;
#2010 = ORIENTED_EDGE ( 'NONE', *, *, #2832, .F. ) ;
#2011 =( LENGTH_UNIT ( ) NAMED_UNIT ( * ) SI_UNIT ( .MILLI., .METRE. ) );
#2012 =( NAMED_UNIT ( * ) PLANE_ANGLE_UNIT ( ) SI_UNIT ( $, .RADIAN. ) );
#2013 = CARTESIAN_POINT ( 'NONE',  ( -3.000000000000000000, 3.600000000000000089, -2.168337520964434439 ) ) ;
#2014 = B_SPLINE_CURVE_WITH_KNOTS ( 'NONE', 3,
 ( #76, #2092, #3053, #2279, #1282, #105 ),
 .UNSPECIFIED., .F., .F.,
 ( 4, 2, 4 ),
 ( -4.474903157225547555E-06, 0.0001522058141937811455, 0.0003088865315447878097 ),
 .UNSPECIFIED. ) ;
#2015 = DIRECTION ( 'NONE',  ( 0.0000000000000000000, 1.000000000000000000, 0.0000000000000000000 ) ) ;
#2016 = SURFACE_SIDE_STYLE ('',( #345 ) ) ;
#2017 = VECTOR ( 'NONE', #1049, 1000.000000000000000 ) ;
#2018 = EDGE_CURVE ( 'NONE', #3049, #2940, #3072, .T. ) ;
#2019 = ORIENTED_EDGE ( 'NONE', *, *, #1321, .T. ) ;
#2020 = FILL_AREA_STYLE ('',( #316 ) ) ;
#2021 = CARTESIAN_POINT ( 'NONE',  ( 3.000000000000000000, 3.600000000000000089, -2.999999999999999556 ) ) ;
#2022 = CARTESIAN_POINT ( 'NONE',  ( -2.393546422386309214, 3.623612607644040029, -2.991033313951028116 ) ) ;
#2023 = UNCERTAINTY_MEASURE_WITH_UNIT (LENGTH_MEASURE( 1.000000000000000082E-05 ), #248, 'distance_accuracy_value', 'NONE');
#2024 = DIRECTION ( 'NONE',  ( 0.0000000000000000000, 0.0000000000000000000, 1.000000000000000000 ) ) ;
#2025 = ORIENTED_EDGE ( 'NONE', *, *, #989, .T. ) ;
#2026 = CARTESIAN_POINT ( 'NONE',  ( 2.447596228062197454, 3.611669078431037683, 3.000051453690477654 ) ) ;
#2027 = CARTESIAN_POINT ( 'NONE',  ( 4.999999999999985789, 0.0000000000000000000, -2.586772398101813142 ) ) ;
#2028 = AXIS2_PLACEMENT_3D ( 'NONE', #1774, #2761, #455 ) ;
#2029 = AXIS2_PLACEMENT_3D ( 'NONE', #1901, #1137, #692 ) ;
#2030 = VERTEX_POINT ( 'NONE', #1802 ) ;
#2031 = FILL_AREA_STYLE ('',( #792 ) ) ;
#2032 = SURFACE_STYLE_USAGE ( .BOTH. , #2016 ) ;
#2033 = DIRECTION ( 'NONE',  ( -1.239088197126290669E-15, 0.0000000000000000000, 1.000000000000000000 ) ) ;
#2034 = EDGE_CURVE ( 'NONE', #3117, #2410, #311, .T. ) ;
#2035 = CARTESIAN_POINT ( 'NONE',  ( 2.500000000000000888, 4.099999999999999645, 2.500000000000000444 ) ) ;
#2036 =( GEOMETRIC_REPRESENTATION_CONTEXT ( 3 ) GLOBAL_UNCERTAINTY_ASSIGNED_CONTEXT ( ( #201 ) ) GLOBAL_UNIT_ASSIGNED_CONTEXT ( ( #2082, #1785, #1331 ) ) REPRESENTATION_CONTEXT ( 'NONE', 'WORKASPACE' ) );
#2037 = CARTESIAN_POINT ( 'NONE',  ( -2.999999999999999112, 0.0000000000000000000, 3.000000000000000444 ) ) ;
#2038 = FACE_OUTER_BOUND ( 'NONE', #255, .T. ) ;
#2039 = EDGE_CURVE ( 'NONE', #1131, #2379, #1336, .T. ) ;
#2040 = CARTESIAN_POINT ( 'NONE',  ( -2.500000000000016431, 3.600000000000000089, -2.999999999999999556 ) ) ;
#2041 = ORIENTED_EDGE ( 'NONE', *, *, #1361, .F. ) ;
#2042 = CARTESIAN_POINT ( 'NONE',  ( -2.999999999999999112, 3.600000000008451551, 2.557278109769569596 ) ) ;
#2043 = DIRECTION ( 'NONE',  ( 0.0000000000000000000, 0.0000000000000000000, -1.000000000000000000 ) ) ;
#2044 = COLOUR_RGB ( '',1.000000000000000000, 1.000000000000000000, 0.5019607843137254832 ) ;
#2045 = FACE_OUTER_BOUND ( 'NONE', #1704, .T. ) ;
#2046 = DIRECTION ( 'NONE',  ( 0.0000000000000000000, 0.0000000000000000000, -1.000000000000000000 ) ) ;
#2047 = AXIS2_PLACEMENT_3D ( 'NONE', #3069, #2386, #1652 ) ;
#2048 = CARTESIAN_POINT ( 'NONE',  ( 0.0000000000000000000, 3.600000000000000089, 0.0000000000000000000 ) ) ;
#2049 = DIRECTION ( 'NONE',  ( 0.0000000000000000000, 1.000000000000000000, 0.0000000000000000000 ) ) ;
#2050 = CARTESIAN_POINT ( 'NONE',  ( 3.000000000000000888, 3.623369864505884497, 2.547705239739769922 ) ) ;
#2051 = CARTESIAN_POINT ( 'NONE',  ( 2.499999999999983569, 3.699999999999999734, -2.499999999999999556 ) ) ;
#2052 = EDGE_CURVE ( 'NONE', #3024, #807, #2340, .T. ) ;
#2053 = UNCERTAINTY_MEASURE_WITH_UNIT (LENGTH_MEASURE( 1.000000000000000082E-05 ), #1488, 'distance_accuracy_value', 'NONE');
#2054 = DIRECTION ( 'NONE',  ( -0.0000000000000000000, -1.000000000000000000, -0.0000000000000000000 ) ) ;
#2055 = ORIENTED_EDGE ( 'NONE', *, *, #2970, .T. ) ;
#2056 = VECTOR ( 'NONE', #1887, 1000.000000000000000 ) ;
#2057 = SURFACE_SIDE_STYLE ('',( #2313 ) ) ;
#2058 = EDGE_CURVE ( 'NONE', #392, #349, #511, .T. ) ;
#2059 = CARTESIAN_POINT ( 'NONE',  ( -2.552403771937802546, 3.611669078431037683, 3.000051453690477654 ) ) ;
#2060 = LINE ( 'NONE', #1256, #1257 ) ;
#2061 =( NAMED_UNIT ( * ) PLANE_ANGLE_UNIT ( ) SI_UNIT ( $, .RADIAN. ) );
#2062 = CARTESIAN_POINT ( 'NONE',  ( -2.999999999999999112, 3.600000000000000089, 2.831662479035540247 ) ) ;
#2063 = PRESENTATION_STYLE_ASSIGNMENT (( #376 ) ) ;
#2064 = ORIENTED_EDGE ( 'NONE', *, *, #2524, .T. ) ;
#2065 = AXIS2_PLACEMENT_3D ( 'NONE', #1751, #1929, #2184 ) ;
#2066 = VECTOR ( 'NONE', #3020, 1000.000000000000000 ) ;
#2067 = AXIS2_PLACEMENT_3D ( 'NONE', #347, #613, #3019 ) ;
#2068 =( NAMED_UNIT ( * ) PLANE_ANGLE_UNIT ( ) SI_UNIT ( $, .RADIAN. ) );
#2069 = ORIENTED_EDGE ( 'NONE', *, *, #704, .T. ) ;
#2070 = LINE ( 'NONE', #1087, #32 ) ;
#2071 = DIRECTION ( 'NONE',  ( 1.000000000000000000, -0.0000000000000000000, 1.224646799147353207E-16 ) ) ;
#2072 = EDGE_CURVE ( 'NONE', #2385, #2588, #1012, .T. ) ;
#2073 = LINE ( 'NONE', #1838, #1343 ) ;
#2074 = ORIENTED_EDGE ( 'NONE', *, *, #2648, .T. ) ;
#2075 = CARTESIAN_POINT ( 'NONE',  ( -2.966133037562172170, 3.684274223613093646, 2.687237217269633494 ) ) ;
#2076 = LINE ( 'NONE', #2783, #463 ) ;
#2077 = ADVANCED_FACE ( 'NONE', ( #1310 ), #2186, .F. ) ;
#2078 = DIRECTION ( 'NONE',  ( -0.0000000000000000000, -1.000000000000000000, -0.0000000000000000000 ) ) ;
#2079 = AXIS2_PLACEMENT_3D ( 'NONE', #2439, #2888, #2867 ) ;
#2080 = SURFACE_STYLE_FILL_AREA ( #1597 ) ;
#2081 = DIRECTION ( 'NONE',  ( 0.0000000000000000000, 0.0000000000000000000, 1.000000000000000000 ) ) ;
#2082 =( LENGTH_UNIT ( ) NAMED_UNIT ( * ) SI_UNIT ( .MILLI., .METRE. ) );
#2083 = ORIENTED_EDGE ( 'NONE', *, *, #935, .F. ) ;
#2084 = COLOUR_RGB ( '',1.000000000000000000, 1.000000000000000000, 1.000000000000000000 ) ;
#2085 = FILL_AREA_STYLE ('',( #1669 ) ) ;
#2086 = ORIENTED_EDGE ( 'NONE', *, *, #1225, .F. ) ;
#2087 = CARTESIAN_POINT ( 'NONE',  ( 0.0000000000000000000, 3.699999999999999734, 0.0000000000000000000 ) ) ;
#2088 = COLOUR_RGB ( '',1.000000000000000000, 1.000000000000000000, 0.5019607843137254832 ) ;
#2089 = CARTESIAN_POINT ( 'NONE',  ( -2.447596228062214774, 3.611669078431037239, -3.000051453690476766 ) ) ;
#2090 = UNCERTAINTY_MEASURE_WITH_UNIT (LENGTH_MEASURE( 1.000000000000000082E-05 ), #1840, 'distance_accuracy_value', 'NONE');
#2091 = CIRCLE ( 'NONE', #2975, 0.09999999999999990841 ) ;
#2092 = CARTESIAN_POINT ( 'NONE',  ( 2.546901817830969250, 3.622976176725396957, 3.000000000000000000 ) ) ;
#2093 = EDGE_LOOP ( 'NONE', ( #1498, #122, #2776, #387 ) ) ;
#2094 = CARTESIAN_POINT ( 'NONE',  ( -2.991033313951029449, 3.623612607644039141, 2.606453577613717432 ) ) ;
#2095 = CARTESIAN_POINT ( 'NONE',  ( -2.499999999999999112, 4.099999999999999645, 2.100000000000000533 ) ) ;
#2096 = AXIS2_PLACEMENT_3D ( 'NONE', #1700, #984, #239 ) ;
#2097 = VERTEX_POINT ( 'NONE', #102 ) ;
#2098 =( GEOMETRIC_REPRESENTATION_CONTEXT ( 3 ) GLOBAL_UNCERTAINTY_ASSIGNED_CONTEXT ( ( #1511 ) ) GLOBAL_UNIT_ASSIGNED_CONTEXT ( ( #2011, #525, #2973 ) ) REPRESENTATION_CONTEXT ( 'NONE', 'WORKASPACE' ) );
#2099 = DIRECTION ( 'NONE',  ( -0.0000000000000000000, -1.000000000000000000, -0.0000000000000000000 ) ) ;
#2100 = ADVANCED_FACE ( 'NONE', ( #2807 ), #662, .T. ) ;
#2101 =( BOUNDED_SURFACE ( )  B_SPLINE_SURFACE ( 3, 2, ( 
 ( #1039, #574, #1797 ),
 ( #3012, #2539, #1082 ),
 ( #801, #3026, #3059 ),
 ( #1068, #638, #2999 ),
 ( #1549, #2059, #1809 ),
 ( #1533, #1845, #82 ) ),
 .UNSPECIFIED., .F., .F., .F. ) 
 B_SPLINE_SURFACE_WITH_KNOTS ( ( 4, 2, 4 ),
 ( 3, 3 ),
 ( 0.0002026797876447660482, 0.0003878795832598727362, 0.0005730793788749794513 ),
 ( 0.0000000000000000000, 1.000000000000000000 ),
 .UNSPECIFIED. ) 
 GEOMETRIC_REPRESENTATION_ITEM ( )  RATIONAL_B_SPLINE_SURFACE ( (
 ( 1.000000000000000000, 0.7071067811865475727, 1.000000000000000000),
 ( 1.000000000000000000, 0.8076804016272352005, 1.000000000000000000),
 ( 1.000000000000000000, 0.8813333892563365302, 1.000000000000000000),
 ( 1.000000000000000000, 0.9768264690301832198, 1.000000000000000000),
 ( 1.000000000000000000, 0.9997049196372853608, 1.000000000000000000),
 ( 1.000000000000000000, 1.000000000000000000, 1.000000000000000000) ) ) 
 REPRESENTATION_ITEM ( '' )  SURFACE ( )  );
#2102 = SURFACE_SIDE_STYLE ('',( #3148 ) ) ;
#2103 = ORIENTED_EDGE ( 'NONE', *, *, #2478, .T. ) ;
#2104 = EDGE_CURVE ( 'NONE', #2379, #855, #3103, .T. ) ;
#2105 = CARTESIAN_POINT ( 'NONE',  ( 0.0000000000000000000, 3.600000000000000089, 0.0000000000000000000 ) ) ;
#2106 = VERTEX_POINT ( 'NONE', #1673 ) ;
#2107 = CARTESIAN_POINT ( 'NONE',  ( 2.296049812379489907, 3.631789486066394623, -2.959914156188593992 ) ) ;
#2108 = DIRECTION ( 'NONE',  ( 0.0000000000000000000, -0.0000000000000000000, 1.000000000000000000 ) ) ;
#2109 = EDGE_LOOP ( 'NONE', ( #1313, #1028, #320, #158, #2584, #2228, #2215, #1676 ) ) ;
#2110 = LINE ( 'NONE', #417, #276 ) ;
#2111 = CIRCLE ( 'NONE', #2944, 0.09999999999999989453 ) ;
#2112 = CARTESIAN_POINT ( 'NONE',  ( 2.547359124372995165, 3.623200201217638305, -3.000000000000000000 ) ) ;
#2113 = EDGE_LOOP ( 'NONE', ( #2130, #2176, #863 ) ) ;
#2114 =( NAMED_UNIT ( * ) SI_UNIT ( $, .STERADIAN. ) SOLID_ANGLE_UNIT ( ) );
#2115 = EDGE_CURVE ( 'NONE', #3049, #1560, #2719, .T. ) ;
#2116 = DIRECTION ( 'NONE',  ( -1.000000000000000000, 0.0000000000000000000, -0.0000000000000000000 ) ) ;
#2117 = CARTESIAN_POINT ( 'NONE',  ( -2.499999999999999112, 4.099999999999999645, 2.500000000000000444 ) ) ;
#2118 = ORIENTED_EDGE ( 'NONE', *, *, #850, .T. ) ;
#2119 = EDGE_CURVE ( 'NONE', #2460, #2842, #293, .T. ) ;
#2120 = ORIENTED_EDGE ( 'NONE', *, *, #1694, .F. ) ;
#2121 = PRESENTATION_STYLE_ASSIGNMENT (( #838 ) ) ;
#2122 = AXIS2_PLACEMENT_3D ( 'NONE', #2717, #3169, #2704 ) ;
#2123 = MECHANICAL_DESIGN_GEOMETRIC_PRESENTATION_REPRESENTATION (  '', ( #2906 ), #2653 ) ;
#2124 = AXIS2_PLACEMENT_3D ( 'NONE', #1755, #2923, #2744 ) ;
#2125 = PLANE ( 'NONE',  #654 ) ;
#2126 = EDGE_LOOP ( 'NONE', ( #2344, #1972, #2972 ) ) ;
#2127 = TOROIDAL_SURFACE ( 'NONE', #1146, 1.649999999999999911, 0.1000000000000000056 ) ;
#2128 = SURFACE_STYLE_USAGE ( .BOTH. , #2603 ) ;
#2129 = CARTESIAN_POINT ( 'NONE',  ( 2.993569762768191644, 3.645869444099572032, -2.406665988745783746 ) ) ;
#2130 = ORIENTED_EDGE ( 'NONE', *, *, #1907, .F. ) ;
#2131 =( NAMED_UNIT ( * ) PLANE_ANGLE_UNIT ( ) SI_UNIT ( $, .RADIAN. ) );
#2132 = CARTESIAN_POINT ( 'NONE',  ( 2.499999999999983569, 3.699999999999999734, -1.999999999999999556 ) ) ;
#2133 = FACE_OUTER_BOUND ( 'NONE', #884, .T. ) ;
#2134 = CARTESIAN_POINT ( 'NONE',  ( -2.916666666666666075, 3.699999999999999734, 2.776385399196283910 ) ) ;
#2135 = DIRECTION ( 'NONE',  ( 0.0000000000000000000, 1.000000000000000000, 0.0000000000000000000 ) ) ;
#2136 = ORIENTED_EDGE ( 'NONE', *, *, #2039, .T. ) ;
#2137 = AXIS2_PLACEMENT_3D ( 'NONE', #724, #2669, #1169 ) ;
#2138 =( NAMED_UNIT ( * ) SI_UNIT ( $, .STERADIAN. ) SOLID_ANGLE_UNIT ( ) );
#2139 = LINE ( 'NONE', #2668, #437 ) ;
#2140 =( GEOMETRIC_REPRESENTATION_CONTEXT ( 3 ) GLOBAL_UNCERTAINTY_ASSIGNED_CONTEXT ( ( #2869 ) ) GLOBAL_UNIT_ASSIGNED_CONTEXT ( ( #1115, #2155, #1631 ) ) REPRESENTATION_CONTEXT ( 'NONE', 'WORKASPACE' ) );
#2141 = EDGE_CURVE ( 'NONE', #2460, #2168, #761, .T. ) ;
#2142 = DIRECTION ( 'NONE',  ( 0.0000000000000000000, 0.0000000000000000000, 1.000000000000000000 ) ) ;
#2143 = MECHANICAL_DESIGN_GEOMETRIC_PRESENTATION_REPRESENTATION (  '', ( #302 ), #144 ) ;
#2144 = CARTESIAN_POINT ( 'NONE',  ( 3.000000000000000888, 3.600000000000000089, 2.500000000000000444 ) ) ;
#2145 = EDGE_LOOP ( 'NONE', ( #12, #3149, #106, #335 ) ) ;
#2146 = SURFACE_SIDE_STYLE ('',( #2674 ) ) ;
#2147 = CARTESIAN_POINT ( 'NONE',  ( -2.500000000000016431, 3.600000000000000089, -1.899999999999999689 ) ) ;
#2148 = EDGE_CURVE ( 'NONE', #901, #2097, #449, .T. ) ;
#2149 = CARTESIAN_POINT ( 'NONE',  ( 2.732430204447944710, 3.699999999999999289, -2.945823244380102235 ) ) ;
#2150 = VERTEX_POINT ( 'NONE', #1185 ) ;
#2151 = CARTESIAN_POINT ( 'NONE',  ( -2.393546422386292782, 3.623612607644039141, 2.991033313951042771 ) ) ;
#2152 = SURFACE_SIDE_STYLE ('',( #2365 ) ) ;
#2153 = MECHANICAL_DESIGN_GEOMETRIC_PRESENTATION_REPRESENTATION (  '', ( #2769 ), #2977 ) ;
#2154 = PRESENTATION_LAYER_ASSIGNMENT (  '', '', ( #673 ) ) ;
#2155 =( NAMED_UNIT ( * ) PLANE_ANGLE_UNIT ( ) SI_UNIT ( $, .RADIAN. ) );
#2156 = VERTEX_POINT ( 'NONE', #1375 ) ;
#2157 = CARTESIAN_POINT ( 'NONE',  ( -2.500000000000016431, 3.699999999999999734, -2.499999999999999556 ) ) ;
#2158 = CARTESIAN_POINT ( 'NONE',  ( -4.999999999999999112, 0.5000000000000000000, 2.613227601898243435 ) ) ;
#2159 = CARTESIAN_POINT ( 'NONE',  ( 2.999999999999984901, 0.5000000000000000000, -1.886772398101812964 ) ) ;
#2160 = ADVANCED_FACE ( 'NONE', ( #1912 ), #1866, .T. ) ;
#2161 = FACE_OUTER_BOUND ( 'NONE', #762, .T. ) ;
#2162 = EDGE_LOOP ( 'NONE', ( #600, #2914, #2136, #2933 ) ) ;
#2163 =( NAMED_UNIT ( * ) SI_UNIT ( $, .STERADIAN. ) SOLID_ANGLE_UNIT ( ) );
#2164 = EDGE_CURVE ( 'NONE', #2811, #2895, #911, .T. ) ;
#2165 = LINE ( 'NONE', #453, #1923 ) ;
#2166 = CARTESIAN_POINT ( 'NONE',  ( -2.999999999999999112, 3.600000000000000089, 2.219694621219316932 ) ) ;
#2167 = CARTESIAN_POINT ( 'NONE',  ( 0.0000000000000000000, 3.600000000000000089, 0.0000000000000000000 ) ) ;
#2168 = VERTEX_POINT ( 'NONE', #2373 ) ;
#2169 = LINE ( 'NONE', #264, #699 ) ;
#2170 = SURFACE_STYLE_USAGE ( .BOTH. , #706 ) ;
#2171 =( NAMED_UNIT ( * ) PLANE_ANGLE_UNIT ( ) SI_UNIT ( $, .RADIAN. ) );
#2172 = VERTEX_POINT ( 'NONE', #2405 ) ;
#2173 = CARTESIAN_POINT ( 'NONE',  ( 5.000000000000001776, 0.5000000000000000000, 1.913227601898187524 ) ) ;
#2174 = CIRCLE ( 'NONE', #2335, 0.5000000000000000000 ) ;
#2175 = DIRECTION ( 'NONE',  ( -1.000000000000000000, -0.0000000000000000000, -0.0000000000000000000 ) ) ;
#2176 = ORIENTED_EDGE ( 'NONE', *, *, #1337, .T. ) ;
#2177 = CARTESIAN_POINT ( 'NONE',  ( -3.000000000000003109, 3.700000000000002842, -2.168337520964432219 ) ) ;
#2178 = CARTESIAN_POINT ( 'NONE',  ( 2.966664292743217857, 3.683790028687282447, 2.314130757359058599 ) ) ;
#2179 = EDGE_CURVE ( 'NONE', #2673, #2150, #2921, .T. ) ;
#2180 = VERTEX_POINT ( 'NONE', #659 ) ;
#2181 =( NAMED_UNIT ( * ) SI_UNIT ( $, .STERADIAN. ) SOLID_ANGLE_UNIT ( ) );
#2182 = DIRECTION ( 'NONE',  ( -0.0000000000000000000, -1.000000000000000000, -0.0000000000000000000 ) ) ;
#2183 = ORIENTED_EDGE ( 'NONE', *, *, #3140, .T. ) ;
#2184 = DIRECTION ( 'NONE',  ( 0.0000000000000000000, 0.0000000000000000000, 1.000000000000000000 ) ) ;
#2185 = PRESENTATION_STYLE_ASSIGNMENT (( #1259 ) ) ;
#2186 = TOROIDAL_SURFACE ( 'NONE', #1976, 0.5999999999999999778, 0.1000000000000000056 ) ;
#2187 = DIRECTION ( 'NONE',  ( 1.239088197126290669E-15, 0.0000000000000000000, -1.000000000000000000 ) ) ;
#2188 = AXIS2_PLACEMENT_3D ( 'NONE', #429, #1623, #2376 ) ;
#2189 = APPLICATION_PROTOCOL_DEFINITION ( 'draft international standard', 'automotive_design', 1998, #1379 ) ;
#2190 = DIRECTION ( 'NONE',  ( 6.195440985631457289E-16, -0.0000000000000000000, 1.000000000000000000 ) ) ;
#2191 = ORIENTED_EDGE ( 'NONE', *, *, #222, .T. ) ;
#2192 = PRESENTATION_LAYER_ASSIGNMENT (  '', '', ( #456 ) ) ;
#2193 = LINE ( 'NONE', #787, #1791 ) ;
#2194 = ORIENTED_EDGE ( 'NONE', *, *, #778, .T. ) ;
#2195 = PLANE ( 'NONE',  #1167 ) ;
#2196 = CARTESIAN_POINT ( 'NONE',  ( 2.223614600803717867, 3.699999999999999734, 2.916666666666667407 ) ) ;
#2197 = LINE ( 'NONE', #7, #612 ) ;
#2198 = AXIS2_PLACEMENT_3D ( 'NONE', #2258, #1520, #1536 ) ;
#2199 = ORIENTED_EDGE ( 'NONE', *, *, #539, .T. ) ;
#2200 = CARTESIAN_POINT ( 'NONE',  ( -2.999999999999999112, 3.600000000000000089, 2.386657852715847294 ) ) ;
#2201 = ADVANCED_FACE ( 'NONE', ( #3086 ), #707, .T. ) ;
#2202 = LINE ( 'NONE', #1223, #1215 ) ;
#2203 = VERTEX_POINT ( 'NONE', #2496 ) ;
#2204 = VECTOR ( 'NONE', #3109, 1000.000000000000000 ) ;
#2205 = CIRCLE ( 'NONE', #1030, 0.1000000000000001305 ) ;
#2206 = PLANE ( 'NONE',  #1986 ) ;
#2207 = ADVANCED_FACE ( 'NONE', ( #1753 ), #1255, .T. ) ;
#2208 = CARTESIAN_POINT ( 'NONE',  ( -2.685869242640959609, 3.683790028687282447, -2.966664292743216969 ) ) ;
#2209 = CARTESIAN_POINT ( 'NONE',  ( 2.966658480787232488, 3.683794204368510350, 2.685882249516248876 ) ) ;
#2210 =( BOUNDED_SURFACE ( )  B_SPLINE_SURFACE ( 3, 2, ( 
 ( #2709, #771, #237 ),
 ( #1758, #2227, #2747 ),
 ( #551, #1027, #2 ),
 ( #1512, #1712, #1743 ),
 ( #1008, #2957, #981 ),
 ( #2734, #2939, #505 ) ),
 .UNSPECIFIED., .F., .F., .F. ) 
 B_SPLINE_SURFACE_WITH_KNOTS ( ( 4, 2, 4 ),
 ( 3, 3 ),
 ( 0.0002026797876446790139, 0.0003878795832597078290, 0.0005730793788747366984 ),
 ( 0.0000000000000000000, 1.000000000000000000 ),
 .UNSPECIFIED. ) 
 GEOMETRIC_REPRESENTATION_ITEM ( )  RATIONAL_B_SPLINE_SURFACE ( (
 ( 1.000000000000000000, 0.7071067811865462405, 1.000000000000000000),
 ( 1.000000000000000000, 0.8076804016272184361, 1.000000000000000000),
 ( 1.000000000000000000, 0.8813333892563289806, 1.000000000000000000),
 ( 1.000000000000000000, 0.9768264690301443620, 1.000000000000000000),
 ( 1.000000000000000000, 0.9997049196372319591, 1.000000000000000000),
 ( 1.000000000000000000, 1.000000000000000000, 1.000000000000000000) ) ) 
 REPRESENTATION_ITEM ( '' )  SURFACE ( )  );
#2211 = DIRECTION ( 'NONE',  ( 1.000000000000000000, -0.0000000000000000000, -0.0000000000000000000 ) ) ;
#2212 = ORIENTED_EDGE ( 'NONE', *, *, #2730, .T. ) ;
#2213 = SURFACE_STYLE_USAGE ( .BOTH. , #1221 ) ;
#2214 = CARTESIAN_POINT ( 'NONE',  ( -2.500000000000016431, 4.099999999999999645, -2.100000000000000089 ) ) ;
#2215 = ORIENTED_EDGE ( 'NONE', *, *, #1861, .T. ) ;
#2216 = CARTESIAN_POINT ( 'NONE',  ( -2.999999999999999112, 3.600000000000000089, 2.500000000000000444 ) ) ;
#2217 = DIRECTION ( 'NONE',  ( 0.0000000000000000000, 0.0000000000000000000, 1.000000000000000000 ) ) ;
#2218 = ORIENTED_EDGE ( 'NONE', *, *, #3100, .F. ) ;
#2219 = MECHANICAL_DESIGN_GEOMETRIC_PRESENTATION_REPRESENTATION (  '', ( #1598 ), #115 ) ;
#2220 = FACE_OUTER_BOUND ( 'NONE', #2109, .T. ) ;
#2221 = DIRECTION ( 'NONE',  ( -1.445602896647339163E-16, 0.0000000000000000000, -1.000000000000000000 ) ) ;
#2222 =( NAMED_UNIT ( * ) SI_UNIT ( $, .STERADIAN. ) SOLID_ANGLE_UNIT ( ) );
#2223 = EDGE_CURVE ( 'NONE', #1956, #439, #1206, .T. ) ;
#2224 = CARTESIAN_POINT ( 'NONE',  ( -2.546901817830984349, 3.622976176725396957, -2.999999999999998668 ) ) ;
#2225 = ORIENTED_EDGE ( 'NONE', *, *, #2407, .T. ) ;
#2226 = DIRECTION ( 'NONE',  ( -1.000000000000000000, 0.0000000000000000000, 2.168404344971006896E-16 ) ) ;
#2227 = CARTESIAN_POINT ( 'NONE',  ( 2.932861735363973210, 3.625569324408286054, -2.751971274601972883 ) ) ;
#2228 = ORIENTED_EDGE ( 'NONE', *, *, #698, .T. ) ;
#2229 = LINE ( 'NONE', #1777, #2774 ) ;
#2230 = DIRECTION ( 'NONE',  ( 0.0000000000000000000, 1.000000000000000000, 0.0000000000000000000 ) ) ;
#2231 = AXIS2_PLACEMENT_3D ( 'NONE', #214, #2479, #3150 ) ;
#2232 = AXIS2_PLACEMENT_3D ( 'NONE', #2806, #118, #3005 ) ;
#2233 = COLOUR_RGB ( '',0.7921568627450980005, 0.8196078431372548767, 0.9333333333333333481 ) ;
#2234 = VERTEX_POINT ( 'NONE', #296 ) ;
#2235 = AXIS2_PLACEMENT_3D ( 'NONE', #2799, #2330, #127 ) ;
#2236 = DIRECTION ( 'NONE',  ( 0.0000000000000000000, -0.0000000000000000000, 1.000000000000000000 ) ) ;
#2237 = DIRECTION ( 'NONE',  ( 0.0000000000000000000, 0.0000000000000000000, -1.000000000000000000 ) ) ;
#2238 = PRESENTATION_STYLE_ASSIGNMENT (( #249 ) ) ;
#2239 = DIRECTION ( 'NONE',  ( 1.000000000000000000, 0.0000000000000000000, -2.168404344971006896E-16 ) ) ;
#2240 = CARTESIAN_POINT ( 'NONE',  ( -2.223614600803715646, 3.699999999999999734, 2.916666666666667407 ) ) ;
#2241 = MECHANICAL_DESIGN_GEOMETRIC_PRESENTATION_REPRESENTATION (  '', ( #1465 ), #3162 ) ;
#2242 = VERTEX_POINT ( 'NONE', #2480 ) ;
#2243 = PRODUCT ( 'User Library-TACT SMD 6X6', 'User Library-TACT SMD 6X6', '', ( #3104 ) ) ;
#2244 = CARTESIAN_POINT ( 'NONE',  ( 3.000000000000000888, 3.600000000000000089, 2.500000000000000444 ) ) ;
#2245 = EDGE_CURVE ( 'NONE', #843, #384, #1228, .T. ) ;
#2246 = CARTESIAN_POINT ( 'NONE',  ( 2.831662479035541136, 3.600000000000000089, 3.000000000000000444 ) ) ;
#2247 = ORIENTED_EDGE ( 'NONE', *, *, #2561, .F. ) ;
#2248 = DIRECTION ( 'NONE',  ( 0.0000000000000000000, 1.000000000000000000, 0.0000000000000000000 ) ) ;
#2249 = ADVANCED_FACE ( 'NONE', ( #3171 ), #542, .F. ) ;
#2250 = COLOUR_RGB ( '',1.000000000000000000, 1.000000000000000000, 0.5019607843137254832 ) ;
#2251 = VECTOR ( 'NONE', #1692, 1000.000000000000000 ) ;
#2252 = ORIENTED_EDGE ( 'NONE', *, *, #2285, .T. ) ;
#2253 = SURFACE_STYLE_USAGE ( .BOTH. , #2273 ) ;
#2254 = STYLED_ITEM ( 'NONE', ( #845 ), #367 ) ;
#2255 = PRESENTATION_LAYER_ASSIGNMENT (  '', '', ( #3067 ) ) ;
#2256 = DIRECTION ( 'NONE',  ( 0.0000000000000000000, 1.000000000000000000, 0.0000000000000000000 ) ) ;
#2257 = FILL_AREA_STYLE ('',( #1503 ) ) ;
#2258 = CARTESIAN_POINT ( 'NONE',  ( -2.499999999999999112, 3.699999999999999734, 2.500000000000000444 ) ) ;
#2259 = AXIS2_PLACEMENT_3D ( 'NONE', #1973, #1238, #2236 ) ;
#2260 = ORIENTED_EDGE ( 'NONE', *, *, #2285, .F. ) ;
#2261 = AXIS2_PLACEMENT_3D ( 'NONE', #507, #1252, #2941 ) ;
#2262 = SURFACE_SIDE_STYLE ('',( #1587 ) ) ;
#2263 = ORIENTED_EDGE ( 'NONE', *, *, #2072, .F. ) ;
#2264 = CARTESIAN_POINT ( 'NONE',  ( 3.000000000000000888, 3.600000000000000089, 2.831662479035540692 ) ) ;
#2265 = EDGE_CURVE ( 'NONE', #2475, #3049, #714, .T. ) ;
#2266 = CARTESIAN_POINT ( 'NONE',  ( 2.703950187620495438, 3.631789486066379968, 2.959914156188595324 ) ) ;
#2267 = EDGE_LOOP ( 'NONE', ( #1327, #1427, #2371, #117 ) ) ;
#2268 = CARTESIAN_POINT ( 'NONE',  ( -2.500000000000016431, 3.600000000000000089, -2.999999999999999556 ) ) ;
#2269 = DIRECTION ( 'NONE',  ( 0.0000000000000000000, 1.000000000000000000, 0.0000000000000000000 ) ) ;
#2270 = B_SPLINE_CURVE_WITH_KNOTS ( 'NONE', 3,
 ( #1213, #1447, #954, #25, #1738, #1240 ),
 .UNSPECIFIED., .F., .F.,
 ( 4, 2, 4 ),
 ( 0.0000000000000000000, 0.0001582084005063095274, 0.0003164168010126190548 ),
 .UNSPECIFIED. ) ;
#2271 = ADVANCED_FACE ( 'NONE', ( #1505 ), #1515, .F. ) ;
#2272 = ORIENTED_EDGE ( 'NONE', *, *, #2119, .T. ) ;
#2273 = SURFACE_SIDE_STYLE ('',( #2768 ) ) ;
#2274 = SURFACE_SIDE_STYLE ('',( #2494 ) ) ;
#2275 = ORIENTED_EDGE ( 'NONE', *, *, #2245, .T. ) ;
#2276 = CARTESIAN_POINT ( 'NONE',  ( -2.500000000000016431, 3.699999999999999734, -1.999999999999999556 ) ) ;
#2277 = CARTESIAN_POINT ( 'NONE',  ( 3.000000000000000888, 3.600000000000000089, 2.780305378780664416 ) ) ;
#2278 = FACE_OUTER_BOUND ( 'NONE', #1277, .T. ) ;
#2279 = CARTESIAN_POINT ( 'NONE',  ( 2.685869242640943622, 3.683790028687282447, 2.966664292743216969 ) ) ;
#2280 = ORIENTED_EDGE ( 'NONE', *, *, #970, .F. ) ;
#2281 =( LENGTH_UNIT ( ) NAMED_UNIT ( * ) SI_UNIT ( .MILLI., .METRE. ) );
#2282 = VECTOR ( 'NONE', #1945, 1000.000000000000000 ) ;
#2283 = CARTESIAN_POINT ( 'NONE',  ( -2.831662479035558011, 3.700000000000002842, -3.000000000000003109 ) ) ;
#2284 = CARTESIAN_POINT ( 'NONE',  ( 2.916666666666667851, 3.699999999999999734, 2.223614600803716979 ) ) ;
#2285 = EDGE_CURVE ( 'NONE', #2842, #2460, #1352, .T. ) ;
#2286 = AXIS2_PLACEMENT_3D ( 'NONE', #370, #1572, #2777 ) ;
#2287 =( GEOMETRIC_REPRESENTATION_CONTEXT ( 3 ) GLOBAL_UNCERTAINTY_ASSIGNED_CONTEXT ( ( #1537 ) ) GLOBAL_UNIT_ASSIGNED_CONTEXT ( ( #1619, #164, #1134 ) ) REPRESENTATION_CONTEXT ( 'NONE', 'WORKASPACE' ) );
#2288 =( NAMED_UNIT ( * ) PLANE_ANGLE_UNIT ( ) SI_UNIT ( $, .RADIAN. ) );
#2289 = CIRCLE ( 'NONE', #3099, 0.3999999999999997446 ) ;
#2290 =( NAMED_UNIT ( * ) SI_UNIT ( $, .STERADIAN. ) SOLID_ANGLE_UNIT ( ) );
#2291 = CARTESIAN_POINT ( 'NONE',  ( 2.499999999999983569, 4.099999999999999645, -2.100000000000000089 ) ) ;
#2292 = VERTEX_POINT ( 'NONE', #1260 ) ;
#2293 =( NAMED_UNIT ( * ) SI_UNIT ( $, .STERADIAN. ) SOLID_ANGLE_UNIT ( ) );
#2294 = CARTESIAN_POINT ( 'NONE',  ( 2.993575243856129386, 3.645857703358438506, -2.593308178279244203 ) ) ;
#2295 = B_SPLINE_CURVE_WITH_KNOTS ( 'NONE', 3,
 ( #1175, #2624, #2378, #2129, #1439, #1189 ),
 .UNSPECIFIED., .F., .F.,
 ( 4, 2, 4 ),
 ( 0.0000000000000000000, 0.0001582084005062903641, 0.0003164168010125807283 ),
 .UNSPECIFIED. ) ;
#2296 = CARTESIAN_POINT ( 'NONE',  ( -2.557278109769596242, 3.600000000008451551, -2.999999999999999556 ) ) ;
#2297 = ORIENTED_EDGE ( 'NONE', *, *, #3105, .T. ) ;
#2298 = CARTESIAN_POINT ( 'NONE',  ( -2.999999999999999112, 3.600000000000000089, 2.613342147284164696 ) ) ;
#2299 = CARTESIAN_POINT ( 'NONE',  ( 3.000000000000000000, 3.600000000000000089, -2.999999999999999556 ) ) ;
#2300 = VECTOR ( 'NONE', #448, 1000.000000000000000 ) ;
#2301 = LINE ( 'NONE', #1563, #754 ) ;
#2302 = DIRECTION ( 'NONE',  ( -0.0000000000000000000, -1.000000000000000000, -0.0000000000000000000 ) ) ;
#2303 = EDGE_CURVE ( 'NONE', #1231, #1585, #3121, .T. ) ;
#2304 = CARTESIAN_POINT ( 'NONE',  ( -3.000000000000008438, 3.600000000008451551, -2.557278109769669516 ) ) ;
#2305 = FACE_OUTER_BOUND ( 'NONE', #2485, .T. ) ;
#2306 = EDGE_CURVE ( 'NONE', #2421, #2733, #2413, .T. ) ;
#2307 = CARTESIAN_POINT ( 'NONE',  ( -2.999999999999998224, 0.0000000000000000000, 1.913227601898243480 ) ) ;
#2308 = ORIENTED_EDGE ( 'NONE', *, *, #1174, .T. ) ;
#2309 = CIRCLE ( 'NONE', #976, 0.5000000000000000000 ) ;
#2310 =( NAMED_UNIT ( * ) PLANE_ANGLE_UNIT ( ) SI_UNIT ( $, .RADIAN. ) );
#2311 = CARTESIAN_POINT ( 'NONE',  ( 2.499999999999983569, 3.699999999999999734, -2.499999999999999556 ) ) ;
#2312 = ORIENTED_EDGE ( 'NONE', *, *, #1031, .T. ) ;
#2313 = SURFACE_STYLE_FILL_AREA ( #2586 ) ;
#2314 = ORIENTED_EDGE ( 'NONE', *, *, #2953, .F. ) ;
#2315 = CARTESIAN_POINT ( 'NONE',  ( -2.993575243856140933, 3.645857703358418078, 2.593308178279266407 ) ) ;
#2316 = SURFACE_STYLE_USAGE ( .BOTH. , #2274 ) ;
#2317 = DIRECTION ( 'NONE',  ( 0.0000000000000000000, 1.000000000000000000, 0.0000000000000000000 ) ) ;
#2318 = VERTEX_POINT ( 'NONE', #1320 ) ;
#2319 = CARTESIAN_POINT ( 'NONE',  ( 4.999999999999985789, 0.5000000000000000000, -1.886772398101812964 ) ) ;
#2320 = ORIENTED_EDGE ( 'NONE', *, *, #1606, .F. ) ;
#2321 = CARTESIAN_POINT ( 'NONE',  ( 3.000000000000000888, 3.600000000000000089, 2.500000000000000444 ) ) ;
#2322 = DIRECTION ( 'NONE',  ( 0.0000000000000000000, 0.0000000000000000000, 1.000000000000000000 ) ) ;
#2323 = ADVANCED_FACE ( 'NONE', ( #1813 ), #2872, .F. ) ;
#2324 = UNCERTAINTY_MEASURE_WITH_UNIT (LENGTH_MEASURE( 1.000000000000000082E-05 ), #3170, 'distance_accuracy_value', 'NONE');
#2325 = CARTESIAN_POINT ( 'NONE',  ( -2.606453577613735639, 3.623612607644013384, -2.991033313951029449 ) ) ;
#2326 = EDGE_LOOP ( 'NONE', ( #968, #1132, #1459, #629 ) ) ;
#2327 =( GEOMETRIC_REPRESENTATION_CONTEXT ( 3 ) GLOBAL_UNCERTAINTY_ASSIGNED_CONTEXT ( ( #2090 ) ) GLOBAL_UNIT_ASSIGNED_CONTEXT ( ( #1840, #2571, #1328 ) ) REPRESENTATION_CONTEXT ( 'NONE', 'WORKASPACE' ) );
#2328 = CARTESIAN_POINT ( 'NONE',  ( 2.219694621219327590, 3.600000000000000089, 3.000000000000000444 ) ) ;
#2329 =( NAMED_UNIT ( * ) SI_UNIT ( $, .STERADIAN. ) SOLID_ANGLE_UNIT ( ) );
#2330 = DIRECTION ( 'NONE',  ( 0.0000000000000000000, 1.000000000000000000, 0.0000000000000000000 ) ) ;
#2331 = CYLINDRICAL_SURFACE ( 'NONE', #3052, 0.5000000000000000000 ) ;
#2332 = CARTESIAN_POINT ( 'NONE',  ( -2.499999999999999112, 3.699999999999999734, 2.000000000000000444 ) ) ;
#2333 = CARTESIAN_POINT ( 'NONE',  ( 0.0000000000000000000, 0.5000000000000000000, 0.0000000000000000000 ) ) ;
#2334 = ORIENTED_EDGE ( 'NONE', *, *, #1011, .F. ) ;
#2335 = AXIS2_PLACEMENT_3D ( 'NONE', #344, #2256, #3015 ) ;
#2336 = PRESENTATION_LAYER_ASSIGNMENT (  '', '', ( #3046 ) ) ;
#2337 = FILL_AREA_STYLE_COLOUR ( '', #1395 ) ;
#2338 = ORIENTED_EDGE ( 'NONE', *, *, #2738, .T. ) ;
#2339 = CARTESIAN_POINT ( 'NONE',  ( 2.959914156188609535, 3.631789486066380856, 2.703950187620510093 ) ) ;
#2340 = LINE ( 'NONE', #2778, #87 ) ;
#2341 = CIRCLE ( 'NONE', #1341, 0.5000000000000000000 ) ;
#2342 = ADVANCED_FACE ( 'NONE', ( #2305 ), #1084, .T. ) ;
#2343 = CARTESIAN_POINT ( 'NONE',  ( 2.500000000000000888, 3.699999999999999734, 2.000000000000000444 ) ) ;
#2344 = ORIENTED_EDGE ( 'NONE', *, *, #545, .T. ) ;
#2345 = ADVANCED_FACE ( 'NONE', ( #114 ), #2546, .F. ) ;
#2346 = LINE ( 'NONE', #1144, #2598 ) ;
#2347 = STYLED_ITEM ( 'NONE', ( #566 ), #1928 ) ;
#2348 = CARTESIAN_POINT ( 'NONE',  ( -3.000000000000000000, 3.600000000000000089, -2.499999999999999556 ) ) ;
#2349 = COLOUR_RGB ( '',1.000000000000000000, 1.000000000000000000, 0.5019607843137254832 ) ;
#2350 = LINE ( 'NONE', #2383, #1885 ) ;
#2351 = FACE_OUTER_BOUND ( 'NONE', #1211, .T. ) ;
#2352 = ORIENTED_EDGE ( 'NONE', *, *, #545, .F. ) ;
#2353 =( LENGTH_UNIT ( ) NAMED_UNIT ( * ) SI_UNIT ( .MILLI., .METRE. ) );
#2354 = PRESENTATION_LAYER_ASSIGNMENT (  '', '', ( #568 ) ) ;
#2355 = DIRECTION ( 'NONE',  ( -0.5527707983925663759, 0.0000000000000000000, 0.8333333333333335924 ) ) ;
#2356 = AXIS2_PLACEMENT_3D ( 'NONE', #871, #1848, #594 ) ;
#2357 = CARTESIAN_POINT ( 'NONE',  ( 2.831662479035523816, 3.600000000000000089, -2.999999999999999556 ) ) ;
#2358 = ORIENTED_EDGE ( 'NONE', *, *, #1861, .F. ) ;
#2359 = LINE ( 'NONE', #418, #915 ) ;
#2360 = VECTOR ( 'NONE', #2175, 1000.000000000000000 ) ;
#2361 = CARTESIAN_POINT ( 'NONE',  ( 2.500000000000000888, 3.699999999999999734, 2.500000000000000444 ) ) ;
#2362 = MECHANICAL_DESIGN_GEOMETRIC_PRESENTATION_REPRESENTATION (  '', ( #3073 ), #1946 ) ;
#2363 = ORIENTED_EDGE ( 'NONE', *, *, #2034, .T. ) ;
#2364 = PRESENTATION_LAYER_ASSIGNMENT (  '', '', ( #3074 ) ) ;
#2365 = SURFACE_STYLE_FILL_AREA ( #1681 ) ;
#2366 = ADVANCED_FACE ( 'NONE', ( #628 ), #1479, .T. ) ;
#2367 = DIRECTION ( 'NONE',  ( -1.000000000000000000, 0.0000000000000000000, 2.168404344971006896E-16 ) ) ;
#2368 = CARTESIAN_POINT ( 'NONE',  ( 2.776385399196266590, 3.699999999999999734, -2.916666666666666519 ) ) ;
#2369 = ORIENTED_EDGE ( 'NONE', *, *, #527, .T. ) ;
#2370 = SURFACE_STYLE_USAGE ( .BOTH. , #1372 ) ;
#2371 = ORIENTED_EDGE ( 'NONE', *, *, #1289, .F. ) ;
#2372 = FILL_AREA_STYLE ('',( #1617 ) ) ;
#2373 = CARTESIAN_POINT ( 'NONE',  ( 2.500000000000000888, 4.099999999999999645, 2.900000000000000355 ) ) ;
#2374 = VERTEX_POINT ( 'NONE', #2834 ) ;
#2375 = LINE ( 'NONE', #942, #1186 ) ;
#2376 = DIRECTION ( 'NONE',  ( 0.0000000000000000000, -0.0000000000000000000, 1.000000000000000000 ) ) ;
#2377 = VECTOR ( 'NONE', #485, 1000.000000000000000 ) ;
#2378 = CARTESIAN_POINT ( 'NONE',  ( 2.966658480787222274, 3.683794204368514347, -2.314117750483767555 ) ) ;
#2379 = VERTEX_POINT ( 'NONE', #822 ) ;
#2380 = CARTESIAN_POINT ( 'NONE',  ( 0.0000000000000000000, 0.5000000000000000000, 0.0000000000000000000 ) ) ;
#2381 = DIRECTION ( 'NONE',  ( 0.0000000000000000000, 0.0000000000000000000, -1.000000000000000000 ) ) ;
#2382 =( NAMED_UNIT ( * ) PLANE_ANGLE_UNIT ( ) SI_UNIT ( $, .RADIAN. ) );
#2383 = CARTESIAN_POINT ( 'NONE',  ( 2.500000000000000888, 4.099999999999999645, 3.000000000000000444 ) ) ;
#2384 = EDGE_CURVE ( 'NONE', #349, #2097, #1067, .T. ) ;
#2385 = VERTEX_POINT ( 'NONE', #1387 ) ;
#2386 = DIRECTION ( 'NONE',  ( 0.8333333333333335924, 0.0000000000000000000, 0.5527707983925663759 ) ) ;
#2387 = DIRECTION ( 'NONE',  ( -1.239088197126291655E-15, 0.0000000000000000000, -1.000000000000000000 ) ) ;
#2388 = ADVANCED_FACE ( 'NONE', ( #2351 ), #671, .T. ) ;
#2389 = DIRECTION ( 'NONE',  ( 0.0000000000000000000, 1.000000000000000000, 0.0000000000000000000 ) ) ;
#2390 = UNCERTAINTY_MEASURE_WITH_UNIT (LENGTH_MEASURE( 1.000000000000000082E-05 ), #571, 'distance_accuracy_value', 'NONE');
#2391 = AXIS2_PLACEMENT_3D ( 'NONE', #582, #100, #824 ) ;
#2392 = CARTESIAN_POINT ( 'NONE',  ( 2.594451784970587926, 3.646400741536913959, -2.993372723763364274 ) ) ;
#2393 = EDGE_LOOP ( 'NONE', ( #1832, #1601, #2522, #2338 ) ) ;
#2394 = FACE_OUTER_BOUND ( 'NONE', #3132, .T. ) ;
#2395 = CARTESIAN_POINT ( 'NONE',  ( -2.499999999999999112, 4.099999999999999645, 2.900000000000000355 ) ) ;
#2396 = VERTEX_POINT ( 'NONE', #212 ) ;
#2397 =( LENGTH_UNIT ( ) NAMED_UNIT ( * ) SI_UNIT ( .MILLI., .METRE. ) );
#2398 = FACE_OUTER_BOUND ( 'NONE', #735, .T. ) ;
#2399 = FILL_AREA_STYLE_COLOUR ( '', #2809 ) ;
#2400 = DIRECTION ( 'NONE',  ( 0.8333333333333339255, -1.917808961611998455E-14, -0.5527707983925659319 ) ) ;
#2401 = EDGE_LOOP ( 'NONE', ( #924, #213 ) ) ;
#2402 = AXIS2_PLACEMENT_3D ( 'NONE', #1960, #2705, #531 ) ;
#2403 = EDGE_CURVE ( 'NONE', #2443, #2385, #2727, .T. ) ;
#2404 = CARTESIAN_POINT ( 'NONE',  ( -2.500000000000016431, 3.999999999999999112, -2.499999999999999556 ) ) ;
#2405 = CARTESIAN_POINT ( 'NONE',  ( -2.916666666666669183, 3.699999999999999734, -2.776385399196303450 ) ) ;
#2406 = AXIS2_PLACEMENT_3D ( 'NONE', #1129, #193, #2081 ) ;
#2407 = EDGE_CURVE ( 'NONE', #1585, #2396, #3014, .T. ) ;
#2408 = PRESENTATION_LAYER_ASSIGNMENT (  '', '', ( #1521 ) ) ;
#2409 = SURFACE_STYLE_FILL_AREA ( #1377 ) ;
#2410 = VERTEX_POINT ( 'NONE', #1426 ) ;
#2411 = FILL_AREA_STYLE ('',( #896 ) ) ;
#2412 = COLOUR_RGB ( '',0.0000000000000000000, 0.0000000000000000000, 0.0000000000000000000 ) ;
#2413 = CIRCLE ( 'NONE', #2565, 1.750000000000000000 ) ;
#2414 = CARTESIAN_POINT ( 'NONE',  ( -2.945823244380100903, 3.699999999999999289, 2.267569795552038858 ) ) ;
#2415 = ORIENTED_EDGE ( 'NONE', *, *, #421, .T. ) ;
#2416 = CARTESIAN_POINT ( 'NONE',  ( -3.000000000000013767, 0.5000000000000000000, -2.586772398101757187 ) ) ;
#2417 = AXIS2_PLACEMENT_3D ( 'NONE', #1893, #2420, #2862 ) ;
#2418 = DIRECTION ( 'NONE',  ( -0.0000000000000000000, -1.000000000000000000, -0.0000000000000000000 ) ) ;
#2419 = CARTESIAN_POINT ( 'NONE',  ( 2.945078047713287628, 3.699999602836188561, -2.266446369307135278 ) ) ;
#2420 = DIRECTION ( 'NONE',  ( -0.0000000000000000000, -1.000000000000000000, -0.0000000000000000000 ) ) ;
#2421 = VERTEX_POINT ( 'NONE', #1181 ) ;
#2422 = CARTESIAN_POINT ( 'NONE',  ( -2.999999999999998224, 0.5000000000000000000, 1.913227601898243480 ) ) ;
#2423 = DIRECTION ( 'NONE',  ( -0.0000000000000000000, -1.000000000000000000, -0.0000000000000000000 ) ) ;
#2424 = SURFACE_STYLE_FILL_AREA ( #2904 ) ;
#2425 =( BOUNDED_SURFACE ( )  B_SPLINE_SURFACE ( 3, 2, ( 
 ( #1805, #2536, #636 ),
 ( #336, #1593, #601 ),
 ( #1092, #1297, #2075 ),
 ( #2298, #2094, #1065 ),
 ( #2042, #2795, #3010 ),
 ( #3055, #1561, #139 ) ),
 .UNSPECIFIED., .F., .F., .F. ) 
 B_SPLINE_SURFACE_WITH_KNOTS ( ( 4, 2, 4 ),
 ( 3, 3 ),
 ( 0.0002026797876446717768, 0.0003878795832597118948, 0.0005730793788747519856 ),
 ( 0.0000000000000000000, 1.000000000000000000 ),
 .UNSPECIFIED. ) 
 GEOMETRIC_REPRESENTATION_ITEM ( )  RATIONAL_B_SPLINE_SURFACE ( (
 ( 1.000000000000000000, 0.7071067811865462405, 1.000000000000000000),
 ( 1.000000000000000000, 0.8076804016272162157, 1.000000000000000000),
 ( 1.000000000000000000, 0.8813333892563648408, 1.000000000000000000),
 ( 1.000000000000000000, 0.9768264690301589059, 1.000000000000000000),
 ( 1.000000000000000000, 0.9997049196373044566, 1.000000000000000000),
 ( 1.000000000000000000, 1.000000000000000000, 1.000000000000000000) ) ) 
 REPRESENTATION_ITEM ( '' )  SURFACE ( )  );
#2426 = EDGE_LOOP ( 'NONE', ( #2369, #672 ) ) ;
#2427 = CARTESIAN_POINT ( 'NONE',  ( -5.000000000000015987, 0.5000000000000000000, -2.586772398101756743 ) ) ;
#2428 = EDGE_CURVE ( 'NONE', #1609, #2475, #2309, .T. ) ;
#2429 = CARTESIAN_POINT ( 'NONE',  ( 2.593334011254218474, 3.645869444099551604, -2.993569762768204079 ) ) ;
#2430 = ORIENTED_EDGE ( 'NONE', *, *, #218, .F. ) ;
#2431 = DIRECTION ( 'NONE',  ( 0.5527707983926084534, 0.0000000000000000000, -0.8333333333333057258 ) ) ;
#2432 = PRESENTATION_STYLE_ASSIGNMENT (( #2713 ) ) ;
#2433 = SURFACE_STYLE_FILL_AREA ( #2463 ) ;
#2434 = ORIENTED_EDGE ( 'NONE', *, *, #2832, .T. ) ;
#2435 = FACE_OUTER_BOUND ( 'NONE', #369, .T. ) ;
#2436 = DIRECTION ( 'NONE',  ( 1.239088197126290669E-15, 0.0000000000000000000, -1.000000000000000000 ) ) ;
#2437 = ORIENTED_EDGE ( 'NONE', *, *, #382, .T. ) ;
#2438 = DIRECTION ( 'NONE',  ( 1.239088197126291458E-15, -0.0000000000000000000, 1.000000000000000000 ) ) ;
#2439 = CARTESIAN_POINT ( 'NONE',  ( 2.831662479035543356, 3.700000000000002842, 3.000000000000003553 ) ) ;
#2440 = DIRECTION ( 'NONE',  ( 0.0000000000000000000, 0.0000000000000000000, -1.000000000000000000 ) ) ;
#2441 = CIRCLE ( 'NONE', #2232, 0.5000000000000000000 ) ;
#2442 = ADVANCED_FACE ( 'NONE', ( #907 ), #409, .T. ) ;
#2443 = VERTEX_POINT ( 'NONE', #2368 ) ;
#2444 = CARTESIAN_POINT ( 'NONE',  ( 3.000000000000000888, 3.600000000000000089, 2.168337520964460641 ) ) ;
#2445 = STYLED_ITEM ( 'NONE', ( #1932 ), #3022 ) ;
#2446 = CYLINDRICAL_SURFACE ( 'NONE', #1575, 0.5000000000000000000 ) ;
#2447 = CIRCLE ( 'NONE', #550, 0.5000000000000000000 ) ;
#2448 = EDGE_CURVE ( 'NONE', #492, #552, #817, .T. ) ;
#2449 = DIRECTION ( 'NONE',  ( 1.445602896647339163E-16, 0.0000000000000000000, 1.000000000000000000 ) ) ;
#2450 = ORIENTED_EDGE ( 'NONE', *, *, #2582, .T. ) ;
#2451 = CARTESIAN_POINT ( 'NONE',  ( -3.000000000000000000, 3.600000000000000089, -2.831662479035564672 ) ) ;
#2452 = DIRECTION ( 'NONE',  ( 1.000000000000000000, 0.0000000000000000000, -1.445602896647339163E-16 ) ) ;
#2453 = AXIS2_PLACEMENT_3D ( 'NONE', #3135, #1122, #1895 ) ;
#2454 = PRESENTATION_STYLE_ASSIGNMENT (( #975 ) ) ;
#2455 = VECTOR ( 'NONE', #897, 1000.000000000000000 ) ;
#2456 = UNCERTAINTY_MEASURE_WITH_UNIT (LENGTH_MEASURE( 1.000000000000000082E-05 ), #2646, 'distance_accuracy_value', 'NONE');
#2457 = CARTESIAN_POINT ( 'NONE',  ( -2.547359124373010708, 3.623200201217638305, 3.000000000000000444 ) ) ;
#2458 = ORIENTED_EDGE ( 'NONE', *, *, #1109, .T. ) ;
#2459 = DIRECTION ( 'NONE',  ( 1.000000000000000000, -0.0000000000000000000, -0.0000000000000000000 ) ) ;
#2460 = VERTEX_POINT ( 'NONE', #2686 ) ;
#2461 = PLANE ( 'NONE',  #2261 ) ;
#2462 = LINE ( 'NONE', #19, #1095 ) ;
#2463 = FILL_AREA_STYLE ('',( #2959 ) ) ;
#2464 = LINE ( 'NONE', #260, #1985 ) ;
#2465 = VERTEX_POINT ( 'NONE', #226 ) ;
#2466 = EDGE_CURVE ( 'NONE', #615, #930, #147, .T. ) ;
#2467 = SURFACE_SIDE_STYLE ('',( #1226 ) ) ;
#2468 = CIRCLE ( 'NONE', #2683, 0.1000000000000001305 ) ;
#2469 =( NAMED_UNIT ( * ) PLANE_ANGLE_UNIT ( ) SI_UNIT ( $, .RADIAN. ) );
#2470 = CARTESIAN_POINT ( 'NONE',  ( -3.000000000000000000, 0.5000000000000000000, -2.586772398101757187 ) ) ;
#2471 = CARTESIAN_POINT ( 'NONE',  ( -2.499999999999999112, 4.099999999999999645, 2.000000000000000444 ) ) ;
#2472 = CARTESIAN_POINT ( 'NONE',  ( 2.594451784970611463, 3.646400741536913515, 2.993372723763363386 ) ) ;
#2473 = ORIENTED_EDGE ( 'NONE', *, *, #2306, .F. ) ;
#2474 = DIRECTION ( 'NONE',  ( -0.0000000000000000000, -1.000000000000000000, -0.0000000000000000000 ) ) ;
#2475 = VERTEX_POINT ( 'NONE', #1989 ) ;
#2476 = PLANE ( 'NONE',  #2259 ) ;
#2477 = AXIS2_PLACEMENT_3D ( 'NONE', #2173, #204, #3155 ) ;
#2478 = EDGE_CURVE ( 'NONE', #3024, #2978, #2202, .T. ) ;
#2479 = DIRECTION ( 'NONE',  ( -0.0000000000000000000, -1.000000000000000000, -0.0000000000000000000 ) ) ;
#2480 = CARTESIAN_POINT ( 'NONE',  ( -3.000000000000000000, 3.600000000000000089, -2.499999999999999556 ) ) ;
#2481 = EDGE_CURVE ( 'NONE', #1353, #2633, #1737, .T. ) ;
#2482 = CARTESIAN_POINT ( 'NONE',  ( 5.000000000000000888, 0.0000000000000000000, 2.613227601898187480 ) ) ;
#2483 = ORIENTED_EDGE ( 'NONE', *, *, #2738, .F. ) ;
#2484 =( NAMED_UNIT ( * ) SI_UNIT ( $, .STERADIAN. ) SOLID_ANGLE_UNIT ( ) );
#2485 = EDGE_LOOP ( 'NONE', ( #1999, #2614, #1742, #1702 ) ) ;
#2486 = FILL_AREA_STYLE_COLOUR ( '', #1430 ) ;
#2487 = CARTESIAN_POINT ( 'NONE',  ( 2.499999999999983569, 3.999999999999999112, -2.100000000000000089 ) ) ;
#2488 = STYLED_ITEM ( 'NONE', ( #1351 ), #667 ) ;
#2489 = COLOUR_RGB ( '',0.0000000000000000000, 0.0000000000000000000, 0.0000000000000000000 ) ;
#2490 = CIRCLE ( 'NONE', #1768, 0.5000000000000000000 ) ;
#2491 = VERTEX_POINT ( 'NONE', #1491 ) ;
#2492 = CARTESIAN_POINT ( 'NONE',  ( -5.000000000000015099, 0.5000000000000000000, -1.886772398101757009 ) ) ;
#2493 = AXIS2_PLACEMENT_3D ( 'NONE', #536, #1938, #54 ) ;
#2494 = SURFACE_STYLE_FILL_AREA ( #1318 ) ;
#2495 = DIRECTION ( 'NONE',  ( 0.0000000000000000000, 0.0000000000000000000, 1.000000000000000000 ) ) ;
#2496 = CARTESIAN_POINT ( 'NONE',  ( -2.499999999999999112, 3.999999999999999112, 2.000000000000000444 ) ) ;
#2497 = EDGE_LOOP ( 'NONE', ( #1543, #1472, #994, #2225, #982, #1182, #791, #1293 ) ) ;
#2498 = EDGE_CURVE ( 'NONE', #2379, #1950, #515, .T. ) ;
#2499 =( NAMED_UNIT ( * ) PLANE_ANGLE_UNIT ( ) SI_UNIT ( $, .RADIAN. ) );
#2500 = COLOUR_RGB ( '',0.0000000000000000000, 0.0000000000000000000, 0.0000000000000000000 ) ;
#2501 = ORIENTED_EDGE ( 'NONE', *, *, #2478, .F. ) ;
#2502 = PLANE ( 'NONE',  #1908 ) ;
#2503 = EDGE_CURVE ( 'NONE', #174, #2838, #1579, .T. ) ;
#2504 = AXIS2_PLACEMENT_3D ( 'NONE', #2720, #988, #2239 ) ;
#2505 = CARTESIAN_POINT ( 'NONE',  ( 2.776385399196284798, 3.599999999999999645, 2.916666666666666519 ) ) ;
#2506 = ORIENTED_EDGE ( 'NONE', *, *, #2058, .T. ) ;
#2507 = CARTESIAN_POINT ( 'NONE',  ( -2.452640875627004391, 3.623200201217638305, -3.000000000000000000 ) ) ;
#2508 = CARTESIAN_POINT ( 'NONE',  ( -2.499999999999999112, 4.099999999999999645, 2.500000000000000444 ) ) ;
#2509 = MECHANICAL_DESIGN_GEOMETRIC_PRESENTATION_REPRESENTATION (  '', ( #1678 ), #1410 ) ;
#2510 = STYLED_ITEM ( 'NONE', ( #2005 ), #1566 ) ;
#2511 = EDGE_LOOP ( 'NONE', ( #1171, #832, #2506 ) ) ;
#2512 = CARTESIAN_POINT ( 'NONE',  ( 3.000051453693510783, 3.611669078437291791, -2.447596228063659396 ) ) ;
#2513 = VECTOR ( 'NONE', #651, 1000.000000000000000 ) ;
#2514 = FACE_OUTER_BOUND ( 'NONE', #427, .T. ) ;
#2515 = FACE_OUTER_BOUND ( 'NONE', #1323, .T. ) ;
#2516 = CIRCLE ( 'NONE', #1114, 0.5000000000000000000 ) ;
#2517 = ORIENTED_EDGE ( 'NONE', *, *, #2223, .F. ) ;
#2518 = CIRCLE ( 'NONE', #1530, 0.5000000000000000000 ) ;
#2519 = STYLED_ITEM ( 'NONE', ( #2641 ), #890 ) ;
#2520 = SURFACE_STYLE_USAGE ( .BOTH. , #1179 ) ;
#2521 = CARTESIAN_POINT ( 'NONE',  ( 5.000000000000001776, 0.0000000000000000000, 1.913227601898187524 ) ) ;
#2522 = ORIENTED_EDGE ( 'NONE', *, *, #2990, .F. ) ;
#2523 = CYLINDRICAL_SURFACE ( 'NONE', #1634, 0.5000000000000000000 ) ;
#2524 = EDGE_CURVE ( 'NONE', #2234, #2693, #11, .T. ) ;
#2525 = CARTESIAN_POINT ( 'NONE',  ( 3.000000000000000444, 0.5000000000000000000, 2.613227601898187480 ) ) ;
#2526 = DIRECTION ( 'NONE',  ( -1.000000000000000000, 0.0000000000000000000, 0.0000000000000000000 ) ) ;
#2527 = LINE ( 'NONE', #1810, #861 ) ;
#2528 =( LENGTH_UNIT ( ) NAMED_UNIT ( * ) SI_UNIT ( .MILLI., .METRE. ) );
#2529 = EDGE_LOOP ( 'NONE', ( #819, #2191, #2552, #952, #1577 ) ) ;
#2530 = MECHANICAL_DESIGN_GEOMETRIC_PRESENTATION_REPRESENTATION (  '', ( #2893 ), #2639 ) ;
#2531 = SURFACE_STYLE_USAGE ( .BOTH. , #2262 ) ;
#2532 = ORIENTED_EDGE ( 'NONE', *, *, #401, .F. ) ;
#2533 = DIRECTION ( 'NONE',  ( -1.445602896647339163E-16, -0.0000000000000000000, -1.000000000000000000 ) ) ;
#2534 = CARTESIAN_POINT ( 'NONE',  ( -2.703950187620495882, 3.631789486066408390, -2.959914156188608203 ) ) ;
#2535 = EDGE_LOOP ( 'NONE', ( #2252, #3, #2434, #2199, #3098, #2917, #937, #1804 ) ) ;
#2536 = CARTESIAN_POINT ( 'NONE',  ( -2.916666666666665186, 3.599999999999999645, 2.776385399196283910 ) ) ;
#2537 = CARTESIAN_POINT ( 'NONE',  ( 2.916666666666667851, 3.699999999999999734, 2.776385399196283910 ) ) ;
#2538 = EDGE_CURVE ( 'NONE', #2242, #2030, #24, .T. ) ;
#2539 = CARTESIAN_POINT ( 'NONE',  ( -2.751971274601992423, 3.625569324408289162, 2.932861735364014510 ) ) ;
#2540 = CARTESIAN_POINT ( 'NONE',  ( 2.991033313951018791, 3.623612607644029371, -2.393546422386309214 ) ) ;
#2541 =( BOUNDED_SURFACE ( )  B_SPLINE_SURFACE ( 3, 2, ( 
 ( #2246, #2505, #50 ),
 ( #2985, #254, #1268 ),
 ( #993, #2266, #65 ),
 ( #757, #523, #2472 ),
 ( #272, #1036, #2009 ),
 ( #1483, #2696, #487 ) ),
 .UNSPECIFIED., .F., .F., .F. ) 
 B_SPLINE_SURFACE_WITH_KNOTS ( ( 4, 2, 4 ),
 ( 3, 3 ),
 ( 0.0002026797876446717768, 0.0003878795832597117864, 0.0005730793788747517688 ),
 ( 0.0000000000000000000, 1.000000000000000000 ),
 .UNSPECIFIED. ) 
 GEOMETRIC_REPRESENTATION_ITEM ( )  RATIONAL_B_SPLINE_SURFACE ( (
 ( 1.000000000000000000, 0.7071067811865475727, 1.000000000000000000),
 ( 1.000000000000000000, 0.8076804016272441933, 1.000000000000000000),
 ( 1.000000000000000000, 0.8813333892563236516, 1.000000000000000000),
 ( 1.000000000000000000, 0.9768264690301989850, 1.000000000000000000),
 ( 1.000000000000000000, 0.9997049196372741475, 1.000000000000000000),
 ( 1.000000000000000000, 1.000000000000000000, 1.000000000000000000) ) ) 
 REPRESENTATION_ITEM ( '' )  SURFACE ( )  );
#2542 = MECHANICAL_DESIGN_GEOMETRIC_PRESENTATION_REPRESENTATION (  '', ( #1554 ), #2287 ) ;
#2543 = ADVANCED_FACE ( 'NONE', ( #2729 ), #2476, .T. ) ;
#2544 = CARTESIAN_POINT ( 'NONE',  ( -3.000000000000000000, 3.600000000000000089, -2.613342147284160255 ) ) ;
#2545 = CARTESIAN_POINT ( 'NONE',  ( -2.500000000000016431, 4.099999999999999645, -2.499999999999999556 ) ) ;
#2546 = PLANE ( 'NONE',  #308 ) ;
#2547 = ORIENTED_EDGE ( 'NONE', *, *, #2898, .F. ) ;
#2548 = CARTESIAN_POINT ( 'NONE',  ( 3.000000000000000888, 3.600000000000000089, 2.500000000000000444 ) ) ;
#2549 = CARTESIAN_POINT ( 'NONE',  ( -2.223614600803732522, 3.599999999999999645, -2.916666666666665630 ) ) ;
#2550 = UNCERTAINTY_MEASURE_WITH_UNIT (LENGTH_MEASURE( 1.000000000000000082E-05 ), #1997, 'distance_accuracy_value', 'NONE');
#2551 = CARTESIAN_POINT ( 'NONE',  ( -2.687237217269661471, 3.684274223613106525, -2.966133037562169061 ) ) ;
#2552 = ORIENTED_EDGE ( 'NONE', *, *, #84, .T. ) ;
#2553 = CARTESIAN_POINT ( 'NONE',  ( 2.248028725398004468, 3.625569324408296268, 2.932861735364006961 ) ) ;
#2554 = TOROIDAL_SURFACE ( 'NONE', #396, 1.850000000000000089, 0.1000000000000000056 ) ;
#2555 = CARTESIAN_POINT ( 'NONE',  ( 2.499999999999983569, 3.699999999999999734, -1.899999999999999689 ) ) ;
#2556 = CARTESIAN_POINT ( 'NONE',  ( 0.0000000000000000000, 5.000000000000000000, 0.0000000000000000000 ) ) ;
#2557 = CIRCLE ( 'NONE', #1016, 0.09999999999999989453 ) ;
#2558 = MECHANICAL_DESIGN_GEOMETRIC_PRESENTATION_REPRESENTATION (  '', ( #1521 ), #1262 ) ;
#2559 = CARTESIAN_POINT ( 'NONE',  ( -2.500000000000016431, 3.999999999999999112, -2.499999999999999556 ) ) ;
#2560 = CARTESIAN_POINT ( 'NONE',  ( 0.0000000000000000000, 3.600000000000000089, 0.0000000000000000000 ) ) ;
#2561 = EDGE_CURVE ( 'NONE', #2465, #843, #40, .T. ) ;
#2562 = CARTESIAN_POINT ( 'NONE',  ( 2.500000000000000888, 3.600000000000000089, 2.500000000000000444 ) ) ;
#2563 = CARTESIAN_POINT ( 'NONE',  ( 2.499999999999984013, 3.600000000000000089, -2.999999999999999556 ) ) ;
#2564 = ORIENTED_EDGE ( 'NONE', *, *, #721, .T. ) ;
#2565 = AXIS2_PLACEMENT_3D ( 'NONE', #1306, #1551, #806 ) ;
#2566 = CARTESIAN_POINT ( 'NONE',  ( 2.991033313951029449, 3.623612607644040029, 2.606453577613697004 ) ) ;
#2567 = CARTESIAN_POINT ( 'NONE',  ( -2.500000000000016431, 3.600000000000000089, -2.999999999999999556 ) ) ;
#2568 = TOROIDAL_SURFACE ( 'NONE', #577, 0.3999999999999999112, 0.1000000000000000056 ) ;
#2569 = CARTESIAN_POINT ( 'NONE',  ( -2.500000000000016431, 3.999999999999999112, -1.999999999999999556 ) ) ;
#2570 = ORIENTED_EDGE ( 'NONE', *, *, #2052, .T. ) ;
#2571 =( NAMED_UNIT ( * ) PLANE_ANGLE_UNIT ( ) SI_UNIT ( $, .RADIAN. ) );
#2572 = DIRECTION ( 'NONE',  ( -0.0000000000000000000, -1.000000000000000000, -0.0000000000000000000 ) ) ;
#2573 = DIRECTION ( 'NONE',  ( 0.8333333333333339255, -1.917808961611998455E-14, -0.5527707983925659319 ) ) ;
#2574 = FILL_AREA_STYLE_COLOUR ( '', #2084 ) ;
#2575 = FILL_AREA_STYLE_COLOUR ( '', #1740 ) ;
#2576 = ORIENTED_EDGE ( 'NONE', *, *, #466, .F. ) ;
#2577 = EDGE_CURVE ( 'NONE', #2700, #2995, #1686, .T. ) ;
#2578 = CARTESIAN_POINT ( 'NONE',  ( 2.267575944468978477, 3.700000000000000178, -2.945827323110184359 ) ) ;
#2579 = ORIENTED_EDGE ( 'NONE', *, *, #2730, .F. ) ;
#2580 = CARTESIAN_POINT ( 'NONE',  ( -2.223614600803732966, 3.699999999999999734, -2.916666666666666075 ) ) ;
#2581 = UNCERTAINTY_MEASURE_WITH_UNIT (LENGTH_MEASURE( 1.000000000000000082E-05 ), #2281, 'distance_accuracy_value', 'NONE');
#2582 = EDGE_CURVE ( 'NONE', #635, #2156, #3092, .T. ) ;
#2583 = CARTESIAN_POINT ( 'NONE',  ( 3.000000000000000888, 3.600000000000000089, 2.275315344595873146 ) ) ;
#2584 = ORIENTED_EDGE ( 'NONE', *, *, #207, .T. ) ;
#2585 = MECHANICAL_DESIGN_GEOMETRIC_PRESENTATION_REPRESENTATION (  '', ( #1385 ), #21 ) ;
#2586 = FILL_AREA_STYLE ('',( #1578 ) ) ;
#2587 = PRESENTATION_STYLE_ASSIGNMENT (( #2128 ) ) ;
#2588 = VERTEX_POINT ( 'NONE', #2894 ) ;
#2589 = VERTEX_POINT ( 'NONE', #2659 ) ;
#2590 = CARTESIAN_POINT ( 'NONE',  ( -3.000000000000016431, 3.622976176717457975, -2.453098182165135643 ) ) ;
#2591 = COLOUR_RGB ( '',1.000000000000000000, 1.000000000000000000, 1.000000000000000000 ) ;
#2592 = DIRECTION ( 'NONE',  ( 0.0000000000000000000, 0.0000000000000000000, 1.000000000000000000 ) ) ;
#2593 = EDGE_LOOP ( 'NONE', ( #270, #1571, #1058 ) ) ;
#2594 = AXIS2_PLACEMENT_3D ( 'NONE', #2692, #501, #1462 ) ;
#2595 = FILL_AREA_STYLE ('',( #2337 ) ) ;
#2596 =( NAMED_UNIT ( * ) PLANE_ANGLE_UNIT ( ) SI_UNIT ( $, .RADIAN. ) );
#2597 = CARTESIAN_POINT ( 'NONE',  ( 2.945827323110178586, 3.699999999999999734, -2.732424055530985996 ) ) ;
#2598 = VECTOR ( 'NONE', #2628, 1000.000000000000000 ) ;
#2599 = EDGE_CURVE ( 'NONE', #2633, #1220, #186, .T. ) ;
#2600 = CARTESIAN_POINT ( 'NONE',  ( 3.000000000000000888, 3.600000000000000089, 2.500000000000000444 ) ) ;
#2601 = VERTEX_POINT ( 'NONE', #899 ) ;
#2602 = CARTESIAN_POINT ( 'NONE',  ( 0.0000000000000000000, 0.5000000000000000000, 0.0000000000000000000 ) ) ;
#2603 = SURFACE_SIDE_STYLE ('',( #3077 ) ) ;
#2604 = ADVANCED_FACE ( 'NONE', ( #944 ), #2679, .T. ) ;
#2605 = ORIENTED_EDGE ( 'NONE', *, *, #1494, .F. ) ;
#2606 =( NAMED_UNIT ( * ) SI_UNIT ( $, .STERADIAN. ) SOLID_ANGLE_UNIT ( ) );
#2607 = AXIS2_PLACEMENT_3D ( 'NONE', #381, #2071, #371 ) ;
#2608 = PRESENTATION_LAYER_ASSIGNMENT (  '', '', ( #1779 ) ) ;
#2609 = AXIS2_PLACEMENT_3D ( 'NONE', #737, #231, #27 ) ;
#2610 =( LENGTH_UNIT ( ) NAMED_UNIT ( * ) SI_UNIT ( .MILLI., .METRE. ) );
#2611 = ORIENTED_EDGE ( 'NONE', *, *, #2034, .F. ) ;
#2612 = VECTOR ( 'NONE', #2645, 1000.000000000000000 ) ;
#2613 = DIRECTION ( 'NONE',  ( 0.0000000000000000000, 1.000000000000000000, 0.0000000000000000000 ) ) ;
#2614 = ORIENTED_EDGE ( 'NONE', *, *, #2990, .T. ) ;
#2615 = CARTESIAN_POINT ( 'NONE',  ( 2.386657852715832639, 3.600000000000000089, -2.999999999999999556 ) ) ;
#2616 = CARTESIAN_POINT ( 'NONE',  ( 5.000000000000001776, 0.0000000000000000000, 1.913227601898187524 ) ) ;
#2617 = MECHANICAL_DESIGN_GEOMETRIC_PRESENTATION_REPRESENTATION (  '', ( #1837 ), #1365 ) ;
#2618 = DIRECTION ( 'NONE',  ( -0.0000000000000000000, -1.000000000000000000, -0.0000000000000000000 ) ) ;
#2619 = ORIENTED_EDGE ( 'NONE', *, *, #2018, .T. ) ;
#2620 =( NAMED_UNIT ( * ) PLANE_ANGLE_UNIT ( ) SI_UNIT ( $, .RADIAN. ) );
#2621 = LINE ( 'NONE', #918, #2300 ) ;
#2622 = CIRCLE ( 'NONE', #1630, 0.5000000000000000000 ) ;
#2623 = EDGE_CURVE ( 'NONE', #468, #635, #1659, .T. ) ;
#2624 = CARTESIAN_POINT ( 'NONE',  ( 2.945823244380095129, 3.700000000000000178, -2.267569795552057066 ) ) ;
#2625 = ORIENTED_EDGE ( 'NONE', *, *, #2403, .F. ) ;
#2626 = PRESENTATION_LAYER_ASSIGNMENT (  '', '', ( #1531 ) ) ;
#2627 = CARTESIAN_POINT ( 'NONE',  ( -2.500000000000016431, 3.699999999999999734, -2.499999999999999556 ) ) ;
#2628 = DIRECTION ( 'NONE',  ( 1.445602896647339163E-16, 0.0000000000000000000, 1.000000000000000000 ) ) ;
#2629 = SURFACE_STYLE_USAGE ( .BOTH. , #3079 ) ;
#2630 = EDGE_CURVE ( 'NONE', #2733, #2421, #1267, .T. ) ;
#2631 = FACE_OUTER_BOUND ( 'NONE', #3070, .T. ) ;
#2632 = FILL_AREA_STYLE ('',( #1632 ) ) ;
#2633 = VERTEX_POINT ( 'NONE', #1362 ) ;
#2634 =( NAMED_UNIT ( * ) SI_UNIT ( $, .STERADIAN. ) SOLID_ANGLE_UNIT ( ) );
#2635 = DIRECTION ( 'NONE',  ( -1.000000000000000000, -0.0000000000000000000, -0.0000000000000000000 ) ) ;
#2636 = DIRECTION ( 'NONE',  ( 1.445602896647339163E-16, 0.0000000000000000000, 1.000000000000000000 ) ) ;
#2637 = ORIENTED_EDGE ( 'NONE', *, *, #2784, .T. ) ;
#2638 = DIRECTION ( 'NONE',  ( 0.0000000000000000000, 0.0000000000000000000, 1.000000000000000000 ) ) ;
#2639 =( GEOMETRIC_REPRESENTATION_CONTEXT ( 3 ) GLOBAL_UNCERTAINTY_ASSIGNED_CONTEXT ( ( #2550 ) ) GLOBAL_UNIT_ASSIGNED_CONTEXT ( ( #1997, #1964, #2938 ) ) REPRESENTATION_CONTEXT ( 'NONE', 'WORKASPACE' ) );
#2640 = SURFACE_SIDE_STYLE ('',( #678 ) ) ;
#2641 = PRESENTATION_STYLE_ASSIGNMENT (( #4 ) ) ;
#2642 = FILL_AREA_STYLE ('',( #3144 ) ) ;
#2643 = CARTESIAN_POINT ( 'NONE',  ( 2.500000000000000888, 4.099999999999999645, 2.500000000000000444 ) ) ;
#2644 = EDGE_CURVE ( 'NONE', #1418, #2097, #2677, .T. ) ;
#2645 = DIRECTION ( 'NONE',  ( 1.000000000000000000, 0.0000000000000000000, 0.0000000000000000000 ) ) ;
#2646 =( LENGTH_UNIT ( ) NAMED_UNIT ( * ) SI_UNIT ( .MILLI., .METRE. ) );
#2647 = ORIENTED_EDGE ( 'NONE', *, *, #3039, .F. ) ;
#2648 = EDGE_CURVE ( 'NONE', #2443, #2673, #834, .T. ) ;
#2649 = ADVANCED_BREP_SHAPE_REPRESENTATION ( 'User Library-TACT SMD 6X6', ( #852, #1920 ), #129 ) ;
#2650 = PRESENTATION_STYLE_ASSIGNMENT (( #1850 ) ) ;
#2651 = CARTESIAN_POINT ( 'NONE',  ( 2.405548215029385872, 3.646400741536899748, -2.993372723763366050 ) ) ;
#2652 = UNCERTAINTY_MEASURE_WITH_UNIT (LENGTH_MEASURE( 1.000000000000000082E-05 ), #2851, 'distance_accuracy_value', 'NONE');
#2653 =( GEOMETRIC_REPRESENTATION_CONTEXT ( 3 ) GLOBAL_UNCERTAINTY_ASSIGNED_CONTEXT ( ( #332 ) ) GLOBAL_UNIT_ASSIGNED_CONTEXT ( ( #2866, #2469, #2935 ) ) REPRESENTATION_CONTEXT ( 'NONE', 'WORKASPACE' ) );
#2654 = CIRCLE ( 'NONE', #1460, 0.5999999999999998668 ) ;
#2655 = CARTESIAN_POINT ( 'NONE',  ( 2.613342147284124284, 3.600000000000000089, -2.999999999999999556 ) ) ;
#2656 = SURFACE_SIDE_STYLE ('',( #1899 ) ) ;
#2657 = CARTESIAN_POINT ( 'NONE',  ( -2.999999999999999112, 3.600000000000000089, 3.000000000000000444 ) ) ;
#2658 = B_SPLINE_CURVE_WITH_KNOTS ( 'NONE', 3,
 ( #474, #491, #2680, #2178, #1952, #2699 ),
 .UNSPECIFIED., .F., .F.,
 ( 4, 2, 4 ),
 ( -4.474903157225158767E-06, 0.0001522058141937815791, 0.0003088865315447883518 ),
 .UNSPECIFIED. ) ;
#2659 = CARTESIAN_POINT ( 'NONE',  ( 4.999999999999985789, 0.5000000000000000000, -1.886772398101812964 ) ) ;
#2660 = EDGE_LOOP ( 'NONE', ( #459, #538, #3009, #1251 ) ) ;
#2661 = DIRECTION ( 'NONE',  ( 0.0000000000000000000, 0.0000000000000000000, 1.000000000000000000 ) ) ;
#2662 = AXIS2_PLACEMENT_3D ( 'NONE', #135, #811, #1103 ) ;
#2663 = FILL_AREA_STYLE ('',( #1665 ) ) ;
#2664 = PRESENTATION_STYLE_ASSIGNMENT (( #389 ) ) ;
#2665 = ORIENTED_EDGE ( 'NONE', *, *, #382, .F. ) ;
#2666 =( GEOMETRIC_REPRESENTATION_CONTEXT ( 3 ) GLOBAL_UNCERTAINTY_ASSIGNED_CONTEXT ( ( #1708 ) ) GLOBAL_UNIT_ASSIGNED_CONTEXT ( ( #1244, #1723, #2222 ) ) REPRESENTATION_CONTEXT ( 'NONE', 'WORKASPACE' ) );
#2667 = EDGE_CURVE ( 'NONE', #1780, #478, #2516, .T. ) ;
#2668 = CARTESIAN_POINT ( 'NONE',  ( 0.0000000000000000000, 5.000000000000000000, -1.750000000000000000 ) ) ;
#2669 = DIRECTION ( 'NONE',  ( -0.0000000000000000000, -1.000000000000000000, -0.0000000000000000000 ) ) ;
#2670 = AXIS2_PLACEMENT_3D ( 'NONE', #2556, #2302, #2046 ) ;
#2671 = COLOUR_RGB ( '',0.0000000000000000000, 0.0000000000000000000, 0.0000000000000000000 ) ;
#2672 = CARTESIAN_POINT ( 'NONE',  ( 3.000000000000000888, 0.0000000000000000000, 1.913227601898187968 ) ) ;
#2673 = VERTEX_POINT ( 'NONE', #1397 ) ;
#2674 = SURFACE_STYLE_FILL_AREA ( #2411 ) ;
#2675 = PRESENTATION_LAYER_ASSIGNMENT (  '', '', ( #2254 ) ) ;
#2676 = AXIS2_PLACEMENT_3D ( 'NONE', #1667, #438, #2592 ) ;
#2677 = LINE ( 'NONE', #1380, #1216 ) ;
#2678 = ORIENTED_EDGE ( 'NONE', *, *, #301, .T. ) ;
#2679 = TOROIDAL_SURFACE ( 'NONE', #149, 0.3999999999999999112, 0.1000000000000000056 ) ;
#2680 = CARTESIAN_POINT ( 'NONE',  ( 2.993575243856144041, 3.645857703358418078, 2.406691821720734925 ) ) ;
#2681 = APPLICATION_CONTEXT ( 'automotive_design' ) ;
#2682 = CIRCLE ( 'NONE', #470, 1.750000000000000000 ) ;
#2683 = AXIS2_PLACEMENT_3D ( 'NONE', #2177, #963, #1662 ) ;
#2684 = EDGE_LOOP ( 'NONE', ( #1977, #2069, #419, #2937 ) ) ;
#2685 = DIRECTION ( 'NONE',  ( 0.0000000000000000000, 1.000000000000000000, 0.0000000000000000000 ) ) ;
#2686 = CARTESIAN_POINT ( 'NONE',  ( 2.500000000000000888, 3.999999999999999112, 3.000000000000000444 ) ) ;
#2687 = EDGE_LOOP ( 'NONE', ( #484, #1881, #1233, #1102 ) ) ;
#2688 = LINE ( 'NONE', #2422, #2282 ) ;
#2689 =( NAMED_UNIT ( * ) SI_UNIT ( $, .STERADIAN. ) SOLID_ANGLE_UNIT ( ) );
#2690 = FILL_AREA_STYLE ('',( #424 ) ) ;
#2691 = EDGE_CURVE ( 'NONE', #2097, #1037, #711, .T. ) ;
#2692 = CARTESIAN_POINT ( 'NONE',  ( 2.168337520964461529, 3.699999999999999734, 3.000000000000000444 ) ) ;
#2693 = VERTEX_POINT ( 'NONE', #1935 ) ;
#2694 = LINE ( 'NONE', #917, #2056 ) ;
#2695 = EDGE_CURVE ( 'NONE', #2396, #63, #2868, .T. ) ;
#2696 = CARTESIAN_POINT ( 'NONE',  ( 2.500000000000000888, 3.600000000000000089, 3.000000000000000444 ) ) ;
#2697 = CARTESIAN_POINT ( 'NONE',  ( -2.447596228063078527, 3.611669078434931013, 3.000051453692761161 ) ) ;
#2698 = CARTESIAN_POINT ( 'NONE',  ( 2.500000000000000444, 3.600000000000000089, 3.000000000000000444 ) ) ;
#2699 = CARTESIAN_POINT ( 'NONE',  ( 2.916666666666667851, 3.699999999999999734, 2.223614600803716979 ) ) ;
#2700 = VERTEX_POINT ( 'NONE', #3141 ) ;
#2701 = CYLINDRICAL_SURFACE ( 'NONE', #48, 0.5000000000000000000 ) ;
#2702 = DIRECTION ( 'NONE',  ( 1.000000000000000000, 0.0000000000000000000, 0.0000000000000000000 ) ) ;
#2703 = ORIENTED_EDGE ( 'NONE', *, *, #1337, .F. ) ;
#2704 = DIRECTION ( 'NONE',  ( -1.000000000000000000, 0.0000000000000000000, -0.0000000000000000000 ) ) ;
#2705 = DIRECTION ( 'NONE',  ( 0.0000000000000000000, 1.000000000000000000, 0.0000000000000000000 ) ) ;
#2706 = CIRCLE ( 'NONE', #2951, 0.09999999999999982514 ) ;
#2707 = CARTESIAN_POINT ( 'NONE',  ( -2.593308178279282394, 3.645857703358418078, -2.993575243856142265 ) ) ;
#2708 = CIRCLE ( 'NONE', #1292, 0.5000000000000000000 ) ;
#2709 = CARTESIAN_POINT ( 'NONE',  ( 3.000000000000000000, 3.600000000000000089, -2.831662479035515378 ) ) ;
#2710 = ORIENTED_EDGE ( 'NONE', *, *, #2630, .T. ) ;
#2711 = CARTESIAN_POINT ( 'NONE',  ( -2.406665988745781082, 3.645869444099551604, -2.993569762768204079 ) ) ;
#2712 = EDGE_CURVE ( 'NONE', #679, #3117, #2295, .T. ) ;
#2713 = SURFACE_STYLE_USAGE ( .BOTH. , #223 ) ;
#2714 = EDGE_LOOP ( 'NONE', ( #111, #224, #2280, #244 ) ) ;
#2715 = CARTESIAN_POINT ( 'NONE',  ( 0.0000000000000000000, 0.0000000000000000000, 0.0000000000000000000 ) ) ;
#2716 = ORIENTED_EDGE ( 'NONE', *, *, #218, .T. ) ;
#2717 = CARTESIAN_POINT ( 'NONE',  ( 4.999999999999985789, 0.5000000000000000000, -1.886772398101812964 ) ) ;
#2718 = FACE_OUTER_BOUND ( 'NONE', #1373, .T. ) ;
#2719 = CIRCLE ( 'NONE', #2453, 0.5999999999999998668 ) ;
#2720 = CARTESIAN_POINT ( 'NONE',  ( -2.999999999999998224, 0.5000000000000000000, 1.913227601898243480 ) ) ;
#2721 = ORIENTED_EDGE ( 'NONE', *, *, #738, .T. ) ;
#2722 = CARTESIAN_POINT ( 'NONE',  ( 3.000000000000001332, 3.623200201217689820, 2.547359124372986727 ) ) ;
#2723 = STYLED_ITEM ( 'NONE', ( #2813 ), #1770 ) ;
#2724 = ORIENTED_EDGE ( 'NONE', *, *, #200, .F. ) ;
#2725 = CARTESIAN_POINT ( 'NONE',  ( -3.000000000000000000, 3.600000000000000089, -2.999999999999999556 ) ) ;
#2726 = ADVANCED_FACE ( 'NONE', ( #2161 ), #919, .F. ) ;
#2727 = CIRCLE ( 'NONE', #866, 0.09999999999999989453 ) ;
#2728 = FILL_AREA_STYLE_COLOUR ( '', #1782 ) ;
#2729 = FACE_OUTER_BOUND ( 'NONE', #1192, .T. ) ;
#2730 = EDGE_CURVE ( 'NONE', #1825, #3024, #1949, .T. ) ;
#2731 =( LENGTH_UNIT ( ) NAMED_UNIT ( * ) SI_UNIT ( .MILLI., .METRE. ) );
#2732 = CARTESIAN_POINT ( 'NONE',  ( -2.406691821720734037, 3.645857703358418078, 2.993575243856142709 ) ) ;
#2733 = VERTEX_POINT ( 'NONE', #1729 ) ;
#2734 = CARTESIAN_POINT ( 'NONE',  ( 2.999999999999992006, 3.600000000000000089, -2.499999999999999556 ) ) ;
#2735 = FILL_AREA_STYLE ('',( #1205 ) ) ;
#2736 = ORIENTED_EDGE ( 'NONE', *, *, #283, .T. ) ;
#2737 = CARTESIAN_POINT ( 'NONE',  ( -3.000051453694988712, 3.611669078431073654, 2.447596228062211221 ) ) ;
#2738 = EDGE_CURVE ( 'NONE', #2292, #2811, #2193, .T. ) ;
#2739 = CIRCLE ( 'NONE', #327, 0.5999999999999998668 ) ;
#2740 = DIRECTION ( 'NONE',  ( 0.0000000000000000000, 0.0000000000000000000, 1.000000000000000000 ) ) ;
#2741 = DIRECTION ( 'NONE',  ( -0.0000000000000000000, -1.000000000000000000, -0.0000000000000000000 ) ) ;
#2742 = ADVANCED_FACE ( 'NONE', ( #17 ), #2210, .F. ) ;
#2743 = SURFACE_SIDE_STYLE ('',( #767 ) ) ;
#2744 = DIRECTION ( 'NONE',  ( 0.0000000000000000000, 0.0000000000000000000, 1.000000000000000000 ) ) ;
#2745 = VERTEX_POINT ( 'NONE', #534 ) ;
#2746 = UNCERTAINTY_MEASURE_WITH_UNIT (LENGTH_MEASURE( 1.000000000000000082E-05 ), #2943, 'distance_accuracy_value', 'NONE');
#2747 = CARTESIAN_POINT ( 'NONE',  ( 2.945078047713281411, 3.699999602836188561, -2.733553630692873604 ) ) ;
#2748 = VERTEX_POINT ( 'NONE', #289 ) ;
#2749 = DIRECTION ( 'NONE',  ( 0.0000000000000000000, 0.0000000000000000000, -1.000000000000000000 ) ) ;
#2750 = CARTESIAN_POINT ( 'NONE',  ( 2.452640875626989292, 3.623200201217638305, 3.000000000000000444 ) ) ;
#2751 = TOROIDAL_SURFACE ( 'NONE', #1338, 0.3999999999999999112, 0.1000000000000000056 ) ;
#2752 =( BOUNDED_SURFACE ( )  B_SPLINE_SURFACE ( 3, 2, ( 
 ( #1209, #493, #10 ),
 ( #2419, #608, #1517 ),
 ( #3027, #2786, #83 ),
 ( #1300, #2540, #555 ),
 ( #342, #2512, #820 ),
 ( #833, #2800, #1054 ) ),
 .UNSPECIFIED., .F., .F., .F. ) 
 B_SPLINE_SURFACE_WITH_KNOTS ( ( 4, 2, 4 ),
 ( 3, 3 ),
 ( 0.0002026797876447719842, 0.0003878795832598673152, 0.0005730793788749626461 ),
 ( 0.0000000000000000000, 1.000000000000000000 ),
 .UNSPECIFIED. ) 
 GEOMETRIC_REPRESENTATION_ITEM ( )  RATIONAL_B_SPLINE_SURFACE ( (
 ( 1.000000000000000000, 0.7071067811865449082, 1.000000000000000000),
 ( 1.000000000000000000, 0.8076804016271972309, 1.000000000000000000),
 ( 1.000000000000000000, 0.8813333892563520733, 1.000000000000000000),
 ( 1.000000000000000000, 0.9768264690301183828, 1.000000000000000000),
 ( 1.000000000000000000, 0.9997049196372493896, 1.000000000000000000),
 ( 1.000000000000000000, 1.000000000000000000, 1.000000000000000000) ) ) 
 REPRESENTATION_ITEM ( '' )  SURFACE ( )  );
#2753 = ORIENTED_EDGE ( 'NONE', *, *, #84, .F. ) ;
#2754 = LINE ( 'NONE', #853, #2922 ) ;
#2755 =( NAMED_UNIT ( * ) SI_UNIT ( $, .STERADIAN. ) SOLID_ANGLE_UNIT ( ) );
#2756 = DIRECTION ( 'NONE',  ( 0.0000000000000000000, -0.0000000000000000000, 1.000000000000000000 ) ) ;
#2757 = EDGE_CURVE ( 'NONE', #2006, #807, #1467, .T. ) ;
#2758 = LINE ( 'NONE', #1278, #2955 ) ;
#2759 = MECHANICAL_DESIGN_GEOMETRIC_PRESENTATION_REPRESENTATION (  '', ( #1882 ), #802 ) ;
#2760 = LINE ( 'NONE', #2471, #425 ) ;
#2761 = DIRECTION ( 'NONE',  ( -1.000000000000000000, 0.0000000000000000000, -1.239088197126290669E-15 ) ) ;
#2762 = AXIS2_PLACEMENT_3D ( 'NONE', #1018, #1992, #2983 ) ;
#2763 = LINE ( 'NONE', #372, #2017 ) ;
#2764 = ORIENTED_EDGE ( 'NONE', *, *, #1026, .T. ) ;
#2765 = DIRECTION ( 'NONE',  ( -0.0000000000000000000, -1.000000000000000000, -0.0000000000000000000 ) ) ;
#2766 = SURFACE_SIDE_STYLE ('',( #3056 ) ) ;
#2767 = CARTESIAN_POINT ( 'NONE',  ( 0.0000000000000000000, 4.899999999999999467, 0.0000000000000000000 ) ) ;
#2768 = SURFACE_STYLE_FILL_AREA ( #2031 ) ;
#2769 = STYLED_ITEM ( 'NONE', ( #1926 ), #2442 ) ;
#2770 = CARTESIAN_POINT ( 'NONE',  ( -2.991033313951051209, 3.623612607644024486, -2.606453577613715211 ) ) ;
#2771 = COLOUR_RGB ( '',1.000000000000000000, 1.000000000000000000, 0.5019607843137254832 ) ;
#2772 = ORIENTED_EDGE ( 'NONE', *, *, #2836, .T. ) ;
#2773 = AXIS2_PLACEMENT_3D ( 'NONE', #2487, #275, #1497 ) ;
#2774 = VECTOR ( 'NONE', #2765, 1000.000000000000000 ) ;
#2775 = DIRECTION ( 'NONE',  ( -1.445602896647339163E-16, -0.0000000000000000000, -1.000000000000000000 ) ) ;
#2776 = ORIENTED_EDGE ( 'NONE', *, *, #486, .T. ) ;
#2777 = DIRECTION ( 'NONE',  ( 0.0000000000000000000, 0.0000000000000000000, 1.000000000000000000 ) ) ;
#2778 = CARTESIAN_POINT ( 'NONE',  ( -3.000000000000014655, 0.5000000000000000000, -1.886772398101757009 ) ) ;
#2779 = ADVANCED_FACE ( 'NONE', ( #2994 ), #2541, .F. ) ;
#2780 = DIRECTION ( 'NONE',  ( 1.000000000000000000, 0.0000000000000000000, 0.0000000000000000000 ) ) ;
#2781 = ORIENTED_EDGE ( 'NONE', *, *, #3126, .T. ) ;
#2782 = FACE_OUTER_BOUND ( 'NONE', #1718, .T. ) ;
#2783 = CARTESIAN_POINT ( 'NONE',  ( -2.999999999999999112, 3.600000000000000089, 3.000000000000000444 ) ) ;
#2784 = EDGE_CURVE ( 'NONE', #133, #679, #2622, .T. ) ;
#2785 = CARTESIAN_POINT ( 'NONE',  ( -2.916666666666669183, 3.699999999999999734, -2.223614600803696106 ) ) ;
#2786 = CARTESIAN_POINT ( 'NONE',  ( 2.959914156188599765, 3.631789486066397732, -2.296049812379528987 ) ) ;
#2787 = CARTESIAN_POINT ( 'NONE',  ( 2.499999999999983569, 3.999999999999999112, -2.499999999999999556 ) ) ;
#2788 = FILL_AREA_STYLE_COLOUR ( '', #3063 ) ;
#2789 = FILL_AREA_STYLE ('',( #2575 ) ) ;
#2790 = ORIENTED_EDGE ( 'NONE', *, *, #539, .F. ) ;
#2791 = CYLINDRICAL_SURFACE ( 'NONE', #1045, 0.5000000000000000000 ) ;
#2792 = CARTESIAN_POINT ( 'NONE',  ( 2.916666666666664298, 3.699999999999999734, -2.776385399196262149 ) ) ;
#2793 = CARTESIAN_POINT ( 'NONE',  ( -2.613342147284167361, 3.600000000000000089, -2.999999999999999556 ) ) ;
#2794 = ORIENTED_EDGE ( 'NONE', *, *, #1225, .T. ) ;
#2795 = CARTESIAN_POINT ( 'NONE',  ( -3.000051453695009140, 3.611669078434992297, 2.552403771936892163 ) ) ;
#2796 = CARTESIAN_POINT ( 'NONE',  ( 0.0000000000000000000, 5.000000000000000000, 1.649999999999999911 ) ) ;
#2797 = EDGE_CURVE ( 'NONE', #1950, #535, #862, .T. ) ;
#2798 =( GEOMETRIC_REPRESENTATION_CONTEXT ( 3 ) GLOBAL_UNCERTAINTY_ASSIGNED_CONTEXT ( ( #2840 ) ) GLOBAL_UNIT_ASSIGNED_CONTEXT ( ( #1041, #2061, #2755 ) ) REPRESENTATION_CONTEXT ( 'NONE', 'WORKASPACE' ) );
#2799 = CARTESIAN_POINT ( 'NONE',  ( 2.499999999999983569, 3.999999999999999112, -2.499999999999999556 ) ) ;
#2800 = CARTESIAN_POINT ( 'NONE',  ( 2.999999999999992006, 3.600000000000000089, -2.499999999999999556 ) ) ;
#2801 = VECTOR ( 'NONE', #1884, 1000.000000000000000 ) ;
#2802 = CIRCLE ( 'NONE', #2067, 0.09999999999999989453 ) ;
#2803 = TOROIDAL_SURFACE ( 'NONE', #2235, 0.3999999999999999112, 0.1000000000000000056 ) ;
#2804 = DIRECTION ( 'NONE',  ( 0.0000000000000000000, 0.0000000000000000000, 1.000000000000000000 ) ) ;
#2805 = ORIENTED_EDGE ( 'NONE', *, *, #2691, .F. ) ;
#2806 = CARTESIAN_POINT ( 'NONE',  ( 2.499999999999983569, 3.699999999999999734, -2.499999999999999556 ) ) ;
#2807 = FACE_OUTER_BOUND ( 'NONE', #2684, .T. ) ;
#2808 = UNCERTAINTY_MEASURE_WITH_UNIT (LENGTH_MEASURE( 1.000000000000000082E-05 ), #310, 'distance_accuracy_value', 'NONE');
#2809 = COLOUR_RGB ( '',1.000000000000000000, 1.000000000000000000, 0.5019607843137254832 ) ;
#2810 = DIRECTION ( 'NONE',  ( 1.239088197126290669E-15, 0.0000000000000000000, -1.000000000000000000 ) ) ;
#2811 = VERTEX_POINT ( 'NONE', #2521 ) ;
#2812 = DIRECTION ( 'NONE',  ( 0.0000000000000000000, 1.000000000000000000, 0.0000000000000000000 ) ) ;
#2813 = PRESENTATION_STYLE_ASSIGNMENT (( #2253 ) ) ;
#2814 = MECHANICAL_DESIGN_GEOMETRIC_PRESENTATION_REPRESENTATION (  '', ( #456 ), #2140 ) ;
#2815 = EDGE_CURVE ( 'NONE', #2748, #2150, #2654, .T. ) ;
#2816 = PLANE ( 'NONE',  #1104 ) ;
#2817 = CARTESIAN_POINT ( 'NONE',  ( 5.000000000000000888, 0.5000000000000000000, 2.613227601898187480 ) ) ;
#2818 = AXIS2_PLACEMENT_3D ( 'NONE', #800, #108, #1823 ) ;
#2819 = ORIENTED_EDGE ( 'NONE', *, *, #2148, .F. ) ;
#2820 = EDGE_CURVE ( 'NONE', #930, #404, #599, .T. ) ;
#2821 = COLOUR_RGB ( '',1.000000000000000000, 1.000000000000000000, 1.000000000000000000 ) ;
#2822 = DIRECTION ( 'NONE',  ( -0.0000000000000000000, -1.000000000000000000, -0.0000000000000000000 ) ) ;
#2823 = ORIENTED_EDGE ( 'NONE', *, *, #2428, .F. ) ;
#2824 = VECTOR ( 'NONE', #2810, 1000.000000000000000 ) ;
#2825 = DIRECTION ( 'NONE',  ( 1.239088197126291458E-15, -0.0000000000000000000, 1.000000000000000000 ) ) ;
#2826 = TOROIDAL_SURFACE ( 'NONE', #576, 1.649999999999999911, 0.1000000000000000056 ) ;
#2827 = AXIS2_PLACEMENT_3D ( 'NONE', #731, #1699, #489 ) ;
#2828 = FACE_OUTER_BOUND ( 'NONE', #2593, .T. ) ;
#2829 = EDGE_LOOP ( 'NONE', ( #750, #2263, #2625, #1091 ) ) ;
#2830 = DIRECTION ( 'NONE',  ( 0.0000000000000000000, 1.000000000000000000, 0.0000000000000000000 ) ) ;
#2831 = ORIENTED_EDGE ( 'NONE', *, *, #2820, .F. ) ;
#2832 = EDGE_CURVE ( 'NONE', #1418, #901, #2014, .T. ) ;
#2833 = CARTESIAN_POINT ( 'NONE',  ( 5.000000000000000888, 0.5000000000000000000, 2.613227601898187480 ) ) ;
#2834 = CARTESIAN_POINT ( 'NONE',  ( -2.776385399196299453, 3.699999999999999734, -2.916666666666666519 ) ) ;
#2835 = ORIENTED_EDGE ( 'NONE', *, *, #912, .F. ) ;
#2836 = EDGE_CURVE ( 'NONE', #2588, #1273, #2763, .T. ) ;
#2837 = PLANE ( 'NONE',  #109 ) ;
#2838 = VERTEX_POINT ( 'NONE', #2569 ) ;
#2839 = CARTESIAN_POINT ( 'NONE',  ( 2.966664292743208531, 3.683790028687286444, -2.685869242640924082 ) ) ;
#2840 = UNCERTAINTY_MEASURE_WITH_UNIT (LENGTH_MEASURE( 1.000000000000000082E-05 ), #1041, 'distance_accuracy_value', 'NONE');
#2841 = CARTESIAN_POINT ( 'NONE',  ( 2.776385399196267478, 3.699999999999999734, -2.916666666666666075 ) ) ;
#2842 = VERTEX_POINT ( 'NONE', #90 ) ;
#2843 = CARTESIAN_POINT ( 'NONE',  ( -2.831662479035555791, 3.600000000000000089, -2.999999999999999556 ) ) ;
#2844 = ORIENTED_EDGE ( 'NONE', *, *, #2223, .T. ) ;
#2845 = PRESENTATION_STYLE_ASSIGNMENT (( #885 ) ) ;
#2846 = CARTESIAN_POINT ( 'NONE',  ( -3.000000000000008438, 3.623369864502498316, -2.452294760258583395 ) ) ;
#2847 = PLANE ( 'NONE',  #192 ) ;
#2848 = CIRCLE ( 'NONE', #285, 0.09999999999999989453 ) ;
#2849 = ORIENTED_EDGE ( 'NONE', *, *, #1847, .T. ) ;
#2850 =( NAMED_UNIT ( * ) PLANE_ANGLE_UNIT ( ) SI_UNIT ( $, .RADIAN. ) );
#2851 =( LENGTH_UNIT ( ) NAMED_UNIT ( * ) SI_UNIT ( .MILLI., .METRE. ) );
#2852 = ADVANCED_FACE ( 'NONE', ( #354 ), #175, .F. ) ;
#2853 = SURFACE_SIDE_STYLE ('',( #2409 ) ) ;
#2854 = ORIENTED_EDGE ( 'NONE', *, *, #2179, .T. ) ;
#2855 = DIRECTION ( 'NONE',  ( -0.0000000000000000000, -1.000000000000000000, -0.0000000000000000000 ) ) ;
#2856 = CARTESIAN_POINT ( 'NONE',  ( -2.999999999999998224, 0.5000000000000000000, 1.913227601898243480 ) ) ;
#2857 = DIRECTION ( 'NONE',  ( 0.0000000000000000000, 0.0000000000000000000, 1.000000000000000000 ) ) ;
#2858 = ORIENTED_EDGE ( 'NONE', *, *, #3042, .T. ) ;
#2859 = SURFACE_STYLE_USAGE ( .BOTH. , #1629 ) ;
#2860 = MECHANICAL_DESIGN_GEOMETRIC_PRESENTATION_REPRESENTATION (  '', ( #1779 ), #1303 ) ;
#2861 = DIRECTION ( 'NONE',  ( 1.239088197126290669E-15, 0.0000000000000000000, -1.000000000000000000 ) ) ;
#2862 = DIRECTION ( 'NONE',  ( 0.0000000000000000000, 0.0000000000000000000, -1.000000000000000000 ) ) ;
#2863 = ORIENTED_EDGE ( 'NONE', *, *, #3058, .F. ) ;
#2864 = AXIS2_PLACEMENT_3D ( 'NONE', #2715, #2685, #1988 ) ;
#2865 = CARTESIAN_POINT ( 'NONE',  ( -5.000000000000000000, 0.5000000000000000000, 1.913227601898243924 ) ) ;
#2866 =( LENGTH_UNIT ( ) NAMED_UNIT ( * ) SI_UNIT ( .MILLI., .METRE. ) );
#2867 = DIRECTION ( 'NONE',  ( -0.5527707983925663759, -3.035766082959415571E-14, -0.8333333333333334814 ) ) ;
#2868 = B_SPLINE_CURVE_WITH_KNOTS ( 'NONE', 3,
 ( #472, #2414, #1624, #3127, #208, #729 ),
 .UNSPECIFIED., .F., .F.,
 ( 4, 2, 4 ),
 ( 0.0000000000000000000, 0.0001582084005062998509, 0.0003164168010125997018 ),
 .UNSPECIFIED. ) ;
#2869 = UNCERTAINTY_MEASURE_WITH_UNIT (LENGTH_MEASURE( 1.000000000000000082E-05 ), #1115, 'distance_accuracy_value', 'NONE');
#2870 =( BOUNDED_SURFACE ( )  B_SPLINE_SURFACE ( 3, 2, ( 
 ( #1121, #1653, #3102 ),
 ( #3151, #939, #150 ),
 ( #955, #2107, #413 ),
 ( #2615, #910, #2651 ),
 ( #393, #179, #1431 ),
 ( #3119, #215, #1604 ) ),
 .UNSPECIFIED., .F., .F., .F. ) 
 B_SPLINE_SURFACE_WITH_KNOTS ( ( 4, 2, 4 ),
 ( 3, 3 ),
 ( 0.0002026797876446726442, 0.0003878795832597122200, 0.0005730793788747517688 ),
 ( 0.0000000000000000000, 1.000000000000000000 ),
 .UNSPECIFIED. ) 
 GEOMETRIC_REPRESENTATION_ITEM ( )  RATIONAL_B_SPLINE_SURFACE ( (
 ( 1.000000000000000000, 0.7071067811865475727, 1.000000000000000000),
 ( 1.000000000000000000, 0.8076804016272456366, 1.000000000000000000),
 ( 1.000000000000000000, 0.8813333892563283145, 1.000000000000000000),
 ( 1.000000000000000000, 0.9768264690301965425, 1.000000000000000000),
 ( 1.000000000000000000, 0.9997049196372758129, 1.000000000000000000),
 ( 1.000000000000000000, 1.000000000000000000, 1.000000000000000000) ) ) 
 REPRESENTATION_ITEM ( '' )  SURFACE ( )  );
#2871 = DIRECTION ( 'NONE',  ( 1.000000000000000000, 0.0000000000000000000, 0.0000000000000000000 ) ) ;
#2872 = TOROIDAL_SURFACE ( 'NONE', #1424, 0.5999999999999999778, 0.1000000000000000056 ) ;
#2873 = CARTESIAN_POINT ( 'NONE',  ( 2.606453577613691230, 3.623612607644040029, -2.991033313951028116 ) ) ;
#2874 = EDGE_LOOP ( 'NONE', ( #355, #1022, #554, #889 ) ) ;
#2875 = CARTESIAN_POINT ( 'NONE',  ( 3.000000000000000444, 0.0000000000000000000, 2.613227601898187480 ) ) ;
#2876 = EDGE_CURVE ( 'NONE', #807, #1074, #2073, .T. ) ;
#2877 =( LENGTH_UNIT ( ) NAMED_UNIT ( * ) SI_UNIT ( .MILLI., .METRE. ) );
#2878 = FILL_AREA_STYLE ('',( #1890 ) ) ;
#2879 = ORIENTED_EDGE ( 'NONE', *, *, #912, .T. ) ;
#2880 = CARTESIAN_POINT ( 'NONE',  ( -2.223614600803715646, 3.699999999999999734, 2.916666666666666963 ) ) ;
#2881 = ADVANCED_FACE ( 'NONE', ( #2828 ), #1002, .F. ) ;
#2882 =( NAMED_UNIT ( * ) PLANE_ANGLE_UNIT ( ) SI_UNIT ( $, .RADIAN. ) );
#2883 = DIRECTION ( 'NONE',  ( 0.0000000000000000000, 0.0000000000000000000, -1.000000000000000000 ) ) ;
#2884 =( LENGTH_UNIT ( ) NAMED_UNIT ( * ) SI_UNIT ( .MILLI., .METRE. ) );
#2885 = ORIENTED_EDGE ( 'NONE', *, *, #1790, .T. ) ;
#2886 = TOROIDAL_SURFACE ( 'NONE', #1641, 0.5999999999999999778, 0.1000000000000000056 ) ;
#2887 = SURFACE_SIDE_STYLE ('',( #875 ) ) ;
#2888 = DIRECTION ( 'NONE',  ( -0.8333333333333330373, -1.678082841410502671E-14, 0.5527707983925672641 ) ) ;
#2889 = CARTESIAN_POINT ( 'NONE',  ( 2.703950187620476342, 3.631789486066381301, -2.959914156188608203 ) ) ;
#2890 = VERTEX_POINT ( 'NONE', #137 ) ;
#2891 = CARTESIAN_POINT ( 'NONE',  ( 3.000000000000003109, 3.700000000000002842, -2.831662479035517599 ) ) ;
#2892 = ADVANCED_FACE ( 'NONE', ( #1591 ), #323, .F. ) ;
#2893 = STYLED_ITEM ( 'NONE', ( #741 ), #1229 ) ;
#2894 = CARTESIAN_POINT ( 'NONE',  ( 3.000000000000000000, 3.600000000000000089, -2.831662479035514490 ) ) ;
#2895 = VERTEX_POINT ( 'NONE', #2672 ) ;
#2896 = CARTESIAN_POINT ( 'NONE',  ( -2.312762782730366062, 3.684274223613093646, 2.966133037562173502 ) ) ;
#2897 =( NAMED_UNIT ( * ) SI_UNIT ( $, .STERADIAN. ) SOLID_ANGLE_UNIT ( ) );
#2898 = EDGE_CURVE ( 'NONE', #2693, #2601, #397, .T. ) ;
#2899 = LINE ( 'NONE', #3096, #3172 ) ;
#2900 =( NAMED_UNIT ( * ) PLANE_ANGLE_UNIT ( ) SI_UNIT ( $, .RADIAN. ) );
#2901 = ORIENTED_EDGE ( 'NONE', *, *, #2179, .F. ) ;
#2902 = SURFACE_STYLE_FILL_AREA ( #2372 ) ;
#2903 = AXIS2_PLACEMENT_3D ( 'NONE', #610, #1550, #2804 ) ;
#2904 = FILL_AREA_STYLE ('',( #688 ) ) ;
#2905 = UNCERTAINTY_MEASURE_WITH_UNIT (LENGTH_MEASURE( 1.000000000000000082E-05 ), #1703, 'distance_accuracy_value', 'NONE');
#2906 = STYLED_ITEM ( 'NONE', ( #1670 ), #1475 ) ;
#2907 = CARTESIAN_POINT ( 'NONE',  ( 3.000000000000000000, 3.600000000000000089, -2.999999999999999556 ) ) ;
#2908 = DIRECTION ( 'NONE',  ( 0.0000000000000000000, 0.0000000000000000000, 1.000000000000000000 ) ) ;
#2909 = CARTESIAN_POINT ( 'NONE',  ( -3.000000000000000000, 3.600000000000000089, -2.999999999999999556 ) ) ;
#2910 = DIRECTION ( 'NONE',  ( 0.0000000000000000000, 1.000000000000000000, 0.0000000000000000000 ) ) ;
#2911 = DIRECTION ( 'NONE',  ( 0.0000000000000000000, 0.0000000000000000000, 1.000000000000000000 ) ) ;
#2912 = DIRECTION ( 'NONE',  ( 1.000000000000000000, 0.0000000000000000000, -1.239088197126291655E-15 ) ) ;
#2913 = COLOUR_RGB ( '',1.000000000000000000, 1.000000000000000000, 0.5019607843137254832 ) ;
#2914 = ORIENTED_EDGE ( 'NONE', *, *, #1627, .T. ) ;
#2915 = EDGE_CURVE ( 'NONE', #2318, #2465, #1170, .T. ) ;
#2916 = DIRECTION ( 'NONE',  ( 0.0000000000000000000, -0.0000000000000000000, 1.000000000000000000 ) ) ;
#2917 = ORIENTED_EDGE ( 'NONE', *, *, #1907, .T. ) ;
#2918 = AXIS2_PLACEMENT_3D ( 'NONE', #518, #1478, #1975 ) ;
#2919 = B_SPLINE_CURVE_WITH_KNOTS ( 'NONE', 3,
 ( #360, #1317, #2315, #1499, #112, #1083 ),
 .UNSPECIFIED., .F., .F.,
 ( 4, 2, 4 ),
 ( -4.474903157225579742E-06, 0.0001522058141937810370, 0.0003088865315447876471 ),
 .UNSPECIFIED. ) ;
#2920 = ADVANCED_FACE ( 'NONE', ( #3136 ), #110, .F. ) ;
#2921 = LINE ( 'NONE', #199, #614 ) ;
#2922 = VECTOR ( 'NONE', #1827, 1000.000000000000000 ) ;
#2923 = DIRECTION ( 'NONE',  ( -1.000000000000000000, 0.0000000000000000000, 0.0000000000000000000 ) ) ;
#2924 = AXIS2_PLACEMENT_3D ( 'NONE', #2117, #1880, #2217 ) ;
#2925 = DIRECTION ( 'NONE',  ( -1.445602896647339163E-16, -0.0000000000000000000, -1.000000000000000000 ) ) ;
#2926 = LINE ( 'NONE', #2416, #8 ) ;
#2927 = CARTESIAN_POINT ( 'NONE',  ( -2.500000000000016431, 3.699999999999999734, -2.499999999999999556 ) ) ;
#2928 =( GEOMETRIC_REPRESENTATION_CONTEXT ( 3 ) GLOBAL_UNCERTAINTY_ASSIGNED_CONTEXT ( ( #2905 ) ) GLOBAL_UNIT_ASSIGNED_CONTEXT ( ( #1703, #279, #749 ) ) REPRESENTATION_CONTEXT ( 'NONE', 'WORKASPACE' ) );
#2929 = VECTOR ( 'NONE', #1235, 1000.000000000000000 ) ;
#2930 = PRESENTATION_LAYER_ASSIGNMENT (  '', '', ( #2519 ) ) ;
#2931 = ORIENTED_EDGE ( 'NONE', *, *, #120, .F. ) ;
#2932 = SURFACE_STYLE_FILL_AREA ( #777 ) ;
#2933 = ORIENTED_EDGE ( 'NONE', *, *, #2498, .T. ) ;
#2934 = CARTESIAN_POINT ( 'NONE',  ( -2.916666666666669183, 3.699999999999999734, -2.776385399196303894 ) ) ;
#2935 =( NAMED_UNIT ( * ) SI_UNIT ( $, .STERADIAN. ) SOLID_ANGLE_UNIT ( ) );
#2936 = ADVANCED_FACE ( 'NONE', ( #1435 ), #2125, .F. ) ;
#2937 = ORIENTED_EDGE ( 'NONE', *, *, #486, .F. ) ;
#2938 =( NAMED_UNIT ( * ) SI_UNIT ( $, .STERADIAN. ) SOLID_ANGLE_UNIT ( ) );
#2939 = CARTESIAN_POINT ( 'NONE',  ( 2.999999999999992006, 3.600000000000000089, -2.499999999999999556 ) ) ;
#2940 = VERTEX_POINT ( 'NONE', #426 ) ;
#2941 = DIRECTION ( 'NONE',  ( 1.000000000000000000, 0.0000000000000000000, -2.168404344971006896E-16 ) ) ;
#2942 = CARTESIAN_POINT ( 'NONE',  ( 2.314117750483752900, 3.683794204368510350, 2.966658480787232932 ) ) ;
#2943 =( LENGTH_UNIT ( ) NAMED_UNIT ( * ) SI_UNIT ( .MILLI., .METRE. ) );
#2944 = AXIS2_PLACEMENT_3D ( 'NONE', #1697, #1136, #3107 ) ;
#2945 = ORIENTED_EDGE ( 'NONE', *, *, #266, .F. ) ;
#2946 = CARTESIAN_POINT ( 'NONE',  ( -2.945078047713296066, 3.699999602836188561, 2.266446369307121067 ) ) ;
#2947 = EDGE_LOOP ( 'NONE', ( #823, #3078, #1195 ) ) ;
#2948 = FILL_AREA_STYLE_COLOUR ( '', #1239 ) ;
#2949 = FILL_AREA_STYLE_COLOUR ( '', #2349 ) ;
#2950 = B_SPLINE_CURVE_WITH_KNOTS ( 'NONE', 3,
 ( #929, #2224, #2707, #2208, #269, #784 ),
 .UNSPECIFIED., .F., .F.,
 ( 4, 2, 4 ),
 ( -4.474903157225547555E-06, 0.0001522058141937809828, 0.0003088865315447874844 ),
 .UNSPECIFIED. ) ;
#2951 = AXIS2_PLACEMENT_3D ( 'NONE', #1501, #1535, #328 ) ;
#2952 = PRESENTATION_STYLE_ASSIGNMENT (( #548 ) ) ;
#2953 = EDGE_CURVE ( 'NONE', #1220, #2995, #181, .T. ) ;
#2954 = CIRCLE ( 'NONE', #3045, 0.5000000000000000000 ) ;
#2955 = VECTOR ( 'NONE', #2775, 1000.000000000000000 ) ;
#2956 = CIRCLE ( 'NONE', #1558, 0.1000000000000000472 ) ;
#2957 = CARTESIAN_POINT ( 'NONE',  ( 3.000051453698083570, 3.611669078439636582, -2.552403771935790378 ) ) ;
#2958 = DIRECTION ( 'NONE',  ( 0.0000000000000000000, 0.0000000000000000000, 1.000000000000000000 ) ) ;
#2959 = FILL_AREA_STYLE_COLOUR ( '', #2913 ) ;
#2960 = EDGE_CURVE ( 'NONE', #1851, #2374, #2950, .T. ) ;
#2961 = VERTEX_POINT ( 'NONE', #3173 ) ;
#2962 = CARTESIAN_POINT ( 'NONE',  ( -2.999999999999999112, 3.600000000000000089, 2.500000000000000444 ) ) ;
#2963 = AXIS2_PLACEMENT_3D ( 'NONE', #632, #2355, #352 ) ;
#2964 = DIRECTION ( 'NONE',  ( 0.0000000000000000000, 0.0000000000000000000, 1.000000000000000000 ) ) ;
#2965 = LINE ( 'NONE', #1948, #1243 ) ;
#2966 = ORIENTED_EDGE ( 'NONE', *, *, #266, .T. ) ;
#2967 = LINE ( 'NONE', #1232, #1457 ) ;
#2968 =( GEOMETRIC_REPRESENTATION_CONTEXT ( 3 ) GLOBAL_UNCERTAINTY_ASSIGNED_CONTEXT ( ( #1637 ) ) GLOBAL_UNIT_ASSIGNED_CONTEXT ( ( #2610, #951, #2181 ) ) REPRESENTATION_CONTEXT ( 'NONE', 'WORKASPACE' ) );
#2969 = COLOUR_RGB ( '',0.0000000000000000000, 0.0000000000000000000, 0.0000000000000000000 ) ;
#2970 = EDGE_CURVE ( 'NONE', #1148, #404, #339, .T. ) ;
#2971 =( NAMED_UNIT ( * ) PLANE_ANGLE_UNIT ( ) SI_UNIT ( $, .RADIAN. ) );
#2972 = ORIENTED_EDGE ( 'NONE', *, *, #759, .T. ) ;
#2973 =( NAMED_UNIT ( * ) SI_UNIT ( $, .STERADIAN. ) SOLID_ANGLE_UNIT ( ) );
#2974 = DIRECTION ( 'NONE',  ( -1.000000000000000000, 0.0000000000000000000, 0.0000000000000000000 ) ) ;
#2975 = AXIS2_PLACEMENT_3D ( 'NONE', #2891, #1594, #943 ) ;
#2976 = EDGE_CURVE ( 'NONE', #3157, #488, #1873, .T. ) ;
#2977 =( GEOMETRIC_REPRESENTATION_CONTEXT ( 3 ) GLOBAL_UNCERTAINTY_ASSIGNED_CONTEXT ( ( #1034 ) ) GLOBAL_UNIT_ASSIGNED_CONTEXT ( ( #2884, #2900, #702 ) ) REPRESENTATION_CONTEXT ( 'NONE', 'WORKASPACE' ) );
#2978 = VERTEX_POINT ( 'NONE', #2470 ) ;
#2979 = CARTESIAN_POINT ( 'NONE',  ( -2.499999999999999112, 4.099999999999999645, 2.500000000000000444 ) ) ;
#2980 = CARTESIAN_POINT ( 'NONE',  ( -2.500000000000016431, 3.999999999999999112, -2.499999999999999556 ) ) ;
#2981 = VECTOR ( 'NONE', #789, 1000.000000000000000 ) ;
#2982 = DIRECTION ( 'NONE',  ( 0.0000000000000000000, 1.000000000000000000, 0.0000000000000000000 ) ) ;
#2983 = DIRECTION ( 'NONE',  ( 0.0000000000000000000, 0.0000000000000000000, 1.000000000000000000 ) ) ;
#2984 = CARTESIAN_POINT ( 'NONE',  ( 2.499999999999983569, 3.699999999999999734, -2.499999999999999556 ) ) ;
#2985 = CARTESIAN_POINT ( 'NONE',  ( 2.780305378780683956, 3.600000000000000089, 3.000000000000000444 ) ) ;
#2986 = EDGE_LOOP ( 'NONE', ( #2647, #22, #1345 ) ) ;
#2987 = CARTESIAN_POINT ( 'NONE',  ( -2.223614600803733410, 3.699999999999999734, -2.916666666666666519 ) ) ;
#2988 = DIRECTION ( 'NONE',  ( -0.0000000000000000000, -1.000000000000000000, -0.0000000000000000000 ) ) ;
#2989 = ORIENTED_EDGE ( 'NONE', *, *, #1902, .T. ) ;
#2990 = EDGE_CURVE ( 'NONE', #2292, #1793, #1005, .T. ) ;
#2991 = COLOUR_RGB ( '',1.000000000000000000, 1.000000000000000000, 1.000000000000000000 ) ;
#2992 = FILL_AREA_STYLE ('',( #2788 ) ) ;
#2993 = CARTESIAN_POINT ( 'NONE',  ( 2.945078047713301395, 3.699999602836188561, 2.733553630692874936 ) ) ;
#2994 = FACE_OUTER_BOUND ( 'NONE', #1772, .T. ) ;
#2995 = VERTEX_POINT ( 'NONE', #2482 ) ;
#2996 = CARTESIAN_POINT ( 'NONE',  ( 2.499999999999983569, 4.099999999999999645, -2.499999999999999556 ) ) ;
#2997 = SURFACE_STYLE_USAGE ( .BOTH. , #2766 ) ;
#2998 = VECTOR ( 'NONE', #2780, 1000.000000000000000 ) ;
#2999 = CARTESIAN_POINT ( 'NONE',  ( -2.613342147284139827, 3.600000000000000089, 3.000000000000000444 ) ) ;
#3000 = CARTESIAN_POINT ( 'NONE',  ( -2.916666666666669627, 3.599999999999999645, -2.223614600803695218 ) ) ;
#3001 = AXIS2_PLACEMENT_3D ( 'NONE', #1400, #681, #2911 ) ;
#3002 = EDGE_CURVE ( 'NONE', #2475, #2940, #1978, .T. ) ;
#3003 = DIRECTION ( 'NONE',  ( 0.0000000000000000000, 0.0000000000000000000, 1.000000000000000000 ) ) ;
#3004 = EDGE_CURVE ( 'NONE', #1793, #3128, #2965, .T. ) ;
#3005 = DIRECTION ( 'NONE',  ( 0.0000000000000000000, 0.0000000000000000000, 1.000000000000000000 ) ) ;
#3006 = MECHANICAL_DESIGN_GEOMETRIC_PRESENTATION_REPRESENTATION (  '', ( #351 ), #268 ) ;
#3007 = DIRECTION ( 'NONE',  ( 1.000000000000000000, -0.0000000000000000000, 1.224646799147353207E-16 ) ) ;
#3008 = CARTESIAN_POINT ( 'NONE',  ( -2.776385399196299453, 3.599999999999999645, -2.916666666666666519 ) ) ;
#3009 = ORIENTED_EDGE ( 'NONE', *, *, #2039, .F. ) ;
#3010 = CARTESIAN_POINT ( 'NONE',  ( -2.999999999999999112, 3.623369864511602145, 2.547705239736939742 ) ) ;
#3011 = LINE ( 'NONE', #1285, #1682 ) ;
#3012 = CARTESIAN_POINT ( 'NONE',  ( -2.733553630692884262, 3.699999602836188561, 2.945078047713294289 ) ) ;
#3013 =( NAMED_UNIT ( * ) PLANE_ANGLE_UNIT ( ) SI_UNIT ( $, .RADIAN. ) );
#3014 = CIRCLE ( 'NONE', #2676, 0.5000000000000000000 ) ;
#3015 = DIRECTION ( 'NONE',  ( 0.0000000000000000000, 0.0000000000000000000, 1.000000000000000000 ) ) ;
#3016 = PRESENTATION_LAYER_ASSIGNMENT (  '', '', ( #1025 ) ) ;
#3017 = EDGE_LOOP ( 'NONE', ( #423, #2564 ) ) ;
#3018 = CIRCLE ( 'NONE', #873, 0.5000000000000000000 ) ;
#3019 = DIRECTION ( 'NONE',  ( -0.5527707983925663759, -3.035766082959415571E-14, -0.8333333333333334814 ) ) ;
#3020 = DIRECTION ( 'NONE',  ( 1.445602896647339163E-16, 0.0000000000000000000, 1.000000000000000000 ) ) ;
#3021 = CARTESIAN_POINT ( 'NONE',  ( -2.999999999999999112, 0.5000000000000000000, 2.613227601898243435 ) ) ;
#3022 = ADVANCED_FACE ( 'NONE', ( #532 ), #234, .T. ) ;
#3023 = CARTESIAN_POINT ( 'NONE',  ( -2.500000000000016431, 3.600000000000000089, -2.999999999999999556 ) ) ;
#3024 = VERTEX_POINT ( 'NONE', #755 ) ;
#3025 = CARTESIAN_POINT ( 'NONE',  ( 2.266446369307114850, 3.699999602836188561, 2.945078047713293401 ) ) ;
#3026 = CARTESIAN_POINT ( 'NONE',  ( -2.703950187620494106, 3.631789486066381745, 2.959914156188609091 ) ) ;
#3027 = CARTESIAN_POINT ( 'NONE',  ( 2.966133037562160180, 3.684274223613091426, -2.312762782730372724 ) ) ;
#3028 = CARTESIAN_POINT ( 'NONE',  ( -2.993372723763382481, 3.646400741536888646, -2.594451784970605246 ) ) ;
#3029 = FACE_BOUND ( 'NONE', #2426, .T. ) ;
#3030 = SURFACE_STYLE_USAGE ( .BOTH. , #580 ) ;
#3031 = PRESENTATION_LAYER_ASSIGNMENT (  '', '', ( #2893 ) ) ;
#3032 =( NAMED_UNIT ( * ) SI_UNIT ( $, .STERADIAN. ) SOLID_ANGLE_UNIT ( ) );
#3033 = ORIENTED_EDGE ( 'NONE', *, *, #3126, .F. ) ;
#3034 = DIRECTION ( 'NONE',  ( -0.0000000000000000000, -1.000000000000000000, -0.0000000000000000000 ) ) ;
#3035 = CARTESIAN_POINT ( 'NONE',  ( -3.000000000000000000, 3.600000000000000089, -2.999999999999999556 ) ) ;
#3036 = CARTESIAN_POINT ( 'NONE',  ( -2.776385399196299453, 3.699999999999999734, -2.916666666666666519 ) ) ;
#3037 = ORIENTED_EDGE ( 'NONE', *, *, #1666, .F. ) ;
#3038 = CARTESIAN_POINT ( 'NONE',  ( 2.296049812379505894, 3.631789486066381745, 2.959914156188609091 ) ) ;
#3039 = EDGE_CURVE ( 'NONE', #2940, #1231, #460, .T. ) ;
#3040 = FILL_AREA_STYLE_COLOUR ( '', #2412 ) ;
#3041 = MECHANICAL_DESIGN_GEOMETRIC_PRESENTATION_REPRESENTATION (  '', ( #2488 ), #598 ) ;
#3042 = EDGE_CURVE ( 'NONE', #2030, #615, #298, .T. ) ;
#3043 = CARTESIAN_POINT ( 'NONE',  ( 3.000000000000000000, 0.5000000000000000000, -2.586772398101813142 ) ) ;
#3044 = DIRECTION ( 'NONE',  ( -0.0000000000000000000, -1.000000000000000000, -0.0000000000000000000 ) ) ;
#3045 = AXIS2_PLACEMENT_3D ( 'NONE', #265, #2982, #281 ) ;
#3046 = STYLED_ITEM ( 'NONE', ( #2007 ), #2649 ) ;
#3047 =( GEOMETRIC_REPRESENTATION_CONTEXT ( 3 ) GLOBAL_UNCERTAINTY_ASSIGNED_CONTEXT ( ( #1376 ) ) GLOBAL_UNIT_ASSIGNED_CONTEXT ( ( #903, #1858, #1420 ) ) REPRESENTATION_CONTEXT ( 'NONE', 'WORKASPACE' ) );
#3048 = ORIENTED_EDGE ( 'NONE', *, *, #743, .F. ) ;
#3049 = VERTEX_POINT ( 'NONE', #1995 ) ;
#3050 = DIRECTION ( 'NONE',  ( -0.0000000000000000000, -1.000000000000000000, -0.0000000000000000000 ) ) ;
#3051 = CARTESIAN_POINT ( 'NONE',  ( -2.500000000000016431, 3.600000000000000089, -2.499999999999999556 ) ) ;
#3052 = AXIS2_PLACEMENT_3D ( 'NONE', #2643, #128, #1401 ) ;
#3053 = CARTESIAN_POINT ( 'NONE',  ( 2.593308178279266407, 3.645857703358418078, 2.993575243856142709 ) ) ;
#3054 = ORIENTED_EDGE ( 'NONE', *, *, #34, .F. ) ;
#3055 = CARTESIAN_POINT ( 'NONE',  ( -2.999999999999999112, 3.600000000000000089, 2.500000000000000444 ) ) ;
#3056 = SURFACE_STYLE_FILL_AREA ( #831 ) ;
#3057 = MECHANICAL_DESIGN_GEOMETRIC_PRESENTATION_REPRESENTATION (  '', ( #965 ), #2666 ) ;
#3058 = EDGE_CURVE ( 'NONE', #1516, #133, #2708, .T. ) ;
#3059 = CARTESIAN_POINT ( 'NONE',  ( -2.724684655404154388, 3.600000000000000089, 3.000000000000000444 ) ) ;
#3060 = CARTESIAN_POINT ( 'NONE',  ( -2.916666666666669183, 3.699999999999999734, -2.223614600803696106 ) ) ;
#3061 = VECTOR ( 'NONE', #433, 1000.000000000000000 ) ;
#3062 = EDGE_CURVE ( 'NONE', #1074, #1446, #3154, .T. ) ;
#3063 = COLOUR_RGB ( '',0.0000000000000000000, 0.0000000000000000000, 0.0000000000000000000 ) ;
#3064 = SURFACE_STYLE_USAGE ( .BOTH. , #130 ) ;
#3065 = AXIS2_PLACEMENT_3D ( 'NONE', #124, #1547, #1271 ) ;
#3066 = ORIENTED_EDGE ( 'NONE', *, *, #2524, .F. ) ;
#3067 = STYLED_ITEM ( 'NONE', ( #2063 ), #2342 ) ;
#3068 =( BOUNDED_SURFACE ( )  B_SPLINE_SURFACE ( 3, 2, ( 
 ( #2580, #2549, #1076 ),
 ( #1540, #1088, #1573 ),
 ( #878, #585, #151 ),
 ( #827, #2022, #331 ),
 ( #1789, #2089, #1294 ),
 ( #2567, #597, #119 ) ),
 .UNSPECIFIED., .F., .F., .F. ) 
 B_SPLINE_SURFACE_WITH_KNOTS ( ( 4, 2, 4 ),
 ( 3, 3 ),
 ( 0.0002026797876447660482, 0.0003878795832598727362, 0.0005730793788749794513 ),
 ( 0.0000000000000000000, 1.000000000000000000 ),
 .UNSPECIFIED. ) 
 GEOMETRIC_REPRESENTATION_ITEM ( )  RATIONAL_B_SPLINE_SURFACE ( (
 ( 1.000000000000000000, 0.7071067811865462405, 1.000000000000000000),
 ( 1.000000000000000000, 0.8076804016272235431, 1.000000000000000000),
 ( 1.000000000000000000, 0.8813333892563541827, 1.000000000000000000),
 ( 1.000000000000000000, 0.9768264690301671216, 1.000000000000000000),
 ( 1.000000000000000000, 0.9997049196372971291, 1.000000000000000000),
 ( 1.000000000000000000, 1.000000000000000000, 1.000000000000000000) ) ) 
 REPRESENTATION_ITEM ( '' )  SURFACE ( )  );
#3069 = CARTESIAN_POINT ( 'NONE',  ( -2.168337520964476628, 3.699999999999999734, -2.999999999999999556 ) ) ;
#3070 = EDGE_LOOP ( 'NONE', ( #3066, #3048, #91, #1713, #1684, #2247, #3033, #1651, #686, #2314, #1141, #1528, #2041, #1643, #273, #1613, #664, #235, #1821, #2547 ) ) ;
#3071 = DIRECTION ( 'NONE',  ( 0.0000000000000000000, 0.0000000000000000000, 1.000000000000000000 ) ) ;
#3072 = LINE ( 'NONE', #1590, #41 ) ;
#3073 = STYLED_ITEM ( 'NONE', ( #2432 ), #343 ) ;
#3074 = STYLED_ITEM ( 'NONE', ( #1968 ), #1040 ) ;
#3075 = CARTESIAN_POINT ( 'NONE',  ( 2.916666666666667407, 3.699999999999999734, 2.223614600803716534 ) ) ;
#3076 = CARTESIAN_POINT ( 'NONE',  ( 2.275315344595845612, 3.600000000000000089, 3.000000000000000444 ) ) ;
#3077 = SURFACE_STYLE_FILL_AREA ( #1610 ) ;
#3078 = ORIENTED_EDGE ( 'NONE', *, *, #2384, .T. ) ;
#3079 = SURFACE_SIDE_STYLE ('',( #2080 ) ) ;
#3080 = EDGE_CURVE ( 'NONE', #649, #2168, #2289, .T. ) ;
#3081 = DIRECTION ( 'NONE',  ( 0.0000000000000000000, 0.0000000000000000000, 1.000000000000000000 ) ) ;
#3082 = VERTEX_POINT ( 'NONE', #2291 ) ;
#3083 = DIRECTION ( 'NONE',  ( -0.0000000000000000000, -1.000000000000000000, -0.0000000000000000000 ) ) ;
#3084 = EDGE_LOOP ( 'NONE', ( #2103, #2879, #1006, #2212 ) ) ;
#3085 = DIRECTION ( 'NONE',  ( 0.0000000000000000000, 0.0000000000000000000, 1.000000000000000000 ) ) ;
#3086 = FACE_OUTER_BOUND ( 'NONE', #3017, .T. ) ;
#3087 = MECHANICAL_DESIGN_GEOMETRIC_PRESENTATION_REPRESENTATION (  '', ( #673 ), #2327 ) ;
#3088 = UNCERTAINTY_MEASURE_WITH_UNIT (LENGTH_MEASURE( 1.000000000000000082E-05 ), #2528, 'distance_accuracy_value', 'NONE');
#3089 =( BOUNDED_SURFACE ( )  B_SPLINE_SURFACE ( 3, 2, ( 
 ( #2934, #736, #2451 ),
 ( #14, #1958, #1476 ),
 ( #85, #1811, #1258 ),
 ( #3028, #2770, #2544 ),
 ( #557, #540, #2304 ),
 ( #902, #1290, #1274 ) ),
 .UNSPECIFIED., .F., .F., .F. ) 
 B_SPLINE_SURFACE_WITH_KNOTS ( ( 4, 2, 4 ),
 ( 3, 3 ),
 ( 0.0002026797876447590280, 0.0003878795832598773983, 0.0005730793788749957143 ),
 ( 0.0000000000000000000, 1.000000000000000000 ),
 .UNSPECIFIED. ) 
 GEOMETRIC_REPRESENTATION_ITEM ( )  RATIONAL_B_SPLINE_SURFACE ( (
 ( 1.000000000000000000, 0.7071067811865462405, 1.000000000000000000),
 ( 1.000000000000000000, 0.8076804016272516318, 1.000000000000000000),
 ( 1.000000000000000000, 0.8813333892563481875, 1.000000000000000000),
 ( 1.000000000000000000, 0.9768264690302228548, 1.000000000000000000),
 ( 1.000000000000000000, 0.9997049196373375413, 1.000000000000000000),
 ( 1.000000000000000000, 1.000000000000000000, 1.000000000000000000) ) ) 
 REPRESENTATION_ITEM ( '' )  SURFACE ( )  );
#3090 = CARTESIAN_POINT ( 'NONE',  ( 2.499999999999983569, 3.600000000000000089, -2.999999999999999556 ) ) ;
#3091 = DIRECTION ( 'NONE',  ( 1.239088197126291458E-15, -0.0000000000000000000, 1.000000000000000000 ) ) ;
#3092 = LINE ( 'NONE', #1917, #2204 ) ;
#3093 = ORIENTED_EDGE ( 'NONE', *, *, #2141, .F. ) ;
#3094 = PRESENTATION_STYLE_ASSIGNMENT (( #432 ) ) ;
#3095 = PRESENTATION_LAYER_ASSIGNMENT (  '', '', ( #1658 ) ) ;
#3096 = CARTESIAN_POINT ( 'NONE',  ( 4.999999999999985789, 0.5000000000000000000, -1.886772398101812964 ) ) ;
#3097 = AXIS2_PLACEMENT_3D ( 'NONE', #1636, #443, #2387 ) ;
#3098 = ORIENTED_EDGE ( 'NONE', *, *, #1286, .T. ) ;
#3099 = AXIS2_PLACEMENT_3D ( 'NONE', #2035, #2049, #62 ) ;
#3100 = EDGE_CURVE ( 'NONE', #2673, #1516, #1396, .T. ) ;
#3101 = CARTESIAN_POINT ( 'NONE',  ( -3.000000000000000000, 3.600000000000000089, -2.999999999999999556 ) ) ;
#3102 = CARTESIAN_POINT ( 'NONE',  ( 2.223614600803700547, 3.699999999999999734, -2.916666666666666519 ) ) ;
#3103 = LINE ( 'NONE', #2158, #1254 ) ;
#3104 = PRODUCT_CONTEXT ( 'NONE', #2681, 'mechanical' ) ;
#3105 = EDGE_CURVE ( 'NONE', #2589, #843, #1035, .T. ) ;
#3106 = ORIENTED_EDGE ( 'NONE', *, *, #2403, .T. ) ;
#3107 = DIRECTION ( 'NONE',  ( -0.8333333333333334814, -3.035766082959415571E-14, 0.5527707983925663759 ) ) ;
#3108 = LINE ( 'NONE', #637, #2455 ) ;
#3109 = DIRECTION ( 'NONE',  ( 1.445602896647339163E-16, 0.0000000000000000000, 1.000000000000000000 ) ) ;
#3110 = ORIENTED_EDGE ( 'NONE', *, *, #1627, .F. ) ;
#3111 = FILL_AREA_STYLE ('',( #1937 ) ) ;
#3112 = MECHANICAL_DESIGN_GEOMETRIC_PRESENTATION_REPRESENTATION (  '', ( #2347 ), #710 ) ;
#3113 = CARTESIAN_POINT ( 'NONE',  ( -3.000000000000008438, 3.600000000008451551, -2.442721890230324711 ) ) ;
#3114 = AXIS2_PLACEMENT_3D ( 'NONE', #1157, #933, #3138 ) ;
#3115 = PRESENTATION_STYLE_ASSIGNMENT (( #1599 ) ) ;
#3116 = FILL_AREA_STYLE_COLOUR ( '', #925 ) ;
#3117 = VERTEX_POINT ( 'NONE', #116 ) ;
#3118 = DIRECTION ( 'NONE',  ( 0.0000000000000000000, 1.000000000000000000, 0.0000000000000000000 ) ) ;
#3119 = CARTESIAN_POINT ( 'NONE',  ( 2.499999999999983569, 3.600000000000000089, -2.999999999999999556 ) ) ;
#3120 = UNCERTAINTY_MEASURE_WITH_UNIT (LENGTH_MEASURE( 1.000000000000000082E-05 ), #1162, 'distance_accuracy_value', 'NONE');
#3121 = CIRCLE ( 'NONE', #2198, 0.5000000000000000000 ) ;
#3122 = DIRECTION ( 'NONE',  ( 1.000000000000000000, -0.0000000000000000000, -0.0000000000000000000 ) ) ;
#3123 = ORIENTED_EDGE ( 'NONE', *, *, #738, .F. ) ;
#3124 = FILL_AREA_STYLE ('',( #1156 ) ) ;
#3125 = FACE_OUTER_BOUND ( 'NONE', #858, .T. ) ;
#3126 = EDGE_CURVE ( 'NONE', #2895, #2465, #2758, .T. ) ;
#3127 = CARTESIAN_POINT ( 'NONE',  ( -2.993569762768204079, 3.645869444099551604, 2.406665988745765095 ) ) ;
#3128 = VERTEX_POINT ( 'NONE', #379 ) ;
#3129 = CARTESIAN_POINT ( 'NONE',  ( -2.405548215029388981, 3.646400741536913515, 2.993372723763363386 ) ) ;
#3130 = FACE_OUTER_BOUND ( 'NONE', #775, .T. ) ;
#3131 = FILL_AREA_STYLE ('',( #3116 ) ) ;
#3132 = EDGE_LOOP ( 'NONE', ( #1898, #675, #891, #162 ) ) ;
#3133 = FACE_OUTER_BOUND ( 'NONE', #2145, .T. ) ;
#3134 = CARTESIAN_POINT ( 'NONE',  ( -3.000000000000002220, 3.700000000000002842, 2.831662479035542912 ) ) ;
#3135 = CARTESIAN_POINT ( 'NONE',  ( -2.499999999999999112, 3.600000000000000089, 2.500000000000000444 ) ) ;
#3136 = FACE_OUTER_BOUND ( 'NONE', #1127, .T. ) ;
#3137 = DIRECTION ( 'NONE',  ( 1.000000000000000000, -0.0000000000000000000, -0.0000000000000000000 ) ) ;
#3138 = DIRECTION ( 'NONE',  ( 0.0000000000000000000, 0.0000000000000000000, 1.000000000000000000 ) ) ;
#3139 = AXIS2_PLACEMENT_3D ( 'NONE', #676, #1640, #2638 ) ;
#3140 = EDGE_CURVE ( 'NONE', #1231, #930, #2802, .T. ) ;
#3141 = CARTESIAN_POINT ( 'NONE',  ( 5.000000000000000888, 0.5000000000000000000, 2.613227601898187480 ) ) ;
#3142 = ORIENTED_EDGE ( 'NONE', *, *, #2448, .T. ) ;
#3143 = CARTESIAN_POINT ( 'NONE',  ( -2.223614600803715202, 3.599999999999999645, 2.916666666666666519 ) ) ;
#3144 = FILL_AREA_STYLE_COLOUR ( '', #176 ) ;
#3145 = EDGE_CURVE ( 'NONE', #1735, #386, #604, .T. ) ;
#3146 = ORIENTED_EDGE ( 'NONE', *, *, #2695, .F. ) ;
#3147 =( NAMED_UNIT ( * ) PLANE_ANGLE_UNIT ( ) SI_UNIT ( $, .RADIAN. ) );
#3148 = SURFACE_STYLE_FILL_AREA ( #3131 ) ;
#3149 = ORIENTED_EDGE ( 'NONE', *, *, #3105, .F. ) ;
#3150 = DIRECTION ( 'NONE',  ( 0.0000000000000000000, 0.0000000000000000000, -1.000000000000000000 ) ) ;
#3151 = CARTESIAN_POINT ( 'NONE',  ( 2.219694621219302721, 3.600000000000000089, -2.999999999999999556 ) ) ;
#3152 = AXIS2_PLACEMENT_3D ( 'NONE', #462, #479, #228 ) ;
#3153 = VECTOR ( 'NONE', #2618, 1000.000000000000000 ) ;
#3154 = LINE ( 'NONE', #2307, #1143 ) ;
#3155 = DIRECTION ( 'NONE',  ( 1.000000000000000000, 0.0000000000000000000, -2.168404344971006896E-16 ) ) ;
#3156 = CARTESIAN_POINT ( 'NONE',  ( 3.000000000000000000, 0.0000000000000000000, -2.999999999999999556 ) ) ;
#3157 = VERTEX_POINT ( 'NONE', #2276 ) ;
#3158 = DIRECTION ( 'NONE',  ( -0.8333333333333055037, 0.0000000000000000000, -0.5527707983926084534 ) ) ;
#3159 = CARTESIAN_POINT ( 'NONE',  ( 2.406665988745765983, 3.645869444099551604, 2.993569762768205411 ) ) ;
#3160 = CARTESIAN_POINT ( 'NONE',  ( 0.0000000000000000000, 0.5000000000000000000, 0.0000000000000000000 ) ) ;
#3161 = PRODUCT_DEFINITION_SHAPE ( 'NONE', 'NONE',  #318 ) ;
#3162 =( GEOMETRIC_REPRESENTATION_CONTEXT ( 3 ) GLOBAL_UNCERTAINTY_ASSIGNED_CONTEXT ( ( #2746 ) ) GLOBAL_UNIT_ASSIGNED_CONTEXT ( ( #2943, #966, #2897 ) ) REPRESENTATION_CONTEXT ( 'NONE', 'WORKASPACE' ) );
#3163 = EDGE_LOOP ( 'NONE', ( #1860, #1592, #2849, #1596, #1655, #1870, #39, #2352, #512, #2703, #1855, #1940, #1468, #1633, #2532, #758, #2025, #2781 ) ) ;
#3164 = PRESENTATION_STYLE_ASSIGNMENT (( #1193 ) ) ;
#3165 = FILL_AREA_STYLE_COLOUR ( '', #818 ) ;
#3166 = ORIENTED_EDGE ( 'NONE', *, *, #660, .T. ) ;
#3167 = EDGE_CURVE ( 'NONE', #2745, #300, #2490, .T. ) ;
#3168 = AXIS2_PLACEMENT_3D ( 'NONE', #61, #560, #1739 ) ;
#3169 = DIRECTION ( 'NONE',  ( 0.0000000000000000000, 0.0000000000000000000, -1.000000000000000000 ) ) ;
#3170 =( LENGTH_UNIT ( ) NAMED_UNIT ( * ) SI_UNIT ( .MILLI., .METRE. ) );
#3171 = FACE_OUTER_BOUND ( 'NONE', #1118, .T. ) ;
#3172 = VECTOR ( 'NONE', #2861, 1000.000000000000000 ) ;
#3173 = CARTESIAN_POINT ( 'NONE',  ( 2.265596578422603100E-16, 3.600000000000000089, -1.850000000000000089 ) ) ;
ENDSEC;
END-ISO-10303-21;
